Date,Plant,Machine,Downtime_Hours,Downtime_Reason
2026-01-01,Plant A,M-01,0.8053348065583406,Maintenance
2026-01-01,Plant A,M-01,0.38615821078943086,Operator Issue
2026-01-01,Plant A,M-01,1.2039994017664744,Maintenance
2026-01-01,Plant A,M-02,1.7050309479162185,Maintenance
2026-01-01,Plant A,M-02,3.037803342229858,Mechanical Failure
2026-01-01,Plant A,M-02,0.5223179762210668,Material Shortage
2026-01-01,Plant A,M-03,1.4905000049916945,Operator Issue
2026-01-01,Plant A,M-03,1.6841886401202266,Material Shortage
2026-01-01,Plant A,M-03,1.918753058085218,Changeover
2026-01-01,Plant A,M-04,1.110797300674393,Changeover
2026-01-01,Plant A,M-04,0.21822298650788793,Mechanical Failure
2026-01-01,Plant A,M-04,3.2193669292944764,Material Shortage
2026-01-01,Plant A,M-05,2.3975437768377392,Maintenance
2026-01-01,Plant A,M-05,2.0522147519793377,Maintenance
2026-01-01,Plant A,M-05,0.5560417090779046,Material Shortage
2026-01-01,Plant B,M-01,2.6933187571920607,Maintenance
2026-01-01,Plant B,M-01,1.1755911632644562,Material Shortage
2026-01-01,Plant B,M-01,1.375782865654017,Mechanical Failure
2026-01-01,Plant B,M-02,1.2057781519214956,Mechanical Failure
2026-01-01,Plant B,M-02,0.9219219245911319,Material Shortage
2026-01-01,Plant B,M-02,1.0308815762237016,Mechanical Failure
2026-01-01,Plant B,M-03,0.3090674185718097,Mechanical Failure
2026-01-01,Plant B,M-03,3.4526464985649823,Maintenance
2026-01-01,Plant B,M-03,3.4452963649529815,Mechanical Failure
2026-01-01,Plant B,M-04,6.363571772752968,Mechanical Failure
2026-01-01,Plant B,M-04,5.54694138520215,Mechanical Failure
2026-01-01,Plant B,M-04,5.031766510860622,Electrical Failure
2026-01-01,Plant B,M-05,3.112699932524821,Mechanical Failure
2026-01-01,Plant B,M-05,3.127385200074887,Material Shortage
2026-01-01,Plant B,M-05,0.5348560914579059,Changeover
2026-01-01,Plant C,M-01,1.679799671854616,Maintenance
2026-01-01,Plant C,M-01,1.4134621500961304,Operator Issue
2026-01-01,Plant C,M-01,3.190125999471228,Mechanical Failure
2026-01-01,Plant C,M-02,0.2802426892237977,Mechanical Failure
2026-01-01,Plant C,M-02,3.1155302734786545,Operator Issue
2026-01-01,Plant C,M-02,1.1716813438296327,Mechanical Failure
2026-01-01,Plant C,M-03,2.9859033643968274,Maintenance
2026-01-01,Plant C,M-03,2.5181974771574605,Changeover
2026-01-01,Plant C,M-03,2.217995245856746,Maintenance
2026-01-01,Plant C,M-04,2.108324465287374,Mechanical Failure
2026-01-01,Plant C,M-04,3.0393352404285285,Changeover
2026-01-01,Plant C,M-04,0.3705496798564054,Maintenance
2026-01-01,Plant C,M-05,1.9037911493939443,Material Shortage
2026-01-01,Plant C,M-05,0.4668807898367523,Material Shortage
2026-01-01,Plant C,M-05,1.0258015639431646,Changeover
2026-01-02,Plant A,M-01,2.6091297446540014,Electrical Failure
2026-01-02,Plant A,M-01,0.5830397136728236,Electrical Failure
2026-01-02,Plant A,M-01,1.7334235827007176,Electrical Failure
2026-01-02,Plant A,M-02,1.436221628267355,Changeover
2026-01-02,Plant A,M-02,2.3001318715718373,Material Shortage
2026-01-02,Plant A,M-02,2.0005354047425854,Electrical Failure
2026-01-02,Plant A,M-03,1.4449549746523203,Electrical Failure
2026-01-02,Plant A,M-03,2.449325107610206,Electrical Failure
2026-01-02,Plant A,M-03,2.625734444552823,Mechanical Failure
2026-01-02,Plant A,M-04,2.614437592488813,Operator Issue
2026-01-02,Plant A,M-04,2.6899914844794517,Mechanical Failure
2026-01-02,Plant A,M-04,1.182196075880726,Material Shortage
2026-01-02,Plant A,M-05,0.47483855694435684,Material Shortage
2026-01-02,Plant A,M-05,2.8122108442953,Operator Issue
2026-01-02,Plant A,M-05,2.529243896799692,Mechanical Failure
2026-01-02,Plant B,M-01,0.47755246017949154,Changeover
2026-01-02,Plant B,M-01,3.1051878965067754,Mechanical Failure
2026-01-02,Plant B,M-01,1.7895010602815804,Maintenance
2026-01-02,Plant B,M-02,1.7465801185806165,Material Shortage
2026-01-02,Plant B,M-02,2.1251169248206265,Mechanical Failure
2026-01-02,Plant B,M-02,3.400600128135209,Changeover
2026-01-02,Plant B,M-03,1.0348675543644956,Mechanical Failure
2026-01-02,Plant B,M-03,3.3637179444458924,Operator Issue
2026-01-02,Plant B,M-03,2.334599593506789,Changeover
2026-01-02,Plant B,M-04,6.144385465376482,Changeover
2026-01-02,Plant B,M-04,7.290148971692676,Mechanical Failure
2026-01-02,Plant B,M-04,4.1054678979890085,Changeover
2026-01-02,Plant B,M-05,1.4569398268823708,Electrical Failure
2026-01-02,Plant B,M-05,3.0535838416416756,Changeover
2026-01-02,Plant B,M-05,3.3177269086120122,Operator Issue
2026-01-02,Plant C,M-01,3.0981282026813344,Electrical Failure
2026-01-02,Plant C,M-01,1.9170154129825177,Operator Issue
2026-01-02,Plant C,M-01,2.146854460554199,Changeover
2026-01-02,Plant C,M-02,0.6500258694363402,Operator Issue
2026-01-02,Plant C,M-02,2.006572812767068,Material Shortage
2026-01-02,Plant C,M-02,2.828356859723795,Material Shortage
2026-01-02,Plant C,M-03,1.284880313948777,Maintenance
2026-01-02,Plant C,M-03,2.502302993199875,Maintenance
2026-01-02,Plant C,M-03,0.938701917490858,Electrical Failure
2026-01-02,Plant C,M-04,0.5980983746319827,Operator Issue
2026-01-02,Plant C,M-04,1.7877798003857674,Operator Issue
2026-01-02,Plant C,M-04,3.0653936532174364,Operator Issue
2026-01-02,Plant C,M-05,2.577703002591834,Maintenance
2026-01-02,Plant C,M-05,1.9559745013755416,Mechanical Failure
2026-01-02,Plant C,M-05,0.8977784230885972,Material Shortage
2026-01-03,Plant A,M-01,1.3718442008217056,Operator Issue
2026-01-03,Plant A,M-01,0.6210149992253604,Operator Issue
2026-01-03,Plant A,M-01,1.8442174029015024,Material Shortage
2026-01-03,Plant A,M-02,0.3836565148780186,Maintenance
2026-01-03,Plant A,M-02,0.5697283771545727,Operator Issue
2026-01-03,Plant A,M-02,1.7728442976171594,Changeover
2026-01-03,Plant A,M-03,1.8751142496587014,Operator Issue
2026-01-03,Plant A,M-03,1.9575451274202331,Electrical Failure
2026-01-03,Plant A,M-03,0.8657105256897781,Maintenance
2026-01-03,Plant A,M-04,3.3845888051994915,Maintenance
2026-01-03,Plant A,M-04,2.645698142657195,Mechanical Failure
2026-01-03,Plant A,M-04,0.8151364564008756,Operator Issue
2026-01-03,Plant A,M-05,1.4950688544946966,Maintenance
2026-01-03,Plant A,M-05,1.3726960910007062,Electrical Failure
2026-01-03,Plant A,M-05,0.5857635343376014,Material Shortage
2026-01-03,Plant B,M-01,2.0913978025493827,Mechanical Failure
2026-01-03,Plant B,M-01,0.8749971574592288,Operator Issue
2026-01-03,Plant B,M-01,0.620712585695542,Changeover
2026-01-03,Plant B,M-02,2.747210535974209,Electrical Failure
2026-01-03,Plant B,M-02,3.1978868524009734,Electrical Failure
2026-01-03,Plant B,M-02,1.8694326403187376,Material Shortage
2026-01-03,Plant B,M-03,1.4356367200773925,Maintenance
2026-01-03,Plant B,M-03,1.6877699256336358,Changeover
2026-01-03,Plant B,M-03,2.799706632757825,Maintenance
2026-01-03,Plant B,M-04,5.385383977463845,Mechanical Failure
2026-01-03,Plant B,M-04,5.675701798018192,Mechanical Failure
2026-01-03,Plant B,M-04,6.654149488066842,Operator Issue
2026-01-03,Plant B,M-05,1.6084033876112729,Operator Issue
2026-01-03,Plant B,M-05,2.9606638838646986,Electrical Failure
2026-01-03,Plant B,M-05,2.046813093317119,Mechanical Failure
2026-01-03,Plant C,M-01,1.098596120576988,Material Shortage
2026-01-03,Plant C,M-01,0.9325081343787331,Maintenance
2026-01-03,Plant C,M-01,2.079163608619551,Maintenance
2026-01-03,Plant C,M-02,1.5107056477409009,Changeover
2026-01-03,Plant C,M-02,2.28969455720617,Electrical Failure
2026-01-03,Plant C,M-02,1.0560973303232652,Material Shortage
2026-01-03,Plant C,M-03,1.639217546146545,Mechanical Failure
2026-01-03,Plant C,M-03,2.5061913154309847,Mechanical Failure
2026-01-03,Plant C,M-03,1.9347776015988631,Mechanical Failure
2026-01-03,Plant C,M-04,0.5517098094246253,Maintenance
2026-01-03,Plant C,M-04,2.2892236090795772,Changeover
2026-01-03,Plant C,M-04,2.6355109342070224,Material Shortage
2026-01-03,Plant C,M-05,1.6427382079789035,Operator Issue
2026-01-03,Plant C,M-05,2.617487920793826,Material Shortage
2026-01-03,Plant C,M-05,1.8380086157640798,Changeover
2026-01-04,Plant A,M-01,2.526254313973545,Mechanical Failure
2026-01-04,Plant A,M-01,2.492498353819608,Material Shortage
2026-01-04,Plant A,M-01,2.478848767070614,Material Shortage
2026-01-04,Plant A,M-02,2.3739851101453673,Mechanical Failure
2026-01-04,Plant A,M-02,2.4107276330151293,Mechanical Failure
2026-01-04,Plant A,M-02,0.3120217293331362,Electrical Failure
2026-01-04,Plant A,M-03,2.9870130151657324,Electrical Failure
2026-01-04,Plant A,M-03,0.59787072306502,Material Shortage
2026-01-04,Plant A,M-03,2.383462077765787,Mechanical Failure
2026-01-04,Plant A,M-04,0.28052257913657547,Maintenance
2026-01-04,Plant A,M-04,0.4921932550249399,Material Shortage
2026-01-04,Plant A,M-04,0.5026078058677195,Mechanical Failure
2026-01-04,Plant A,M-05,2.561325940272998,Mechanical Failure
2026-01-04,Plant A,M-05,2.4428360328871306,Operator Issue
2026-01-04,Plant A,M-05,2.65306431554896,Material Shortage
2026-01-04,Plant B,M-01,0.9612103786686037,Maintenance
2026-01-04,Plant B,M-01,0.9138692760206266,Material Shortage
2026-01-04,Plant B,M-01,2.7021869698235013,Operator Issue
2026-01-04,Plant B,M-02,3.1532407560518716,Maintenance
2026-01-04,Plant B,M-02,3.1328686635676246,Mechanical Failure
2026-01-04,Plant B,M-02,1.0571874864090764,Electrical Failure
2026-01-04,Plant B,M-03,0.45123183631799063,Changeover
2026-01-04,Plant B,M-03,2.0669154811861103,Operator Issue
2026-01-04,Plant B,M-03,0.7192241770183356,Changeover
2026-01-04,Plant B,M-04,4.634420421172295,Changeover
2026-01-04,Plant B,M-04,5.340475417036568,Changeover
2026-01-04,Plant B,M-04,5.305734306013171,Mechanical Failure
2026-01-04,Plant B,M-05,0.6238807697075315,Electrical Failure
2026-01-04,Plant B,M-05,0.5382821023692415,Material Shortage
2026-01-04,Plant B,M-05,0.4222569848469466,Maintenance
2026-01-04,Plant C,M-01,2.6738510447516517,Changeover
2026-01-04,Plant C,M-01,1.427050646487791,Material Shortage
2026-01-04,Plant C,M-01,1.1846356222669756,Operator Issue
2026-01-04,Plant C,M-02,3.378680956352435,Changeover
2026-01-04,Plant C,M-02,1.2294415686339304,Operator Issue
2026-01-04,Plant C,M-02,2.5592493326674175,Material Shortage
2026-01-04,Plant C,M-03,2.7440420873253717,Material Shortage
2026-01-04,Plant C,M-03,3.2090589153677067,Operator Issue
2026-01-04,Plant C,M-03,1.6200094531682268,Mechanical Failure
2026-01-04,Plant C,M-04,2.147870998322554,Electrical Failure
2026-01-04,Plant C,M-04,2.698295583117037,Mechanical Failure
2026-01-04,Plant C,M-04,0.5392149348257967,Material Shortage
2026-01-04,Plant C,M-05,1.9084484231695475,Changeover
2026-01-04,Plant C,M-05,1.2629125173238065,Electrical Failure
2026-01-04,Plant C,M-05,2.531369897406774,Operator Issue
2026-01-05,Plant A,M-01,3.286165990488217,Maintenance
2026-01-05,Plant A,M-01,2.897082640876229,Maintenance
2026-01-05,Plant A,M-01,1.0154406722334832,Operator Issue
2026-01-05,Plant A,M-02,0.34408347043429194,Operator Issue
2026-01-05,Plant A,M-02,2.3460747649448916,Mechanical Failure
2026-01-05,Plant A,M-02,1.5724943082849046,Changeover
2026-01-05,Plant A,M-03,0.33236033166119217,Changeover
2026-01-05,Plant A,M-03,1.5916790586824028,Maintenance
2026-01-05,Plant A,M-03,1.73718226316682,Material Shortage
2026-01-05,Plant A,M-04,3.4056038103374107,Changeover
2026-01-05,Plant A,M-04,1.5365686369650609,Operator Issue
2026-01-05,Plant A,M-04,3.031354637944929,Mechanical Failure
2026-01-05,Plant A,M-05,1.6975054865660093,Operator Issue
2026-01-05,Plant A,M-05,1.0333416808488836,Material Shortage
2026-01-05,Plant A,M-05,1.7662818899743857,Operator Issue
2026-01-05,Plant B,M-01,0.388386625094739,Material Shortage
2026-01-05,Plant B,M-01,0.7940344436599875,Material Shortage
2026-01-05,Plant B,M-01,0.2573533076120828,Changeover
2026-01-05,Plant B,M-02,1.3307565107990205,Changeover
2026-01-05,Plant B,M-02,3.379044548307317,Mechanical Failure
2026-01-05,Plant B,M-02,1.84067672122781,Material Shortage
2026-01-05,Plant B,M-03,2.182011490402579,Operator Issue
2026-01-05,Plant B,M-03,2.370889505190019,Mechanical Failure
2026-01-05,Plant B,M-03,2.346688437712662,Material Shortage
2026-01-05,Plant B,M-04,7.191254595434538,Electrical Failure
2026-01-05,Plant B,M-04,6.253755709393835,Electrical Failure
2026-01-05,Plant B,M-04,4.058668228185056,Material Shortage
2026-01-05,Plant B,M-05,0.28461881716123777,Material Shortage
2026-01-05,Plant B,M-05,2.206086806218367,Maintenance
2026-01-05,Plant B,M-05,2.33666655671019,Mechanical Failure
2026-01-05,Plant C,M-01,1.7813046571638795,Changeover
2026-01-05,Plant C,M-01,2.1170757757672325,Operator Issue
2026-01-05,Plant C,M-01,0.6022241080119269,Changeover
2026-01-05,Plant C,M-02,0.8112538736064518,Material Shortage
2026-01-05,Plant C,M-02,0.3432613584209032,Operator Issue
2026-01-05,Plant C,M-02,2.3337995142954386,Mechanical Failure
2026-01-05,Plant C,M-03,1.0436284927705985,Electrical Failure
2026-01-05,Plant C,M-03,2.1358079284790645,Maintenance
2026-01-05,Plant C,M-03,0.2780073339529101,Electrical Failure
2026-01-05,Plant C,M-04,0.667855498639436,Changeover
2026-01-05,Plant C,M-04,2.5909056096154397,Material Shortage
2026-01-05,Plant C,M-04,0.48267222366822077,Maintenance
2026-01-05,Plant C,M-05,2.2366140852056344,Material Shortage
2026-01-05,Plant C,M-05,2.3478953178557407,Changeover
2026-01-05,Plant C,M-05,1.4489721975033678,Material Shortage
2026-01-06,Plant A,M-01,2.2953681504504093,Electrical Failure
2026-01-06,Plant A,M-01,1.1928152575657418,Material Shortage
2026-01-06,Plant A,M-01,2.736379355802078,Operator Issue
2026-01-06,Plant A,M-02,3.053464433710683,Changeover
2026-01-06,Plant A,M-02,1.388450144656013,Maintenance
2026-01-06,Plant A,M-02,1.1230216769558814,Material Shortage
2026-01-06,Plant A,M-03,1.9811176419078111,Operator Issue
2026-01-06,Plant A,M-03,2.8071004398133024,Electrical Failure
2026-01-06,Plant A,M-03,2.0910367154718026,Electrical Failure
2026-01-06,Plant A,M-04,1.8073043321024884,Maintenance
2026-01-06,Plant A,M-04,0.6018143067134067,Material Shortage
2026-01-06,Plant A,M-04,3.387213131805626,Electrical Failure
2026-01-06,Plant A,M-05,2.2446402511628376,Maintenance
2026-01-06,Plant A,M-05,0.8987926571960785,Mechanical Failure
2026-01-06,Plant A,M-05,2.7828969344556924,Material Shortage
2026-01-06,Plant B,M-01,2.2302241461623358,Electrical Failure
2026-01-06,Plant B,M-01,0.8422542890085247,Material Shortage
2026-01-06,Plant B,M-01,3.3806135090917584,Operator Issue
2026-01-06,Plant B,M-02,1.9665234337935522,Changeover
2026-01-06,Plant B,M-02,0.4132350434854843,Maintenance
2026-01-06,Plant B,M-02,0.6197592168685837,Material Shortage
2026-01-06,Plant B,M-03,3.036565264434921,Mechanical Failure
2026-01-06,Plant B,M-03,2.9748762121055448,Material Shortage
2026-01-06,Plant B,M-03,3.1538885443315703,Changeover
2026-01-06,Plant B,M-04,6.720911116833413,Mechanical Failure
2026-01-06,Plant B,M-04,4.142283468142193,Operator Issue
2026-01-06,Plant B,M-04,5.419365441027562,Electrical Failure
2026-01-06,Plant B,M-05,0.47263828941558667,Mechanical Failure
2026-01-06,Plant B,M-05,1.0428644994612244,Mechanical Failure
2026-01-06,Plant B,M-05,3.3960129660614666,Material Shortage
2026-01-06,Plant C,M-01,2.1751541997584067,Maintenance
2026-01-06,Plant C,M-01,1.1035113147965514,Mechanical Failure
2026-01-06,Plant C,M-01,3.101586577992866,Electrical Failure
2026-01-06,Plant C,M-02,2.669033289730692,Mechanical Failure
2026-01-06,Plant C,M-02,0.6347049524000543,Maintenance
2026-01-06,Plant C,M-02,1.9893827781230993,Maintenance
2026-01-06,Plant C,M-03,3.094556856987633,Electrical Failure
2026-01-06,Plant C,M-03,3.1087875729275707,Electrical Failure
2026-01-06,Plant C,M-03,2.2294281931257367,Changeover
2026-01-06,Plant C,M-04,2.9718811349312024,Maintenance
2026-01-06,Plant C,M-04,0.6115563878075886,Material Shortage
2026-01-06,Plant C,M-04,1.4920348039868367,Mechanical Failure
2026-01-06,Plant C,M-05,2.3196742354872506,Electrical Failure
2026-01-06,Plant C,M-05,2.4323441928469953,Mechanical Failure
2026-01-06,Plant C,M-05,2.790160024467843,Material Shortage
2026-01-07,Plant A,M-01,1.283036086910728,Maintenance
2026-01-07,Plant A,M-01,2.320465158466132,Material Shortage
2026-01-07,Plant A,M-01,2.971347542597537,Mechanical Failure
2026-01-07,Plant A,M-02,0.2798328208414723,Changeover
2026-01-07,Plant A,M-02,0.385249141273493,Changeover
2026-01-07,Plant A,M-02,0.6404839089726144,Electrical Failure
2026-01-07,Plant A,M-03,0.38902482855615705,Material Shortage
2026-01-07,Plant A,M-03,0.3882805797991392,Material Shortage
2026-01-07,Plant A,M-03,3.4169543541776695,Operator Issue
2026-01-07,Plant A,M-04,2.245008152658072,Changeover
2026-01-07,Plant A,M-04,0.9813882207275717,Changeover
2026-01-07,Plant A,M-04,1.8317877332738066,Changeover
2026-01-07,Plant A,M-05,1.2187058531315442,Operator Issue
2026-01-07,Plant A,M-05,3.0384609880531355,Mechanical Failure
2026-01-07,Plant A,M-05,2.9948318026922474,Mechanical Failure
2026-01-07,Plant B,M-01,2.6726362518960625,Operator Issue
2026-01-07,Plant B,M-01,1.8409445700384708,Material Shortage
2026-01-07,Plant B,M-01,3.1026201213400464,Maintenance
2026-01-07,Plant B,M-02,2.0413364379827117,Material Shortage
2026-01-07,Plant B,M-02,2.3673743455901706,Electrical Failure
2026-01-07,Plant B,M-02,1.926987782942646,Changeover
2026-01-07,Plant B,M-03,1.9166287267301296,Operator Issue
2026-01-07,Plant B,M-03,3.1902727407270293,Changeover
2026-01-07,Plant B,M-03,2.835357798863079,Maintenance
2026-01-07,Plant B,M-04,7.868506461036682,Changeover
2026-01-07,Plant B,M-04,6.23902273455353,Maintenance
2026-01-07,Plant B,M-04,4.749647776390329,Maintenance
2026-01-07,Plant B,M-05,1.2364006234760154,Operator Issue
2026-01-07,Plant B,M-05,0.5727125877568727,Electrical Failure
2026-01-07,Plant B,M-05,2.348787030109525,Operator Issue
2026-01-07,Plant C,M-01,1.0381170860876816,Maintenance
2026-01-07,Plant C,M-01,2.362431951982472,Maintenance
2026-01-07,Plant C,M-01,0.9017264420246172,Operator Issue
2026-01-07,Plant C,M-02,0.3950098372582358,Maintenance
2026-01-07,Plant C,M-02,1.4862059785074238,Operator Issue
2026-01-07,Plant C,M-02,0.25940029351920946,Operator Issue
2026-01-07,Plant C,M-03,3.4101618655438832,Changeover
2026-01-07,Plant C,M-03,2.9370023940341947,Material Shortage
2026-01-07,Plant C,M-03,0.5185637516449546,Mechanical Failure
2026-01-07,Plant C,M-04,2.6098122853974814,Maintenance
2026-01-07,Plant C,M-04,2.1576311813543683,Operator Issue
2026-01-07,Plant C,M-04,2.0920528405962195,Material Shortage
2026-01-07,Plant C,M-05,3.201768504140755,Material Shortage
2026-01-07,Plant C,M-05,3.1453268568509922,Changeover
2026-01-07,Plant C,M-05,0.9835304456368608,Changeover
2026-01-08,Plant A,M-01,2.6538599233826474,Operator Issue
2026-01-08,Plant A,M-01,1.7592280715214947,Mechanical Failure
2026-01-08,Plant A,M-01,1.7501544178692563,Material Shortage
2026-01-08,Plant A,M-02,0.2252913077424436,Mechanical Failure
2026-01-08,Plant A,M-02,1.1168128401797235,Mechanical Failure
2026-01-08,Plant A,M-02,1.8744593977687691,Maintenance
2026-01-08,Plant A,M-03,1.4865787647070954,Changeover
2026-01-08,Plant A,M-03,2.5708164584018265,Operator Issue
2026-01-08,Plant A,M-03,3.076272500051161,Material Shortage
2026-01-08,Plant A,M-04,2.1678610122392152,Maintenance
2026-01-08,Plant A,M-04,2.3332852974112033,Changeover
2026-01-08,Plant A,M-04,2.2214924455379035,Electrical Failure
2026-01-08,Plant A,M-05,2.9060416760938748,Material Shortage
2026-01-08,Plant A,M-05,0.6059108739083605,Mechanical Failure
2026-01-08,Plant A,M-05,1.5328629517614083,Mechanical Failure
2026-01-08,Plant B,M-01,2.8346551237105633,Electrical Failure
2026-01-08,Plant B,M-01,1.9351815762819682,Material Shortage
2026-01-08,Plant B,M-01,3.3239266321787024,Maintenance
2026-01-08,Plant B,M-02,1.2270177337091988,Changeover
2026-01-08,Plant B,M-02,0.5473553111501408,Changeover
2026-01-08,Plant B,M-02,1.480356307824669,Electrical Failure
2026-01-08,Plant B,M-03,0.6291576822867577,Maintenance
2026-01-08,Plant B,M-03,3.447243438594532,Operator Issue
2026-01-08,Plant B,M-03,3.434359674965431,Changeover
2026-01-08,Plant B,M-04,5.037339589268377,Mechanical Failure
2026-01-08,Plant B,M-04,6.230835305000175,Mechanical Failure
2026-01-08,Plant B,M-04,6.938311692485653,Mechanical Failure
2026-01-08,Plant B,M-05,0.3302164585399677,Maintenance
2026-01-08,Plant B,M-05,3.0708982268373606,Maintenance
2026-01-08,Plant B,M-05,3.0943989173600235,Material Shortage
2026-01-08,Plant C,M-01,1.1430857332353717,Maintenance
2026-01-08,Plant C,M-01,3.1516934375199663,Material Shortage
2026-01-08,Plant C,M-01,3.018074490952893,Mechanical Failure
2026-01-08,Plant C,M-02,1.679452882719093,Electrical Failure
2026-01-08,Plant C,M-02,2.4853570240724565,Operator Issue
2026-01-08,Plant C,M-02,2.6190689265379783,Changeover
2026-01-08,Plant C,M-03,2.373183701711181,Material Shortage
2026-01-08,Plant C,M-03,0.4562428044162967,Maintenance
2026-01-08,Plant C,M-03,2.5025957110423174,Maintenance
2026-01-08,Plant C,M-04,2.9788456434153114,Electrical Failure
2026-01-08,Plant C,M-04,1.1273148463987548,Operator Issue
2026-01-08,Plant C,M-04,2.1247497251051812,Changeover
2026-01-08,Plant C,M-05,0.605638238935779,Operator Issue
2026-01-08,Plant C,M-05,2.3023997623669863,Changeover
2026-01-08,Plant C,M-05,3.2254125793177058,Material Shortage
2026-01-09,Plant A,M-01,2.2775403997427306,Mechanical Failure
2026-01-09,Plant A,M-01,3.1558981955563703,Mechanical Failure
2026-01-09,Plant A,M-01,0.5362448806178446,Material Shortage
2026-01-09,Plant A,M-02,1.5938689232082093,Material Shortage
2026-01-09,Plant A,M-02,1.4792410580036353,Changeover
2026-01-09,Plant A,M-02,2.4311571636675566,Mechanical Failure
2026-01-09,Plant A,M-03,0.3590138408978776,Mechanical Failure
2026-01-09,Plant A,M-03,1.4203837447576828,Mechanical Failure
2026-01-09,Plant A,M-03,2.5748575948147505,Operator Issue
2026-01-09,Plant A,M-04,1.1744948759870482,Material Shortage
2026-01-09,Plant A,M-04,1.5039319951179606,Material Shortage
2026-01-09,Plant A,M-04,2.780650605278792,Changeover
2026-01-09,Plant A,M-05,2.9662756865008264,Material Shortage
2026-01-09,Plant A,M-05,3.3795474949290414,Operator Issue
2026-01-09,Plant A,M-05,0.6340102808240471,Operator Issue
2026-01-09,Plant B,M-01,2.751368183931616,Material Shortage
2026-01-09,Plant B,M-01,2.333313847405171,Mechanical Failure
2026-01-09,Plant B,M-01,3.1682022014021354,Changeover
2026-01-09,Plant B,M-02,0.39088668317563,Material Shortage
2026-01-09,Plant B,M-02,0.664649731345831,Electrical Failure
2026-01-09,Plant B,M-02,1.9399750970203464,Mechanical Failure
2026-01-09,Plant B,M-03,1.9780829298307427,Operator Issue
2026-01-09,Plant B,M-03,2.282041907756239,Changeover
2026-01-09,Plant B,M-03,3.2645789471491136,Operator Issue
2026-01-09,Plant B,M-04,4.662999119280624,Mechanical Failure
2026-01-09,Plant B,M-04,7.979277175863804,Operator Issue
2026-01-09,Plant B,M-04,6.374243741515144,Mechanical Failure
2026-01-09,Plant B,M-05,3.3684474945379757,Electrical Failure
2026-01-09,Plant B,M-05,2.7511938376016385,Mechanical Failure
2026-01-09,Plant B,M-05,1.8463556929686082,Electrical Failure
2026-01-09,Plant C,M-01,2.855685302565993,Maintenance
2026-01-09,Plant C,M-01,2.3860322386135246,Mechanical Failure
2026-01-09,Plant C,M-01,0.34820728668553236,Changeover
2026-01-09,Plant C,M-02,1.3784998256916592,Material Shortage
2026-01-09,Plant C,M-02,2.995996503482136,Mechanical Failure
2026-01-09,Plant C,M-02,3.3365152628984758,Maintenance
2026-01-09,Plant C,M-03,2.970876863839008,Electrical Failure
2026-01-09,Plant C,M-03,1.7719079198936258,Material Shortage
2026-01-09,Plant C,M-03,3.021599665345786,Maintenance
2026-01-09,Plant C,M-04,2.4889395896635245,Electrical Failure
2026-01-09,Plant C,M-04,1.1321590070210121,Changeover
2026-01-09,Plant C,M-04,1.20301029044159,Maintenance
2026-01-09,Plant C,M-05,2.6146916306619024,Electrical Failure
2026-01-09,Plant C,M-05,2.895372239468599,Operator Issue
2026-01-09,Plant C,M-05,0.9276118344740512,Maintenance
2026-01-10,Plant A,M-01,2.7760846675043385,Maintenance
2026-01-10,Plant A,M-01,3.3323884686726903,Mechanical Failure
2026-01-10,Plant A,M-01,3.278652046479918,Maintenance
2026-01-10,Plant A,M-02,3.006556328710764,Material Shortage
2026-01-10,Plant A,M-02,2.4144824367377176,Mechanical Failure
2026-01-10,Plant A,M-02,1.4778829948877164,Mechanical Failure
2026-01-10,Plant A,M-03,2.5260743331431597,Mechanical Failure
2026-01-10,Plant A,M-03,1.2191535992242246,Mechanical Failure
2026-01-10,Plant A,M-03,2.8941555903846012,Operator Issue
2026-01-10,Plant A,M-04,0.24011734587537648,Operator Issue
2026-01-10,Plant A,M-04,3.2854816250679257,Material Shortage
2026-01-10,Plant A,M-04,1.1430024711559297,Electrical Failure
2026-01-10,Plant A,M-05,2.7900440157643045,Operator Issue
2026-01-10,Plant A,M-05,3.4681938805946273,Electrical Failure
2026-01-10,Plant A,M-05,1.531883307793251,Electrical Failure
2026-01-10,Plant B,M-01,0.4443393191107484,Electrical Failure
2026-01-10,Plant B,M-01,2.192002761845938,Changeover
2026-01-10,Plant B,M-01,2.496131676262968,Changeover
2026-01-10,Plant B,M-02,1.6872653672984133,Operator Issue
2026-01-10,Plant B,M-02,3.058115590918582,Operator Issue
2026-01-10,Plant B,M-02,2.270705686888122,Mechanical Failure
2026-01-10,Plant B,M-03,2.5948955042015407,Operator Issue
2026-01-10,Plant B,M-03,0.5056640940695117,Mechanical Failure
2026-01-10,Plant B,M-03,2.5873777989050035,Mechanical Failure
2026-01-10,Plant B,M-04,6.615976369359204,Mechanical Failure
2026-01-10,Plant B,M-04,5.08322531214789,Maintenance
2026-01-10,Plant B,M-04,7.805962840707149,Changeover
2026-01-10,Plant B,M-05,1.5115789177670023,Mechanical Failure
2026-01-10,Plant B,M-05,1.0872165974612387,Operator Issue
2026-01-10,Plant B,M-05,1.5574202394471748,Material Shortage
2026-01-10,Plant C,M-01,2.9216526832451253,Maintenance
2026-01-10,Plant C,M-01,1.5451884313328639,Operator Issue
2026-01-10,Plant C,M-01,0.7295266270950471,Electrical Failure
2026-01-10,Plant C,M-02,2.927410697646016,Electrical Failure
2026-01-10,Plant C,M-02,3.0796981484045562,Operator Issue
2026-01-10,Plant C,M-02,1.3696023310170808,Maintenance
2026-01-10,Plant C,M-03,2.821802591040019,Material Shortage
2026-01-10,Plant C,M-03,2.214804291550901,Operator Issue
2026-01-10,Plant C,M-03,2.6440662913514226,Changeover
2026-01-10,Plant C,M-04,0.47572931378527616,Material Shortage
2026-01-10,Plant C,M-04,1.2263082326178447,Operator Issue
2026-01-10,Plant C,M-04,2.0873102727069823,Mechanical Failure
2026-01-10,Plant C,M-05,0.8721015546498601,Changeover
2026-01-10,Plant C,M-05,2.1986050347672577,Electrical Failure
2026-01-10,Plant C,M-05,2.440362492756874,Changeover
2026-01-11,Plant A,M-01,2.421713249869954,Electrical Failure
2026-01-11,Plant A,M-01,1.9676667778470092,Mechanical Failure
2026-01-11,Plant A,M-01,1.1421789743910882,Mechanical Failure
2026-01-11,Plant A,M-02,1.479826096725873,Maintenance
2026-01-11,Plant A,M-02,1.4850362986302883,Electrical Failure
2026-01-11,Plant A,M-02,3.3104016009337873,Maintenance
2026-01-11,Plant A,M-03,1.4195948581083513,Maintenance
2026-01-11,Plant A,M-03,2.9796741656747825,Material Shortage
2026-01-11,Plant A,M-03,2.7294996634575295,Electrical Failure
2026-01-11,Plant A,M-04,2.5536783646750116,Material Shortage
2026-01-11,Plant A,M-04,3.197154012711066,Material Shortage
2026-01-11,Plant A,M-04,1.2127848935420809,Maintenance
2026-01-11,Plant A,M-05,0.9969520723763503,Material Shortage
2026-01-11,Plant A,M-05,0.6410469186547094,Electrical Failure
2026-01-11,Plant A,M-05,1.9597296176210381,Operator Issue
2026-01-11,Plant B,M-01,0.9217615228931602,Operator Issue
2026-01-11,Plant B,M-01,3.4449086675009424,Mechanical Failure
2026-01-11,Plant B,M-01,1.5702952087023334,Changeover
2026-01-11,Plant B,M-02,3.1631333169602973,Changeover
2026-01-11,Plant B,M-02,2.532564924075786,Maintenance
2026-01-11,Plant B,M-02,3.0314767943238565,Material Shortage
2026-01-11,Plant B,M-03,1.2321673643941682,Maintenance
2026-01-11,Plant B,M-03,2.715598660853168,Maintenance
2026-01-11,Plant B,M-03,1.488958905019881,Changeover
2026-01-11,Plant B,M-04,5.556921886767154,Operator Issue
2026-01-11,Plant B,M-04,7.982524437995534,Electrical Failure
2026-01-11,Plant B,M-04,4.213391987955591,Mechanical Failure
2026-01-11,Plant B,M-05,2.4799171226177155,Mechanical Failure
2026-01-11,Plant B,M-05,2.8738533361084535,Operator Issue
2026-01-11,Plant B,M-05,0.7657327831447911,Operator Issue
2026-01-11,Plant C,M-01,3.346665822909979,Electrical Failure
2026-01-11,Plant C,M-01,2.160473175880051,Changeover
2026-01-11,Plant C,M-01,1.0127438620747542,Maintenance
2026-01-11,Plant C,M-02,1.1455145114595058,Maintenance
2026-01-11,Plant C,M-02,2.190030531675835,Changeover
2026-01-11,Plant C,M-02,1.2099698296252004,Electrical Failure
2026-01-11,Plant C,M-03,1.7480537964570095,Maintenance
2026-01-11,Plant C,M-03,0.6279406281399766,Mechanical Failure
2026-01-11,Plant C,M-03,0.761380877120629,Operator Issue
2026-01-11,Plant C,M-04,2.259195002245642,Operator Issue
2026-01-11,Plant C,M-04,2.5601153007747963,Mechanical Failure
2026-01-11,Plant C,M-04,0.8575116495474364,Changeover
2026-01-11,Plant C,M-05,0.8440495068215463,Material Shortage
2026-01-11,Plant C,M-05,2.8390691149417746,Material Shortage
2026-01-11,Plant C,M-05,3.3397679246882035,Electrical Failure
2026-01-12,Plant A,M-01,3.276665102155296,Maintenance
2026-01-12,Plant A,M-01,1.11952210827962,Operator Issue
2026-01-12,Plant A,M-01,2.79262224164612,Electrical Failure
2026-01-12,Plant A,M-02,2.9888988099369147,Mechanical Failure
2026-01-12,Plant A,M-02,1.0687162435094368,Electrical Failure
2026-01-12,Plant A,M-02,0.701760272500823,Electrical Failure
2026-01-12,Plant A,M-03,0.8848850894788214,Maintenance
2026-01-12,Plant A,M-03,0.7098242732162552,Changeover
2026-01-12,Plant A,M-03,0.7633375989311846,Changeover
2026-01-12,Plant A,M-04,2.4111073747649705,Material Shortage
2026-01-12,Plant A,M-04,3.4881143691408827,Maintenance
2026-01-12,Plant A,M-04,0.5682568998589166,Mechanical Failure
2026-01-12,Plant A,M-05,2.0759341650762018,Mechanical Failure
2026-01-12,Plant A,M-05,3.2661775667985684,Mechanical Failure
2026-01-12,Plant A,M-05,3.37292467109457,Maintenance
2026-01-12,Plant B,M-01,0.8346226569109707,Material Shortage
2026-01-12,Plant B,M-01,3.379089057471925,Mechanical Failure
2026-01-12,Plant B,M-01,1.229202138020293,Mechanical Failure
2026-01-12,Plant B,M-02,3.44999095509141,Electrical Failure
2026-01-12,Plant B,M-02,0.7372102643805569,Electrical Failure
2026-01-12,Plant B,M-02,2.3368043339830984,Maintenance
2026-01-12,Plant B,M-03,0.38349822154552005,Electrical Failure
2026-01-12,Plant B,M-03,2.6996326699873685,Mechanical Failure
2026-01-12,Plant B,M-03,2.192530073366017,Changeover
2026-01-12,Plant B,M-04,4.548357832315026,Electrical Failure
2026-01-12,Plant B,M-04,4.180996756075551,Mechanical Failure
2026-01-12,Plant B,M-04,5.598075138347739,Mechanical Failure
2026-01-12,Plant B,M-05,2.1036293577379106,Material Shortage
2026-01-12,Plant B,M-05,3.081259181121951,Changeover
2026-01-12,Plant B,M-05,3.400087988233324,Material Shortage
2026-01-12,Plant C,M-01,3.465124827072784,Mechanical Failure
2026-01-12,Plant C,M-01,2.9082973305303716,Mechanical Failure
2026-01-12,Plant C,M-01,1.7400872989185476,Operator Issue
2026-01-12,Plant C,M-02,2.9179579154716127,Maintenance
2026-01-12,Plant C,M-02,1.588511965827555,Changeover
2026-01-12,Plant C,M-02,2.2434888057768196,Maintenance
2026-01-12,Plant C,M-03,2.33917846136092,Maintenance
2026-01-12,Plant C,M-03,1.4324112189379272,Changeover
2026-01-12,Plant C,M-03,0.9159556113508023,Maintenance
2026-01-12,Plant C,M-04,0.9262926336755757,Maintenance
2026-01-12,Plant C,M-04,0.36570762457850237,Electrical Failure
2026-01-12,Plant C,M-04,1.9532702605580752,Maintenance
2026-01-12,Plant C,M-05,3.3124769157722405,Material Shortage
2026-01-12,Plant C,M-05,1.0233601629530478,Operator Issue
2026-01-12,Plant C,M-05,0.22105084324174926,Material Shortage
2026-01-13,Plant A,M-01,3.0287324682966426,Operator Issue
2026-01-13,Plant A,M-01,3.492155313429572,Operator Issue
2026-01-13,Plant A,M-01,0.7979048208652733,Operator Issue
2026-01-13,Plant A,M-02,3.1632833345977023,Electrical Failure
2026-01-13,Plant A,M-02,0.7267621747261519,Changeover
2026-01-13,Plant A,M-02,1.1236457524132086,Mechanical Failure
2026-01-13,Plant A,M-03,2.0940345580277344,Operator Issue
2026-01-13,Plant A,M-03,1.401572157534648,Operator Issue
2026-01-13,Plant A,M-03,1.0959236083909474,Material Shortage
2026-01-13,Plant A,M-04,0.9402512442166366,Changeover
2026-01-13,Plant A,M-04,0.36684532026647854,Operator Issue
2026-01-13,Plant A,M-04,1.6589532144430759,Material Shortage
2026-01-13,Plant A,M-05,0.8883416135454674,Mechanical Failure
2026-01-13,Plant A,M-05,2.4430008155500396,Material Shortage
2026-01-13,Plant A,M-05,1.0135156886053438,Material Shortage
2026-01-13,Plant B,M-01,3.0878895470415553,Material Shortage
2026-01-13,Plant B,M-01,0.7158460033392409,Changeover
2026-01-13,Plant B,M-01,1.8652427812053953,Electrical Failure
2026-01-13,Plant B,M-02,3.0581350997468544,Material Shortage
2026-01-13,Plant B,M-02,3.0068959424498827,Changeover
2026-01-13,Plant B,M-02,0.528503492268958,Mechanical Failure
2026-01-13,Plant B,M-03,0.894051235743119,Electrical Failure
2026-01-13,Plant B,M-03,1.1498432862102992,Changeover
2026-01-13,Plant B,M-03,2.3817642388146987,Changeover
2026-01-13,Plant B,M-04,4.1799872849416975,Operator Issue
2026-01-13,Plant B,M-04,4.326394880019354,Mechanical Failure
2026-01-13,Plant B,M-04,4.698588743585319,Mechanical Failure
2026-01-13,Plant B,M-05,1.850919166185609,Operator Issue
2026-01-13,Plant B,M-05,3.047929852021849,Changeover
2026-01-13,Plant B,M-05,2.442789501903974,Maintenance
2026-01-13,Plant C,M-01,2.291248279226246,Operator Issue
2026-01-13,Plant C,M-01,2.944010499270338,Electrical Failure
2026-01-13,Plant C,M-01,0.5901214535605923,Maintenance
2026-01-13,Plant C,M-02,2.9179011886340254,Changeover
2026-01-13,Plant C,M-02,2.203546426915804,Material Shortage
2026-01-13,Plant C,M-02,1.5355927106378735,Maintenance
2026-01-13,Plant C,M-03,1.2089550595760605,Changeover
2026-01-13,Plant C,M-03,2.3998363801019287,Material Shortage
2026-01-13,Plant C,M-03,1.8498646734838018,Material Shortage
2026-01-13,Plant C,M-04,3.0048657906605776,Material Shortage
2026-01-13,Plant C,M-04,1.183649646731915,Maintenance
2026-01-13,Plant C,M-04,2.304654668090452,Operator Issue
2026-01-13,Plant C,M-05,2.1753638544354135,Maintenance
2026-01-13,Plant C,M-05,2.7424758295441665,Maintenance
2026-01-13,Plant C,M-05,2.7295401435313695,Maintenance
2026-01-14,Plant A,M-01,1.4210809296712925,Changeover
2026-01-14,Plant A,M-01,2.892039035295854,Maintenance
2026-01-14,Plant A,M-01,0.5799823887041637,Maintenance
2026-01-14,Plant A,M-02,1.709562084370631,Operator Issue
2026-01-14,Plant A,M-02,1.066152930900173,Electrical Failure
2026-01-14,Plant A,M-02,1.492750086855518,Electrical Failure
2026-01-14,Plant A,M-03,2.1040393209783503,Maintenance
2026-01-14,Plant A,M-03,2.15614410487161,Material Shortage
2026-01-14,Plant A,M-03,2.1358589303360866,Operator Issue
2026-01-14,Plant A,M-04,1.3873205086994882,Electrical Failure
2026-01-14,Plant A,M-04,2.1910028474997145,Maintenance
2026-01-14,Plant A,M-04,2.4184272680708423,Electrical Failure
2026-01-14,Plant A,M-05,2.1782217608737646,Material Shortage
2026-01-14,Plant A,M-05,0.8497299768597557,Electrical Failure
2026-01-14,Plant A,M-05,2.283814015523968,Mechanical Failure
2026-01-14,Plant B,M-01,2.1967954111837766,Changeover
2026-01-14,Plant B,M-01,1.13510142734069,Maintenance
2026-01-14,Plant B,M-01,0.7391103027147865,Operator Issue
2026-01-14,Plant B,M-02,3.1157636036216285,Electrical Failure
2026-01-14,Plant B,M-02,2.0258591107559,Operator Issue
2026-01-14,Plant B,M-02,0.35043102123060704,Operator Issue
2026-01-14,Plant B,M-03,3.4473039971211294,Material Shortage
2026-01-14,Plant B,M-03,0.35501087062386133,Maintenance
2026-01-14,Plant B,M-03,2.412433301529828,Material Shortage
2026-01-14,Plant B,M-04,7.87121095059394,Operator Issue
2026-01-14,Plant B,M-04,4.203899508089769,Mechanical Failure
2026-01-14,Plant B,M-04,6.510981659589346,Changeover
2026-01-14,Plant B,M-05,2.6098030033809647,Operator Issue
2026-01-14,Plant B,M-05,2.6118721410613293,Maintenance
2026-01-14,Plant B,M-05,0.7980443514640414,Operator Issue
2026-01-14,Plant C,M-01,0.6462171352524206,Material Shortage
2026-01-14,Plant C,M-01,1.632372181067157,Maintenance
2026-01-14,Plant C,M-01,2.159476085413392,Mechanical Failure
2026-01-14,Plant C,M-02,0.9411880522471199,Electrical Failure
2026-01-14,Plant C,M-02,2.657631201836393,Changeover
2026-01-14,Plant C,M-02,0.6395010147028273,Mechanical Failure
2026-01-14,Plant C,M-03,3.196449794937415,Operator Issue
2026-01-14,Plant C,M-03,1.7564433194769646,Changeover
2026-01-14,Plant C,M-03,0.2744628886276459,Maintenance
2026-01-14,Plant C,M-04,2.8677031116032756,Electrical Failure
2026-01-14,Plant C,M-04,1.0146281910659185,Changeover
2026-01-14,Plant C,M-04,2.9440845949142966,Mechanical Failure
2026-01-14,Plant C,M-05,2.8791582092342534,Mechanical Failure
2026-01-14,Plant C,M-05,1.2981768675706251,Electrical Failure
2026-01-14,Plant C,M-05,2.628529246721563,Mechanical Failure
2026-01-15,Plant A,M-01,3.1613728676302593,Changeover
2026-01-15,Plant A,M-01,3.20869539381216,Electrical Failure
2026-01-15,Plant A,M-01,1.47360038609186,Mechanical Failure
2026-01-15,Plant A,M-02,2.2856633877940404,Maintenance
2026-01-15,Plant A,M-02,2.659208650879754,Operator Issue
2026-01-15,Plant A,M-02,2.6792204504334305,Operator Issue
2026-01-15,Plant A,M-03,0.4060233800166751,Material Shortage
2026-01-15,Plant A,M-03,3.256477166218339,Electrical Failure
2026-01-15,Plant A,M-03,3.015986414644,Maintenance
2026-01-15,Plant A,M-04,2.8479069008269873,Operator Issue
2026-01-15,Plant A,M-04,0.9775554089324396,Operator Issue
2026-01-15,Plant A,M-04,2.6485265073961535,Material Shortage
2026-01-15,Plant A,M-05,3.0369426307650986,Mechanical Failure
2026-01-15,Plant A,M-05,1.5259173458611006,Maintenance
2026-01-15,Plant A,M-05,2.9375569617540647,Mechanical Failure
2026-01-15,Plant B,M-01,1.2107932897288738,Operator Issue
2026-01-15,Plant B,M-01,3.3087921243123652,Operator Issue
2026-01-15,Plant B,M-01,1.043609009524693,Changeover
2026-01-15,Plant B,M-02,0.6022306723564925,Electrical Failure
2026-01-15,Plant B,M-02,1.744335526177543,Operator Issue
2026-01-15,Plant B,M-02,1.5826002534724304,Changeover
2026-01-15,Plant B,M-03,1.056690836237979,Maintenance
2026-01-15,Plant B,M-03,0.9247952643620778,Operator Issue
2026-01-15,Plant B,M-03,1.620768209013022,Material Shortage
2026-01-15,Plant B,M-04,6.844003847799245,Mechanical Failure
2026-01-15,Plant B,M-04,4.324656897854858,Maintenance
2026-01-15,Plant B,M-04,7.092734005035033,Mechanical Failure
2026-01-15,Plant B,M-05,3.1254583379182783,Electrical Failure
2026-01-15,Plant B,M-05,0.2230414642051488,Material Shortage
2026-01-15,Plant B,M-05,0.9958452072156143,Maintenance
2026-01-15,Plant C,M-01,1.3988002281163683,Mechanical Failure
2026-01-15,Plant C,M-01,1.238275399486156,Operator Issue
2026-01-15,Plant C,M-01,0.4327676040567566,Changeover
2026-01-15,Plant C,M-02,2.6350053700568496,Maintenance
2026-01-15,Plant C,M-02,2.9601890458526103,Material Shortage
2026-01-15,Plant C,M-02,1.9970325713604289,Maintenance
2026-01-15,Plant C,M-03,2.828253853027475,Changeover
2026-01-15,Plant C,M-03,0.8136729749394784,Changeover
2026-01-15,Plant C,M-03,0.3422303595294694,Changeover
2026-01-15,Plant C,M-04,1.7765490171184686,Maintenance
2026-01-15,Plant C,M-04,3.295611660574833,Electrical Failure
2026-01-15,Plant C,M-04,2.4156400397243316,Electrical Failure
2026-01-15,Plant C,M-05,1.4610075317179114,Electrical Failure
2026-01-15,Plant C,M-05,1.3962565489539933,Mechanical Failure
2026-01-15,Plant C,M-05,1.4481409003030377,Material Shortage
2026-01-16,Plant A,M-01,0.38394481683855775,Maintenance
2026-01-16,Plant A,M-01,1.9951112672403926,Material Shortage
2026-01-16,Plant A,M-01,0.7335920258041566,Electrical Failure
2026-01-16,Plant A,M-02,0.4671473291817708,Changeover
2026-01-16,Plant A,M-02,1.318117491995264,Material Shortage
2026-01-16,Plant A,M-02,1.2363445628308272,Electrical Failure
2026-01-16,Plant A,M-03,3.3731174160539688,Changeover
2026-01-16,Plant A,M-03,1.1874656141934998,Mechanical Failure
2026-01-16,Plant A,M-03,3.3052746644956423,Operator Issue
2026-01-16,Plant A,M-04,1.6716532988039356,Changeover
2026-01-16,Plant A,M-04,2.3836226900884445,Electrical Failure
2026-01-16,Plant A,M-04,1.7925840776830182,Operator Issue
2026-01-16,Plant A,M-05,2.2403596358908002,Material Shortage
2026-01-16,Plant A,M-05,0.32957467044057875,Operator Issue
2026-01-16,Plant A,M-05,3.2977582967343153,Electrical Failure
2026-01-16,Plant B,M-01,3.2911910343165176,Electrical Failure
2026-01-16,Plant B,M-01,1.4989972169155588,Maintenance
2026-01-16,Plant B,M-01,2.7634348427884814,Electrical Failure
2026-01-16,Plant B,M-02,0.6638055223852917,Electrical Failure
2026-01-16,Plant B,M-02,3.031185216191185,Operator Issue
2026-01-16,Plant B,M-02,0.37432806500358257,Mechanical Failure
2026-01-16,Plant B,M-03,0.38912402303460647,Mechanical Failure
2026-01-16,Plant B,M-03,2.715299792436784,Changeover
2026-01-16,Plant B,M-03,1.5460357080740241,Changeover
2026-01-16,Plant B,M-04,5.74498410542863,Mechanical Failure
2026-01-16,Plant B,M-04,7.573618916351949,Changeover
2026-01-16,Plant B,M-04,4.163735777497381,Electrical Failure
2026-01-16,Plant B,M-05,0.7926792787523165,Electrical Failure
2026-01-16,Plant B,M-05,0.5769825573516063,Mechanical Failure
2026-01-16,Plant B,M-05,0.5933944613738921,Electrical Failure
2026-01-16,Plant C,M-01,3.0406364918211337,Electrical Failure
2026-01-16,Plant C,M-01,1.4104344581326855,Material Shortage
2026-01-16,Plant C,M-01,0.8648309394766587,Mechanical Failure
2026-01-16,Plant C,M-02,0.7673114404994443,Maintenance
2026-01-16,Plant C,M-02,3.380161122667262,Operator Issue
2026-01-16,Plant C,M-02,1.3413342313183885,Changeover
2026-01-16,Plant C,M-03,1.0961165020857027,Electrical Failure
2026-01-16,Plant C,M-03,1.1834226287393927,Material Shortage
2026-01-16,Plant C,M-03,1.2763618386232365,Changeover
2026-01-16,Plant C,M-04,3.3419156504546486,Material Shortage
2026-01-16,Plant C,M-04,1.8677053464695679,Material Shortage
2026-01-16,Plant C,M-04,0.8168737171567748,Maintenance
2026-01-16,Plant C,M-05,2.512667779405743,Maintenance
2026-01-16,Plant C,M-05,0.41052203563687295,Material Shortage
2026-01-16,Plant C,M-05,1.5369902271387417,Changeover
2026-01-17,Plant A,M-01,3.327364384312123,Material Shortage
2026-01-17,Plant A,M-01,1.162588387381234,Material Shortage
2026-01-17,Plant A,M-01,1.519943960368776,Electrical Failure
2026-01-17,Plant A,M-02,2.513622038302091,Electrical Failure
2026-01-17,Plant A,M-02,1.415225354403939,Mechanical Failure
2026-01-17,Plant A,M-02,1.6637590401450588,Operator Issue
2026-01-17,Plant A,M-03,0.47463611848663856,Changeover
2026-01-17,Plant A,M-03,0.7228785227266896,Material Shortage
2026-01-17,Plant A,M-03,3.030930685607714,Material Shortage
2026-01-17,Plant A,M-04,0.23149306512184795,Maintenance
2026-01-17,Plant A,M-04,1.2864610306266018,Maintenance
2026-01-17,Plant A,M-04,3.3726679833980087,Operator Issue
2026-01-17,Plant A,M-05,0.6436303103195149,Maintenance
2026-01-17,Plant A,M-05,2.0758254492906607,Material Shortage
2026-01-17,Plant A,M-05,3.149980585210969,Operator Issue
2026-01-17,Plant B,M-01,3.364277181528353,Electrical Failure
2026-01-17,Plant B,M-01,2.5397049873770525,Maintenance
2026-01-17,Plant B,M-01,0.4453042093240358,Electrical Failure
2026-01-17,Plant B,M-02,1.0537461264715937,Maintenance
2026-01-17,Plant B,M-02,3.309825750245768,Maintenance
2026-01-17,Plant B,M-02,2.6194292478514387,Mechanical Failure
2026-01-17,Plant B,M-03,3.015946715999734,Changeover
2026-01-17,Plant B,M-03,1.900051193675743,Maintenance
2026-01-17,Plant B,M-03,2.779873425564797,Changeover
2026-01-17,Plant B,M-04,6.8219600986924664,Mechanical Failure
2026-01-17,Plant B,M-04,7.379190324752584,Maintenance
2026-01-17,Plant B,M-04,5.8004394347401185,Mechanical Failure
2026-01-17,Plant B,M-05,3.390222950865857,Changeover
2026-01-17,Plant B,M-05,1.6633490393589452,Material Shortage
2026-01-17,Plant B,M-05,2.6660819399475275,Electrical Failure
2026-01-17,Plant C,M-01,3.4171841002737753,Electrical Failure
2026-01-17,Plant C,M-01,1.4569381966613864,Electrical Failure
2026-01-17,Plant C,M-01,0.8962006390458364,Operator Issue
2026-01-17,Plant C,M-02,1.7957145076082177,Changeover
2026-01-17,Plant C,M-02,0.9046914198181266,Maintenance
2026-01-17,Plant C,M-02,1.6665055408885656,Operator Issue
2026-01-17,Plant C,M-03,0.5019088106786138,Mechanical Failure
2026-01-17,Plant C,M-03,1.28695158869685,Electrical Failure
2026-01-17,Plant C,M-03,2.8931047646170627,Electrical Failure
2026-01-17,Plant C,M-04,1.7656352166856744,Maintenance
2026-01-17,Plant C,M-04,2.55771695682308,Changeover
2026-01-17,Plant C,M-04,0.3739752289038538,Material Shortage
2026-01-17,Plant C,M-05,2.5351479329437665,Operator Issue
2026-01-17,Plant C,M-05,1.8485095061754149,Mechanical Failure
2026-01-17,Plant C,M-05,0.4813855273185354,Electrical Failure
2026-01-18,Plant A,M-01,0.5442331882612111,Material Shortage
2026-01-18,Plant A,M-01,2.343534822297974,Maintenance
2026-01-18,Plant A,M-01,1.6679698858237473,Maintenance
2026-01-18,Plant A,M-02,2.9554134927537756,Changeover
2026-01-18,Plant A,M-02,1.0697198823393668,Material Shortage
2026-01-18,Plant A,M-02,0.9359324176613188,Maintenance
2026-01-18,Plant A,M-03,2.7339919999912476,Material Shortage
2026-01-18,Plant A,M-03,2.514947034835048,Material Shortage
2026-01-18,Plant A,M-03,1.5132691430564986,Operator Issue
2026-01-18,Plant A,M-04,2.4522887093834607,Changeover
2026-01-18,Plant A,M-04,2.1723517072274148,Changeover
2026-01-18,Plant A,M-04,2.413524583962018,Operator Issue
2026-01-18,Plant A,M-05,2.4164787622930657,Maintenance
2026-01-18,Plant A,M-05,2.98430501594385,Operator Issue
2026-01-18,Plant A,M-05,0.825163329452429,Mechanical Failure
2026-01-18,Plant B,M-01,2.090141913066921,Maintenance
2026-01-18,Plant B,M-01,2.2646447127067955,Changeover
2026-01-18,Plant B,M-01,0.6161634675394625,Mechanical Failure
2026-01-18,Plant B,M-02,1.284283088016571,Electrical Failure
2026-01-18,Plant B,M-02,2.9537122344251188,Material Shortage
2026-01-18,Plant B,M-02,0.31029778903716243,Maintenance
2026-01-18,Plant B,M-03,1.8314236764510015,Maintenance
2026-01-18,Plant B,M-03,0.9685011823009897,Mechanical Failure
2026-01-18,Plant B,M-03,3.2083886152379693,Mechanical Failure
2026-01-18,Plant B,M-04,4.674997753592918,Electrical Failure
2026-01-18,Plant B,M-04,4.753210099668426,Material Shortage
2026-01-18,Plant B,M-04,4.788731927872265,Mechanical Failure
2026-01-18,Plant B,M-05,1.4074676854387649,Material Shortage
2026-01-18,Plant B,M-05,0.7399334736563117,Operator Issue
2026-01-18,Plant B,M-05,0.6349625386590418,Maintenance
2026-01-18,Plant C,M-01,1.6194710159195267,Maintenance
2026-01-18,Plant C,M-01,0.7767782400872816,Material Shortage
2026-01-18,Plant C,M-01,0.7364519795736697,Operator Issue
2026-01-18,Plant C,M-02,2.268286050189693,Operator Issue
2026-01-18,Plant C,M-02,0.35244839456537513,Electrical Failure
2026-01-18,Plant C,M-02,0.8977231513964068,Changeover
2026-01-18,Plant C,M-03,3.4620185988064556,Electrical Failure
2026-01-18,Plant C,M-03,1.0966680763639929,Electrical Failure
2026-01-18,Plant C,M-03,2.5395820815084655,Maintenance
2026-01-18,Plant C,M-04,0.3868643393459415,Electrical Failure
2026-01-18,Plant C,M-04,2.2167670265971124,Mechanical Failure
2026-01-18,Plant C,M-04,1.964838238727935,Changeover
2026-01-18,Plant C,M-05,2.8849090841122744,Maintenance
2026-01-18,Plant C,M-05,0.5087460428107073,Electrical Failure
2026-01-18,Plant C,M-05,3.1105193319640048,Maintenance
2026-01-19,Plant A,M-01,2.7157920052336704,Electrical Failure
2026-01-19,Plant A,M-01,1.6608892164925382,Electrical Failure
2026-01-19,Plant A,M-01,0.42871565102637293,Material Shortage
2026-01-19,Plant A,M-02,0.8740463441901081,Changeover
2026-01-19,Plant A,M-02,2.0673108984552173,Electrical Failure
2026-01-19,Plant A,M-02,1.73098966940114,Operator Issue
2026-01-19,Plant A,M-03,3.285147053629878,Electrical Failure
2026-01-19,Plant A,M-03,0.9275525872979205,Electrical Failure
2026-01-19,Plant A,M-03,0.6132590845748642,Maintenance
2026-01-19,Plant A,M-04,3.382811142578719,Material Shortage
2026-01-19,Plant A,M-04,0.5315099139471958,Maintenance
2026-01-19,Plant A,M-04,2.9906189023605907,Material Shortage
2026-01-19,Plant A,M-05,3.3865124435569176,Electrical Failure
2026-01-19,Plant A,M-05,0.34803984017146616,Electrical Failure
2026-01-19,Plant A,M-05,0.5820081526128713,Material Shortage
2026-01-19,Plant B,M-01,1.3268490418078598,Material Shortage
2026-01-19,Plant B,M-01,1.154196103698698,Operator Issue
2026-01-19,Plant B,M-01,1.8586793815501363,Mechanical Failure
2026-01-19,Plant B,M-02,1.3275260936008986,Changeover
2026-01-19,Plant B,M-02,2.724991204542171,Mechanical Failure
2026-01-19,Plant B,M-02,0.9030165554827718,Operator Issue
2026-01-19,Plant B,M-03,2.852188391195098,Changeover
2026-01-19,Plant B,M-03,0.6371531659283576,Material Shortage
2026-01-19,Plant B,M-03,3.227898152167938,Material Shortage
2026-01-19,Plant B,M-04,7.843317668320754,Mechanical Failure
2026-01-19,Plant B,M-04,5.540424491959682,Mechanical Failure
2026-01-19,Plant B,M-04,7.035472537671799,Operator Issue
2026-01-19,Plant B,M-05,1.5008286321796962,Changeover
2026-01-19,Plant B,M-05,2.028819248315811,Maintenance
2026-01-19,Plant B,M-05,1.3023503097858666,Electrical Failure
2026-01-19,Plant C,M-01,1.7202202124614774,Electrical Failure
2026-01-19,Plant C,M-01,2.4187941311762415,Mechanical Failure
2026-01-19,Plant C,M-01,2.6123341521602943,Material Shortage
2026-01-19,Plant C,M-02,0.8764314683255057,Changeover
2026-01-19,Plant C,M-02,1.363346496291707,Electrical Failure
2026-01-19,Plant C,M-02,0.6077694084252013,Operator Issue
2026-01-19,Plant C,M-03,0.6198421268921355,Material Shortage
2026-01-19,Plant C,M-03,0.5632434085974887,Maintenance
2026-01-19,Plant C,M-03,0.5800140984294722,Changeover
2026-01-19,Plant C,M-04,0.5376961924624084,Electrical Failure
2026-01-19,Plant C,M-04,1.7553619205467255,Electrical Failure
2026-01-19,Plant C,M-04,2.2628021238655442,Material Shortage
2026-01-19,Plant C,M-05,0.8182444113784033,Maintenance
2026-01-19,Plant C,M-05,2.6087476136432097,Material Shortage
2026-01-19,Plant C,M-05,0.3845569554231447,Mechanical Failure
2026-01-20,Plant A,M-01,2.0532618754502407,Changeover
2026-01-20,Plant A,M-01,1.8470585717551014,Operator Issue
2026-01-20,Plant A,M-01,0.5053048499042117,Operator Issue
2026-01-20,Plant A,M-02,0.7143100706197634,Material Shortage
2026-01-20,Plant A,M-02,1.9216489445108302,Material Shortage
2026-01-20,Plant A,M-02,1.5274593651556887,Material Shortage
2026-01-20,Plant A,M-03,0.7062625118839905,Electrical Failure
2026-01-20,Plant A,M-03,1.4101822983595367,Material Shortage
2026-01-20,Plant A,M-03,1.827826730217248,Material Shortage
2026-01-20,Plant A,M-04,2.325902952765739,Maintenance
2026-01-20,Plant A,M-04,2.576367400599321,Maintenance
2026-01-20,Plant A,M-04,0.5814985150179903,Operator Issue
2026-01-20,Plant A,M-05,1.852892799435677,Maintenance
2026-01-20,Plant A,M-05,2.4138541271062897,Material Shortage
2026-01-20,Plant A,M-05,2.984145747894426,Changeover
2026-01-20,Plant B,M-01,1.6666551603159456,Electrical Failure
2026-01-20,Plant B,M-01,3.3406179410887726,Material Shortage
2026-01-20,Plant B,M-01,2.517117325149783,Operator Issue
2026-01-20,Plant B,M-02,1.4122237004150238,Material Shortage
2026-01-20,Plant B,M-02,2.603794208088146,Changeover
2026-01-20,Plant B,M-02,2.2397397863535997,Mechanical Failure
2026-01-20,Plant B,M-03,1.2408740911536553,Mechanical Failure
2026-01-20,Plant B,M-03,0.5115116704827352,Mechanical Failure
2026-01-20,Plant B,M-03,1.016627838069383,Material Shortage
2026-01-20,Plant B,M-04,6.791457581408578,Operator Issue
2026-01-20,Plant B,M-04,7.103489158176506,Operator Issue
2026-01-20,Plant B,M-04,7.624076284177453,Electrical Failure
2026-01-20,Plant B,M-05,3.222585376286807,Operator Issue
2026-01-20,Plant B,M-05,2.931113862452206,Maintenance
2026-01-20,Plant B,M-05,2.330466380074369,Operator Issue
2026-01-20,Plant C,M-01,0.49086940318961403,Maintenance
2026-01-20,Plant C,M-01,2.05274664717931,Changeover
2026-01-20,Plant C,M-01,3.0820916888767456,Maintenance
2026-01-20,Plant C,M-02,1.1875197835585294,Mechanical Failure
2026-01-20,Plant C,M-02,3.220873464840121,Operator Issue
2026-01-20,Plant C,M-02,1.06550526198945,Electrical Failure
2026-01-20,Plant C,M-03,1.8196739941845412,Operator Issue
2026-01-20,Plant C,M-03,0.6162542714533018,Maintenance
2026-01-20,Plant C,M-03,2.1929374640853503,Electrical Failure
2026-01-20,Plant C,M-04,0.8310990259512006,Electrical Failure
2026-01-20,Plant C,M-04,3.3290550722521224,Electrical Failure
2026-01-20,Plant C,M-04,3.3237752901685176,Operator Issue
2026-01-20,Plant C,M-05,2.252630323069636,Material Shortage
2026-01-20,Plant C,M-05,2.2544988128481798,Electrical Failure
2026-01-20,Plant C,M-05,2.1925160990441896,Operator Issue
2026-01-21,Plant A,M-01,3.1413359875013036,Changeover
2026-01-21,Plant A,M-01,0.23289847462391106,Material Shortage
2026-01-21,Plant A,M-01,0.37269842909218737,Changeover
2026-01-21,Plant A,M-02,3.4365118754832102,Material Shortage
2026-01-21,Plant A,M-02,3.4952506617325745,Changeover
2026-01-21,Plant A,M-02,0.9274450201456261,Maintenance
2026-01-21,Plant A,M-03,2.2572587134096733,Operator Issue
2026-01-21,Plant A,M-03,0.9942492460954218,Maintenance
2026-01-21,Plant A,M-03,0.22803540940379138,Operator Issue
2026-01-21,Plant A,M-04,1.2676312253322248,Operator Issue
2026-01-21,Plant A,M-04,2.0483827439308495,Material Shortage
2026-01-21,Plant A,M-04,3.416740483287363,Material Shortage
2026-01-21,Plant A,M-05,3.3082884379593867,Operator Issue
2026-01-21,Plant A,M-05,1.0246291012219704,Operator Issue
2026-01-21,Plant A,M-05,1.4880750715631301,Changeover
2026-01-21,Plant B,M-01,1.9268446226908242,Maintenance
2026-01-21,Plant B,M-01,0.8446845708004076,Mechanical Failure
2026-01-21,Plant B,M-01,1.59491847943967,Operator Issue
2026-01-21,Plant B,M-02,2.900590116604215,Electrical Failure
2026-01-21,Plant B,M-02,2.012777005113849,Mechanical Failure
2026-01-21,Plant B,M-02,1.6843531693246145,Maintenance
2026-01-21,Plant B,M-03,2.590474974793547,Mechanical Failure
2026-01-21,Plant B,M-03,1.2580456916157483,Electrical Failure
2026-01-21,Plant B,M-03,2.0470675385634345,Maintenance
2026-01-21,Plant B,M-04,4.2913811901807986,Mechanical Failure
2026-01-21,Plant B,M-04,7.3225430587443565,Electrical Failure
2026-01-21,Plant B,M-04,5.044113566143393,Mechanical Failure
2026-01-21,Plant B,M-05,2.8074335332961575,Electrical Failure
2026-01-21,Plant B,M-05,1.3842666802797339,Material Shortage
2026-01-21,Plant B,M-05,2.834998001670404,Maintenance
2026-01-21,Plant C,M-01,0.9658593069583445,Mechanical Failure
2026-01-21,Plant C,M-01,2.7484829375637694,Maintenance
2026-01-21,Plant C,M-01,1.3132849585790227,Mechanical Failure
2026-01-21,Plant C,M-02,2.539037574190308,Changeover
2026-01-21,Plant C,M-02,0.5737033904114055,Mechanical Failure
2026-01-21,Plant C,M-02,2.5922729518147434,Mechanical Failure
2026-01-21,Plant C,M-03,0.7794132661942337,Changeover
2026-01-21,Plant C,M-03,1.1411157668331577,Changeover
2026-01-21,Plant C,M-03,1.0721891841533913,Operator Issue
2026-01-21,Plant C,M-04,0.24957438853586877,Electrical Failure
2026-01-21,Plant C,M-04,2.1763142126991464,Electrical Failure
2026-01-21,Plant C,M-04,2.925431147208488,Mechanical Failure
2026-01-21,Plant C,M-05,3.3733177594396744,Changeover
2026-01-21,Plant C,M-05,1.629728076619792,Mechanical Failure
2026-01-21,Plant C,M-05,2.75418378807023,Material Shortage
2026-01-22,Plant A,M-01,2.871110711927289,Electrical Failure
2026-01-22,Plant A,M-01,2.8766450688075498,Changeover
2026-01-22,Plant A,M-01,3.2311210504623,Electrical Failure
2026-01-22,Plant A,M-02,1.1531700677757946,Electrical Failure
2026-01-22,Plant A,M-02,1.5737402641963705,Changeover
2026-01-22,Plant A,M-02,2.7782591364387845,Operator Issue
2026-01-22,Plant A,M-03,3.19971844315782,Electrical Failure
2026-01-22,Plant A,M-03,0.7928490192526283,Changeover
2026-01-22,Plant A,M-03,1.6344378894443516,Operator Issue
2026-01-22,Plant A,M-04,0.879428125529778,Maintenance
2026-01-22,Plant A,M-04,1.8829507617345405,Maintenance
2026-01-22,Plant A,M-04,1.7952273805259136,Electrical Failure
2026-01-22,Plant A,M-05,0.3246888717657429,Maintenance
2026-01-22,Plant A,M-05,2.8438414216780235,Material Shortage
2026-01-22,Plant A,M-05,2.88019263806608,Maintenance
2026-01-22,Plant B,M-01,0.3305397716566234,Electrical Failure
2026-01-22,Plant B,M-01,0.6248896433145831,Changeover
2026-01-22,Plant B,M-01,2.6987240949504994,Material Shortage
2026-01-22,Plant B,M-02,0.954613479569191,Electrical Failure
2026-01-22,Plant B,M-02,1.7448684081734278,Mechanical Failure
2026-01-22,Plant B,M-02,1.519074518215611,Electrical Failure
2026-01-22,Plant B,M-03,1.3951992892207001,Operator Issue
2026-01-22,Plant B,M-03,1.1652995671254025,Operator Issue
2026-01-22,Plant B,M-03,0.8406249424717083,Changeover
2026-01-22,Plant B,M-04,7.208812035343426,Maintenance
2026-01-22,Plant B,M-04,7.64630754905221,Mechanical Failure
2026-01-22,Plant B,M-04,5.50724251109685,Mechanical Failure
2026-01-22,Plant B,M-05,2.859489280360356,Changeover
2026-01-22,Plant B,M-05,3.150801123434685,Material Shortage
2026-01-22,Plant B,M-05,2.192550160184386,Mechanical Failure
2026-01-22,Plant C,M-01,1.6709084089794681,Electrical Failure
2026-01-22,Plant C,M-01,2.7871071066684454,Operator Issue
2026-01-22,Plant C,M-01,0.877117571585863,Changeover
2026-01-22,Plant C,M-02,1.7297196790215696,Electrical Failure
2026-01-22,Plant C,M-02,2.4344094897860264,Maintenance
2026-01-22,Plant C,M-02,1.921752645110018,Material Shortage
2026-01-22,Plant C,M-03,2.6363751845784154,Material Shortage
2026-01-22,Plant C,M-03,0.26058266719743906,Mechanical Failure
2026-01-22,Plant C,M-03,0.6194386254434433,Changeover
2026-01-22,Plant C,M-04,3.136171667974754,Electrical Failure
2026-01-22,Plant C,M-04,2.589164241977782,Maintenance
2026-01-22,Plant C,M-04,3.1966761672975195,Material Shortage
2026-01-22,Plant C,M-05,2.1269575793525464,Mechanical Failure
2026-01-22,Plant C,M-05,2.6827060873270203,Operator Issue
2026-01-22,Plant C,M-05,2.407876600545928,Maintenance
2026-01-23,Plant A,M-01,3.28085737421413,Changeover
2026-01-23,Plant A,M-01,0.9895542470798309,Electrical Failure
2026-01-23,Plant A,M-01,1.7239613891546615,Electrical Failure
2026-01-23,Plant A,M-02,2.216377258088351,Maintenance
2026-01-23,Plant A,M-02,2.898907189268947,Electrical Failure
2026-01-23,Plant A,M-02,1.854756863203105,Material Shortage
2026-01-23,Plant A,M-03,1.7773984986792275,Operator Issue
2026-01-23,Plant A,M-03,1.8662782534950202,Maintenance
2026-01-23,Plant A,M-03,3.277065128645258,Electrical Failure
2026-01-23,Plant A,M-04,1.819291341559047,Maintenance
2026-01-23,Plant A,M-04,1.0817926551040444,Maintenance
2026-01-23,Plant A,M-04,3.322049539627143,Maintenance
2026-01-23,Plant A,M-05,3.0329518335742676,Maintenance
2026-01-23,Plant A,M-05,1.9947971398316877,Material Shortage
2026-01-23,Plant A,M-05,2.6871457012918682,Changeover
2026-01-23,Plant B,M-01,2.880965070158872,Mechanical Failure
2026-01-23,Plant B,M-01,1.5033191138708248,Operator Issue
2026-01-23,Plant B,M-01,0.8319157291967942,Operator Issue
2026-01-23,Plant B,M-02,0.6068369605929622,Changeover
2026-01-23,Plant B,M-02,0.3768026467044462,Mechanical Failure
2026-01-23,Plant B,M-02,3.2613259869484135,Operator Issue
2026-01-23,Plant B,M-03,3.1561164805525297,Maintenance
2026-01-23,Plant B,M-03,1.1666531712303054,Electrical Failure
2026-01-23,Plant B,M-03,0.6998101539213678,Mechanical Failure
2026-01-23,Plant B,M-04,7.957398056168157,Operator Issue
2026-01-23,Plant B,M-04,4.831374885678596,Maintenance
2026-01-23,Plant B,M-04,6.304637319303865,Changeover
2026-01-23,Plant B,M-05,0.6056422039966101,Changeover
2026-01-23,Plant B,M-05,0.33926154631828487,Material Shortage
2026-01-23,Plant B,M-05,2.5297683297745786,Material Shortage
2026-01-23,Plant C,M-01,1.7844453008066314,Changeover
2026-01-23,Plant C,M-01,1.1835899869228714,Changeover
2026-01-23,Plant C,M-01,1.5291922623534333,Operator Issue
2026-01-23,Plant C,M-02,1.2738803262526057,Maintenance
2026-01-23,Plant C,M-02,2.873855130707047,Maintenance
2026-01-23,Plant C,M-02,1.1945929260289854,Material Shortage
2026-01-23,Plant C,M-03,0.9154871105660574,Changeover
2026-01-23,Plant C,M-03,1.9932393122542713,Changeover
2026-01-23,Plant C,M-03,1.4882422719549477,Mechanical Failure
2026-01-23,Plant C,M-04,2.519872696284504,Changeover
2026-01-23,Plant C,M-04,1.917505104059964,Mechanical Failure
2026-01-23,Plant C,M-04,2.536227828113924,Material Shortage
2026-01-23,Plant C,M-05,1.6425887466486142,Material Shortage
2026-01-23,Plant C,M-05,3.487779454009245,Mechanical Failure
2026-01-23,Plant C,M-05,3.0659712989691394,Mechanical Failure
2026-01-24,Plant A,M-01,1.5142257750492623,Electrical Failure
2026-01-24,Plant A,M-01,0.5138090374454073,Changeover
2026-01-24,Plant A,M-01,3.372678006893692,Material Shortage
2026-01-24,Plant A,M-02,0.7618552020139386,Mechanical Failure
2026-01-24,Plant A,M-02,2.9485488631278574,Changeover
2026-01-24,Plant A,M-02,1.0369315712072618,Changeover
2026-01-24,Plant A,M-03,1.8114218213252886,Electrical Failure
2026-01-24,Plant A,M-03,2.579825585105795,Electrical Failure
2026-01-24,Plant A,M-03,2.958587117054476,Mechanical Failure
2026-01-24,Plant A,M-04,1.5353573474402153,Electrical Failure
2026-01-24,Plant A,M-04,2.9378245576646638,Maintenance
2026-01-24,Plant A,M-04,1.0422670333361352,Electrical Failure
2026-01-24,Plant A,M-05,2.5780337591902596,Material Shortage
2026-01-24,Plant A,M-05,2.6194049762517317,Mechanical Failure
2026-01-24,Plant A,M-05,2.1166295385164697,Maintenance
2026-01-24,Plant B,M-01,0.20423860423844467,Electrical Failure
2026-01-24,Plant B,M-01,3.315186492145018,Electrical Failure
2026-01-24,Plant B,M-01,1.4352097782408713,Maintenance
2026-01-24,Plant B,M-02,1.2565978525138473,Operator Issue
2026-01-24,Plant B,M-02,3.131090337606692,Changeover
2026-01-24,Plant B,M-02,0.8253174814686939,Material Shortage
2026-01-24,Plant B,M-03,2.3470015267319413,Maintenance
2026-01-24,Plant B,M-03,3.4458710891379547,Operator Issue
2026-01-24,Plant B,M-03,3.1501098058006165,Changeover
2026-01-24,Plant B,M-04,5.934088269459886,Material Shortage
2026-01-24,Plant B,M-04,7.247636459839619,Maintenance
2026-01-24,Plant B,M-04,6.001433441537561,Mechanical Failure
2026-01-24,Plant B,M-05,2.724100139291947,Electrical Failure
2026-01-24,Plant B,M-05,0.37633418789035666,Material Shortage
2026-01-24,Plant B,M-05,2.7346949487815997,Mechanical Failure
2026-01-24,Plant C,M-01,2.15684966759313,Mechanical Failure
2026-01-24,Plant C,M-01,2.547177221544495,Material Shortage
2026-01-24,Plant C,M-01,1.7824134824674673,Mechanical Failure
2026-01-24,Plant C,M-02,1.6760007949185025,Changeover
2026-01-24,Plant C,M-02,0.5617997323661152,Electrical Failure
2026-01-24,Plant C,M-02,3.281140390238686,Mechanical Failure
2026-01-24,Plant C,M-03,3.2182342999001317,Material Shortage
2026-01-24,Plant C,M-03,2.6286467497000876,Mechanical Failure
2026-01-24,Plant C,M-03,0.6244593994493337,Material Shortage
2026-01-24,Plant C,M-04,2.6696383231130025,Changeover
2026-01-24,Plant C,M-04,2.2615122090418063,Maintenance
2026-01-24,Plant C,M-04,2.53892658674066,Electrical Failure
2026-01-24,Plant C,M-05,1.9101204415985604,Material Shortage
2026-01-24,Plant C,M-05,1.3283838287965977,Maintenance
2026-01-24,Plant C,M-05,3.2820394173229706,Material Shortage
2026-01-25,Plant A,M-01,1.0888870121896745,Material Shortage
2026-01-25,Plant A,M-01,1.871306044220496,Electrical Failure
2026-01-25,Plant A,M-01,1.6239767954972197,Mechanical Failure
2026-01-25,Plant A,M-02,1.985254577242676,Operator Issue
2026-01-25,Plant A,M-02,1.3086223061504816,Operator Issue
2026-01-25,Plant A,M-02,3.1893056339260255,Operator Issue
2026-01-25,Plant A,M-03,0.4218940923717208,Maintenance
2026-01-25,Plant A,M-03,0.5905953519092835,Material Shortage
2026-01-25,Plant A,M-03,1.5547251883597117,Electrical Failure
2026-01-25,Plant A,M-04,1.2440388443793533,Electrical Failure
2026-01-25,Plant A,M-04,2.1790245642467307,Mechanical Failure
2026-01-25,Plant A,M-04,1.477265039385127,Material Shortage
2026-01-25,Plant A,M-05,1.8915268803372844,Maintenance
2026-01-25,Plant A,M-05,2.9242517170442732,Maintenance
2026-01-25,Plant A,M-05,2.5299917783055017,Electrical Failure
2026-01-25,Plant B,M-01,0.34568035488860305,Mechanical Failure
2026-01-25,Plant B,M-01,1.5626069256444035,Changeover
2026-01-25,Plant B,M-01,2.5498375744181705,Material Shortage
2026-01-25,Plant B,M-02,0.5491411860996617,Material Shortage
2026-01-25,Plant B,M-02,1.3595505903017584,Electrical Failure
2026-01-25,Plant B,M-02,0.6648663930378423,Changeover
2026-01-25,Plant B,M-03,0.38853797383298894,Electrical Failure
2026-01-25,Plant B,M-03,2.718915130200295,Changeover
2026-01-25,Plant B,M-03,3.189302986997709,Changeover
2026-01-25,Plant B,M-04,5.082087120687387,Mechanical Failure
2026-01-25,Plant B,M-04,7.355884386696272,Maintenance
2026-01-25,Plant B,M-04,6.434332618559633,Mechanical Failure
2026-01-25,Plant B,M-05,1.20153756490375,Mechanical Failure
2026-01-25,Plant B,M-05,2.9095585945941953,Operator Issue
2026-01-25,Plant B,M-05,2.4343432517728782,Electrical Failure
2026-01-25,Plant C,M-01,0.8804503615421675,Mechanical Failure
2026-01-25,Plant C,M-01,0.9511873682039949,Operator Issue
2026-01-25,Plant C,M-01,0.5606221697149277,Operator Issue
2026-01-25,Plant C,M-02,1.085310867496737,Maintenance
2026-01-25,Plant C,M-02,3.071649078624399,Material Shortage
2026-01-25,Plant C,M-02,0.804554208917895,Operator Issue
2026-01-25,Plant C,M-03,3.330558466979869,Mechanical Failure
2026-01-25,Plant C,M-03,2.5609394708125834,Mechanical Failure
2026-01-25,Plant C,M-03,3.272385776817723,Electrical Failure
2026-01-25,Plant C,M-04,1.572055234819194,Material Shortage
2026-01-25,Plant C,M-04,2.0513225601692384,Electrical Failure
2026-01-25,Plant C,M-04,2.8935519111472408,Operator Issue
2026-01-25,Plant C,M-05,0.8551914342650655,Operator Issue
2026-01-25,Plant C,M-05,1.5471838138427856,Mechanical Failure
2026-01-25,Plant C,M-05,1.1569583957256682,Mechanical Failure
2026-01-26,Plant A,M-01,2.9683300671150556,Electrical Failure
2026-01-26,Plant A,M-01,1.432898676462395,Mechanical Failure
2026-01-26,Plant A,M-01,2.5216435225990503,Operator Issue
2026-01-26,Plant A,M-02,1.2079281280899736,Electrical Failure
2026-01-26,Plant A,M-02,1.8485107142450379,Operator Issue
2026-01-26,Plant A,M-02,0.61796438039574,Operator Issue
2026-01-26,Plant A,M-03,0.8428195487249583,Electrical Failure
2026-01-26,Plant A,M-03,1.1509020480654302,Changeover
2026-01-26,Plant A,M-03,1.503467892811807,Operator Issue
2026-01-26,Plant A,M-04,2.4736999504622754,Mechanical Failure
2026-01-26,Plant A,M-04,0.7202813884297963,Changeover
2026-01-26,Plant A,M-04,2.0573397828081896,Electrical Failure
2026-01-26,Plant A,M-05,1.3281564858157562,Mechanical Failure
2026-01-26,Plant A,M-05,1.9329648108397777,Changeover
2026-01-26,Plant A,M-05,3.200466842322955,Operator Issue
2026-01-26,Plant B,M-01,0.28060871370408963,Changeover
2026-01-26,Plant B,M-01,2.8098039361894913,Operator Issue
2026-01-26,Plant B,M-01,3.0375198181059018,Changeover
2026-01-26,Plant B,M-02,0.2725555227297679,Electrical Failure
2026-01-26,Plant B,M-02,0.40698316566771403,Changeover
2026-01-26,Plant B,M-02,1.594071107101901,Mechanical Failure
2026-01-26,Plant B,M-03,2.8742025192061424,Changeover
2026-01-26,Plant B,M-03,0.8248908901131471,Material Shortage
2026-01-26,Plant B,M-03,0.8856430771511035,Operator Issue
2026-01-26,Plant B,M-04,4.7145155070171985,Mechanical Failure
2026-01-26,Plant B,M-04,4.116682674296298,Changeover
2026-01-26,Plant B,M-04,4.52372500850711,Mechanical Failure
2026-01-26,Plant B,M-05,0.615604115456752,Operator Issue
2026-01-26,Plant B,M-05,2.0687772742894883,Material Shortage
2026-01-26,Plant B,M-05,2.790737143159592,Electrical Failure
2026-01-26,Plant C,M-01,3.0775508176083584,Changeover
2026-01-26,Plant C,M-01,2.0097230912483086,Changeover
2026-01-26,Plant C,M-01,2.982899788302132,Operator Issue
2026-01-26,Plant C,M-02,3.393945758838603,Changeover
2026-01-26,Plant C,M-02,1.7471025614502962,Maintenance
2026-01-26,Plant C,M-02,1.2691316065433285,Material Shortage
2026-01-26,Plant C,M-03,2.1998495081821625,Maintenance
2026-01-26,Plant C,M-03,2.146105819052337,Changeover
2026-01-26,Plant C,M-03,0.21227488069959533,Material Shortage
2026-01-26,Plant C,M-04,1.355898823208781,Mechanical Failure
2026-01-26,Plant C,M-04,0.9526039957700656,Maintenance
2026-01-26,Plant C,M-04,0.20521208955710918,Changeover
2026-01-26,Plant C,M-05,1.565955991573543,Changeover
2026-01-26,Plant C,M-05,2.1393774209474024,Mechanical Failure
2026-01-26,Plant C,M-05,0.6673174570390676,Maintenance
2026-01-27,Plant A,M-01,2.4624901195980855,Changeover
2026-01-27,Plant A,M-01,1.1732727481527523,Mechanical Failure
2026-01-27,Plant A,M-01,3.1957923306654346,Electrical Failure
2026-01-27,Plant A,M-02,1.0181770843591638,Material Shortage
2026-01-27,Plant A,M-02,0.7980195439249369,Changeover
2026-01-27,Plant A,M-02,1.6076008054132505,Mechanical Failure
2026-01-27,Plant A,M-03,0.7061039304719605,Changeover
2026-01-27,Plant A,M-03,1.2537457040705342,Mechanical Failure
2026-01-27,Plant A,M-03,1.8141423046624936,Electrical Failure
2026-01-27,Plant A,M-04,2.4441519860350907,Changeover
2026-01-27,Plant A,M-04,0.7021761862103291,Material Shortage
2026-01-27,Plant A,M-04,1.5135809742404942,Material Shortage
2026-01-27,Plant A,M-05,3.398892108486061,Operator Issue
2026-01-27,Plant A,M-05,1.151068889705128,Mechanical Failure
2026-01-27,Plant A,M-05,3.110120842708253,Changeover
2026-01-27,Plant B,M-01,1.6651611073286998,Electrical Failure
2026-01-27,Plant B,M-01,1.2850459551088969,Electrical Failure
2026-01-27,Plant B,M-01,1.7520693581927809,Mechanical Failure
2026-01-27,Plant B,M-02,0.6786080213746319,Changeover
2026-01-27,Plant B,M-02,1.9177177610169978,Electrical Failure
2026-01-27,Plant B,M-02,3.1020100779094184,Mechanical Failure
2026-01-27,Plant B,M-03,3.477440338480479,Operator Issue
2026-01-27,Plant B,M-03,1.8878874544016646,Electrical Failure
2026-01-27,Plant B,M-03,3.0457052242511145,Maintenance
2026-01-27,Plant B,M-04,6.1701914492025836,Operator Issue
2026-01-27,Plant B,M-04,5.514569533616376,Electrical Failure
2026-01-27,Plant B,M-04,4.364549356358829,Mechanical Failure
2026-01-27,Plant B,M-05,1.6814086845562073,Electrical Failure
2026-01-27,Plant B,M-05,0.22705445973217525,Maintenance
2026-01-27,Plant B,M-05,0.9067816340406365,Electrical Failure
2026-01-27,Plant C,M-01,0.2304972417381974,Operator Issue
2026-01-27,Plant C,M-01,0.9357350282405867,Material Shortage
2026-01-27,Plant C,M-01,1.9124933020736976,Material Shortage
2026-01-27,Plant C,M-02,2.2707703088658286,Mechanical Failure
2026-01-27,Plant C,M-02,1.8606233837037747,Material Shortage
2026-01-27,Plant C,M-02,2.9936518608722413,Material Shortage
2026-01-27,Plant C,M-03,1.2337274436131123,Material Shortage
2026-01-27,Plant C,M-03,0.9053428648017023,Maintenance
2026-01-27,Plant C,M-03,1.1295418697659323,Changeover
2026-01-27,Plant C,M-04,0.9697305811790935,Material Shortage
2026-01-27,Plant C,M-04,0.6077892189783186,Operator Issue
2026-01-27,Plant C,M-04,0.9606329632600188,Mechanical Failure
2026-01-27,Plant C,M-05,2.8598386446119988,Changeover
2026-01-27,Plant C,M-05,0.7615037157769058,Maintenance
2026-01-27,Plant C,M-05,1.3192429573326112,Electrical Failure
2026-01-28,Plant A,M-01,1.638299586394907,Changeover
2026-01-28,Plant A,M-01,1.3270360488905004,Material Shortage
2026-01-28,Plant A,M-01,1.7959097222804987,Changeover
2026-01-28,Plant A,M-02,3.4736526990095578,Changeover
2026-01-28,Plant A,M-02,1.5264413512302244,Operator Issue
2026-01-28,Plant A,M-02,1.3788984949614493,Operator Issue
2026-01-28,Plant A,M-03,1.1960543809465538,Changeover
2026-01-28,Plant A,M-03,0.4031370360799976,Changeover
2026-01-28,Plant A,M-03,2.092548630286213,Operator Issue
2026-01-28,Plant A,M-04,0.8118589988296749,Changeover
2026-01-28,Plant A,M-04,3.482045164012141,Material Shortage
2026-01-28,Plant A,M-04,2.9573638352850757,Changeover
2026-01-28,Plant A,M-05,1.3557808272793532,Changeover
2026-01-28,Plant A,M-05,0.5712636396857019,Changeover
2026-01-28,Plant A,M-05,3.216716323456554,Material Shortage
2026-01-28,Plant B,M-01,1.2262109705640099,Material Shortage
2026-01-28,Plant B,M-01,2.1093316503567343,Material Shortage
2026-01-28,Plant B,M-01,2.6929429993014176,Material Shortage
2026-01-28,Plant B,M-02,2.76392308169532,Electrical Failure
2026-01-28,Plant B,M-02,3.416438755663483,Mechanical Failure
2026-01-28,Plant B,M-02,2.5809142713345192,Operator Issue
2026-01-28,Plant B,M-03,1.5888949241525803,Electrical Failure
2026-01-28,Plant B,M-03,1.4845791094698593,Material Shortage
2026-01-28,Plant B,M-03,1.2013956142837003,Operator Issue
2026-01-28,Plant B,M-04,7.500483969529977,Electrical Failure
2026-01-28,Plant B,M-04,4.768134609445985,Material Shortage
2026-01-28,Plant B,M-04,4.267001019403027,Electrical Failure
2026-01-28,Plant B,M-05,2.0292645736760626,Material Shortage
2026-01-28,Plant B,M-05,2.21928347973217,Operator Issue
2026-01-28,Plant B,M-05,1.713571266324822,Material Shortage
2026-01-28,Plant C,M-01,3.4264522823241497,Electrical Failure
2026-01-28,Plant C,M-01,2.476015419803257,Mechanical Failure
2026-01-28,Plant C,M-01,3.2607617192786993,Maintenance
2026-01-28,Plant C,M-02,2.235495718439398,Maintenance
2026-01-28,Plant C,M-02,3.079494263682227,Operator Issue
2026-01-28,Plant C,M-02,2.543692499443674,Changeover
2026-01-28,Plant C,M-03,2.2925034187634687,Operator Issue
2026-01-28,Plant C,M-03,1.7052197895238896,Material Shortage
2026-01-28,Plant C,M-03,2.9712235893273897,Mechanical Failure
2026-01-28,Plant C,M-04,0.8638707914758725,Material Shortage
2026-01-28,Plant C,M-04,1.1111914870634119,Maintenance
2026-01-28,Plant C,M-04,1.5954657498949871,Material Shortage
2026-01-28,Plant C,M-05,1.31530093149358,Electrical Failure
2026-01-28,Plant C,M-05,2.2625883997740854,Changeover
2026-01-28,Plant C,M-05,1.1534921549700228,Operator Issue
2026-01-29,Plant A,M-01,1.2702350907894158,Mechanical Failure
2026-01-29,Plant A,M-01,1.076511210299169,Material Shortage
2026-01-29,Plant A,M-01,1.7696616020522264,Changeover
2026-01-29,Plant A,M-02,2.130476020899212,Material Shortage
2026-01-29,Plant A,M-02,2.441515104370106,Electrical Failure
2026-01-29,Plant A,M-02,0.8546293814974144,Electrical Failure
2026-01-29,Plant A,M-03,0.40780564882121145,Electrical Failure
2026-01-29,Plant A,M-03,2.3651667965779515,Mechanical Failure
2026-01-29,Plant A,M-03,3.279924255149518,Electrical Failure
2026-01-29,Plant A,M-04,1.1425677789558042,Changeover
2026-01-29,Plant A,M-04,2.184486704018569,Changeover
2026-01-29,Plant A,M-04,0.7979417162483027,Mechanical Failure
2026-01-29,Plant A,M-05,3.3479386526941832,Material Shortage
2026-01-29,Plant A,M-05,0.45107959832617395,Operator Issue
2026-01-29,Plant A,M-05,2.0310608260972183,Maintenance
2026-01-29,Plant B,M-01,0.5070002366449557,Mechanical Failure
2026-01-29,Plant B,M-01,1.85477648547752,Mechanical Failure
2026-01-29,Plant B,M-01,1.6985187581458707,Maintenance
2026-01-29,Plant B,M-02,2.4768823785169958,Operator Issue
2026-01-29,Plant B,M-02,1.685875138538906,Mechanical Failure
2026-01-29,Plant B,M-02,2.74368792149226,Mechanical Failure
2026-01-29,Plant B,M-03,1.6343691495685777,Mechanical Failure
2026-01-29,Plant B,M-03,0.6818557884539571,Operator Issue
2026-01-29,Plant B,M-03,1.9859205843281802,Operator Issue
2026-01-29,Plant B,M-04,7.263282093051867,Electrical Failure
2026-01-29,Plant B,M-04,7.876150505210213,Electrical Failure
2026-01-29,Plant B,M-04,7.205667243634508,Electrical Failure
2026-01-29,Plant B,M-05,0.6585676873214235,Material Shortage
2026-01-29,Plant B,M-05,1.347079387713548,Changeover
2026-01-29,Plant B,M-05,2.5937856854840478,Operator Issue
2026-01-29,Plant C,M-01,0.4452941194891413,Operator Issue
2026-01-29,Plant C,M-01,1.9493813646165403,Changeover
2026-01-29,Plant C,M-01,1.2249832056045875,Mechanical Failure
2026-01-29,Plant C,M-02,3.1035117585277625,Operator Issue
2026-01-29,Plant C,M-02,3.092189113894826,Electrical Failure
2026-01-29,Plant C,M-02,1.583522522752587,Material Shortage
2026-01-29,Plant C,M-03,1.009505566294968,Electrical Failure
2026-01-29,Plant C,M-03,2.4945525337604693,Electrical Failure
2026-01-29,Plant C,M-03,3.45527749588823,Maintenance
2026-01-29,Plant C,M-04,2.114127010073044,Mechanical Failure
2026-01-29,Plant C,M-04,0.2305333240384778,Electrical Failure
2026-01-29,Plant C,M-04,0.7515432390687138,Operator Issue
2026-01-29,Plant C,M-05,2.5156549924181144,Changeover
2026-01-29,Plant C,M-05,2.9526139297159113,Electrical Failure
2026-01-29,Plant C,M-05,2.764713501150712,Electrical Failure
2026-01-30,Plant A,M-01,2.383455561541928,Changeover
2026-01-30,Plant A,M-01,0.690619460197401,Operator Issue
2026-01-30,Plant A,M-01,2.5630080762845417,Material Shortage
2026-01-30,Plant A,M-02,1.6452810810764757,Changeover
2026-01-30,Plant A,M-02,2.383909355587919,Material Shortage
2026-01-30,Plant A,M-02,3.2551022133320755,Operator Issue
2026-01-30,Plant A,M-03,3.23003742292362,Maintenance
2026-01-30,Plant A,M-03,2.4142850217300427,Material Shortage
2026-01-30,Plant A,M-03,2.335331548654284,Operator Issue
2026-01-30,Plant A,M-04,1.9049920574847852,Changeover
2026-01-30,Plant A,M-04,0.33005146645828676,Material Shortage
2026-01-30,Plant A,M-04,2.91430874659455,Electrical Failure
2026-01-30,Plant A,M-05,2.214299759925377,Maintenance
2026-01-30,Plant A,M-05,3.430467835156068,Electrical Failure
2026-01-30,Plant A,M-05,1.580665014453796,Mechanical Failure
2026-01-30,Plant B,M-01,0.8162188805213242,Electrical Failure
2026-01-30,Plant B,M-01,2.928781695288996,Mechanical Failure
2026-01-30,Plant B,M-01,2.3294165925677577,Changeover
2026-01-30,Plant B,M-02,2.1211964292773113,Operator Issue
2026-01-30,Plant B,M-02,3.1402847363260737,Maintenance
2026-01-30,Plant B,M-02,1.3630386070376974,Mechanical Failure
2026-01-30,Plant B,M-03,1.5378330708080494,Maintenance
2026-01-30,Plant B,M-03,1.6716261075578935,Electrical Failure
2026-01-30,Plant B,M-03,1.842596659902758,Mechanical Failure
2026-01-30,Plant B,M-04,5.960887898614963,Changeover
2026-01-30,Plant B,M-04,6.798852308617349,Maintenance
2026-01-30,Plant B,M-04,7.671389691281409,Electrical Failure
2026-01-30,Plant B,M-05,3.4819349696640103,Electrical Failure
2026-01-30,Plant B,M-05,3.230251954206311,Electrical Failure
2026-01-30,Plant B,M-05,0.6361338658325781,Mechanical Failure
2026-01-30,Plant C,M-01,1.887283480422612,Electrical Failure
2026-01-30,Plant C,M-01,0.8453831354350261,Electrical Failure
2026-01-30,Plant C,M-01,0.3857074607670945,Mechanical Failure
2026-01-30,Plant C,M-02,1.4802421565611434,Material Shortage
2026-01-30,Plant C,M-02,1.877428591113092,Mechanical Failure
2026-01-30,Plant C,M-02,1.1835403252114745,Electrical Failure
2026-01-30,Plant C,M-03,1.9258389998492473,Mechanical Failure
2026-01-30,Plant C,M-03,2.561597316840616,Operator Issue
2026-01-30,Plant C,M-03,0.9190847503907702,Electrical Failure
2026-01-30,Plant C,M-04,1.097140398195522,Changeover
2026-01-30,Plant C,M-04,3.388387481953971,Mechanical Failure
2026-01-30,Plant C,M-04,1.0853312452803099,Maintenance
2026-01-30,Plant C,M-05,1.2288662344565724,Operator Issue
2026-01-30,Plant C,M-05,1.075720119297135,Changeover
2026-01-30,Plant C,M-05,1.3269734652573437,Maintenance
2026-01-31,Plant A,M-01,3.472521074344538,Mechanical Failure
2026-01-31,Plant A,M-01,0.9080365203890073,Operator Issue
2026-01-31,Plant A,M-01,1.3180438607594727,Electrical Failure
2026-01-31,Plant A,M-02,0.5516462855436344,Mechanical Failure
2026-01-31,Plant A,M-02,2.7357197655309737,Mechanical Failure
2026-01-31,Plant A,M-02,1.0730027445459376,Operator Issue
2026-01-31,Plant A,M-03,0.6482470137637768,Mechanical Failure
2026-01-31,Plant A,M-03,3.4550611663753443,Material Shortage
2026-01-31,Plant A,M-03,3.3584534168001694,Material Shortage
2026-01-31,Plant A,M-04,3.0474465045266323,Maintenance
2026-01-31,Plant A,M-04,1.5134212437625896,Operator Issue
2026-01-31,Plant A,M-04,1.008346577607655,Maintenance
2026-01-31,Plant A,M-05,0.5808195323267331,Maintenance
2026-01-31,Plant A,M-05,1.9409602804774582,Operator Issue
2026-01-31,Plant A,M-05,2.049779862975344,Mechanical Failure
2026-01-31,Plant B,M-01,2.603674414132417,Changeover
2026-01-31,Plant B,M-01,0.8773974046525457,Material Shortage
2026-01-31,Plant B,M-01,2.623535320392715,Electrical Failure
2026-01-31,Plant B,M-02,1.4208156357797441,Changeover
2026-01-31,Plant B,M-02,2.6693135068394387,Changeover
2026-01-31,Plant B,M-02,0.3372666556463494,Changeover
2026-01-31,Plant B,M-03,3.2038968451380345,Operator Issue
2026-01-31,Plant B,M-03,2.6889633670535105,Material Shortage
2026-01-31,Plant B,M-03,1.1168485685633591,Mechanical Failure
2026-01-31,Plant B,M-04,5.7800747349014205,Electrical Failure
2026-01-31,Plant B,M-04,7.754342383114021,Mechanical Failure
2026-01-31,Plant B,M-04,5.079184231569457,Maintenance
2026-01-31,Plant B,M-05,1.3532645944576642,Changeover
2026-01-31,Plant B,M-05,2.0832758832035982,Material Shortage
2026-01-31,Plant B,M-05,1.2023191939921996,Electrical Failure
2026-01-31,Plant C,M-01,2.9817362875834723,Maintenance
2026-01-31,Plant C,M-01,3.202418014745799,Maintenance
2026-01-31,Plant C,M-01,1.6862646030287263,Material Shortage
2026-01-31,Plant C,M-02,1.6370362327375287,Material Shortage
2026-01-31,Plant C,M-02,3.2801391471684966,Material Shortage
2026-01-31,Plant C,M-02,1.2977667794089418,Maintenance
2026-01-31,Plant C,M-03,3.3879852381251565,Maintenance
2026-01-31,Plant C,M-03,0.8675146975992074,Changeover
2026-01-31,Plant C,M-03,2.3755069722678774,Operator Issue
2026-01-31,Plant C,M-04,0.2381882558923919,Maintenance
2026-01-31,Plant C,M-04,2.6985969150145492,Changeover
2026-01-31,Plant C,M-04,1.32535640729337,Operator Issue
2026-01-31,Plant C,M-05,0.3245661459925302,Changeover
2026-01-31,Plant C,M-05,3.1695290301023435,Changeover
2026-01-31,Plant C,M-05,3.4437182413467298,Maintenance
2026-02-01,Plant A,M-01,2.3641277236690756,Operator Issue
2026-02-01,Plant A,M-01,0.40821244790461186,Material Shortage
2026-02-01,Plant A,M-01,1.5736612978882478,Mechanical Failure
2026-02-01,Plant A,M-02,2.237939133591741,Operator Issue
2026-02-01,Plant A,M-02,2.289930175640815,Changeover
2026-02-01,Plant A,M-02,0.5110021191349345,Changeover
2026-02-01,Plant A,M-03,2.3236297292348245,Changeover
2026-02-01,Plant A,M-03,1.6348450614404315,Mechanical Failure
2026-02-01,Plant A,M-03,2.342002743777209,Electrical Failure
2026-02-01,Plant A,M-04,1.4214881305563758,Changeover
2026-02-01,Plant A,M-04,0.3752980598567036,Changeover
2026-02-01,Plant A,M-04,0.6326999914044495,Maintenance
2026-02-01,Plant A,M-05,1.535199413724648,Operator Issue
2026-02-01,Plant A,M-05,1.6005077660701679,Maintenance
2026-02-01,Plant A,M-05,1.977325173318871,Operator Issue
2026-02-01,Plant B,M-01,3.08651654827815,Mechanical Failure
2026-02-01,Plant B,M-01,2.653974639382464,Maintenance
2026-02-01,Plant B,M-01,0.7679295137445452,Mechanical Failure
2026-02-01,Plant B,M-02,3.4207442939950847,Electrical Failure
2026-02-01,Plant B,M-02,1.8575956682837487,Electrical Failure
2026-02-01,Plant B,M-02,0.26090618284197475,Mechanical Failure
2026-02-01,Plant B,M-03,1.4527818627025932,Maintenance
2026-02-01,Plant B,M-03,1.2978208555500685,Maintenance
2026-02-01,Plant B,M-03,1.2499781913787202,Electrical Failure
2026-02-01,Plant B,M-04,4.8522422040701425,Mechanical Failure
2026-02-01,Plant B,M-04,4.353750349342009,Electrical Failure
2026-02-01,Plant B,M-04,4.164872183806798,Mechanical Failure
2026-02-01,Plant B,M-05,1.4366123743680075,Material Shortage
2026-02-01,Plant B,M-05,0.2238258251122686,Material Shortage
2026-02-01,Plant B,M-05,1.3849335708423989,Operator Issue
2026-02-01,Plant C,M-01,0.35358702002292464,Changeover
2026-02-01,Plant C,M-01,0.836249222432802,Material Shortage
2026-02-01,Plant C,M-01,2.841699911174995,Mechanical Failure
2026-02-01,Plant C,M-02,2.881105385482384,Material Shortage
2026-02-01,Plant C,M-02,0.7491671382261016,Electrical Failure
2026-02-01,Plant C,M-02,0.6175967137542469,Mechanical Failure
2026-02-01,Plant C,M-03,1.9192715825428783,Material Shortage
2026-02-01,Plant C,M-03,1.7521459537533413,Operator Issue
2026-02-01,Plant C,M-03,0.38998715549923046,Mechanical Failure
2026-02-01,Plant C,M-04,1.4086349197949648,Mechanical Failure
2026-02-01,Plant C,M-04,2.1519814560454424,Electrical Failure
2026-02-01,Plant C,M-04,2.802319824857954,Changeover
2026-02-01,Plant C,M-05,1.2214885731448906,Changeover
2026-02-01,Plant C,M-05,3.3316252355946667,Mechanical Failure
2026-02-01,Plant C,M-05,2.328532391122172,Electrical Failure
2026-02-02,Plant A,M-01,0.708114628154636,Material Shortage
2026-02-02,Plant A,M-01,1.4632163425637008,Material Shortage
2026-02-02,Plant A,M-01,2.1833853957126768,Material Shortage
2026-02-02,Plant A,M-02,1.17884884405193,Mechanical Failure
2026-02-02,Plant A,M-02,2.6204188976258225,Changeover
2026-02-02,Plant A,M-02,0.7082538737354087,Maintenance
2026-02-02,Plant A,M-03,2.605377048109475,Changeover
2026-02-02,Plant A,M-03,1.6012828273079598,Changeover
2026-02-02,Plant A,M-03,1.4173123211344343,Electrical Failure
2026-02-02,Plant A,M-04,2.4527281115673336,Operator Issue
2026-02-02,Plant A,M-04,1.807923549139988,Changeover
2026-02-02,Plant A,M-04,0.5423095429902307,Material Shortage
2026-02-02,Plant A,M-05,0.22971869207276832,Electrical Failure
2026-02-02,Plant A,M-05,0.32293780602684713,Mechanical Failure
2026-02-02,Plant A,M-05,2.5733977771915026,Mechanical Failure
2026-02-02,Plant B,M-01,2.334924137513108,Mechanical Failure
2026-02-02,Plant B,M-01,1.9628266429684431,Operator Issue
2026-02-02,Plant B,M-01,3.1439696517805684,Changeover
2026-02-02,Plant B,M-02,1.1978659001710086,Material Shortage
2026-02-02,Plant B,M-02,2.7320183934770395,Maintenance
2026-02-02,Plant B,M-02,0.8971703166189342,Maintenance
2026-02-02,Plant B,M-03,3.0323614073252503,Electrical Failure
2026-02-02,Plant B,M-03,0.9624192552252961,Changeover
2026-02-02,Plant B,M-03,1.7175085669714258,Material Shortage
2026-02-02,Plant B,M-04,7.424584601145149,Changeover
2026-02-02,Plant B,M-04,4.644184859842721,Mechanical Failure
2026-02-02,Plant B,M-04,6.3747504773480825,Mechanical Failure
2026-02-02,Plant B,M-05,2.0605511906684257,Mechanical Failure
2026-02-02,Plant B,M-05,2.340864892880959,Changeover
2026-02-02,Plant B,M-05,2.160600839447321,Mechanical Failure
2026-02-02,Plant C,M-01,1.841997975708647,Material Shortage
2026-02-02,Plant C,M-01,0.3834096207281864,Operator Issue
2026-02-02,Plant C,M-01,1.4012906484080687,Mechanical Failure
2026-02-02,Plant C,M-02,1.800682592154685,Electrical Failure
2026-02-02,Plant C,M-02,2.997347953275315,Maintenance
2026-02-02,Plant C,M-02,2.180047775686097,Electrical Failure
2026-02-02,Plant C,M-03,2.558875284033216,Maintenance
2026-02-02,Plant C,M-03,1.564461771602496,Mechanical Failure
2026-02-02,Plant C,M-03,0.24613965280550368,Operator Issue
2026-02-02,Plant C,M-04,1.650179136866637,Operator Issue
2026-02-02,Plant C,M-04,0.4255496257790426,Changeover
2026-02-02,Plant C,M-04,1.4233451682246874,Electrical Failure
2026-02-02,Plant C,M-05,1.4173010024756092,Electrical Failure
2026-02-02,Plant C,M-05,2.7148364563510947,Operator Issue
2026-02-02,Plant C,M-05,1.4070460125779725,Material Shortage
2026-02-03,Plant A,M-01,1.4291474984099573,Mechanical Failure
2026-02-03,Plant A,M-01,2.696623778190794,Maintenance
2026-02-03,Plant A,M-01,2.2173473772751686,Changeover
2026-02-03,Plant A,M-02,0.7765087797384784,Electrical Failure
2026-02-03,Plant A,M-02,2.3335658259764176,Operator Issue
2026-02-03,Plant A,M-02,3.283972039415971,Material Shortage
2026-02-03,Plant A,M-03,1.7920898522576878,Mechanical Failure
2026-02-03,Plant A,M-03,0.9059814832434558,Changeover
2026-02-03,Plant A,M-03,1.7897942381056386,Maintenance
2026-02-03,Plant A,M-04,0.2290889498717597,Changeover
2026-02-03,Plant A,M-04,0.8473960028953296,Operator Issue
2026-02-03,Plant A,M-04,1.3590161648070105,Operator Issue
2026-02-03,Plant A,M-05,0.5893306981421849,Operator Issue
2026-02-03,Plant A,M-05,0.8656098766823839,Material Shortage
2026-02-03,Plant A,M-05,1.8737729913338006,Changeover
2026-02-03,Plant B,M-01,0.6013555392443111,Operator Issue
2026-02-03,Plant B,M-01,2.7474826333546156,Mechanical Failure
2026-02-03,Plant B,M-01,0.5206434504876862,Operator Issue
2026-02-03,Plant B,M-02,0.5447608531925896,Changeover
2026-02-03,Plant B,M-02,2.037336775661719,Mechanical Failure
2026-02-03,Plant B,M-02,2.6865628736541165,Electrical Failure
2026-02-03,Plant B,M-03,1.1269148011230792,Material Shortage
2026-02-03,Plant B,M-03,0.4665714057853339,Material Shortage
2026-02-03,Plant B,M-03,1.1389840138977851,Mechanical Failure
2026-02-03,Plant B,M-04,7.82332331873196,Maintenance
2026-02-03,Plant B,M-04,5.6471281099430986,Mechanical Failure
2026-02-03,Plant B,M-04,4.306909487712824,Electrical Failure
2026-02-03,Plant B,M-05,2.4391536554092137,Electrical Failure
2026-02-03,Plant B,M-05,3.0807308103497064,Maintenance
2026-02-03,Plant B,M-05,0.3850645585701139,Changeover
2026-02-03,Plant C,M-01,1.2560362645153091,Maintenance
2026-02-03,Plant C,M-01,3.439558869592261,Material Shortage
2026-02-03,Plant C,M-01,1.5317822950836844,Operator Issue
2026-02-03,Plant C,M-02,2.6557642907033028,Electrical Failure
2026-02-03,Plant C,M-02,0.6636411390406454,Maintenance
2026-02-03,Plant C,M-02,3.293835756306624,Operator Issue
2026-02-03,Plant C,M-03,1.52077468700426,Material Shortage
2026-02-03,Plant C,M-03,2.8445284245890154,Mechanical Failure
2026-02-03,Plant C,M-03,1.908889530216787,Maintenance
2026-02-03,Plant C,M-04,1.2387925582659611,Maintenance
2026-02-03,Plant C,M-04,0.9942200744894467,Mechanical Failure
2026-02-03,Plant C,M-04,3.2731798704244146,Material Shortage
2026-02-03,Plant C,M-05,2.069339799732793,Mechanical Failure
2026-02-03,Plant C,M-05,0.8301312342889615,Changeover
2026-02-03,Plant C,M-05,2.7585419878052413,Material Shortage
2026-02-04,Plant A,M-01,1.7217678670063095,Mechanical Failure
2026-02-04,Plant A,M-01,2.847553094000169,Electrical Failure
2026-02-04,Plant A,M-01,2.568230434931051,Maintenance
2026-02-04,Plant A,M-02,3.379713677989807,Material Shortage
2026-02-04,Plant A,M-02,2.9032428503175582,Mechanical Failure
2026-02-04,Plant A,M-02,2.0480131644554307,Mechanical Failure
2026-02-04,Plant A,M-03,1.2966227054418666,Changeover
2026-02-04,Plant A,M-03,3.087465333580591,Mechanical Failure
2026-02-04,Plant A,M-03,2.292454301988266,Maintenance
2026-02-04,Plant A,M-04,2.07938916883659,Material Shortage
2026-02-04,Plant A,M-04,2.662071116690547,Changeover
2026-02-04,Plant A,M-04,3.1771813279256964,Mechanical Failure
2026-02-04,Plant A,M-05,2.440298166888969,Electrical Failure
2026-02-04,Plant A,M-05,3.3085156260738477,Operator Issue
2026-02-04,Plant A,M-05,1.3443082373362263,Electrical Failure
2026-02-04,Plant B,M-01,2.697715905255017,Material Shortage
2026-02-04,Plant B,M-01,0.23928474719790616,Mechanical Failure
2026-02-04,Plant B,M-01,2.254202277730558,Material Shortage
2026-02-04,Plant B,M-02,1.1241755785346361,Mechanical Failure
2026-02-04,Plant B,M-02,1.2752390657934016,Operator Issue
2026-02-04,Plant B,M-02,0.7064075459569348,Operator Issue
2026-02-04,Plant B,M-03,1.196069096816801,Material Shortage
2026-02-04,Plant B,M-03,3.175456176151927,Material Shortage
2026-02-04,Plant B,M-03,2.3817309365248653,Changeover
2026-02-04,Plant B,M-04,5.717675147409013,Material Shortage
2026-02-04,Plant B,M-04,6.810508425294609,Mechanical Failure
2026-02-04,Plant B,M-04,4.442345375855819,Electrical Failure
2026-02-04,Plant B,M-05,0.9621889491129041,Material Shortage
2026-02-04,Plant B,M-05,1.2473286991225903,Operator Issue
2026-02-04,Plant B,M-05,3.1757475309341188,Operator Issue
2026-02-04,Plant C,M-01,1.5194471158556766,Maintenance
2026-02-04,Plant C,M-01,1.2687079256381106,Operator Issue
2026-02-04,Plant C,M-01,1.0112665143457082,Material Shortage
2026-02-04,Plant C,M-02,1.0095246433537337,Operator Issue
2026-02-04,Plant C,M-02,2.2299177224160287,Changeover
2026-02-04,Plant C,M-02,0.3397053214782239,Mechanical Failure
2026-02-04,Plant C,M-03,1.3472967135042595,Mechanical Failure
2026-02-04,Plant C,M-03,2.848090760088929,Changeover
2026-02-04,Plant C,M-03,2.613005605987728,Electrical Failure
2026-02-04,Plant C,M-04,3.3191223132064964,Maintenance
2026-02-04,Plant C,M-04,2.9521695149270184,Mechanical Failure
2026-02-04,Plant C,M-04,2.1480296346195136,Electrical Failure
2026-02-04,Plant C,M-05,1.3983247446157985,Mechanical Failure
2026-02-04,Plant C,M-05,2.8375776876678946,Maintenance
2026-02-04,Plant C,M-05,2.7383164069865624,Maintenance
2026-02-05,Plant A,M-01,0.6588951151199675,Operator Issue
2026-02-05,Plant A,M-01,1.099834272901789,Electrical Failure
2026-02-05,Plant A,M-01,2.1967359010965306,Changeover
2026-02-05,Plant A,M-02,3.4666441353915864,Operator Issue
2026-02-05,Plant A,M-02,1.0883931909895526,Mechanical Failure
2026-02-05,Plant A,M-02,0.3760516820145405,Mechanical Failure
2026-02-05,Plant A,M-03,1.5751385906958584,Mechanical Failure
2026-02-05,Plant A,M-03,2.1157136130320215,Changeover
2026-02-05,Plant A,M-03,2.943369435241324,Mechanical Failure
2026-02-05,Plant A,M-04,1.681633254410671,Mechanical Failure
2026-02-05,Plant A,M-04,3.136887366864049,Maintenance
2026-02-05,Plant A,M-04,1.797903117007309,Maintenance
2026-02-05,Plant A,M-05,1.1159039756834799,Material Shortage
2026-02-05,Plant A,M-05,1.213594835626842,Material Shortage
2026-02-05,Plant A,M-05,3.2736540817170976,Changeover
2026-02-05,Plant B,M-01,0.9110905431923961,Material Shortage
2026-02-05,Plant B,M-01,2.0977849925708805,Material Shortage
2026-02-05,Plant B,M-01,0.7462664658897578,Changeover
2026-02-05,Plant B,M-02,3.3949219485508038,Maintenance
2026-02-05,Plant B,M-02,1.5153788869709042,Material Shortage
2026-02-05,Plant B,M-02,3.331488387504963,Maintenance
2026-02-05,Plant B,M-03,3.0209061748742205,Material Shortage
2026-02-05,Plant B,M-03,2.5387809623703284,Electrical Failure
2026-02-05,Plant B,M-03,1.033060127992293,Maintenance
2026-02-05,Plant B,M-04,6.376418553101701,Changeover
2026-02-05,Plant B,M-04,5.206386429783694,Maintenance
2026-02-05,Plant B,M-04,4.8909950810948155,Electrical Failure
2026-02-05,Plant B,M-05,0.6053719302284437,Changeover
2026-02-05,Plant B,M-05,1.4088841315059026,Operator Issue
2026-02-05,Plant B,M-05,2.443461307200477,Changeover
2026-02-05,Plant C,M-01,0.34703688433825564,Changeover
2026-02-05,Plant C,M-01,3.0802278727621615,Operator Issue
2026-02-05,Plant C,M-01,0.3807979148522154,Material Shortage
2026-02-05,Plant C,M-02,0.3101975760573294,Changeover
2026-02-05,Plant C,M-02,3.2650532659927074,Electrical Failure
2026-02-05,Plant C,M-02,0.4311142579848781,Electrical Failure
2026-02-05,Plant C,M-03,1.5806174034356235,Electrical Failure
2026-02-05,Plant C,M-03,0.2742246877972836,Electrical Failure
2026-02-05,Plant C,M-03,1.635434653030549,Electrical Failure
2026-02-05,Plant C,M-04,1.1444146140576419,Electrical Failure
2026-02-05,Plant C,M-04,0.7561179540744059,Mechanical Failure
2026-02-05,Plant C,M-04,2.2778160729671093,Maintenance
2026-02-05,Plant C,M-05,1.3111287073618605,Mechanical Failure
2026-02-05,Plant C,M-05,0.7686290630815835,Changeover
2026-02-05,Plant C,M-05,1.0948866928469714,Mechanical Failure
2026-02-06,Plant A,M-01,1.6748220999279129,Electrical Failure
2026-02-06,Plant A,M-01,0.5876574029004347,Maintenance
2026-02-06,Plant A,M-01,2.0379552285404268,Material Shortage
2026-02-06,Plant A,M-02,3.0256832566294682,Operator Issue
2026-02-06,Plant A,M-02,2.3517975907822617,Material Shortage
2026-02-06,Plant A,M-02,2.088084696695121,Changeover
2026-02-06,Plant A,M-03,0.5427835079200747,Changeover
2026-02-06,Plant A,M-03,2.326507335530157,Operator Issue
2026-02-06,Plant A,M-03,1.2246590834132949,Material Shortage
2026-02-06,Plant A,M-04,1.5176875448850933,Electrical Failure
2026-02-06,Plant A,M-04,1.9070463336341577,Mechanical Failure
2026-02-06,Plant A,M-04,0.2337717261488998,Changeover
2026-02-06,Plant A,M-05,0.26028433931193307,Operator Issue
2026-02-06,Plant A,M-05,2.3995769024823734,Mechanical Failure
2026-02-06,Plant A,M-05,1.5960193909712102,Maintenance
2026-02-06,Plant B,M-01,2.4214304181748716,Mechanical Failure
2026-02-06,Plant B,M-01,3.1563190481281502,Material Shortage
2026-02-06,Plant B,M-01,1.6324153619521755,Electrical Failure
2026-02-06,Plant B,M-02,1.2215254590287474,Changeover
2026-02-06,Plant B,M-02,0.33909637597768283,Electrical Failure
2026-02-06,Plant B,M-02,2.6410203436777993,Changeover
2026-02-06,Plant B,M-03,1.6072546244650254,Maintenance
2026-02-06,Plant B,M-03,3.412637621062931,Changeover
2026-02-06,Plant B,M-03,1.1009395852821047,Mechanical Failure
2026-02-06,Plant B,M-04,7.1572017964326005,Operator Issue
2026-02-06,Plant B,M-04,4.964261321329294,Changeover
2026-02-06,Plant B,M-04,6.799959338208635,Changeover
2026-02-06,Plant B,M-05,1.5132590150760383,Maintenance
2026-02-06,Plant B,M-05,1.176184097079487,Electrical Failure
2026-02-06,Plant B,M-05,0.5166539913237467,Maintenance
2026-02-06,Plant C,M-01,1.6186131018119982,Material Shortage
2026-02-06,Plant C,M-01,0.5788266910939415,Material Shortage
2026-02-06,Plant C,M-01,1.2497654499474458,Mechanical Failure
2026-02-06,Plant C,M-02,2.653151244419532,Changeover
2026-02-06,Plant C,M-02,1.573031777325824,Maintenance
2026-02-06,Plant C,M-02,2.926650506795828,Changeover
2026-02-06,Plant C,M-03,0.6341833492004565,Material Shortage
2026-02-06,Plant C,M-03,1.3884345696537854,Changeover
2026-02-06,Plant C,M-03,2.0087962144400007,Mechanical Failure
2026-02-06,Plant C,M-04,2.977076943381412,Electrical Failure
2026-02-06,Plant C,M-04,1.10763285450442,Operator Issue
2026-02-06,Plant C,M-04,0.7782401648081803,Material Shortage
2026-02-06,Plant C,M-05,1.5394295835955938,Material Shortage
2026-02-06,Plant C,M-05,2.7531418433815276,Mechanical Failure
2026-02-06,Plant C,M-05,2.812197818096871,Mechanical Failure
2026-02-07,Plant A,M-01,0.7760014155615385,Electrical Failure
2026-02-07,Plant A,M-01,1.883457188304326,Operator Issue
2026-02-07,Plant A,M-01,3.3616877190384953,Operator Issue
2026-02-07,Plant A,M-02,2.038822848269145,Maintenance
2026-02-07,Plant A,M-02,3.444696740358916,Changeover
2026-02-07,Plant A,M-02,3.167179451868554,Material Shortage
2026-02-07,Plant A,M-03,3.3425945691836523,Electrical Failure
2026-02-07,Plant A,M-03,2.4249637841701555,Operator Issue
2026-02-07,Plant A,M-03,3.360803768583755,Material Shortage
2026-02-07,Plant A,M-04,2.721927596679618,Electrical Failure
2026-02-07,Plant A,M-04,2.0684137482473384,Operator Issue
2026-02-07,Plant A,M-04,3.001933887181524,Electrical Failure
2026-02-07,Plant A,M-05,1.0645193621191078,Electrical Failure
2026-02-07,Plant A,M-05,1.1803658145973945,Material Shortage
2026-02-07,Plant A,M-05,0.45284538596784063,Maintenance
2026-02-07,Plant B,M-01,1.189107299579052,Electrical Failure
2026-02-07,Plant B,M-01,2.411870166531053,Electrical Failure
2026-02-07,Plant B,M-01,3.0998754581538286,Mechanical Failure
2026-02-07,Plant B,M-02,0.7780770502237973,Changeover
2026-02-07,Plant B,M-02,1.0304926356500534,Operator Issue
2026-02-07,Plant B,M-02,1.49259275918577,Operator Issue
2026-02-07,Plant B,M-03,2.8502121004060967,Electrical Failure
2026-02-07,Plant B,M-03,3.460342726586861,Changeover
2026-02-07,Plant B,M-03,2.027029219397475,Changeover
2026-02-07,Plant B,M-04,6.456174427890254,Mechanical Failure
2026-02-07,Plant B,M-04,6.355178116720918,Mechanical Failure
2026-02-07,Plant B,M-04,4.521813948709443,Mechanical Failure
2026-02-07,Plant B,M-05,1.3610287603864777,Maintenance
2026-02-07,Plant B,M-05,0.6215511196908741,Electrical Failure
2026-02-07,Plant B,M-05,0.4420905064058346,Material Shortage
2026-02-07,Plant C,M-01,2.2292827871265866,Material Shortage
2026-02-07,Plant C,M-01,2.1969692494494635,Material Shortage
2026-02-07,Plant C,M-01,3.2599740716830548,Operator Issue
2026-02-07,Plant C,M-02,2.7608731888528073,Operator Issue
2026-02-07,Plant C,M-02,2.0516633589357225,Material Shortage
2026-02-07,Plant C,M-02,0.5292179133258407,Electrical Failure
2026-02-07,Plant C,M-03,0.7531525034928244,Material Shortage
2026-02-07,Plant C,M-03,2.891322438306023,Electrical Failure
2026-02-07,Plant C,M-03,0.9058559300368128,Operator Issue
2026-02-07,Plant C,M-04,1.610586759700202,Maintenance
2026-02-07,Plant C,M-04,1.6220378623582923,Changeover
2026-02-07,Plant C,M-04,3.4642914697838494,Changeover
2026-02-07,Plant C,M-05,1.3590247812029799,Changeover
2026-02-07,Plant C,M-05,0.22740597570698817,Electrical Failure
2026-02-07,Plant C,M-05,2.786219862911218,Electrical Failure
2026-02-08,Plant A,M-01,0.6243364826732022,Mechanical Failure
2026-02-08,Plant A,M-01,3.4118245003902468,Maintenance
2026-02-08,Plant A,M-01,0.7145310818873292,Operator Issue
2026-02-08,Plant A,M-02,2.8768156632387685,Mechanical Failure
2026-02-08,Plant A,M-02,1.0316187149975633,Electrical Failure
2026-02-08,Plant A,M-02,2.9749336231479004,Changeover
2026-02-08,Plant A,M-03,3.052562870520864,Operator Issue
2026-02-08,Plant A,M-03,2.9191506928906508,Mechanical Failure
2026-02-08,Plant A,M-03,3.075200595137402,Mechanical Failure
2026-02-08,Plant A,M-04,1.942592792244011,Electrical Failure
2026-02-08,Plant A,M-04,2.1026610792946028,Operator Issue
2026-02-08,Plant A,M-04,3.0154009728977242,Electrical Failure
2026-02-08,Plant A,M-05,0.6964802175516137,Changeover
2026-02-08,Plant A,M-05,2.3509403411575214,Changeover
2026-02-08,Plant A,M-05,1.4144708491494444,Material Shortage
2026-02-08,Plant B,M-01,1.8759447241327794,Electrical Failure
2026-02-08,Plant B,M-01,2.0728680953058567,Mechanical Failure
2026-02-08,Plant B,M-01,0.7683204632832079,Operator Issue
2026-02-08,Plant B,M-02,1.350709370159311,Operator Issue
2026-02-08,Plant B,M-02,2.448997966959715,Mechanical Failure
2026-02-08,Plant B,M-02,3.0152675842182197,Operator Issue
2026-02-08,Plant B,M-03,2.816577518487798,Material Shortage
2026-02-08,Plant B,M-03,1.1871299755831064,Maintenance
2026-02-08,Plant B,M-03,2.527849284112497,Operator Issue
2026-02-08,Plant B,M-04,7.455828112460092,Mechanical Failure
2026-02-08,Plant B,M-04,5.366838748520912,Changeover
2026-02-08,Plant B,M-04,7.922231763637173,Operator Issue
2026-02-08,Plant B,M-05,1.5075264767898768,Changeover
2026-02-08,Plant B,M-05,2.2352356658971795,Changeover
2026-02-08,Plant B,M-05,1.8052052555860365,Maintenance
2026-02-08,Plant C,M-01,2.295465883268286,Maintenance
2026-02-08,Plant C,M-01,3.17724059066283,Material Shortage
2026-02-08,Plant C,M-01,0.6318496356131497,Maintenance
2026-02-08,Plant C,M-02,0.5256470276967955,Electrical Failure
2026-02-08,Plant C,M-02,2.696759982246629,Operator Issue
2026-02-08,Plant C,M-02,3.108840324102535,Changeover
2026-02-08,Plant C,M-03,1.1080742887785244,Mechanical Failure
2026-02-08,Plant C,M-03,1.481809830051928,Maintenance
2026-02-08,Plant C,M-03,3.138393272471245,Changeover
2026-02-08,Plant C,M-04,2.2803917689574464,Electrical Failure
2026-02-08,Plant C,M-04,0.9930655064579412,Operator Issue
2026-02-08,Plant C,M-04,1.975146003184023,Operator Issue
2026-02-08,Plant C,M-05,2.073867862919709,Operator Issue
2026-02-08,Plant C,M-05,2.4882035085746463,Material Shortage
2026-02-08,Plant C,M-05,1.1591460869057157,Maintenance
2026-02-09,Plant A,M-01,1.9667571527608019,Operator Issue
2026-02-09,Plant A,M-01,0.5399633416592801,Changeover
2026-02-09,Plant A,M-01,0.6971771360853062,Changeover
2026-02-09,Plant A,M-02,1.920193662743168,Operator Issue
2026-02-09,Plant A,M-02,3.4581361412951814,Mechanical Failure
2026-02-09,Plant A,M-02,2.9586320660081755,Maintenance
2026-02-09,Plant A,M-03,2.8134844734831894,Maintenance
2026-02-09,Plant A,M-03,0.7221895668249045,Electrical Failure
2026-02-09,Plant A,M-03,1.9327107716292953,Material Shortage
2026-02-09,Plant A,M-04,0.304217340083188,Mechanical Failure
2026-02-09,Plant A,M-04,1.2797600727284661,Electrical Failure
2026-02-09,Plant A,M-04,2.6226951863059704,Mechanical Failure
2026-02-09,Plant A,M-05,0.5013192960079305,Operator Issue
2026-02-09,Plant A,M-05,2.9370645409194527,Changeover
2026-02-09,Plant A,M-05,1.3990458704339865,Changeover
2026-02-09,Plant B,M-01,2.00081995290873,Electrical Failure
2026-02-09,Plant B,M-01,2.907852658937023,Changeover
2026-02-09,Plant B,M-01,2.7156519135901203,Material Shortage
2026-02-09,Plant B,M-02,2.481454552111336,Maintenance
2026-02-09,Plant B,M-02,0.7753771352478764,Maintenance
2026-02-09,Plant B,M-02,1.436940879638849,Mechanical Failure
2026-02-09,Plant B,M-03,2.896380324834843,Operator Issue
2026-02-09,Plant B,M-03,0.5319326667688589,Changeover
2026-02-09,Plant B,M-03,3.3727233308650124,Mechanical Failure
2026-02-09,Plant B,M-04,4.595427215799761,Electrical Failure
2026-02-09,Plant B,M-04,6.501425606534564,Maintenance
2026-02-09,Plant B,M-04,4.959246682275525,Operator Issue
2026-02-09,Plant B,M-05,0.7077051827120135,Maintenance
2026-02-09,Plant B,M-05,1.3029104681235073,Maintenance
2026-02-09,Plant B,M-05,3.274306715037549,Material Shortage
2026-02-09,Plant C,M-01,2.934400241040986,Maintenance
2026-02-09,Plant C,M-01,1.938978117224122,Electrical Failure
2026-02-09,Plant C,M-01,2.024819433857551,Electrical Failure
2026-02-09,Plant C,M-02,2.6785613398780397,Electrical Failure
2026-02-09,Plant C,M-02,0.5528544880759079,Material Shortage
2026-02-09,Plant C,M-02,0.8487826294891379,Electrical Failure
2026-02-09,Plant C,M-03,2.0240665770691213,Electrical Failure
2026-02-09,Plant C,M-03,1.478968916389446,Changeover
2026-02-09,Plant C,M-03,1.614260664758801,Maintenance
2026-02-09,Plant C,M-04,2.064499904900322,Maintenance
2026-02-09,Plant C,M-04,0.38682941134458726,Changeover
2026-02-09,Plant C,M-04,2.4495296395849424,Maintenance
2026-02-09,Plant C,M-05,1.1646874022806903,Electrical Failure
2026-02-09,Plant C,M-05,3.49405300164993,Maintenance
2026-02-09,Plant C,M-05,0.5748878192641327,Material Shortage
2026-02-10,Plant A,M-01,2.287775940567481,Maintenance
2026-02-10,Plant A,M-01,0.4530188604953569,Electrical Failure
2026-02-10,Plant A,M-01,3.198686128799589,Electrical Failure
2026-02-10,Plant A,M-02,2.232485621099702,Material Shortage
2026-02-10,Plant A,M-02,3.435783003303469,Changeover
2026-02-10,Plant A,M-02,1.260690216778513,Operator Issue
2026-02-10,Plant A,M-03,3.0606828232372907,Operator Issue
2026-02-10,Plant A,M-03,0.571429874306202,Changeover
2026-02-10,Plant A,M-03,0.33979437544418073,Mechanical Failure
2026-02-10,Plant A,M-04,1.4113061038461387,Material Shortage
2026-02-10,Plant A,M-04,3.4383833607568612,Maintenance
2026-02-10,Plant A,M-04,1.1060898957426688,Material Shortage
2026-02-10,Plant A,M-05,0.7081603679156074,Material Shortage
2026-02-10,Plant A,M-05,0.7975075670826826,Material Shortage
2026-02-10,Plant A,M-05,2.4859342587733555,Electrical Failure
2026-02-10,Plant B,M-01,1.3821974451220473,Material Shortage
2026-02-10,Plant B,M-01,1.375095923390665,Maintenance
2026-02-10,Plant B,M-01,2.7285352994133523,Changeover
2026-02-10,Plant B,M-02,3.399457387065566,Maintenance
2026-02-10,Plant B,M-02,2.0707674756049985,Electrical Failure
2026-02-10,Plant B,M-02,0.4191741347887353,Material Shortage
2026-02-10,Plant B,M-03,2.2244095078831485,Mechanical Failure
2026-02-10,Plant B,M-03,3.121947922395609,Material Shortage
2026-02-10,Plant B,M-03,2.4201519386060544,Maintenance
2026-02-10,Plant B,M-04,4.4086892921423235,Electrical Failure
2026-02-10,Plant B,M-04,6.177005509102296,Electrical Failure
2026-02-10,Plant B,M-04,6.247021810177561,Material Shortage
2026-02-10,Plant B,M-05,2.026422857352286,Operator Issue
2026-02-10,Plant B,M-05,0.8175786038253463,Maintenance
2026-02-10,Plant B,M-05,1.2088858977006571,Material Shortage
2026-02-10,Plant C,M-01,1.876919111648487,Mechanical Failure
2026-02-10,Plant C,M-01,0.9252057364069639,Operator Issue
2026-02-10,Plant C,M-01,0.8262197418818358,Material Shortage
2026-02-10,Plant C,M-02,1.6087768881653626,Electrical Failure
2026-02-10,Plant C,M-02,1.5591494357752904,Operator Issue
2026-02-10,Plant C,M-02,0.8846153648835986,Mechanical Failure
2026-02-10,Plant C,M-03,3.2951061463003333,Operator Issue
2026-02-10,Plant C,M-03,1.875238683858161,Maintenance
2026-02-10,Plant C,M-03,0.5129404481855344,Electrical Failure
2026-02-10,Plant C,M-04,0.27075155985627375,Material Shortage
2026-02-10,Plant C,M-04,3.3989265365085832,Maintenance
2026-02-10,Plant C,M-04,3.018251250503016,Changeover
2026-02-10,Plant C,M-05,2.8470764477381993,Mechanical Failure
2026-02-10,Plant C,M-05,2.3059117161065417,Mechanical Failure
2026-02-10,Plant C,M-05,2.081340862106099,Operator Issue
2026-02-11,Plant A,M-01,3.275278858587991,Changeover
2026-02-11,Plant A,M-01,0.9514415163569501,Mechanical Failure
2026-02-11,Plant A,M-01,1.318794214154902,Changeover
2026-02-11,Plant A,M-02,1.010155976390657,Changeover
2026-02-11,Plant A,M-02,1.5750112745810223,Changeover
2026-02-11,Plant A,M-02,0.34634464444688384,Maintenance
2026-02-11,Plant A,M-03,1.8556198477819519,Changeover
2026-02-11,Plant A,M-03,0.6340332388228429,Maintenance
2026-02-11,Plant A,M-03,1.375350985537662,Material Shortage
2026-02-11,Plant A,M-04,1.7723945859223922,Mechanical Failure
2026-02-11,Plant A,M-04,2.721383446513047,Electrical Failure
2026-02-11,Plant A,M-04,1.3899304227412141,Changeover
2026-02-11,Plant A,M-05,3.133672407235897,Maintenance
2026-02-11,Plant A,M-05,1.555231619332911,Mechanical Failure
2026-02-11,Plant A,M-05,3.1553858809741517,Material Shortage
2026-02-11,Plant B,M-01,0.6646791449068982,Maintenance
2026-02-11,Plant B,M-01,1.1405591005565752,Maintenance
2026-02-11,Plant B,M-01,1.3434337084835224,Operator Issue
2026-02-11,Plant B,M-02,0.8675502081793753,Electrical Failure
2026-02-11,Plant B,M-02,2.6073829998639315,Electrical Failure
2026-02-11,Plant B,M-02,2.7888834477359254,Maintenance
2026-02-11,Plant B,M-03,1.9936691222359573,Maintenance
2026-02-11,Plant B,M-03,2.370668743885989,Electrical Failure
2026-02-11,Plant B,M-03,1.9395089418664015,Changeover
2026-02-11,Plant B,M-04,7.459160887999582,Mechanical Failure
2026-02-11,Plant B,M-04,4.861091093158686,Operator Issue
2026-02-11,Plant B,M-04,7.486322901017931,Mechanical Failure
2026-02-11,Plant B,M-05,1.0090080221456534,Operator Issue
2026-02-11,Plant B,M-05,1.297759852986669,Electrical Failure
2026-02-11,Plant B,M-05,0.8818198662472201,Maintenance
2026-02-11,Plant C,M-01,0.4746184190422325,Material Shortage
2026-02-11,Plant C,M-01,0.8172408612877573,Electrical Failure
2026-02-11,Plant C,M-01,3.134178374586092,Maintenance
2026-02-11,Plant C,M-02,3.1696470769881313,Mechanical Failure
2026-02-11,Plant C,M-02,2.1742210165013014,Material Shortage
2026-02-11,Plant C,M-02,1.243297282868484,Operator Issue
2026-02-11,Plant C,M-03,1.1424393433203857,Material Shortage
2026-02-11,Plant C,M-03,3.396587613384234,Electrical Failure
2026-02-11,Plant C,M-03,0.7268214637901038,Operator Issue
2026-02-11,Plant C,M-04,0.715385190455258,Changeover
2026-02-11,Plant C,M-04,0.8547224065108641,Mechanical Failure
2026-02-11,Plant C,M-04,2.112267469289238,Changeover
2026-02-11,Plant C,M-05,2.664181285557405,Mechanical Failure
2026-02-11,Plant C,M-05,1.1840510838980671,Operator Issue
2026-02-11,Plant C,M-05,1.578878803543057,Operator Issue
2026-02-12,Plant A,M-01,2.1051283894555795,Maintenance
2026-02-12,Plant A,M-01,2.325009607608504,Electrical Failure
2026-02-12,Plant A,M-01,3.395175907636363,Mechanical Failure
2026-02-12,Plant A,M-02,1.4595714089716865,Maintenance
2026-02-12,Plant A,M-02,0.8949066806963162,Mechanical Failure
2026-02-12,Plant A,M-02,0.2856713605679391,Mechanical Failure
2026-02-12,Plant A,M-03,2.2536338816043964,Mechanical Failure
2026-02-12,Plant A,M-03,2.8051467160910013,Changeover
2026-02-12,Plant A,M-03,0.3313587546328882,Maintenance
2026-02-12,Plant A,M-04,1.4842295268636205,Maintenance
2026-02-12,Plant A,M-04,2.699671325557456,Maintenance
2026-02-12,Plant A,M-04,0.8248013865403325,Maintenance
2026-02-12,Plant A,M-05,1.7329769296305833,Material Shortage
2026-02-12,Plant A,M-05,2.5784823203161933,Mechanical Failure
2026-02-12,Plant A,M-05,2.803944143509589,Electrical Failure
2026-02-12,Plant B,M-01,2.3575553759682912,Electrical Failure
2026-02-12,Plant B,M-01,0.6313770525353181,Operator Issue
2026-02-12,Plant B,M-01,0.4520943165357303,Electrical Failure
2026-02-12,Plant B,M-02,3.426487589179724,Operator Issue
2026-02-12,Plant B,M-02,3.1494985091329935,Mechanical Failure
2026-02-12,Plant B,M-02,2.076938038325495,Mechanical Failure
2026-02-12,Plant B,M-03,2.6967937118433807,Material Shortage
2026-02-12,Plant B,M-03,3.384113880740715,Operator Issue
2026-02-12,Plant B,M-03,1.6257683907633564,Material Shortage
2026-02-12,Plant B,M-04,7.39901219573733,Mechanical Failure
2026-02-12,Plant B,M-04,6.553825794868118,Mechanical Failure
2026-02-12,Plant B,M-04,4.7492763708455,Maintenance
2026-02-12,Plant B,M-05,1.7297223368988628,Material Shortage
2026-02-12,Plant B,M-05,0.2842286870384736,Changeover
2026-02-12,Plant B,M-05,1.1429137142670782,Mechanical Failure
2026-02-12,Plant C,M-01,1.2219458623598043,Changeover
2026-02-12,Plant C,M-01,1.718218588561238,Changeover
2026-02-12,Plant C,M-01,0.4198528883126228,Operator Issue
2026-02-12,Plant C,M-02,2.394604813617034,Electrical Failure
2026-02-12,Plant C,M-02,0.8752640594447656,Maintenance
2026-02-12,Plant C,M-02,2.169238247173696,Electrical Failure
2026-02-12,Plant C,M-03,2.2413699729536347,Electrical Failure
2026-02-12,Plant C,M-03,3.0008298815880936,Material Shortage
2026-02-12,Plant C,M-03,1.3043690475108538,Electrical Failure
2026-02-12,Plant C,M-04,2.625488246372092,Operator Issue
2026-02-12,Plant C,M-04,2.4982592898239404,Mechanical Failure
2026-02-12,Plant C,M-04,1.0028994919371903,Mechanical Failure
2026-02-12,Plant C,M-05,0.4577619728788155,Maintenance
2026-02-12,Plant C,M-05,2.5601331731570416,Operator Issue
2026-02-12,Plant C,M-05,1.357371081199028,Material Shortage
2026-02-13,Plant A,M-01,3.2713470336973938,Changeover
2026-02-13,Plant A,M-01,2.6557470161893098,Mechanical Failure
2026-02-13,Plant A,M-01,0.5419419992943897,Electrical Failure
2026-02-13,Plant A,M-02,0.539268253728318,Material Shortage
2026-02-13,Plant A,M-02,2.0255055244505074,Material Shortage
2026-02-13,Plant A,M-02,1.806904353689519,Changeover
2026-02-13,Plant A,M-03,2.6318135555038027,Mechanical Failure
2026-02-13,Plant A,M-03,0.26370457516895995,Changeover
2026-02-13,Plant A,M-03,1.829889779900873,Operator Issue
2026-02-13,Plant A,M-04,1.5826791615237623,Mechanical Failure
2026-02-13,Plant A,M-04,1.9291148688628559,Mechanical Failure
2026-02-13,Plant A,M-04,2.8477898182421773,Mechanical Failure
2026-02-13,Plant A,M-05,0.9375458893703261,Changeover
2026-02-13,Plant A,M-05,2.742614883054278,Changeover
2026-02-13,Plant A,M-05,2.8357250936807086,Changeover
2026-02-13,Plant B,M-01,2.858063324443422,Electrical Failure
2026-02-13,Plant B,M-01,2.607700747376751,Operator Issue
2026-02-13,Plant B,M-01,0.33631686834083385,Material Shortage
2026-02-13,Plant B,M-02,3.400792794475402,Electrical Failure
2026-02-13,Plant B,M-02,1.334582581995795,Changeover
2026-02-13,Plant B,M-02,1.98871677217019,Maintenance
2026-02-13,Plant B,M-03,0.7788572624628565,Material Shortage
2026-02-13,Plant B,M-03,0.5760745384819025,Material Shortage
2026-02-13,Plant B,M-03,1.0197088088219957,Operator Issue
2026-02-13,Plant B,M-04,6.927616796052128,Mechanical Failure
2026-02-13,Plant B,M-04,5.155831276562869,Changeover
2026-02-13,Plant B,M-04,7.329957897677794,Electrical Failure
2026-02-13,Plant B,M-05,1.4767975803583517,Mechanical Failure
2026-02-13,Plant B,M-05,2.754765950075666,Operator Issue
2026-02-13,Plant B,M-05,0.4550685273965373,Operator Issue
2026-02-13,Plant C,M-01,0.9690090760557928,Material Shortage
2026-02-13,Plant C,M-01,1.8147917443599786,Operator Issue
2026-02-13,Plant C,M-01,2.7301028186504923,Electrical Failure
2026-02-13,Plant C,M-02,1.533834042816046,Operator Issue
2026-02-13,Plant C,M-02,1.8121105679717264,Material Shortage
2026-02-13,Plant C,M-02,3.0854772230992715,Operator Issue
2026-02-13,Plant C,M-03,0.8762229073027992,Mechanical Failure
2026-02-13,Plant C,M-03,1.882263587521591,Operator Issue
2026-02-13,Plant C,M-03,2.432110055429341,Electrical Failure
2026-02-13,Plant C,M-04,1.961462099325624,Operator Issue
2026-02-13,Plant C,M-04,1.6243312073287521,Maintenance
2026-02-13,Plant C,M-04,0.7487054156609574,Electrical Failure
2026-02-13,Plant C,M-05,1.3818846591255873,Operator Issue
2026-02-13,Plant C,M-05,0.9640063252119848,Maintenance
2026-02-13,Plant C,M-05,2.734507099038472,Electrical Failure
2026-02-14,Plant A,M-01,0.21478958797424516,Operator Issue
2026-02-14,Plant A,M-01,2.3567650038476367,Operator Issue
2026-02-14,Plant A,M-01,1.503992058042201,Maintenance
2026-02-14,Plant A,M-02,0.32141929018082105,Material Shortage
2026-02-14,Plant A,M-02,3.4567820992363436,Operator Issue
2026-02-14,Plant A,M-02,2.64353334811761,Mechanical Failure
2026-02-14,Plant A,M-03,0.32399052328721356,Electrical Failure
2026-02-14,Plant A,M-03,0.6260179545367901,Operator Issue
2026-02-14,Plant A,M-03,3.4447501161731804,Operator Issue
2026-02-14,Plant A,M-04,3.374848747522836,Operator Issue
2026-02-14,Plant A,M-04,2.9067241575567753,Maintenance
2026-02-14,Plant A,M-04,2.1341971510581397,Electrical Failure
2026-02-14,Plant A,M-05,2.3287728834903945,Maintenance
2026-02-14,Plant A,M-05,1.0003802617771393,Mechanical Failure
2026-02-14,Plant A,M-05,1.0650324664699133,Material Shortage
2026-02-14,Plant B,M-01,0.3913955597081943,Changeover
2026-02-14,Plant B,M-01,3.3385992425713518,Changeover
2026-02-14,Plant B,M-01,1.7934758000356037,Electrical Failure
2026-02-14,Plant B,M-02,3.2341176818427453,Electrical Failure
2026-02-14,Plant B,M-02,1.020606985541981,Electrical Failure
2026-02-14,Plant B,M-02,3.481035952985569,Mechanical Failure
2026-02-14,Plant B,M-03,1.5561080496281365,Material Shortage
2026-02-14,Plant B,M-03,2.752280095987698,Changeover
2026-02-14,Plant B,M-03,3.478090821680653,Operator Issue
2026-02-14,Plant B,M-04,7.221115141313648,Electrical Failure
2026-02-14,Plant B,M-04,5.620903131717336,Changeover
2026-02-14,Plant B,M-04,6.98506424532882,Mechanical Failure
2026-02-14,Plant B,M-05,0.24936138215833714,Mechanical Failure
2026-02-14,Plant B,M-05,2.281007956447011,Electrical Failure
2026-02-14,Plant B,M-05,0.7080591749810792,Material Shortage
2026-02-14,Plant C,M-01,1.4365244208917256,Maintenance
2026-02-14,Plant C,M-01,1.928191296407471,Operator Issue
2026-02-14,Plant C,M-01,2.218054262228754,Changeover
2026-02-14,Plant C,M-02,2.9937182104206466,Maintenance
2026-02-14,Plant C,M-02,2.3587554295733764,Material Shortage
2026-02-14,Plant C,M-02,0.5818509010696229,Changeover
2026-02-14,Plant C,M-03,1.3460148750916907,Mechanical Failure
2026-02-14,Plant C,M-03,3.1164973054584766,Material Shortage
2026-02-14,Plant C,M-03,0.6309349799523236,Electrical Failure
2026-02-14,Plant C,M-04,1.5960940703491917,Operator Issue
2026-02-14,Plant C,M-04,2.903157504580386,Electrical Failure
2026-02-14,Plant C,M-04,0.7145566321736438,Mechanical Failure
2026-02-14,Plant C,M-05,1.8960894913247304,Electrical Failure
2026-02-14,Plant C,M-05,3.4238607969715242,Operator Issue
2026-02-14,Plant C,M-05,0.6647362525226779,Mechanical Failure
2026-02-15,Plant A,M-01,0.8340267797661598,Changeover
2026-02-15,Plant A,M-01,3.0501983147088843,Changeover
2026-02-15,Plant A,M-01,3.336457948409536,Electrical Failure
2026-02-15,Plant A,M-02,3.337270624860774,Changeover
2026-02-15,Plant A,M-02,0.9166126005205144,Electrical Failure
2026-02-15,Plant A,M-02,0.6524405206452846,Operator Issue
2026-02-15,Plant A,M-03,0.8903142292667803,Electrical Failure
2026-02-15,Plant A,M-03,1.536916042011638,Mechanical Failure
2026-02-15,Plant A,M-03,1.2093317563829797,Material Shortage
2026-02-15,Plant A,M-04,0.8296144760702677,Operator Issue
2026-02-15,Plant A,M-04,2.3251932469805627,Electrical Failure
2026-02-15,Plant A,M-04,2.406341781242323,Material Shortage
2026-02-15,Plant A,M-05,2.016625149237529,Electrical Failure
2026-02-15,Plant A,M-05,3.3581228288038703,Electrical Failure
2026-02-15,Plant A,M-05,2.1134480461806504,Electrical Failure
2026-02-15,Plant B,M-01,3.3817816617327985,Changeover
2026-02-15,Plant B,M-01,1.378994042586949,Changeover
2026-02-15,Plant B,M-01,3.022271979833389,Mechanical Failure
2026-02-15,Plant B,M-02,1.651408434849706,Operator Issue
2026-02-15,Plant B,M-02,1.1070757127041053,Operator Issue
2026-02-15,Plant B,M-02,3.439086597046232,Operator Issue
2026-02-15,Plant B,M-03,1.8968836757750445,Mechanical Failure
2026-02-15,Plant B,M-03,3.3555464503513077,Maintenance
2026-02-15,Plant B,M-03,1.9280768848074994,Material Shortage
2026-02-15,Plant B,M-04,5.159748374649512,Mechanical Failure
2026-02-15,Plant B,M-04,7.761393510680767,Mechanical Failure
2026-02-15,Plant B,M-04,5.9431364574209296,Mechanical Failure
2026-02-15,Plant B,M-05,1.397030938309196,Material Shortage
2026-02-15,Plant B,M-05,0.8978585283094016,Electrical Failure
2026-02-15,Plant B,M-05,1.6876259298101266,Material Shortage
2026-02-15,Plant C,M-01,0.7769618210384968,Mechanical Failure
2026-02-15,Plant C,M-01,2.7958231020190762,Maintenance
2026-02-15,Plant C,M-01,3.1458362560381756,Changeover
2026-02-15,Plant C,M-02,2.979777399470661,Changeover
2026-02-15,Plant C,M-02,1.5684775087470948,Material Shortage
2026-02-15,Plant C,M-02,0.5772628369680968,Material Shortage
2026-02-15,Plant C,M-03,1.3357672144538038,Material Shortage
2026-02-15,Plant C,M-03,3.0666430685567527,Operator Issue
2026-02-15,Plant C,M-03,0.4490771175992956,Electrical Failure
2026-02-15,Plant C,M-04,0.6528168643132175,Mechanical Failure
2026-02-15,Plant C,M-04,1.0499734946434058,Electrical Failure
2026-02-15,Plant C,M-04,2.410237377885684,Operator Issue
2026-02-15,Plant C,M-05,1.076738936159363,Operator Issue
2026-02-15,Plant C,M-05,1.8583545580483476,Operator Issue
2026-02-15,Plant C,M-05,1.375149468412566,Mechanical Failure
2026-02-16,Plant A,M-01,3.2326873381608996,Material Shortage
2026-02-16,Plant A,M-01,1.5925411481516847,Changeover
2026-02-16,Plant A,M-01,0.9980042916579199,Mechanical Failure
2026-02-16,Plant A,M-02,2.4159390111071235,Material Shortage
2026-02-16,Plant A,M-02,0.7373936984210125,Changeover
2026-02-16,Plant A,M-02,1.7023723463381022,Operator Issue
2026-02-16,Plant A,M-03,2.8180379319412205,Mechanical Failure
2026-02-16,Plant A,M-03,2.004660768079823,Operator Issue
2026-02-16,Plant A,M-03,0.7071312900551541,Maintenance
2026-02-16,Plant A,M-04,0.42293098340376734,Maintenance
2026-02-16,Plant A,M-04,1.888014539627483,Changeover
2026-02-16,Plant A,M-04,1.9918617323631378,Electrical Failure
2026-02-16,Plant A,M-05,2.3299580495055383,Mechanical Failure
2026-02-16,Plant A,M-05,1.9643765702719804,Mechanical Failure
2026-02-16,Plant A,M-05,0.6729231197095152,Material Shortage
2026-02-16,Plant B,M-01,1.7568315987944176,Maintenance
2026-02-16,Plant B,M-01,0.24242986258601748,Material Shortage
2026-02-16,Plant B,M-01,2.2385436520624933,Mechanical Failure
2026-02-16,Plant B,M-02,2.451608027461302,Electrical Failure
2026-02-16,Plant B,M-02,2.4107569291323663,Material Shortage
2026-02-16,Plant B,M-02,2.8647458144669806,Maintenance
2026-02-16,Plant B,M-03,0.6517002599029478,Material Shortage
2026-02-16,Plant B,M-03,3.4782863616224735,Electrical Failure
2026-02-16,Plant B,M-03,2.0418669282297093,Operator Issue
2026-02-16,Plant B,M-04,7.686406398629746,Mechanical Failure
2026-02-16,Plant B,M-04,4.89326018909602,Operator Issue
2026-02-16,Plant B,M-04,7.590673384402268,Maintenance
2026-02-16,Plant B,M-05,2.5452019116113562,Mechanical Failure
2026-02-16,Plant B,M-05,2.7135484747350502,Electrical Failure
2026-02-16,Plant B,M-05,2.44583099722679,Mechanical Failure
2026-02-16,Plant C,M-01,1.24019249563163,Maintenance
2026-02-16,Plant C,M-01,2.120414016969084,Mechanical Failure
2026-02-16,Plant C,M-01,0.48015367968600203,Mechanical Failure
2026-02-16,Plant C,M-02,0.23487150515566171,Changeover
2026-02-16,Plant C,M-02,0.8708374816355664,Mechanical Failure
2026-02-16,Plant C,M-02,2.200013497410229,Operator Issue
2026-02-16,Plant C,M-03,0.7192144291401574,Maintenance
2026-02-16,Plant C,M-03,1.9375015345213797,Electrical Failure
2026-02-16,Plant C,M-03,3.057276868885809,Changeover
2026-02-16,Plant C,M-04,2.0263679454274066,Material Shortage
2026-02-16,Plant C,M-04,2.816940915939015,Operator Issue
2026-02-16,Plant C,M-04,0.8244840883993192,Electrical Failure
2026-02-16,Plant C,M-05,1.2774626702528338,Operator Issue
2026-02-16,Plant C,M-05,2.840522180993828,Changeover
2026-02-16,Plant C,M-05,2.3009154166838024,Material Shortage
2026-02-17,Plant A,M-01,1.3950909854847815,Mechanical Failure
2026-02-17,Plant A,M-01,1.375259234649395,Electrical Failure
2026-02-17,Plant A,M-01,1.7853103910676564,Mechanical Failure
2026-02-17,Plant A,M-02,2.99429568108363,Changeover
2026-02-17,Plant A,M-02,2.288143445949678,Changeover
2026-02-17,Plant A,M-02,3.2730417052903635,Maintenance
2026-02-17,Plant A,M-03,0.2976588917477881,Maintenance
2026-02-17,Plant A,M-03,0.3669845775019556,Operator Issue
2026-02-17,Plant A,M-03,3.2929647477668733,Mechanical Failure
2026-02-17,Plant A,M-04,0.2539439952794358,Electrical Failure
2026-02-17,Plant A,M-04,3.4624146659044226,Electrical Failure
2026-02-17,Plant A,M-04,1.8125248604259028,Operator Issue
2026-02-17,Plant A,M-05,1.2530146215808602,Material Shortage
2026-02-17,Plant A,M-05,1.0735046464463216,Changeover
2026-02-17,Plant A,M-05,2.9624931129344882,Mechanical Failure
2026-02-17,Plant B,M-01,0.8616814277179285,Material Shortage
2026-02-17,Plant B,M-01,1.9234267303773243,Electrical Failure
2026-02-17,Plant B,M-01,1.5165621492812806,Maintenance
2026-02-17,Plant B,M-02,3.2765310754335766,Electrical Failure
2026-02-17,Plant B,M-02,2.037489889298997,Maintenance
2026-02-17,Plant B,M-02,0.6302045797837403,Operator Issue
2026-02-17,Plant B,M-03,3.285645848089411,Material Shortage
2026-02-17,Plant B,M-03,3.1049824674811854,Changeover
2026-02-17,Plant B,M-03,3.3583798975659223,Operator Issue
2026-02-17,Plant B,M-04,5.871257184723887,Mechanical Failure
2026-02-17,Plant B,M-04,7.95462621965605,Changeover
2026-02-17,Plant B,M-04,4.678231977480542,Mechanical Failure
2026-02-17,Plant B,M-05,1.4084495416180505,Material Shortage
2026-02-17,Plant B,M-05,2.6286257656866336,Maintenance
2026-02-17,Plant B,M-05,2.226414449600415,Mechanical Failure
2026-02-17,Plant C,M-01,1.8453347483909999,Mechanical Failure
2026-02-17,Plant C,M-01,0.8394370231410451,Mechanical Failure
2026-02-17,Plant C,M-01,3.1239677726272506,Electrical Failure
2026-02-17,Plant C,M-02,3.061204275963057,Material Shortage
2026-02-17,Plant C,M-02,2.8883596869603667,Maintenance
2026-02-17,Plant C,M-02,2.9987123905437008,Maintenance
2026-02-17,Plant C,M-03,3.2071090139891894,Electrical Failure
2026-02-17,Plant C,M-03,3.2358895254500206,Operator Issue
2026-02-17,Plant C,M-03,2.4133949422597865,Electrical Failure
2026-02-17,Plant C,M-04,3.2980265021844297,Mechanical Failure
2026-02-17,Plant C,M-04,1.207059356749591,Operator Issue
2026-02-17,Plant C,M-04,0.8072985534521249,Changeover
2026-02-17,Plant C,M-05,1.728985375102701,Operator Issue
2026-02-17,Plant C,M-05,0.8810762494189965,Changeover
2026-02-17,Plant C,M-05,2.367420215279105,Mechanical Failure
2026-02-18,Plant A,M-01,0.6191685402947499,Electrical Failure
2026-02-18,Plant A,M-01,0.3460060877587674,Electrical Failure
2026-02-18,Plant A,M-01,2.5676629105791577,Maintenance
2026-02-18,Plant A,M-02,1.6127064928623143,Electrical Failure
2026-02-18,Plant A,M-02,2.2088105925300003,Changeover
2026-02-18,Plant A,M-02,2.2903201223690113,Mechanical Failure
2026-02-18,Plant A,M-03,0.8748842228346507,Mechanical Failure
2026-02-18,Plant A,M-03,0.2858975143965452,Maintenance
2026-02-18,Plant A,M-03,3.444435556707648,Maintenance
2026-02-18,Plant A,M-04,3.0828608378623574,Electrical Failure
2026-02-18,Plant A,M-04,1.4932499390885143,Changeover
2026-02-18,Plant A,M-04,3.2188899923310514,Maintenance
2026-02-18,Plant A,M-05,1.7318455539913824,Maintenance
2026-02-18,Plant A,M-05,2.3566890841315624,Maintenance
2026-02-18,Plant A,M-05,0.23939638984880224,Electrical Failure
2026-02-18,Plant B,M-01,1.5813971127173196,Maintenance
2026-02-18,Plant B,M-01,0.31479043683382235,Material Shortage
2026-02-18,Plant B,M-01,2.462898938549751,Maintenance
2026-02-18,Plant B,M-02,1.0941266669465108,Material Shortage
2026-02-18,Plant B,M-02,1.8706307238411786,Operator Issue
2026-02-18,Plant B,M-02,1.3506482536503899,Operator Issue
2026-02-18,Plant B,M-03,1.6045511559820904,Mechanical Failure
2026-02-18,Plant B,M-03,1.4677286042051894,Material Shortage
2026-02-18,Plant B,M-03,1.165568263959011,Material Shortage
2026-02-18,Plant B,M-04,6.463159195920498,Mechanical Failure
2026-02-18,Plant B,M-04,7.66729316809368,Mechanical Failure
2026-02-18,Plant B,M-04,6.931379747151766,Material Shortage
2026-02-18,Plant B,M-05,0.8594090371265015,Changeover
2026-02-18,Plant B,M-05,1.0077051975084304,Operator Issue
2026-02-18,Plant B,M-05,0.6654639778244724,Mechanical Failure
2026-02-18,Plant C,M-01,1.3364255883349632,Electrical Failure
2026-02-18,Plant C,M-01,0.42613575907006085,Operator Issue
2026-02-18,Plant C,M-01,2.882317202407684,Material Shortage
2026-02-18,Plant C,M-02,2.4728101801008684,Maintenance
2026-02-18,Plant C,M-02,2.102317526315472,Mechanical Failure
2026-02-18,Plant C,M-02,0.6943937439521409,Operator Issue
2026-02-18,Plant C,M-03,1.522291624256181,Changeover
2026-02-18,Plant C,M-03,3.451637571668125,Mechanical Failure
2026-02-18,Plant C,M-03,3.2535825777517404,Operator Issue
2026-02-18,Plant C,M-04,1.2711803540228466,Material Shortage
2026-02-18,Plant C,M-04,0.3098423125694079,Changeover
2026-02-18,Plant C,M-04,0.6389132692592709,Changeover
2026-02-18,Plant C,M-05,2.14031501962215,Operator Issue
2026-02-18,Plant C,M-05,3.4399967928839694,Electrical Failure
2026-02-18,Plant C,M-05,2.2650390697704648,Material Shortage
2026-02-19,Plant A,M-01,1.0673159865008828,Changeover
2026-02-19,Plant A,M-01,1.159198663277945,Changeover
2026-02-19,Plant A,M-01,0.35758140555870854,Material Shortage
2026-02-19,Plant A,M-02,3.4125737057927794,Material Shortage
2026-02-19,Plant A,M-02,1.1296643685995957,Operator Issue
2026-02-19,Plant A,M-02,2.74756393184048,Mechanical Failure
2026-02-19,Plant A,M-03,0.8985137291148606,Material Shortage
2026-02-19,Plant A,M-03,0.8275878472291753,Mechanical Failure
2026-02-19,Plant A,M-03,3.11679116955341,Operator Issue
2026-02-19,Plant A,M-04,1.7414421846370907,Operator Issue
2026-02-19,Plant A,M-04,2.658739628151912,Operator Issue
2026-02-19,Plant A,M-04,1.9555399396865023,Operator Issue
2026-02-19,Plant A,M-05,2.566716736093396,Maintenance
2026-02-19,Plant A,M-05,2.593657877271393,Maintenance
2026-02-19,Plant A,M-05,1.3059100800975416,Changeover
2026-02-19,Plant B,M-01,2.9472901561384153,Operator Issue
2026-02-19,Plant B,M-01,2.660979388948114,Changeover
2026-02-19,Plant B,M-01,2.0085091383312568,Material Shortage
2026-02-19,Plant B,M-02,0.7202799636760222,Maintenance
2026-02-19,Plant B,M-02,2.7000266479728894,Mechanical Failure
2026-02-19,Plant B,M-02,3.459032947077296,Material Shortage
2026-02-19,Plant B,M-03,1.1290656323527513,Operator Issue
2026-02-19,Plant B,M-03,0.9158794946019841,Electrical Failure
2026-02-19,Plant B,M-03,0.4520979454245088,Electrical Failure
2026-02-19,Plant B,M-04,5.155751402286867,Electrical Failure
2026-02-19,Plant B,M-04,7.271111535886512,Maintenance
2026-02-19,Plant B,M-04,6.11149683155825,Electrical Failure
2026-02-19,Plant B,M-05,2.3902567459898476,Maintenance
2026-02-19,Plant B,M-05,2.3631157576589032,Material Shortage
2026-02-19,Plant B,M-05,1.2447616962522727,Material Shortage
2026-02-19,Plant C,M-01,1.6565129490553057,Maintenance
2026-02-19,Plant C,M-01,0.5682701660229853,Mechanical Failure
2026-02-19,Plant C,M-01,3.150555074713227,Operator Issue
2026-02-19,Plant C,M-02,1.9672088006767976,Changeover
2026-02-19,Plant C,M-02,1.1972303888625713,Electrical Failure
2026-02-19,Plant C,M-02,0.7326065285578169,Changeover
2026-02-19,Plant C,M-03,2.3560217505820757,Electrical Failure
2026-02-19,Plant C,M-03,1.0232958355515804,Operator Issue
2026-02-19,Plant C,M-03,1.2303650707484262,Mechanical Failure
2026-02-19,Plant C,M-04,3.275344037762437,Changeover
2026-02-19,Plant C,M-04,2.1263427434049333,Electrical Failure
2026-02-19,Plant C,M-04,0.4494663880332842,Mechanical Failure
2026-02-19,Plant C,M-05,1.6125577134088462,Material Shortage
2026-02-19,Plant C,M-05,2.5053148957942075,Operator Issue
2026-02-19,Plant C,M-05,1.7560040256069696,Material Shortage
2026-02-20,Plant A,M-01,1.1248754905756133,Electrical Failure
2026-02-20,Plant A,M-01,3.0287520378410284,Mechanical Failure
2026-02-20,Plant A,M-01,1.4873736043319792,Material Shortage
2026-02-20,Plant A,M-02,0.3704179308350969,Mechanical Failure
2026-02-20,Plant A,M-02,1.2380384828845719,Electrical Failure
2026-02-20,Plant A,M-02,2.4505915760264205,Operator Issue
2026-02-20,Plant A,M-03,1.096401431459919,Maintenance
2026-02-20,Plant A,M-03,2.1350672729065647,Operator Issue
2026-02-20,Plant A,M-03,0.25707012003137253,Material Shortage
2026-02-20,Plant A,M-04,1.0369197837834236,Mechanical Failure
2026-02-20,Plant A,M-04,1.473322743181729,Operator Issue
2026-02-20,Plant A,M-04,2.8287500901122264,Operator Issue
2026-02-20,Plant A,M-05,0.3356277406649599,Material Shortage
2026-02-20,Plant A,M-05,1.6744910457835391,Changeover
2026-02-20,Plant A,M-05,2.663317205431866,Electrical Failure
2026-02-20,Plant B,M-01,2.249743687217431,Operator Issue
2026-02-20,Plant B,M-01,0.7854609769290797,Changeover
2026-02-20,Plant B,M-01,3.2229606314852237,Electrical Failure
2026-02-20,Plant B,M-02,0.30988268576506756,Operator Issue
2026-02-20,Plant B,M-02,1.448967667400326,Changeover
2026-02-20,Plant B,M-02,1.789569636583075,Maintenance
2026-02-20,Plant B,M-03,1.0092246086783407,Electrical Failure
2026-02-20,Plant B,M-03,1.7681234104151509,Electrical Failure
2026-02-20,Plant B,M-03,1.6976650081480353,Maintenance
2026-02-20,Plant B,M-04,4.606692562173459,Mechanical Failure
2026-02-20,Plant B,M-04,6.914260846533083,Maintenance
2026-02-20,Plant B,M-04,6.08557894505174,Mechanical Failure
2026-02-20,Plant B,M-05,1.6995317441055502,Changeover
2026-02-20,Plant B,M-05,0.9260329276045072,Electrical Failure
2026-02-20,Plant B,M-05,2.9280648021157893,Material Shortage
2026-02-20,Plant C,M-01,2.212574030245974,Mechanical Failure
2026-02-20,Plant C,M-01,2.423755799934971,Maintenance
2026-02-20,Plant C,M-01,0.42589545910594107,Operator Issue
2026-02-20,Plant C,M-02,1.4473607834928732,Material Shortage
2026-02-20,Plant C,M-02,1.7991406745521394,Material Shortage
2026-02-20,Plant C,M-02,0.6950797921734959,Material Shortage
2026-02-20,Plant C,M-03,1.2253239217691263,Changeover
2026-02-20,Plant C,M-03,2.5560528966987706,Operator Issue
2026-02-20,Plant C,M-03,1.3574856086728713,Maintenance
2026-02-20,Plant C,M-04,0.9951417407019112,Changeover
2026-02-20,Plant C,M-04,1.9991297359979783,Operator Issue
2026-02-20,Plant C,M-04,0.5233826486980531,Maintenance
2026-02-20,Plant C,M-05,2.291242153296266,Operator Issue
2026-02-20,Plant C,M-05,2.349871090165931,Changeover
2026-02-20,Plant C,M-05,1.9283782238311493,Changeover
2026-02-21,Plant A,M-01,2.8914370357020363,Maintenance
2026-02-21,Plant A,M-01,3.1796326116690774,Maintenance
2026-02-21,Plant A,M-01,3.156360899220964,Mechanical Failure
2026-02-21,Plant A,M-02,1.929972325014852,Electrical Failure
2026-02-21,Plant A,M-02,0.34304054576017506,Maintenance
2026-02-21,Plant A,M-02,1.922604785501779,Mechanical Failure
2026-02-21,Plant A,M-03,1.5696501300478707,Mechanical Failure
2026-02-21,Plant A,M-03,1.9266194658920641,Material Shortage
2026-02-21,Plant A,M-03,2.5013789531784107,Mechanical Failure
2026-02-21,Plant A,M-04,3.180938402968413,Mechanical Failure
2026-02-21,Plant A,M-04,0.9534244045630877,Electrical Failure
2026-02-21,Plant A,M-04,2.928747671624447,Mechanical Failure
2026-02-21,Plant A,M-05,2.246361455653319,Operator Issue
2026-02-21,Plant A,M-05,1.2747002165177104,Maintenance
2026-02-21,Plant A,M-05,0.2195805392619864,Maintenance
2026-02-21,Plant B,M-01,2.244091127984004,Electrical Failure
2026-02-21,Plant B,M-01,2.1383658643865355,Operator Issue
2026-02-21,Plant B,M-01,1.3273330061422046,Maintenance
2026-02-21,Plant B,M-02,1.503369411114151,Maintenance
2026-02-21,Plant B,M-02,2.1038059960646516,Maintenance
2026-02-21,Plant B,M-02,2.401105057846854,Operator Issue
2026-02-21,Plant B,M-03,0.8873284834627639,Electrical Failure
2026-02-21,Plant B,M-03,1.2835792626797777,Material Shortage
2026-02-21,Plant B,M-03,0.9671478327153191,Electrical Failure
2026-02-21,Plant B,M-04,4.733173454237686,Electrical Failure
2026-02-21,Plant B,M-04,6.786964000838603,Mechanical Failure
2026-02-21,Plant B,M-04,7.1732726853378,Operator Issue
2026-02-21,Plant B,M-05,1.930439105962677,Changeover
2026-02-21,Plant B,M-05,1.7620687917982436,Changeover
2026-02-21,Plant B,M-05,1.7774604119764783,Operator Issue
2026-02-21,Plant C,M-01,0.9942602004370247,Electrical Failure
2026-02-21,Plant C,M-01,2.5937911123245168,Electrical Failure
2026-02-21,Plant C,M-01,1.400546957826705,Electrical Failure
2026-02-21,Plant C,M-02,1.3973061005553937,Changeover
2026-02-21,Plant C,M-02,1.1274794248736009,Material Shortage
2026-02-21,Plant C,M-02,0.41999631921021685,Material Shortage
2026-02-21,Plant C,M-03,0.43320502801665894,Changeover
2026-02-21,Plant C,M-03,2.336930766256294,Maintenance
2026-02-21,Plant C,M-03,0.8732285004855314,Material Shortage
2026-02-21,Plant C,M-04,0.4235990331693864,Maintenance
2026-02-21,Plant C,M-04,2.155166336959929,Material Shortage
2026-02-21,Plant C,M-04,3.1802870334780504,Changeover
2026-02-21,Plant C,M-05,1.440671637132468,Mechanical Failure
2026-02-21,Plant C,M-05,1.5904783895605021,Electrical Failure
2026-02-21,Plant C,M-05,3.435761775252512,Mechanical Failure
2026-02-22,Plant A,M-01,0.43153438949626843,Electrical Failure
2026-02-22,Plant A,M-01,1.483563002572193,Material Shortage
2026-02-22,Plant A,M-01,1.980080036086441,Electrical Failure
2026-02-22,Plant A,M-02,0.2254027497505522,Material Shortage
2026-02-22,Plant A,M-02,2.2435587054994808,Maintenance
2026-02-22,Plant A,M-02,3.3892348732782547,Changeover
2026-02-22,Plant A,M-03,2.3931121124298316,Changeover
2026-02-22,Plant A,M-03,3.1356491165106535,Mechanical Failure
2026-02-22,Plant A,M-03,1.082213955958492,Mechanical Failure
2026-02-22,Plant A,M-04,1.6958393329142718,Maintenance
2026-02-22,Plant A,M-04,0.3178461317928722,Maintenance
2026-02-22,Plant A,M-04,3.37736088970126,Electrical Failure
2026-02-22,Plant A,M-05,1.7550369919823525,Maintenance
2026-02-22,Plant A,M-05,2.930013951077399,Material Shortage
2026-02-22,Plant A,M-05,1.1728125572247807,Maintenance
2026-02-22,Plant B,M-01,1.2522174430290902,Material Shortage
2026-02-22,Plant B,M-01,1.1722403889601811,Electrical Failure
2026-02-22,Plant B,M-01,0.5428414695672361,Mechanical Failure
2026-02-22,Plant B,M-02,1.3097785861902,Operator Issue
2026-02-22,Plant B,M-02,2.3906273226942925,Electrical Failure
2026-02-22,Plant B,M-02,2.830016770356183,Electrical Failure
2026-02-22,Plant B,M-03,3.0718793356583567,Operator Issue
2026-02-22,Plant B,M-03,2.80476593419184,Changeover
2026-02-22,Plant B,M-03,1.3183102246206249,Mechanical Failure
2026-02-22,Plant B,M-04,6.351073850424358,Maintenance
2026-02-22,Plant B,M-04,7.656753696534044,Mechanical Failure
2026-02-22,Plant B,M-04,5.963726923265861,Operator Issue
2026-02-22,Plant B,M-05,3.1525161413798064,Maintenance
2026-02-22,Plant B,M-05,0.9840948400439857,Material Shortage
2026-02-22,Plant B,M-05,3.223417588643829,Mechanical Failure
2026-02-22,Plant C,M-01,2.7751162171630184,Changeover
2026-02-22,Plant C,M-01,1.156655123769525,Mechanical Failure
2026-02-22,Plant C,M-01,1.3022023721277598,Material Shortage
2026-02-22,Plant C,M-02,2.5975364389127455,Electrical Failure
2026-02-22,Plant C,M-02,1.6089891008303303,Electrical Failure
2026-02-22,Plant C,M-02,0.930076648129077,Operator Issue
2026-02-22,Plant C,M-03,2.526646757024264,Changeover
2026-02-22,Plant C,M-03,3.4612156137778096,Operator Issue
2026-02-22,Plant C,M-03,2.939055012236794,Material Shortage
2026-02-22,Plant C,M-04,1.4251808495797338,Operator Issue
2026-02-22,Plant C,M-04,2.55898166518858,Material Shortage
2026-02-22,Plant C,M-04,2.2923220122649086,Operator Issue
2026-02-22,Plant C,M-05,3.407316629414759,Mechanical Failure
2026-02-22,Plant C,M-05,2.397048989500604,Maintenance
2026-02-22,Plant C,M-05,0.8502157853442789,Mechanical Failure
2026-02-23,Plant A,M-01,0.37382141547798786,Changeover
2026-02-23,Plant A,M-01,1.9590428500323243,Material Shortage
2026-02-23,Plant A,M-01,3.35989043957534,Changeover
2026-02-23,Plant A,M-02,2.677605927330077,Maintenance
2026-02-23,Plant A,M-02,2.2262275188284932,Material Shortage
2026-02-23,Plant A,M-02,0.7620943934205695,Maintenance
2026-02-23,Plant A,M-03,2.711998000046064,Maintenance
2026-02-23,Plant A,M-03,2.038122508274831,Operator Issue
2026-02-23,Plant A,M-03,0.23224836368428814,Maintenance
2026-02-23,Plant A,M-04,0.5189937316467146,Changeover
2026-02-23,Plant A,M-04,2.7092783611956617,Material Shortage
2026-02-23,Plant A,M-04,2.3058603120203798,Material Shortage
2026-02-23,Plant A,M-05,1.9019291445674205,Changeover
2026-02-23,Plant A,M-05,1.4927686890971985,Maintenance
2026-02-23,Plant A,M-05,1.6743778380035474,Electrical Failure
2026-02-23,Plant B,M-01,1.0745388953961028,Mechanical Failure
2026-02-23,Plant B,M-01,2.1693627665721165,Maintenance
2026-02-23,Plant B,M-01,1.131934285191352,Electrical Failure
2026-02-23,Plant B,M-02,2.2080205856599355,Maintenance
2026-02-23,Plant B,M-02,0.5858147881794515,Maintenance
2026-02-23,Plant B,M-02,0.7609877792684039,Material Shortage
2026-02-23,Plant B,M-03,1.0114290353621465,Operator Issue
2026-02-23,Plant B,M-03,2.3750746213511067,Mechanical Failure
2026-02-23,Plant B,M-03,0.7972326060997839,Changeover
2026-02-23,Plant B,M-04,4.1712105442724265,Electrical Failure
2026-02-23,Plant B,M-04,4.179542741986893,Changeover
2026-02-23,Plant B,M-04,5.368118058418412,Mechanical Failure
2026-02-23,Plant B,M-05,0.9292939198279959,Material Shortage
2026-02-23,Plant B,M-05,2.1242959831337274,Material Shortage
2026-02-23,Plant B,M-05,1.4526590246140514,Maintenance
2026-02-23,Plant C,M-01,0.4135238495715089,Mechanical Failure
2026-02-23,Plant C,M-01,1.3520200554304707,Changeover
2026-02-23,Plant C,M-01,0.4160885600397231,Mechanical Failure
2026-02-23,Plant C,M-02,2.5336289701368386,Mechanical Failure
2026-02-23,Plant C,M-02,2.8606122936335776,Operator Issue
2026-02-23,Plant C,M-02,3.1584013997202387,Material Shortage
2026-02-23,Plant C,M-03,0.7171243477266287,Electrical Failure
2026-02-23,Plant C,M-03,1.4910531302354937,Mechanical Failure
2026-02-23,Plant C,M-03,2.2112232338355224,Operator Issue
2026-02-23,Plant C,M-04,0.5392874745624767,Maintenance
2026-02-23,Plant C,M-04,2.478298017359156,Maintenance
2026-02-23,Plant C,M-04,3.063847239223839,Mechanical Failure
2026-02-23,Plant C,M-05,0.659709360020101,Material Shortage
2026-02-23,Plant C,M-05,2.2952163456542234,Electrical Failure
2026-02-23,Plant C,M-05,1.86828768731814,Mechanical Failure
2026-02-24,Plant A,M-01,1.065646807843421,Maintenance
2026-02-24,Plant A,M-01,2.051978655226269,Operator Issue
2026-02-24,Plant A,M-01,0.8277283235145341,Material Shortage
2026-02-24,Plant A,M-02,1.826951023613094,Maintenance
2026-02-24,Plant A,M-02,0.6316370677564878,Material Shortage
2026-02-24,Plant A,M-02,2.002310150983748,Electrical Failure
2026-02-24,Plant A,M-03,0.24282301314578944,Mechanical Failure
2026-02-24,Plant A,M-03,0.6971721655634302,Material Shortage
2026-02-24,Plant A,M-03,3.259706437301847,Maintenance
2026-02-24,Plant A,M-04,2.6020778642715565,Electrical Failure
2026-02-24,Plant A,M-04,1.2593653748179687,Maintenance
2026-02-24,Plant A,M-04,3.0319886748250764,Changeover
2026-02-24,Plant A,M-05,0.5836109838767953,Mechanical Failure
2026-02-24,Plant A,M-05,1.0089158146998747,Mechanical Failure
2026-02-24,Plant A,M-05,0.34959329675838047,Mechanical Failure
2026-02-24,Plant B,M-01,3.337250391463372,Changeover
2026-02-24,Plant B,M-01,1.7977420163936058,Material Shortage
2026-02-24,Plant B,M-01,2.2023337135028296,Changeover
2026-02-24,Plant B,M-02,0.7744116534441177,Maintenance
2026-02-24,Plant B,M-02,0.6741322399707417,Material Shortage
2026-02-24,Plant B,M-02,1.1306275113510849,Electrical Failure
2026-02-24,Plant B,M-03,0.3421672010195519,Maintenance
2026-02-24,Plant B,M-03,2.3455878156713394,Changeover
2026-02-24,Plant B,M-03,2.874938236556211,Material Shortage
2026-02-24,Plant B,M-04,4.341590768540325,Material Shortage
2026-02-24,Plant B,M-04,7.876466123762954,Changeover
2026-02-24,Plant B,M-04,5.15155571751937,Electrical Failure
2026-02-24,Plant B,M-05,0.7021633631733277,Material Shortage
2026-02-24,Plant B,M-05,2.6279434846483825,Mechanical Failure
2026-02-24,Plant B,M-05,1.1733759733403828,Maintenance
2026-02-24,Plant C,M-01,0.8160911816226599,Material Shortage
2026-02-24,Plant C,M-01,0.7237189507825101,Mechanical Failure
2026-02-24,Plant C,M-01,1.880057496891738,Material Shortage
2026-02-24,Plant C,M-02,2.9888486152348643,Material Shortage
2026-02-24,Plant C,M-02,1.9900576393100482,Changeover
2026-02-24,Plant C,M-02,0.5952686536157512,Electrical Failure
2026-02-24,Plant C,M-03,2.069118992709546,Operator Issue
2026-02-24,Plant C,M-03,1.142673609623513,Changeover
2026-02-24,Plant C,M-03,2.11506341151687,Mechanical Failure
2026-02-24,Plant C,M-04,1.1398135639201568,Maintenance
2026-02-24,Plant C,M-04,1.74150620588736,Mechanical Failure
2026-02-24,Plant C,M-04,2.7489454830066977,Electrical Failure
2026-02-24,Plant C,M-05,2.362099985133663,Electrical Failure
2026-02-24,Plant C,M-05,3.4139488003277423,Changeover
2026-02-24,Plant C,M-05,0.9585696509674393,Electrical Failure
2026-02-25,Plant A,M-01,3.1864334514950015,Material Shortage
2026-02-25,Plant A,M-01,0.2328469648541023,Mechanical Failure
2026-02-25,Plant A,M-01,3.040623136538562,Electrical Failure
2026-02-25,Plant A,M-02,1.367961332698502,Material Shortage
2026-02-25,Plant A,M-02,0.98181989259014,Operator Issue
2026-02-25,Plant A,M-02,3.310506515246528,Maintenance
2026-02-25,Plant A,M-03,2.3109980486096515,Material Shortage
2026-02-25,Plant A,M-03,1.1218758666945075,Mechanical Failure
2026-02-25,Plant A,M-03,2.80610996252915,Maintenance
2026-02-25,Plant A,M-04,2.776725250256063,Electrical Failure
2026-02-25,Plant A,M-04,3.0779643490169897,Electrical Failure
2026-02-25,Plant A,M-04,3.110955598721235,Mechanical Failure
2026-02-25,Plant A,M-05,0.7563855810839231,Changeover
2026-02-25,Plant A,M-05,2.4886372098457614,Mechanical Failure
2026-02-25,Plant A,M-05,1.2699726170344734,Electrical Failure
2026-02-25,Plant B,M-01,2.6912585609043926,Maintenance
2026-02-25,Plant B,M-01,2.632161500310939,Mechanical Failure
2026-02-25,Plant B,M-01,1.500998559855224,Maintenance
2026-02-25,Plant B,M-02,2.8837354192385676,Material Shortage
2026-02-25,Plant B,M-02,0.5804654877840697,Mechanical Failure
2026-02-25,Plant B,M-02,0.31834591490037323,Mechanical Failure
2026-02-25,Plant B,M-03,2.680021273701137,Material Shortage
2026-02-25,Plant B,M-03,3.0097356249296667,Maintenance
2026-02-25,Plant B,M-03,2.5267693817566066,Changeover
2026-02-25,Plant B,M-04,6.582762673798154,Electrical Failure
2026-02-25,Plant B,M-04,5.4270267167907775,Electrical Failure
2026-02-25,Plant B,M-04,7.504559138736029,Changeover
2026-02-25,Plant B,M-05,1.0171374169011165,Operator Issue
2026-02-25,Plant B,M-05,1.0351785306307086,Operator Issue
2026-02-25,Plant B,M-05,2.3854169068208853,Changeover
2026-02-25,Plant C,M-01,3.318954195838307,Changeover
2026-02-25,Plant C,M-01,0.39429278995086026,Changeover
2026-02-25,Plant C,M-01,3.4931007619079444,Changeover
2026-02-25,Plant C,M-02,3.4287642012656923,Mechanical Failure
2026-02-25,Plant C,M-02,1.4554666908276719,Mechanical Failure
2026-02-25,Plant C,M-02,0.6943717705007031,Maintenance
2026-02-25,Plant C,M-03,1.4798126348984184,Material Shortage
2026-02-25,Plant C,M-03,3.3377754129560677,Changeover
2026-02-25,Plant C,M-03,1.2339818460993413,Electrical Failure
2026-02-25,Plant C,M-04,3.135057722147231,Operator Issue
2026-02-25,Plant C,M-04,3.4096715466081826,Electrical Failure
2026-02-25,Plant C,M-04,0.8428534633169691,Mechanical Failure
2026-02-25,Plant C,M-05,1.4107556841557376,Electrical Failure
2026-02-25,Plant C,M-05,0.5134257765644719,Mechanical Failure
2026-02-25,Plant C,M-05,2.3783941660683303,Changeover
2026-02-26,Plant A,M-01,3.2559410626154537,Changeover
2026-02-26,Plant A,M-01,2.4512044483041677,Material Shortage
2026-02-26,Plant A,M-01,0.6664793371316498,Operator Issue
2026-02-26,Plant A,M-02,1.4450428904250914,Operator Issue
2026-02-26,Plant A,M-02,0.8880044822512054,Changeover
2026-02-26,Plant A,M-02,0.9930651360231606,Operator Issue
2026-02-26,Plant A,M-03,3.4028324453691456,Operator Issue
2026-02-26,Plant A,M-03,2.0871898643541407,Material Shortage
2026-02-26,Plant A,M-03,0.3779250565062413,Mechanical Failure
2026-02-26,Plant A,M-04,0.6807871931391208,Mechanical Failure
2026-02-26,Plant A,M-04,2.444585259422348,Changeover
2026-02-26,Plant A,M-04,1.2531604012628377,Changeover
2026-02-26,Plant A,M-05,1.2392015068381637,Operator Issue
2026-02-26,Plant A,M-05,1.304508991913256,Maintenance
2026-02-26,Plant A,M-05,2.415388397375748,Mechanical Failure
2026-02-26,Plant B,M-01,1.6028392424042535,Changeover
2026-02-26,Plant B,M-01,0.4959382469759544,Changeover
2026-02-26,Plant B,M-01,2.00026311272263,Maintenance
2026-02-26,Plant B,M-02,1.0715642875909501,Maintenance
2026-02-26,Plant B,M-02,0.9345299626459216,Changeover
2026-02-26,Plant B,M-02,0.47001697939276604,Material Shortage
2026-02-26,Plant B,M-03,2.3601024967746573,Electrical Failure
2026-02-26,Plant B,M-03,1.6788318375867335,Material Shortage
2026-02-26,Plant B,M-03,1.2650295498138646,Maintenance
2026-02-26,Plant B,M-04,5.027875415597084,Mechanical Failure
2026-02-26,Plant B,M-04,5.4553308410735415,Mechanical Failure
2026-02-26,Plant B,M-04,4.443726973057159,Mechanical Failure
2026-02-26,Plant B,M-05,1.191860820869506,Operator Issue
2026-02-26,Plant B,M-05,2.748347032172742,Maintenance
2026-02-26,Plant B,M-05,1.7892076703917643,Material Shortage
2026-02-26,Plant C,M-01,0.5750646979182432,Mechanical Failure
2026-02-26,Plant C,M-01,0.8831027441415491,Electrical Failure
2026-02-26,Plant C,M-01,0.39270753939520786,Changeover
2026-02-26,Plant C,M-02,1.1100496271966698,Operator Issue
2026-02-26,Plant C,M-02,1.7105729123612576,Material Shortage
2026-02-26,Plant C,M-02,2.0857802669686594,Material Shortage
2026-02-26,Plant C,M-03,2.9760066801864755,Material Shortage
2026-02-26,Plant C,M-03,2.7248344555610435,Changeover
2026-02-26,Plant C,M-03,2.085164033860644,Maintenance
2026-02-26,Plant C,M-04,0.6391859092702314,Electrical Failure
2026-02-26,Plant C,M-04,0.5310378188797246,Electrical Failure
2026-02-26,Plant C,M-04,0.9987319761609537,Maintenance
2026-02-26,Plant C,M-05,1.6848666020164111,Operator Issue
2026-02-26,Plant C,M-05,2.5201096742038014,Electrical Failure
2026-02-26,Plant C,M-05,2.236279012143893,Electrical Failure
2026-02-27,Plant A,M-01,2.704882852044972,Changeover
2026-02-27,Plant A,M-01,2.101411861273999,Mechanical Failure
2026-02-27,Plant A,M-01,2.37489750663664,Operator Issue
2026-02-27,Plant A,M-02,2.754070639416594,Operator Issue
2026-02-27,Plant A,M-02,0.6288511834538393,Maintenance
2026-02-27,Plant A,M-02,0.908571800891544,Changeover
2026-02-27,Plant A,M-03,2.9123273559429137,Operator Issue
2026-02-27,Plant A,M-03,2.6505575093193596,Mechanical Failure
2026-02-27,Plant A,M-03,2.1005055026165023,Mechanical Failure
2026-02-27,Plant A,M-04,2.5516495618494623,Operator Issue
2026-02-27,Plant A,M-04,2.4379916682598197,Operator Issue
2026-02-27,Plant A,M-04,1.008359301178384,Mechanical Failure
2026-02-27,Plant A,M-05,2.4495492473709763,Changeover
2026-02-27,Plant A,M-05,0.6581774204083513,Electrical Failure
2026-02-27,Plant A,M-05,0.6518221151737389,Operator Issue
2026-02-27,Plant B,M-01,2.280433945702423,Mechanical Failure
2026-02-27,Plant B,M-01,0.8148128299751038,Maintenance
2026-02-27,Plant B,M-01,3.482276650372126,Material Shortage
2026-02-27,Plant B,M-02,1.1207665854815296,Electrical Failure
2026-02-27,Plant B,M-02,1.2729865725627956,Mechanical Failure
2026-02-27,Plant B,M-02,2.195056793193984,Operator Issue
2026-02-27,Plant B,M-03,1.9924053082312243,Maintenance
2026-02-27,Plant B,M-03,0.5649857798925041,Operator Issue
2026-02-27,Plant B,M-03,1.2669563423705146,Operator Issue
2026-02-27,Plant B,M-04,7.331476167191958,Changeover
2026-02-27,Plant B,M-04,5.960805834225067,Maintenance
2026-02-27,Plant B,M-04,7.10752398303323,Electrical Failure
2026-02-27,Plant B,M-05,1.9882584536989278,Mechanical Failure
2026-02-27,Plant B,M-05,0.740002459422759,Operator Issue
2026-02-27,Plant B,M-05,1.1208398775298587,Maintenance
2026-02-27,Plant C,M-01,2.5814732132977194,Operator Issue
2026-02-27,Plant C,M-01,0.667660187216989,Maintenance
2026-02-27,Plant C,M-01,1.5127914639034536,Material Shortage
2026-02-27,Plant C,M-02,1.6729538924626657,Maintenance
2026-02-27,Plant C,M-02,3.3912828306534233,Mechanical Failure
2026-02-27,Plant C,M-02,3.3566128697669324,Operator Issue
2026-02-27,Plant C,M-03,3.439872690817365,Maintenance
2026-02-27,Plant C,M-03,2.6771458530588053,Mechanical Failure
2026-02-27,Plant C,M-03,1.1148425244922116,Mechanical Failure
2026-02-27,Plant C,M-04,2.655179872241639,Operator Issue
2026-02-27,Plant C,M-04,0.3670157744986725,Maintenance
2026-02-27,Plant C,M-04,1.9248873504856836,Changeover
2026-02-27,Plant C,M-05,2.799438811925182,Changeover
2026-02-27,Plant C,M-05,2.8218692979866473,Material Shortage
2026-02-27,Plant C,M-05,0.5290878802180268,Electrical Failure
2026-02-28,Plant A,M-01,3.4640366479797544,Mechanical Failure
2026-02-28,Plant A,M-01,0.6184119901312415,Changeover
2026-02-28,Plant A,M-01,0.3814401895555082,Material Shortage
2026-02-28,Plant A,M-02,0.32527249117761226,Changeover
2026-02-28,Plant A,M-02,0.48203787578498675,Electrical Failure
2026-02-28,Plant A,M-02,1.7068023567305424,Changeover
2026-02-28,Plant A,M-03,0.4194064499490775,Changeover
2026-02-28,Plant A,M-03,0.33255378603691804,Electrical Failure
2026-02-28,Plant A,M-03,0.8205885742612522,Material Shortage
2026-02-28,Plant A,M-04,0.658569223449301,Mechanical Failure
2026-02-28,Plant A,M-04,1.0319203148761193,Operator Issue
2026-02-28,Plant A,M-04,2.1770344735446674,Maintenance
2026-02-28,Plant A,M-05,0.49734082306685345,Electrical Failure
2026-02-28,Plant A,M-05,1.0373707773031433,Operator Issue
2026-02-28,Plant A,M-05,1.989245628124043,Maintenance
2026-02-28,Plant B,M-01,1.8214075432749606,Changeover
2026-02-28,Plant B,M-01,2.908138994162961,Electrical Failure
2026-02-28,Plant B,M-01,2.4767128094365765,Maintenance
2026-02-28,Plant B,M-02,1.215948860410585,Operator Issue
2026-02-28,Plant B,M-02,1.8309785571451223,Mechanical Failure
2026-02-28,Plant B,M-02,1.5057159240515376,Operator Issue
2026-02-28,Plant B,M-03,2.4412128290407797,Operator Issue
2026-02-28,Plant B,M-03,0.38756890156340473,Electrical Failure
2026-02-28,Plant B,M-03,1.7989877123734876,Mechanical Failure
2026-02-28,Plant B,M-04,7.403723309732964,Mechanical Failure
2026-02-28,Plant B,M-04,4.84754615779983,Electrical Failure
2026-02-28,Plant B,M-04,5.431871302238662,Mechanical Failure
2026-02-28,Plant B,M-05,0.6065332305413397,Material Shortage
2026-02-28,Plant B,M-05,1.6188011676908918,Changeover
2026-02-28,Plant B,M-05,1.055953984229896,Maintenance
2026-02-28,Plant C,M-01,0.47983345361294394,Maintenance
2026-02-28,Plant C,M-01,0.4554934689983723,Operator Issue
2026-02-28,Plant C,M-01,1.0100975535860064,Operator Issue
2026-02-28,Plant C,M-02,0.8754825262519081,Maintenance
2026-02-28,Plant C,M-02,3.2589041871807303,Material Shortage
2026-02-28,Plant C,M-02,3.3292865443009627,Maintenance
2026-02-28,Plant C,M-03,0.8662569852385364,Changeover
2026-02-28,Plant C,M-03,0.3298859893059041,Changeover
2026-02-28,Plant C,M-03,2.2791722670937737,Operator Issue
2026-02-28,Plant C,M-04,1.099989980867197,Electrical Failure
2026-02-28,Plant C,M-04,2.3267774857336154,Maintenance
2026-02-28,Plant C,M-04,2.2970939513034114,Electrical Failure
2026-02-28,Plant C,M-05,0.4260724584503197,Changeover
2026-02-28,Plant C,M-05,0.5568936734437666,Material Shortage
2026-02-28,Plant C,M-05,1.8606195674592143,Operator Issue
2026-03-01,Plant A,M-01,1.466260653351078,Maintenance
2026-03-01,Plant A,M-01,2.661452638314401,Changeover
2026-03-01,Plant A,M-01,0.696314299623825,Operator Issue
2026-03-01,Plant A,M-02,2.267006288521651,Electrical Failure
2026-03-01,Plant A,M-02,2.564539681530636,Operator Issue
2026-03-01,Plant A,M-02,3.297034022491544,Operator Issue
2026-03-01,Plant A,M-03,1.0782948248681135,Changeover
2026-03-01,Plant A,M-03,2.1646806733861137,Mechanical Failure
2026-03-01,Plant A,M-03,2.8139490720693616,Electrical Failure
2026-03-01,Plant A,M-04,2.564610214718247,Operator Issue
2026-03-01,Plant A,M-04,3.1809596473885398,Changeover
2026-03-01,Plant A,M-04,2.4684705989622153,Operator Issue
2026-03-01,Plant A,M-05,3.4319402048993,Maintenance
2026-03-01,Plant A,M-05,2.678541360140177,Material Shortage
2026-03-01,Plant A,M-05,2.017879510196061,Operator Issue
2026-03-01,Plant B,M-01,1.8741510522428413,Mechanical Failure
2026-03-01,Plant B,M-01,2.6851851016563866,Material Shortage
2026-03-01,Plant B,M-01,3.3489154955545324,Material Shortage
2026-03-01,Plant B,M-02,1.790239923989699,Material Shortage
2026-03-01,Plant B,M-02,0.9282804083688825,Material Shortage
2026-03-01,Plant B,M-02,2.572610699711266,Material Shortage
2026-03-01,Plant B,M-03,0.3252366046609089,Mechanical Failure
2026-03-01,Plant B,M-03,3.110766705987687,Electrical Failure
2026-03-01,Plant B,M-03,3.411333581593271,Operator Issue
2026-03-01,Plant B,M-04,5.145357770219159,Mechanical Failure
2026-03-01,Plant B,M-04,6.540204280809957,Maintenance
2026-03-01,Plant B,M-04,4.6045359993955755,Electrical Failure
2026-03-01,Plant B,M-05,2.5789141458768094,Material Shortage
2026-03-01,Plant B,M-05,0.7383236308768621,Operator Issue
2026-03-01,Plant B,M-05,1.4590781801627035,Material Shortage
2026-03-01,Plant C,M-01,0.24542348800681996,Changeover
2026-03-01,Plant C,M-01,2.4333319965789713,Operator Issue
2026-03-01,Plant C,M-01,1.798059417173822,Changeover
2026-03-01,Plant C,M-02,0.7378084760817767,Changeover
2026-03-01,Plant C,M-02,1.514592244680242,Material Shortage
2026-03-01,Plant C,M-02,0.7564815229990358,Mechanical Failure
2026-03-01,Plant C,M-03,3.3617746453677535,Changeover
2026-03-01,Plant C,M-03,0.6770508169532506,Electrical Failure
2026-03-01,Plant C,M-03,2.622580493512583,Operator Issue
2026-03-01,Plant C,M-04,0.37000145772868054,Mechanical Failure
2026-03-01,Plant C,M-04,0.6175347318414073,Mechanical Failure
2026-03-01,Plant C,M-04,1.523845029079189,Changeover
2026-03-01,Plant C,M-05,0.6844194061419777,Electrical Failure
2026-03-01,Plant C,M-05,0.2594549371464279,Maintenance
2026-03-01,Plant C,M-05,1.7081834255870998,Operator Issue
2026-03-02,Plant A,M-01,3.4844352303677093,Material Shortage
2026-03-02,Plant A,M-01,3.1199379939807166,Mechanical Failure
2026-03-02,Plant A,M-01,1.6214485171082744,Maintenance
2026-03-02,Plant A,M-02,0.3348841257025894,Material Shortage
2026-03-02,Plant A,M-02,0.39713673891316126,Material Shortage
2026-03-02,Plant A,M-02,1.5229479502798675,Mechanical Failure
2026-03-02,Plant A,M-03,1.2536910570782984,Mechanical Failure
2026-03-02,Plant A,M-03,0.8313741588785073,Changeover
2026-03-02,Plant A,M-03,3.2767612630741048,Changeover
2026-03-02,Plant A,M-04,2.2213154566776687,Maintenance
2026-03-02,Plant A,M-04,3.0759971589095643,Electrical Failure
2026-03-02,Plant A,M-04,1.0428575407429368,Mechanical Failure
2026-03-02,Plant A,M-05,0.9268149034235269,Material Shortage
2026-03-02,Plant A,M-05,2.238430530602421,Maintenance
2026-03-02,Plant A,M-05,0.32866508540015354,Operator Issue
2026-03-02,Plant B,M-01,0.9229205121366781,Operator Issue
2026-03-02,Plant B,M-01,0.37598831589944054,Maintenance
2026-03-02,Plant B,M-01,1.6674026537677635,Changeover
2026-03-02,Plant B,M-02,3.3409676806285,Changeover
2026-03-02,Plant B,M-02,2.590396931658621,Changeover
2026-03-02,Plant B,M-02,1.700938249047544,Electrical Failure
2026-03-02,Plant B,M-03,0.36450300229563753,Operator Issue
2026-03-02,Plant B,M-03,2.9496565711597587,Material Shortage
2026-03-02,Plant B,M-03,1.9748446468689662,Mechanical Failure
2026-03-02,Plant B,M-04,4.234028605797746,Mechanical Failure
2026-03-02,Plant B,M-04,6.277768076084974,Mechanical Failure
2026-03-02,Plant B,M-04,5.676220202356356,Changeover
2026-03-02,Plant B,M-05,1.686552358471061,Electrical Failure
2026-03-02,Plant B,M-05,3.493558471700993,Changeover
2026-03-02,Plant B,M-05,0.9498282905297046,Changeover
2026-03-02,Plant C,M-01,3.340108775133241,Mechanical Failure
2026-03-02,Plant C,M-01,1.0006031559463924,Operator Issue
2026-03-02,Plant C,M-01,1.4281195130443645,Electrical Failure
2026-03-02,Plant C,M-02,1.7722709297696342,Operator Issue
2026-03-02,Plant C,M-02,2.3588199234896847,Changeover
2026-03-02,Plant C,M-02,0.5857922374300133,Mechanical Failure
2026-03-02,Plant C,M-03,0.29752421010734126,Material Shortage
2026-03-02,Plant C,M-03,3.3202647937144394,Mechanical Failure
2026-03-02,Plant C,M-03,2.4600655220885965,Changeover
2026-03-02,Plant C,M-04,2.025438822915587,Maintenance
2026-03-02,Plant C,M-04,0.5489263841572867,Changeover
2026-03-02,Plant C,M-04,1.2853886605150906,Maintenance
2026-03-02,Plant C,M-05,1.8451362096831132,Changeover
2026-03-02,Plant C,M-05,2.1610118176563353,Mechanical Failure
2026-03-02,Plant C,M-05,2.970697025475415,Changeover
2026-03-03,Plant A,M-01,1.921086782338596,Changeover
2026-03-03,Plant A,M-01,1.1760953587459901,Electrical Failure
2026-03-03,Plant A,M-01,2.9302324225161978,Electrical Failure
2026-03-03,Plant A,M-02,3.1865460213636587,Operator Issue
2026-03-03,Plant A,M-02,1.6076777155480688,Maintenance
2026-03-03,Plant A,M-02,1.8409392426299558,Maintenance
2026-03-03,Plant A,M-03,0.4221193316338082,Mechanical Failure
2026-03-03,Plant A,M-03,2.2687557433753662,Changeover
2026-03-03,Plant A,M-03,1.0227487615163178,Maintenance
2026-03-03,Plant A,M-04,2.287723999803848,Changeover
2026-03-03,Plant A,M-04,1.271816473601442,Changeover
2026-03-03,Plant A,M-04,2.84355053682333,Maintenance
2026-03-03,Plant A,M-05,0.9435847968849584,Maintenance
2026-03-03,Plant A,M-05,1.2097881488988804,Mechanical Failure
2026-03-03,Plant A,M-05,0.5881084942894084,Material Shortage
2026-03-03,Plant B,M-01,2.5976833374817194,Electrical Failure
2026-03-03,Plant B,M-01,1.6322000547650746,Electrical Failure
2026-03-03,Plant B,M-01,2.556242244119284,Operator Issue
2026-03-03,Plant B,M-02,1.0906607255340677,Maintenance
2026-03-03,Plant B,M-02,0.5244278187828837,Changeover
2026-03-03,Plant B,M-02,1.8953660588834993,Mechanical Failure
2026-03-03,Plant B,M-03,1.314525287089129,Maintenance
2026-03-03,Plant B,M-03,1.102983596027934,Material Shortage
2026-03-03,Plant B,M-03,2.2661599432739963,Material Shortage
2026-03-03,Plant B,M-04,5.076614563884359,Mechanical Failure
2026-03-03,Plant B,M-04,6.86347817433294,Mechanical Failure
2026-03-03,Plant B,M-04,5.743358555738212,Mechanical Failure
2026-03-03,Plant B,M-05,1.9223688442524085,Mechanical Failure
2026-03-03,Plant B,M-05,1.5671913590422804,Changeover
2026-03-03,Plant B,M-05,1.1267026017623334,Changeover
2026-03-03,Plant C,M-01,3.031279325596717,Changeover
2026-03-03,Plant C,M-01,0.4313623159902258,Electrical Failure
2026-03-03,Plant C,M-01,2.6031332910448057,Operator Issue
2026-03-03,Plant C,M-02,2.7057677763087264,Operator Issue
2026-03-03,Plant C,M-02,0.3536724579965609,Electrical Failure
2026-03-03,Plant C,M-02,1.8997803109681934,Changeover
2026-03-03,Plant C,M-03,1.2552650538613688,Mechanical Failure
2026-03-03,Plant C,M-03,0.2881908640090769,Mechanical Failure
2026-03-03,Plant C,M-03,0.6919962368047647,Mechanical Failure
2026-03-03,Plant C,M-04,1.1979845351722327,Material Shortage
2026-03-03,Plant C,M-04,0.3493524357728198,Changeover
2026-03-03,Plant C,M-04,1.1921511809170409,Changeover
2026-03-03,Plant C,M-05,2.850533830042671,Electrical Failure
2026-03-03,Plant C,M-05,2.4075451556091023,Material Shortage
2026-03-03,Plant C,M-05,2.3108920804064783,Changeover
2026-03-04,Plant A,M-01,0.43128261998317247,Changeover
2026-03-04,Plant A,M-01,0.996036312861009,Electrical Failure
2026-03-04,Plant A,M-01,2.0624116706309685,Maintenance
2026-03-04,Plant A,M-02,0.8365493541485451,Maintenance
2026-03-04,Plant A,M-02,2.438225199528354,Operator Issue
2026-03-04,Plant A,M-02,1.847739988668108,Operator Issue
2026-03-04,Plant A,M-03,0.45780072160615587,Material Shortage
2026-03-04,Plant A,M-03,2.046041160781061,Mechanical Failure
2026-03-04,Plant A,M-03,0.3644946845776993,Mechanical Failure
2026-03-04,Plant A,M-04,2.1753280562278428,Mechanical Failure
2026-03-04,Plant A,M-04,0.47276170390640954,Maintenance
2026-03-04,Plant A,M-04,3.411812599666193,Material Shortage
2026-03-04,Plant A,M-05,1.0202404331552433,Maintenance
2026-03-04,Plant A,M-05,2.030439133935299,Mechanical Failure
2026-03-04,Plant A,M-05,1.6181459736068058,Maintenance
2026-03-04,Plant B,M-01,3.2740797895198566,Material Shortage
2026-03-04,Plant B,M-01,0.8393049944487445,Operator Issue
2026-03-04,Plant B,M-01,2.739690907657419,Maintenance
2026-03-04,Plant B,M-02,2.2992778678494656,Material Shortage
2026-03-04,Plant B,M-02,1.2213795639153642,Electrical Failure
2026-03-04,Plant B,M-02,2.1226369298254353,Material Shortage
2026-03-04,Plant B,M-03,1.475480189439192,Mechanical Failure
2026-03-04,Plant B,M-03,0.24721471632097447,Electrical Failure
2026-03-04,Plant B,M-03,0.7158381745279985,Changeover
2026-03-04,Plant B,M-04,5.219444763112342,Electrical Failure
2026-03-04,Plant B,M-04,5.5247632118409875,Maintenance
2026-03-04,Plant B,M-04,4.45290316900487,Mechanical Failure
2026-03-04,Plant B,M-05,1.6454500816516677,Changeover
2026-03-04,Plant B,M-05,1.7601629306346043,Mechanical Failure
2026-03-04,Plant B,M-05,1.0452326001749803,Changeover
2026-03-04,Plant C,M-01,1.4106766313918817,Maintenance
2026-03-04,Plant C,M-01,1.9170451832404158,Material Shortage
2026-03-04,Plant C,M-01,1.4168757078685468,Electrical Failure
2026-03-04,Plant C,M-02,0.6495368047476842,Operator Issue
2026-03-04,Plant C,M-02,2.234231945921522,Material Shortage
2026-03-04,Plant C,M-02,1.1594229539134546,Maintenance
2026-03-04,Plant C,M-03,2.8444455750736504,Electrical Failure
2026-03-04,Plant C,M-03,3.082026315095179,Mechanical Failure
2026-03-04,Plant C,M-03,3.304828551662431,Changeover
2026-03-04,Plant C,M-04,2.927447895593326,Changeover
2026-03-04,Plant C,M-04,2.7793131624608223,Operator Issue
2026-03-04,Plant C,M-04,2.8070883134195395,Electrical Failure
2026-03-04,Plant C,M-05,1.2175729494555398,Material Shortage
2026-03-04,Plant C,M-05,3.2371007535184826,Mechanical Failure
2026-03-04,Plant C,M-05,1.5150093741598052,Material Shortage
2026-03-05,Plant A,M-01,2.7078912045958905,Operator Issue
2026-03-05,Plant A,M-01,2.376750515969219,Material Shortage
2026-03-05,Plant A,M-01,2.8199977315554556,Changeover
2026-03-05,Plant A,M-02,0.8374184407898606,Mechanical Failure
2026-03-05,Plant A,M-02,3.213705945085991,Electrical Failure
2026-03-05,Plant A,M-02,1.4598721470825193,Maintenance
2026-03-05,Plant A,M-03,0.9188211381845235,Operator Issue
2026-03-05,Plant A,M-03,2.947797634429383,Mechanical Failure
2026-03-05,Plant A,M-03,3.109101263883507,Electrical Failure
2026-03-05,Plant A,M-04,0.5911424951064163,Mechanical Failure
2026-03-05,Plant A,M-04,0.9851902929820004,Changeover
2026-03-05,Plant A,M-04,0.8619272992746931,Material Shortage
2026-03-05,Plant A,M-05,2.7742356150633647,Operator Issue
2026-03-05,Plant A,M-05,2.585044533646351,Mechanical Failure
2026-03-05,Plant A,M-05,0.5462447294063242,Mechanical Failure
2026-03-05,Plant B,M-01,0.8112118698968513,Operator Issue
2026-03-05,Plant B,M-01,2.6727631662246742,Material Shortage
2026-03-05,Plant B,M-01,0.7655024054751043,Operator Issue
2026-03-05,Plant B,M-02,1.1525781999298546,Maintenance
2026-03-05,Plant B,M-02,0.5501460238608451,Operator Issue
2026-03-05,Plant B,M-02,3.3836339466864938,Electrical Failure
2026-03-05,Plant B,M-03,3.2308905173595033,Electrical Failure
2026-03-05,Plant B,M-03,2.455816749971542,Mechanical Failure
2026-03-05,Plant B,M-03,2.8200934959439987,Mechanical Failure
2026-03-05,Plant B,M-04,4.224445914078961,Electrical Failure
2026-03-05,Plant B,M-04,5.8389258585211845,Mechanical Failure
2026-03-05,Plant B,M-04,7.049575623424785,Material Shortage
2026-03-05,Plant B,M-05,0.835419802670508,Changeover
2026-03-05,Plant B,M-05,3.403150389057707,Mechanical Failure
2026-03-05,Plant B,M-05,0.8457475819850504,Operator Issue
2026-03-05,Plant C,M-01,3.1869690938310313,Mechanical Failure
2026-03-05,Plant C,M-01,1.0479300882167972,Electrical Failure
2026-03-05,Plant C,M-01,3.2178798409715674,Changeover
2026-03-05,Plant C,M-02,1.1531213469134265,Material Shortage
2026-03-05,Plant C,M-02,0.5138609349206931,Maintenance
2026-03-05,Plant C,M-02,2.495571559829982,Material Shortage
2026-03-05,Plant C,M-03,0.7680520125220498,Mechanical Failure
2026-03-05,Plant C,M-03,0.9134115968496037,Changeover
2026-03-05,Plant C,M-03,0.764932542648733,Material Shortage
2026-03-05,Plant C,M-04,1.0081321472740346,Material Shortage
2026-03-05,Plant C,M-04,1.8797152511547972,Mechanical Failure
2026-03-05,Plant C,M-04,2.636661863989166,Operator Issue
2026-03-05,Plant C,M-05,2.268159764342701,Mechanical Failure
2026-03-05,Plant C,M-05,0.6475842992861123,Changeover
2026-03-05,Plant C,M-05,0.5191754507187276,Maintenance
2026-03-06,Plant A,M-01,2.978651215071076,Maintenance
2026-03-06,Plant A,M-01,1.7571861363452603,Material Shortage
2026-03-06,Plant A,M-01,1.1619821731704192,Maintenance
2026-03-06,Plant A,M-02,0.23629472353251735,Changeover
2026-03-06,Plant A,M-02,2.650693133462819,Mechanical Failure
2026-03-06,Plant A,M-02,0.48702987851189683,Maintenance
2026-03-06,Plant A,M-03,2.3063095440864774,Changeover
2026-03-06,Plant A,M-03,1.1814659673758554,Operator Issue
2026-03-06,Plant A,M-03,0.2640849974514029,Changeover
2026-03-06,Plant A,M-04,2.443015017224901,Maintenance
2026-03-06,Plant A,M-04,1.9331800292083918,Material Shortage
2026-03-06,Plant A,M-04,1.6879244318348423,Operator Issue
2026-03-06,Plant A,M-05,1.7807889646199213,Electrical Failure
2026-03-06,Plant A,M-05,2.894853808302607,Operator Issue
2026-03-06,Plant A,M-05,3.4782751268535255,Changeover
2026-03-06,Plant B,M-01,1.2631791676226647,Electrical Failure
2026-03-06,Plant B,M-01,2.35957452871164,Maintenance
2026-03-06,Plant B,M-01,3.274563808278695,Material Shortage
2026-03-06,Plant B,M-02,2.3317362380460356,Mechanical Failure
2026-03-06,Plant B,M-02,0.9358536836437736,Material Shortage
2026-03-06,Plant B,M-02,3.276565500381451,Operator Issue
2026-03-06,Plant B,M-03,3.243242967493423,Maintenance
2026-03-06,Plant B,M-03,0.780607387178265,Material Shortage
2026-03-06,Plant B,M-03,2.0121229971988064,Changeover
2026-03-06,Plant B,M-04,7.541556560535428,Mechanical Failure
2026-03-06,Plant B,M-04,4.135490640886426,Electrical Failure
2026-03-06,Plant B,M-04,5.539655087655802,Mechanical Failure
2026-03-06,Plant B,M-05,1.1955578391257025,Changeover
2026-03-06,Plant B,M-05,2.925189917257476,Maintenance
2026-03-06,Plant B,M-05,2.6836679695331322,Maintenance
2026-03-06,Plant C,M-01,1.9021469354960814,Electrical Failure
2026-03-06,Plant C,M-01,1.9162064981092242,Mechanical Failure
2026-03-06,Plant C,M-01,3.0205911605908375,Operator Issue
2026-03-06,Plant C,M-02,0.5129476256033891,Maintenance
2026-03-06,Plant C,M-02,1.4262968276928256,Changeover
2026-03-06,Plant C,M-02,2.7387708628821463,Operator Issue
2026-03-06,Plant C,M-03,0.9887582341314798,Material Shortage
2026-03-06,Plant C,M-03,1.3396032432845306,Material Shortage
2026-03-06,Plant C,M-03,0.44257731344882834,Changeover
2026-03-06,Plant C,M-04,2.5444381671948686,Material Shortage
2026-03-06,Plant C,M-04,0.6098708700804536,Mechanical Failure
2026-03-06,Plant C,M-04,0.5534985907900118,Maintenance
2026-03-06,Plant C,M-05,3.440266879777393,Electrical Failure
2026-03-06,Plant C,M-05,0.9965231054132129,Electrical Failure
2026-03-06,Plant C,M-05,1.3206494466062269,Changeover
2026-03-07,Plant A,M-01,2.9925658908120623,Mechanical Failure
2026-03-07,Plant A,M-01,2.1750931622403584,Maintenance
2026-03-07,Plant A,M-01,1.0031648215600093,Mechanical Failure
2026-03-07,Plant A,M-02,3.2132589968345133,Electrical Failure
2026-03-07,Plant A,M-02,1.7375781848936045,Changeover
2026-03-07,Plant A,M-02,0.5845293567194888,Material Shortage
2026-03-07,Plant A,M-03,3.1622142879768607,Maintenance
2026-03-07,Plant A,M-03,1.9214060487491504,Mechanical Failure
2026-03-07,Plant A,M-03,0.6971598125800915,Maintenance
2026-03-07,Plant A,M-04,2.5622926063613254,Maintenance
2026-03-07,Plant A,M-04,2.636802834101515,Operator Issue
2026-03-07,Plant A,M-04,1.7849531053087828,Maintenance
2026-03-07,Plant A,M-05,0.6654680395317806,Electrical Failure
2026-03-07,Plant A,M-05,3.415383378732433,Material Shortage
2026-03-07,Plant A,M-05,2.0563253838951145,Mechanical Failure
2026-03-07,Plant B,M-01,2.1270132001794217,Mechanical Failure
2026-03-07,Plant B,M-01,2.0961676240242872,Material Shortage
2026-03-07,Plant B,M-01,3.0630283647960224,Material Shortage
2026-03-07,Plant B,M-02,0.730987437079551,Maintenance
2026-03-07,Plant B,M-02,2.651858759325654,Material Shortage
2026-03-07,Plant B,M-02,3.048342076326432,Changeover
2026-03-07,Plant B,M-03,0.7693546122674586,Changeover
2026-03-07,Plant B,M-03,2.452519518069969,Maintenance
2026-03-07,Plant B,M-03,2.8743616233652567,Changeover
2026-03-07,Plant B,M-04,5.062952312662716,Material Shortage
2026-03-07,Plant B,M-04,4.04289121157754,Mechanical Failure
2026-03-07,Plant B,M-04,7.796019146691094,Mechanical Failure
2026-03-07,Plant B,M-05,0.21987273321574102,Mechanical Failure
2026-03-07,Plant B,M-05,0.6790402375921998,Maintenance
2026-03-07,Plant B,M-05,2.5065457729151306,Operator Issue
2026-03-07,Plant C,M-01,0.286074846059582,Electrical Failure
2026-03-07,Plant C,M-01,2.548681252699884,Electrical Failure
2026-03-07,Plant C,M-01,1.0480460862086922,Mechanical Failure
2026-03-07,Plant C,M-02,1.916921731901362,Maintenance
2026-03-07,Plant C,M-02,2.684179421770821,Changeover
2026-03-07,Plant C,M-02,3.3279471463953705,Electrical Failure
2026-03-07,Plant C,M-03,2.825596464172442,Electrical Failure
2026-03-07,Plant C,M-03,1.2390964955285741,Mechanical Failure
2026-03-07,Plant C,M-03,0.967837983512881,Operator Issue
2026-03-07,Plant C,M-04,1.133122636216362,Operator Issue
2026-03-07,Plant C,M-04,2.311483570717059,Material Shortage
2026-03-07,Plant C,M-04,1.0176470353771558,Changeover
2026-03-07,Plant C,M-05,0.2614163539753193,Material Shortage
2026-03-07,Plant C,M-05,2.008222803433011,Mechanical Failure
2026-03-07,Plant C,M-05,1.1358528288853258,Operator Issue
2026-03-08,Plant A,M-01,3.2468545851797455,Operator Issue
2026-03-08,Plant A,M-01,2.0956110709490114,Mechanical Failure
2026-03-08,Plant A,M-01,2.944130470999206,Maintenance
2026-03-08,Plant A,M-02,3.434069612703858,Maintenance
2026-03-08,Plant A,M-02,3.0284892370588756,Maintenance
2026-03-08,Plant A,M-02,2.706057774726708,Changeover
2026-03-08,Plant A,M-03,1.9912759556387607,Maintenance
2026-03-08,Plant A,M-03,0.8320354222981341,Operator Issue
2026-03-08,Plant A,M-03,1.3855704565944718,Material Shortage
2026-03-08,Plant A,M-04,0.7501532683358607,Changeover
2026-03-08,Plant A,M-04,3.185422343854731,Changeover
2026-03-08,Plant A,M-04,2.451183551208367,Maintenance
2026-03-08,Plant A,M-05,3.247241800850703,Changeover
2026-03-08,Plant A,M-05,0.902648811826646,Material Shortage
2026-03-08,Plant A,M-05,2.0211499982538466,Electrical Failure
2026-03-08,Plant B,M-01,0.6584459408242131,Mechanical Failure
2026-03-08,Plant B,M-01,0.37415612257763,Operator Issue
2026-03-08,Plant B,M-01,0.9684206797748225,Changeover
2026-03-08,Plant B,M-02,1.231786393041504,Material Shortage
2026-03-08,Plant B,M-02,0.3960298138395443,Material Shortage
2026-03-08,Plant B,M-02,0.6640339777115369,Material Shortage
2026-03-08,Plant B,M-03,2.2362748774853825,Material Shortage
2026-03-08,Plant B,M-03,0.5649989814041927,Material Shortage
2026-03-08,Plant B,M-03,2.14036653219286,Material Shortage
2026-03-08,Plant B,M-04,7.118364384030176,Material Shortage
2026-03-08,Plant B,M-04,7.601799944694694,Maintenance
2026-03-08,Plant B,M-04,4.459424277340706,Mechanical Failure
2026-03-08,Plant B,M-05,0.26339475914259897,Maintenance
2026-03-08,Plant B,M-05,2.6360742019040537,Electrical Failure
2026-03-08,Plant B,M-05,2.191318533032731,Electrical Failure
2026-03-08,Plant C,M-01,1.135583117650313,Maintenance
2026-03-08,Plant C,M-01,0.3618646312906296,Material Shortage
2026-03-08,Plant C,M-01,1.9280010246531378,Maintenance
2026-03-08,Plant C,M-02,1.774120216980506,Mechanical Failure
2026-03-08,Plant C,M-02,0.5859689274332057,Maintenance
2026-03-08,Plant C,M-02,2.312114259009032,Mechanical Failure
2026-03-08,Plant C,M-03,2.1710602985519802,Operator Issue
2026-03-08,Plant C,M-03,2.168187632259092,Operator Issue
2026-03-08,Plant C,M-03,2.7028741100249998,Mechanical Failure
2026-03-08,Plant C,M-04,1.3841800557811246,Maintenance
2026-03-08,Plant C,M-04,0.809759209325805,Material Shortage
2026-03-08,Plant C,M-04,1.7386449790035334,Changeover
2026-03-08,Plant C,M-05,0.24269174450867478,Material Shortage
2026-03-08,Plant C,M-05,2.643960858271417,Material Shortage
2026-03-08,Plant C,M-05,1.456399000860654,Electrical Failure
2026-03-09,Plant A,M-01,3.1741408304396743,Changeover
2026-03-09,Plant A,M-01,0.30868648283849087,Maintenance
2026-03-09,Plant A,M-01,1.9977594657176785,Changeover
2026-03-09,Plant A,M-02,1.1530908407829639,Operator Issue
2026-03-09,Plant A,M-02,3.3996481103001823,Material Shortage
2026-03-09,Plant A,M-02,2.4798909980526784,Operator Issue
2026-03-09,Plant A,M-03,2.299813999647042,Material Shortage
2026-03-09,Plant A,M-03,1.3585471886831697,Operator Issue
2026-03-09,Plant A,M-03,3.352445825703335,Mechanical Failure
2026-03-09,Plant A,M-04,1.7693243786078559,Mechanical Failure
2026-03-09,Plant A,M-04,1.9175952674888095,Electrical Failure
2026-03-09,Plant A,M-04,1.9440265359740894,Material Shortage
2026-03-09,Plant A,M-05,2.5332627062458615,Operator Issue
2026-03-09,Plant A,M-05,1.7509672931013365,Maintenance
2026-03-09,Plant A,M-05,1.31140738227649,Changeover
2026-03-09,Plant B,M-01,1.356294703014855,Changeover
2026-03-09,Plant B,M-01,2.163532265810723,Material Shortage
2026-03-09,Plant B,M-01,1.2243209963794395,Material Shortage
2026-03-09,Plant B,M-02,3.4988658195559177,Maintenance
2026-03-09,Plant B,M-02,1.8123177784176487,Changeover
2026-03-09,Plant B,M-02,1.058280949250273,Material Shortage
2026-03-09,Plant B,M-03,1.2010067619034575,Changeover
2026-03-09,Plant B,M-03,3.183894034902416,Operator Issue
2026-03-09,Plant B,M-03,0.801684916431735,Changeover
2026-03-09,Plant B,M-04,7.831664347361571,Operator Issue
2026-03-09,Plant B,M-04,6.113346849248101,Mechanical Failure
2026-03-09,Plant B,M-04,6.06395479988343,Mechanical Failure
2026-03-09,Plant B,M-05,3.352968204288387,Electrical Failure
2026-03-09,Plant B,M-05,0.8955991920494661,Maintenance
2026-03-09,Plant B,M-05,2.8988932620994197,Material Shortage
2026-03-09,Plant C,M-01,0.6982197489958064,Mechanical Failure
2026-03-09,Plant C,M-01,0.792398517535877,Maintenance
2026-03-09,Plant C,M-01,0.9475445292490978,Operator Issue
2026-03-09,Plant C,M-02,2.7461815625989607,Operator Issue
2026-03-09,Plant C,M-02,1.5793810510040522,Operator Issue
2026-03-09,Plant C,M-02,2.4493707445872634,Changeover
2026-03-09,Plant C,M-03,3.2262702537332526,Mechanical Failure
2026-03-09,Plant C,M-03,2.319787418265368,Maintenance
2026-03-09,Plant C,M-03,1.8086712773563571,Mechanical Failure
2026-03-09,Plant C,M-04,1.493824575072829,Maintenance
2026-03-09,Plant C,M-04,1.7118565976496607,Electrical Failure
2026-03-09,Plant C,M-04,3.1698354841880785,Changeover
2026-03-09,Plant C,M-05,2.8392944318183506,Mechanical Failure
2026-03-09,Plant C,M-05,2.0659610205998904,Mechanical Failure
2026-03-09,Plant C,M-05,2.848256711755953,Operator Issue
2026-03-10,Plant A,M-01,3.395453380565936,Changeover
2026-03-10,Plant A,M-01,1.096576573200739,Changeover
2026-03-10,Plant A,M-01,2.556605246031546,Material Shortage
2026-03-10,Plant A,M-02,2.8449776300204705,Operator Issue
2026-03-10,Plant A,M-02,1.1374971990520635,Operator Issue
2026-03-10,Plant A,M-02,3.2371890359157383,Changeover
2026-03-10,Plant A,M-03,1.1898793879089207,Changeover
2026-03-10,Plant A,M-03,2.999306182201854,Material Shortage
2026-03-10,Plant A,M-03,1.356609814645712,Mechanical Failure
2026-03-10,Plant A,M-04,1.6019693537605921,Material Shortage
2026-03-10,Plant A,M-04,2.8408470417046874,Maintenance
2026-03-10,Plant A,M-04,1.923305142771491,Changeover
2026-03-10,Plant A,M-05,1.6818475966133892,Operator Issue
2026-03-10,Plant A,M-05,0.25007084776705474,Changeover
2026-03-10,Plant A,M-05,0.8175527883728109,Electrical Failure
2026-03-10,Plant B,M-01,1.354509577200296,Electrical Failure
2026-03-10,Plant B,M-01,1.8792104293246088,Maintenance
2026-03-10,Plant B,M-01,2.035814653028441,Material Shortage
2026-03-10,Plant B,M-02,0.7446231907162753,Maintenance
2026-03-10,Plant B,M-02,0.6161629384114611,Material Shortage
2026-03-10,Plant B,M-02,1.7450469482723698,Operator Issue
2026-03-10,Plant B,M-03,2.7714479485714425,Electrical Failure
2026-03-10,Plant B,M-03,2.8011117486018633,Electrical Failure
2026-03-10,Plant B,M-03,2.8191152415086416,Changeover
2026-03-10,Plant B,M-04,4.919829537227942,Mechanical Failure
2026-03-10,Plant B,M-04,7.343372099472621,Mechanical Failure
2026-03-10,Plant B,M-04,6.091223798689254,Maintenance
2026-03-10,Plant B,M-05,2.641698748243314,Electrical Failure
2026-03-10,Plant B,M-05,1.3577978193721931,Changeover
2026-03-10,Plant B,M-05,0.8043074172889084,Changeover
2026-03-10,Plant C,M-01,0.7812657417847828,Operator Issue
2026-03-10,Plant C,M-01,1.797380848301716,Changeover
2026-03-10,Plant C,M-01,2.2279116429270047,Mechanical Failure
2026-03-10,Plant C,M-02,0.5236289206909694,Mechanical Failure
2026-03-10,Plant C,M-02,2.3862084069170133,Changeover
2026-03-10,Plant C,M-02,2.4466963968466686,Operator Issue
2026-03-10,Plant C,M-03,3.0244725183967023,Material Shortage
2026-03-10,Plant C,M-03,2.9800988744292978,Mechanical Failure
2026-03-10,Plant C,M-03,2.5142008494274837,Operator Issue
2026-03-10,Plant C,M-04,1.500715394442021,Changeover
2026-03-10,Plant C,M-04,2.253661101690048,Operator Issue
2026-03-10,Plant C,M-04,1.1357018809351889,Material Shortage
2026-03-10,Plant C,M-05,1.8573853131711526,Mechanical Failure
2026-03-10,Plant C,M-05,0.7226338610871608,Electrical Failure
2026-03-10,Plant C,M-05,2.1527783219917085,Mechanical Failure
2026-03-11,Plant A,M-01,2.640712995390978,Operator Issue
2026-03-11,Plant A,M-01,1.9333975056677366,Maintenance
2026-03-11,Plant A,M-01,0.3324456664353109,Changeover
2026-03-11,Plant A,M-02,2.446927958001419,Maintenance
2026-03-11,Plant A,M-02,3.3957556026807993,Operator Issue
2026-03-11,Plant A,M-02,0.23599308454872292,Material Shortage
2026-03-11,Plant A,M-03,0.407144816447332,Changeover
2026-03-11,Plant A,M-03,3.2220207517976878,Changeover
2026-03-11,Plant A,M-03,2.8109262263588897,Electrical Failure
2026-03-11,Plant A,M-04,2.397307011326883,Maintenance
2026-03-11,Plant A,M-04,0.2691421619719322,Electrical Failure
2026-03-11,Plant A,M-04,1.9547510143283164,Electrical Failure
2026-03-11,Plant A,M-05,2.8324316925083433,Operator Issue
2026-03-11,Plant A,M-05,2.748258862190816,Electrical Failure
2026-03-11,Plant A,M-05,2.1143862090387016,Maintenance
2026-03-11,Plant B,M-01,2.3898061572487532,Changeover
2026-03-11,Plant B,M-01,2.892485135058808,Material Shortage
2026-03-11,Plant B,M-01,2.445162234101242,Material Shortage
2026-03-11,Plant B,M-02,1.157506995367916,Electrical Failure
2026-03-11,Plant B,M-02,2.5302090281222167,Mechanical Failure
2026-03-11,Plant B,M-02,2.39768654041321,Material Shortage
2026-03-11,Plant B,M-03,1.257682852026725,Operator Issue
2026-03-11,Plant B,M-03,1.7062962305459035,Changeover
2026-03-11,Plant B,M-03,0.7097191898264368,Operator Issue
2026-03-11,Plant B,M-04,7.965216237644444,Electrical Failure
2026-03-11,Plant B,M-04,6.539787318411857,Mechanical Failure
2026-03-11,Plant B,M-04,7.189198632727974,Mechanical Failure
2026-03-11,Plant B,M-05,2.86627371152041,Operator Issue
2026-03-11,Plant B,M-05,2.007106354079433,Maintenance
2026-03-11,Plant B,M-05,1.8043427369697096,Maintenance
2026-03-11,Plant C,M-01,0.8853508737827074,Changeover
2026-03-11,Plant C,M-01,2.7370784655861162,Operator Issue
2026-03-11,Plant C,M-01,0.5471828656769542,Material Shortage
2026-03-11,Plant C,M-02,2.7019792238672475,Electrical Failure
2026-03-11,Plant C,M-02,2.1186357417050696,Mechanical Failure
2026-03-11,Plant C,M-02,1.8621672177926214,Electrical Failure
2026-03-11,Plant C,M-03,1.3765890726070984,Operator Issue
2026-03-11,Plant C,M-03,0.806240971982993,Material Shortage
2026-03-11,Plant C,M-03,0.6424731474514445,Changeover
2026-03-11,Plant C,M-04,1.9219824998668174,Operator Issue
2026-03-11,Plant C,M-04,0.39692373911245377,Maintenance
2026-03-11,Plant C,M-04,3.4543837278353933,Changeover
2026-03-11,Plant C,M-05,2.0893485829584875,Operator Issue
2026-03-11,Plant C,M-05,1.3444473253004123,Operator Issue
2026-03-11,Plant C,M-05,1.121792361150124,Material Shortage
2026-03-12,Plant A,M-01,2.687666255311743,Changeover
2026-03-12,Plant A,M-01,3.4907769751151942,Electrical Failure
2026-03-12,Plant A,M-01,0.3473880117295255,Mechanical Failure
2026-03-12,Plant A,M-02,2.7372223932763853,Operator Issue
2026-03-12,Plant A,M-02,2.8402213516282644,Operator Issue
2026-03-12,Plant A,M-02,0.9107438416267502,Operator Issue
2026-03-12,Plant A,M-03,1.3176173521287406,Electrical Failure
2026-03-12,Plant A,M-03,1.9470330790771986,Operator Issue
2026-03-12,Plant A,M-03,1.9051718880184834,Operator Issue
2026-03-12,Plant A,M-04,1.5144231881441648,Maintenance
2026-03-12,Plant A,M-04,1.8752786859912944,Mechanical Failure
2026-03-12,Plant A,M-04,1.5640992066150172,Changeover
2026-03-12,Plant A,M-05,1.636398388251006,Operator Issue
2026-03-12,Plant A,M-05,2.7113679939109745,Changeover
2026-03-12,Plant A,M-05,1.366093186085049,Operator Issue
2026-03-12,Plant B,M-01,2.6019961528348716,Material Shortage
2026-03-12,Plant B,M-01,2.2486483218514044,Material Shortage
2026-03-12,Plant B,M-01,0.7432324503301453,Material Shortage
2026-03-12,Plant B,M-02,3.2848225761997427,Changeover
2026-03-12,Plant B,M-02,0.726156658346701,Mechanical Failure
2026-03-12,Plant B,M-02,2.0324225553408435,Changeover
2026-03-12,Plant B,M-03,0.8444012998914301,Mechanical Failure
2026-03-12,Plant B,M-03,2.9028896037088545,Electrical Failure
2026-03-12,Plant B,M-03,0.2994663484843425,Electrical Failure
2026-03-12,Plant B,M-04,6.063756025862737,Mechanical Failure
2026-03-12,Plant B,M-04,6.606199131813914,Electrical Failure
2026-03-12,Plant B,M-04,7.387031722349379,Mechanical Failure
2026-03-12,Plant B,M-05,1.8040050102657357,Electrical Failure
2026-03-12,Plant B,M-05,3.489554714471822,Electrical Failure
2026-03-12,Plant B,M-05,0.9957521584430131,Changeover
2026-03-12,Plant C,M-01,0.5967068897909009,Material Shortage
2026-03-12,Plant C,M-01,1.7370242468917039,Changeover
2026-03-12,Plant C,M-01,1.553942845155425,Operator Issue
2026-03-12,Plant C,M-02,1.1267260265821437,Electrical Failure
2026-03-12,Plant C,M-02,0.7585736773608827,Material Shortage
2026-03-12,Plant C,M-02,1.5153831529549842,Maintenance
2026-03-12,Plant C,M-03,1.5464337639418708,Material Shortage
2026-03-12,Plant C,M-03,0.9104843811607721,Electrical Failure
2026-03-12,Plant C,M-03,1.347771843633525,Changeover
2026-03-12,Plant C,M-04,1.1724015015818559,Operator Issue
2026-03-12,Plant C,M-04,2.9002540434169823,Mechanical Failure
2026-03-12,Plant C,M-04,3.427043131104516,Changeover
2026-03-12,Plant C,M-05,2.906475424241171,Maintenance
2026-03-12,Plant C,M-05,3.303908568002868,Electrical Failure
2026-03-12,Plant C,M-05,3.2189089488344833,Electrical Failure
2026-03-13,Plant A,M-01,1.5867770285335139,Material Shortage
2026-03-13,Plant A,M-01,0.9428209262935623,Changeover
2026-03-13,Plant A,M-01,0.22736296690043029,Maintenance
2026-03-13,Plant A,M-02,1.4535202749160918,Mechanical Failure
2026-03-13,Plant A,M-02,0.68320758744137,Mechanical Failure
2026-03-13,Plant A,M-02,1.3362354695500884,Material Shortage
2026-03-13,Plant A,M-03,2.9177239996826665,Operator Issue
2026-03-13,Plant A,M-03,1.8020504085928568,Maintenance
2026-03-13,Plant A,M-03,0.4266594645239828,Changeover
2026-03-13,Plant A,M-04,3.124196037828442,Mechanical Failure
2026-03-13,Plant A,M-04,2.204118851640209,Maintenance
2026-03-13,Plant A,M-04,2.287863692527275,Material Shortage
2026-03-13,Plant A,M-05,3.174348295039828,Material Shortage
2026-03-13,Plant A,M-05,1.3456758709097536,Operator Issue
2026-03-13,Plant A,M-05,2.5815624777154027,Mechanical Failure
2026-03-13,Plant B,M-01,0.4507625512552873,Maintenance
2026-03-13,Plant B,M-01,0.21572823058907015,Maintenance
2026-03-13,Plant B,M-01,1.4101782774232177,Material Shortage
2026-03-13,Plant B,M-02,1.504131106231431,Electrical Failure
2026-03-13,Plant B,M-02,0.5939895649768375,Operator Issue
2026-03-13,Plant B,M-02,1.252112257149994,Mechanical Failure
2026-03-13,Plant B,M-03,1.7868626134995447,Maintenance
2026-03-13,Plant B,M-03,3.3203409750267947,Mechanical Failure
2026-03-13,Plant B,M-03,2.7689735360835814,Changeover
2026-03-13,Plant B,M-04,5.6633599257222755,Mechanical Failure
2026-03-13,Plant B,M-04,4.083347305048324,Mechanical Failure
2026-03-13,Plant B,M-04,4.899994708070285,Maintenance
2026-03-13,Plant B,M-05,1.7743546661454044,Mechanical Failure
2026-03-13,Plant B,M-05,2.440315110734698,Maintenance
2026-03-13,Plant B,M-05,2.3138275289253585,Electrical Failure
2026-03-13,Plant C,M-01,1.6272928166636045,Material Shortage
2026-03-13,Plant C,M-01,2.160433159360589,Material Shortage
2026-03-13,Plant C,M-01,0.391374981280851,Mechanical Failure
2026-03-13,Plant C,M-02,3.186484245708672,Changeover
2026-03-13,Plant C,M-02,2.197874728360772,Electrical Failure
2026-03-13,Plant C,M-02,0.6481634483783345,Maintenance
2026-03-13,Plant C,M-03,2.6535495521375183,Maintenance
2026-03-13,Plant C,M-03,2.05048415017214,Mechanical Failure
2026-03-13,Plant C,M-03,0.7639579491000914,Operator Issue
2026-03-13,Plant C,M-04,3.0491756638048955,Electrical Failure
2026-03-13,Plant C,M-04,1.4630661698850755,Operator Issue
2026-03-13,Plant C,M-04,2.8215233326434186,Maintenance
2026-03-13,Plant C,M-05,0.7269753911248775,Maintenance
2026-03-13,Plant C,M-05,2.24893602517786,Changeover
2026-03-13,Plant C,M-05,3.024390073733559,Mechanical Failure
2026-03-14,Plant A,M-01,1.8837035678022247,Electrical Failure
2026-03-14,Plant A,M-01,2.0941165445454235,Material Shortage
2026-03-14,Plant A,M-01,0.969576224945778,Maintenance
2026-03-14,Plant A,M-02,0.8019658375014878,Changeover
2026-03-14,Plant A,M-02,2.5994393314550654,Mechanical Failure
2026-03-14,Plant A,M-02,0.4722667796317128,Electrical Failure
2026-03-14,Plant A,M-03,3.4639915215251507,Changeover
2026-03-14,Plant A,M-03,2.9816754579481524,Changeover
2026-03-14,Plant A,M-03,3.2858852535472196,Material Shortage
2026-03-14,Plant A,M-04,3.046574622341627,Mechanical Failure
2026-03-14,Plant A,M-04,0.9615869442951281,Maintenance
2026-03-14,Plant A,M-04,0.42236711462823234,Maintenance
2026-03-14,Plant A,M-05,3.479211727181076,Maintenance
2026-03-14,Plant A,M-05,0.8624492044469529,Operator Issue
2026-03-14,Plant A,M-05,1.2790231810882158,Mechanical Failure
2026-03-14,Plant B,M-01,3.4162562854649665,Maintenance
2026-03-14,Plant B,M-01,2.899713153651404,Operator Issue
2026-03-14,Plant B,M-01,0.644817185062317,Material Shortage
2026-03-14,Plant B,M-02,1.9593008823381686,Maintenance
2026-03-14,Plant B,M-02,3.061149758957629,Operator Issue
2026-03-14,Plant B,M-02,1.202896850060011,Changeover
2026-03-14,Plant B,M-03,2.704439425090679,Mechanical Failure
2026-03-14,Plant B,M-03,2.5574050344261843,Operator Issue
2026-03-14,Plant B,M-03,2.8730171711867967,Operator Issue
2026-03-14,Plant B,M-04,4.177556004827672,Mechanical Failure
2026-03-14,Plant B,M-04,6.349557897824852,Electrical Failure
2026-03-14,Plant B,M-04,4.383246318627188,Mechanical Failure
2026-03-14,Plant B,M-05,3.2785963440420174,Material Shortage
2026-03-14,Plant B,M-05,2.310806090701536,Material Shortage
2026-03-14,Plant B,M-05,3.3928133197572943,Mechanical Failure
2026-03-14,Plant C,M-01,0.351491500019373,Mechanical Failure
2026-03-14,Plant C,M-01,1.4221479752418937,Material Shortage
2026-03-14,Plant C,M-01,1.2754062666589039,Maintenance
2026-03-14,Plant C,M-02,3.2173996168077132,Operator Issue
2026-03-14,Plant C,M-02,3.4792034994196226,Changeover
2026-03-14,Plant C,M-02,1.3133567900943803,Electrical Failure
2026-03-14,Plant C,M-03,2.001194191122631,Material Shortage
2026-03-14,Plant C,M-03,3.06885283458317,Material Shortage
2026-03-14,Plant C,M-03,0.26791804673583836,Operator Issue
2026-03-14,Plant C,M-04,3.140884361233658,Electrical Failure
2026-03-14,Plant C,M-04,0.7863536815591972,Maintenance
2026-03-14,Plant C,M-04,2.1697217139413483,Electrical Failure
2026-03-14,Plant C,M-05,0.8324924771521658,Changeover
2026-03-14,Plant C,M-05,2.6553408499400035,Operator Issue
2026-03-14,Plant C,M-05,1.5540249633774432,Mechanical Failure
2026-03-15,Plant A,M-01,2.686171899251511,Operator Issue
2026-03-15,Plant A,M-01,1.5793353450016248,Electrical Failure
2026-03-15,Plant A,M-01,2.3250936282697485,Material Shortage
2026-03-15,Plant A,M-02,0.8068568743325459,Changeover
2026-03-15,Plant A,M-02,1.4273672032584184,Changeover
2026-03-15,Plant A,M-02,2.7638171875398707,Material Shortage
2026-03-15,Plant A,M-03,2.5483209293976437,Changeover
2026-03-15,Plant A,M-03,2.619301032764889,Maintenance
2026-03-15,Plant A,M-03,0.7964430115794312,Maintenance
2026-03-15,Plant A,M-04,1.618047552885884,Operator Issue
2026-03-15,Plant A,M-04,3.3474434422508135,Material Shortage
2026-03-15,Plant A,M-04,1.7785878755124382,Changeover
2026-03-15,Plant A,M-05,2.136342295229855,Maintenance
2026-03-15,Plant A,M-05,2.5385595356399717,Maintenance
2026-03-15,Plant A,M-05,3.48141762201042,Operator Issue
2026-03-15,Plant B,M-01,0.49553030125453645,Operator Issue
2026-03-15,Plant B,M-01,0.9818884020941918,Electrical Failure
2026-03-15,Plant B,M-01,2.9205755486172076,Changeover
2026-03-15,Plant B,M-02,0.7198401743266039,Maintenance
2026-03-15,Plant B,M-02,1.3927657092725072,Material Shortage
2026-03-15,Plant B,M-02,1.4649849587968469,Operator Issue
2026-03-15,Plant B,M-03,2.6899281326588538,Changeover
2026-03-15,Plant B,M-03,0.6420107872510601,Changeover
2026-03-15,Plant B,M-03,2.408657785905514,Electrical Failure
2026-03-15,Plant B,M-04,5.056296149183002,Maintenance
2026-03-15,Plant B,M-04,7.887194807532822,Electrical Failure
2026-03-15,Plant B,M-04,5.596802069806419,Mechanical Failure
2026-03-15,Plant B,M-05,0.792609910014759,Electrical Failure
2026-03-15,Plant B,M-05,2.9605225466206706,Operator Issue
2026-03-15,Plant B,M-05,1.1758455417387015,Electrical Failure
2026-03-15,Plant C,M-01,0.2642733422514063,Changeover
2026-03-15,Plant C,M-01,2.5936019751485886,Mechanical Failure
2026-03-15,Plant C,M-01,2.2024658541880306,Changeover
2026-03-15,Plant C,M-02,1.766218044627686,Mechanical Failure
2026-03-15,Plant C,M-02,3.3860386447392044,Changeover
2026-03-15,Plant C,M-02,0.9499079320306023,Electrical Failure
2026-03-15,Plant C,M-03,2.7144765826257653,Electrical Failure
2026-03-15,Plant C,M-03,2.1006475360497356,Changeover
2026-03-15,Plant C,M-03,1.3485355324810182,Changeover
2026-03-15,Plant C,M-04,0.7149202823768566,Maintenance
2026-03-15,Plant C,M-04,2.265403448895529,Mechanical Failure
2026-03-15,Plant C,M-04,2.5463649980251786,Material Shortage
2026-03-15,Plant C,M-05,1.923542085000956,Mechanical Failure
2026-03-15,Plant C,M-05,1.217178968068808,Changeover
2026-03-15,Plant C,M-05,0.2441065470948986,Material Shortage
2026-03-16,Plant A,M-01,1.4256009999646952,Changeover
2026-03-16,Plant A,M-01,0.9633553429860011,Electrical Failure
2026-03-16,Plant A,M-01,2.0821709031990627,Changeover
2026-03-16,Plant A,M-02,2.90066903598619,Changeover
2026-03-16,Plant A,M-02,1.041785222693668,Electrical Failure
2026-03-16,Plant A,M-02,1.642036561281124,Material Shortage
2026-03-16,Plant A,M-03,1.2636582387898792,Electrical Failure
2026-03-16,Plant A,M-03,1.9554975705713051,Mechanical Failure
2026-03-16,Plant A,M-03,2.846882956427518,Maintenance
2026-03-16,Plant A,M-04,1.9914226584034185,Maintenance
2026-03-16,Plant A,M-04,3.0829849505146965,Operator Issue
2026-03-16,Plant A,M-04,2.5803837961960143,Changeover
2026-03-16,Plant A,M-05,0.2703628424863519,Mechanical Failure
2026-03-16,Plant A,M-05,3.432157418505274,Changeover
2026-03-16,Plant A,M-05,0.8600349451630991,Maintenance
2026-03-16,Plant B,M-01,2.1912547705358825,Operator Issue
2026-03-16,Plant B,M-01,1.4356393192517474,Operator Issue
2026-03-16,Plant B,M-01,1.2019227872292084,Maintenance
2026-03-16,Plant B,M-02,1.4919425363413796,Changeover
2026-03-16,Plant B,M-02,0.2613537934560101,Electrical Failure
2026-03-16,Plant B,M-02,0.41947770503972004,Mechanical Failure
2026-03-16,Plant B,M-03,0.7339023305779797,Changeover
2026-03-16,Plant B,M-03,1.9335861364850808,Electrical Failure
2026-03-16,Plant B,M-03,0.5238105635582186,Electrical Failure
2026-03-16,Plant B,M-04,7.531902939679238,Mechanical Failure
2026-03-16,Plant B,M-04,5.874760268916564,Operator Issue
2026-03-16,Plant B,M-04,5.389878565990486,Mechanical Failure
2026-03-16,Plant B,M-05,2.885952091520991,Operator Issue
2026-03-16,Plant B,M-05,1.3681146027638948,Maintenance
2026-03-16,Plant B,M-05,3.068242021141756,Maintenance
2026-03-16,Plant C,M-01,0.44308153765629604,Changeover
2026-03-16,Plant C,M-01,1.6893887216646435,Material Shortage
2026-03-16,Plant C,M-01,3.0416932555971448,Material Shortage
2026-03-16,Plant C,M-02,0.4029225149696015,Material Shortage
2026-03-16,Plant C,M-02,1.1132669624326355,Changeover
2026-03-16,Plant C,M-02,1.142874703872876,Electrical Failure
2026-03-16,Plant C,M-03,3.1133476933199185,Electrical Failure
2026-03-16,Plant C,M-03,0.5528890095359549,Material Shortage
2026-03-16,Plant C,M-03,1.7099715077885946,Maintenance
2026-03-16,Plant C,M-04,0.7412347423257044,Maintenance
2026-03-16,Plant C,M-04,1.978536685776352,Electrical Failure
2026-03-16,Plant C,M-04,1.5517729485916174,Electrical Failure
2026-03-16,Plant C,M-05,2.296831166885209,Changeover
2026-03-16,Plant C,M-05,0.2036020853757579,Maintenance
2026-03-16,Plant C,M-05,3.0561811474002845,Operator Issue
2026-03-17,Plant A,M-01,2.332417707249109,Operator Issue
2026-03-17,Plant A,M-01,0.7030615185460818,Electrical Failure
2026-03-17,Plant A,M-01,1.2218258920336444,Changeover
2026-03-17,Plant A,M-02,2.404309611908611,Changeover
2026-03-17,Plant A,M-02,0.3665807429895458,Changeover
2026-03-17,Plant A,M-02,2.4275167923217786,Electrical Failure
2026-03-17,Plant A,M-03,2.150131568500284,Changeover
2026-03-17,Plant A,M-03,2.494667231386329,Operator Issue
2026-03-17,Plant A,M-03,1.4538079677794942,Mechanical Failure
2026-03-17,Plant A,M-04,2.588198111646586,Operator Issue
2026-03-17,Plant A,M-04,0.2910904859909488,Material Shortage
2026-03-17,Plant A,M-04,2.919791311635014,Maintenance
2026-03-17,Plant A,M-05,3.222357953157196,Electrical Failure
2026-03-17,Plant A,M-05,3.319986815388703,Mechanical Failure
2026-03-17,Plant A,M-05,0.8441892591271594,Maintenance
2026-03-17,Plant B,M-01,0.3731974139144358,Mechanical Failure
2026-03-17,Plant B,M-01,0.9035741331111318,Material Shortage
2026-03-17,Plant B,M-01,3.43223268402819,Operator Issue
2026-03-17,Plant B,M-02,0.5039378445680884,Electrical Failure
2026-03-17,Plant B,M-02,2.8334512117246926,Changeover
2026-03-17,Plant B,M-02,1.5224227900214147,Operator Issue
2026-03-17,Plant B,M-03,1.0266660681189625,Material Shortage
2026-03-17,Plant B,M-03,3.0900930771670243,Changeover
2026-03-17,Plant B,M-03,2.3342505340790076,Maintenance
2026-03-17,Plant B,M-04,6.722198601480429,Electrical Failure
2026-03-17,Plant B,M-04,4.72516578875436,Changeover
2026-03-17,Plant B,M-04,5.357315000674316,Maintenance
2026-03-17,Plant B,M-05,2.181685383999689,Maintenance
2026-03-17,Plant B,M-05,0.9133076311010528,Electrical Failure
2026-03-17,Plant B,M-05,0.2811193255385613,Maintenance
2026-03-17,Plant C,M-01,3.035257545273407,Electrical Failure
2026-03-17,Plant C,M-01,1.3724657674582295,Mechanical Failure
2026-03-17,Plant C,M-01,2.824764474604639,Maintenance
2026-03-17,Plant C,M-02,2.7419215321831545,Maintenance
2026-03-17,Plant C,M-02,2.13499626493573,Material Shortage
2026-03-17,Plant C,M-02,0.21507724654956095,Changeover
2026-03-17,Plant C,M-03,2.8144431109879973,Changeover
2026-03-17,Plant C,M-03,3.357667093450942,Mechanical Failure
2026-03-17,Plant C,M-03,0.3482361822990475,Operator Issue
2026-03-17,Plant C,M-04,1.2349643747493033,Mechanical Failure
2026-03-17,Plant C,M-04,1.8240421749112214,Mechanical Failure
2026-03-17,Plant C,M-04,0.7194717586049209,Material Shortage
2026-03-17,Plant C,M-05,2.311246679346083,Operator Issue
2026-03-17,Plant C,M-05,1.040648835926905,Mechanical Failure
2026-03-17,Plant C,M-05,0.8241268115248319,Operator Issue
2026-03-18,Plant A,M-01,1.2200426221434817,Operator Issue
2026-03-18,Plant A,M-01,0.7309810815734925,Electrical Failure
2026-03-18,Plant A,M-01,3.112088811632282,Operator Issue
2026-03-18,Plant A,M-02,1.0931384436194687,Operator Issue
2026-03-18,Plant A,M-02,2.0874386353433527,Material Shortage
2026-03-18,Plant A,M-02,2.038441107396994,Mechanical Failure
2026-03-18,Plant A,M-03,1.7989745757063869,Electrical Failure
2026-03-18,Plant A,M-03,0.843849158720331,Electrical Failure
2026-03-18,Plant A,M-03,2.1584220340910596,Electrical Failure
2026-03-18,Plant A,M-04,1.2762152437905232,Maintenance
2026-03-18,Plant A,M-04,1.591878899461917,Operator Issue
2026-03-18,Plant A,M-04,0.8528545668322118,Mechanical Failure
2026-03-18,Plant A,M-05,0.2832751224364469,Electrical Failure
2026-03-18,Plant A,M-05,1.6576842210158669,Electrical Failure
2026-03-18,Plant A,M-05,3.4234941503090486,Material Shortage
2026-03-18,Plant B,M-01,2.6964985893618962,Operator Issue
2026-03-18,Plant B,M-01,0.97976890043045,Electrical Failure
2026-03-18,Plant B,M-01,0.8619092123435046,Maintenance
2026-03-18,Plant B,M-02,1.5441667136278823,Changeover
2026-03-18,Plant B,M-02,0.6974125781105944,Material Shortage
2026-03-18,Plant B,M-02,1.9761901792155416,Operator Issue
2026-03-18,Plant B,M-03,2.755558648236784,Material Shortage
2026-03-18,Plant B,M-03,1.694832452029889,Operator Issue
2026-03-18,Plant B,M-03,0.5149891256112511,Mechanical Failure
2026-03-18,Plant B,M-04,6.1714725599128535,Mechanical Failure
2026-03-18,Plant B,M-04,7.538284825655069,Electrical Failure
2026-03-18,Plant B,M-04,5.8375863165493485,Maintenance
2026-03-18,Plant B,M-05,1.3303090315269084,Electrical Failure
2026-03-18,Plant B,M-05,2.0889829110861386,Mechanical Failure
2026-03-18,Plant B,M-05,3.030924753188426,Material Shortage
2026-03-18,Plant C,M-01,1.911914421144976,Maintenance
2026-03-18,Plant C,M-01,2.9031128357510636,Electrical Failure
2026-03-18,Plant C,M-01,2.0794197838890103,Material Shortage
2026-03-18,Plant C,M-02,1.8980267043281782,Changeover
2026-03-18,Plant C,M-02,1.3121587801305992,Material Shortage
2026-03-18,Plant C,M-02,1.1569848304718957,Maintenance
2026-03-18,Plant C,M-03,2.0443076765371146,Material Shortage
2026-03-18,Plant C,M-03,1.0381585823765715,Maintenance
2026-03-18,Plant C,M-03,2.01196874482356,Changeover
2026-03-18,Plant C,M-04,1.7056451337685115,Electrical Failure
2026-03-18,Plant C,M-04,1.8617220983560496,Changeover
2026-03-18,Plant C,M-04,2.9078471122610683,Electrical Failure
2026-03-18,Plant C,M-05,2.3403482528877295,Maintenance
2026-03-18,Plant C,M-05,0.7978036041064049,Changeover
2026-03-18,Plant C,M-05,1.4563789080770682,Maintenance
2026-03-19,Plant A,M-01,1.4810966288222365,Changeover
2026-03-19,Plant A,M-01,0.7668264473810802,Electrical Failure
2026-03-19,Plant A,M-01,1.1063958582137365,Material Shortage
2026-03-19,Plant A,M-02,1.755141399835448,Mechanical Failure
2026-03-19,Plant A,M-02,0.9093430855178386,Operator Issue
2026-03-19,Plant A,M-02,3.246804484966713,Material Shortage
2026-03-19,Plant A,M-03,1.5527675495134037,Electrical Failure
2026-03-19,Plant A,M-03,2.4292784617965695,Electrical Failure
2026-03-19,Plant A,M-03,1.663554562415137,Operator Issue
2026-03-19,Plant A,M-04,1.1231114644651294,Material Shortage
2026-03-19,Plant A,M-04,3.343431126238118,Mechanical Failure
2026-03-19,Plant A,M-04,0.4379269281955938,Material Shortage
2026-03-19,Plant A,M-05,1.7575247696942584,Changeover
2026-03-19,Plant A,M-05,1.8917827697120813,Electrical Failure
2026-03-19,Plant A,M-05,0.5438256926184357,Operator Issue
2026-03-19,Plant B,M-01,3.348488265017857,Changeover
2026-03-19,Plant B,M-01,0.9235812330357109,Material Shortage
2026-03-19,Plant B,M-01,3.0372728614026387,Mechanical Failure
2026-03-19,Plant B,M-02,3.242631747616264,Changeover
2026-03-19,Plant B,M-02,3.0229284159001564,Material Shortage
2026-03-19,Plant B,M-02,2.1221052305495878,Maintenance
2026-03-19,Plant B,M-03,2.270870416819741,Electrical Failure
2026-03-19,Plant B,M-03,1.8263993272485082,Operator Issue
2026-03-19,Plant B,M-03,0.524275179183957,Mechanical Failure
2026-03-19,Plant B,M-04,7.74790435884192,Changeover
2026-03-19,Plant B,M-04,4.6729848641119816,Operator Issue
2026-03-19,Plant B,M-04,6.114233849734727,Operator Issue
2026-03-19,Plant B,M-05,1.0730451223854305,Electrical Failure
2026-03-19,Plant B,M-05,3.2570207083187186,Operator Issue
2026-03-19,Plant B,M-05,1.2978614813396137,Electrical Failure
2026-03-19,Plant C,M-01,1.4523395492749256,Material Shortage
2026-03-19,Plant C,M-01,3.3975448625558657,Maintenance
2026-03-19,Plant C,M-01,2.43306259031454,Material Shortage
2026-03-19,Plant C,M-02,2.6733616132997513,Operator Issue
2026-03-19,Plant C,M-02,1.4567584046032696,Operator Issue
2026-03-19,Plant C,M-02,2.6940324231326644,Maintenance
2026-03-19,Plant C,M-03,1.5091730846175906,Material Shortage
2026-03-19,Plant C,M-03,2.747521061472895,Electrical Failure
2026-03-19,Plant C,M-03,3.4075673253163967,Operator Issue
2026-03-19,Plant C,M-04,0.411225913346728,Material Shortage
2026-03-19,Plant C,M-04,1.0516655224811384,Material Shortage
2026-03-19,Plant C,M-04,1.9411206934826613,Operator Issue
2026-03-19,Plant C,M-05,3.3831523122330855,Changeover
2026-03-19,Plant C,M-05,3.379413584725227,Operator Issue
2026-03-19,Plant C,M-05,1.1216195050650242,Mechanical Failure
2026-03-20,Plant A,M-01,1.5465418960996373,Changeover
2026-03-20,Plant A,M-01,0.8899778697181726,Electrical Failure
2026-03-20,Plant A,M-01,0.26449052710119264,Changeover
2026-03-20,Plant A,M-02,3.189226401216441,Maintenance
2026-03-20,Plant A,M-02,1.057126590540268,Maintenance
2026-03-20,Plant A,M-02,2.5285293770773976,Changeover
2026-03-20,Plant A,M-03,0.47606704951873546,Changeover
2026-03-20,Plant A,M-03,2.4107317610530865,Maintenance
2026-03-20,Plant A,M-03,1.0562662755876964,Maintenance
2026-03-20,Plant A,M-04,1.904650636999212,Maintenance
2026-03-20,Plant A,M-04,1.016232581644316,Mechanical Failure
2026-03-20,Plant A,M-04,1.1742589253263949,Operator Issue
2026-03-20,Plant A,M-05,2.8975868514455785,Material Shortage
2026-03-20,Plant A,M-05,3.053366805528845,Material Shortage
2026-03-20,Plant A,M-05,1.3749376453199806,Electrical Failure
2026-03-20,Plant B,M-01,1.3287984764826224,Operator Issue
2026-03-20,Plant B,M-01,0.7629237524860406,Operator Issue
2026-03-20,Plant B,M-01,1.5664216497035597,Maintenance
2026-03-20,Plant B,M-02,0.9952060651868913,Maintenance
2026-03-20,Plant B,M-02,3.28224914221927,Mechanical Failure
2026-03-20,Plant B,M-02,3.031055999008022,Changeover
2026-03-20,Plant B,M-03,1.0445985603328665,Changeover
2026-03-20,Plant B,M-03,3.114123410165668,Maintenance
2026-03-20,Plant B,M-03,1.40985401818283,Changeover
2026-03-20,Plant B,M-04,6.852307581515792,Electrical Failure
2026-03-20,Plant B,M-04,5.856296079247272,Electrical Failure
2026-03-20,Plant B,M-04,4.778484562591272,Mechanical Failure
2026-03-20,Plant B,M-05,0.49535211495517134,Material Shortage
2026-03-20,Plant B,M-05,2.4488674329096396,Mechanical Failure
2026-03-20,Plant B,M-05,0.44421509980835816,Mechanical Failure
2026-03-20,Plant C,M-01,1.2705621342817384,Material Shortage
2026-03-20,Plant C,M-01,2.4285603208530038,Operator Issue
2026-03-20,Plant C,M-01,0.8639644445865418,Electrical Failure
2026-03-20,Plant C,M-02,0.2679721616926458,Operator Issue
2026-03-20,Plant C,M-02,1.0781699834597471,Changeover
2026-03-20,Plant C,M-02,2.444899642587149,Maintenance
2026-03-20,Plant C,M-03,0.2197930472859767,Changeover
2026-03-20,Plant C,M-03,1.0317878641953544,Changeover
2026-03-20,Plant C,M-03,1.6739287287227116,Maintenance
2026-03-20,Plant C,M-04,2.997866123603162,Material Shortage
2026-03-20,Plant C,M-04,2.1915526257276654,Electrical Failure
2026-03-20,Plant C,M-04,3.4938293825486233,Electrical Failure
2026-03-20,Plant C,M-05,3.1789658848769577,Operator Issue
2026-03-20,Plant C,M-05,1.9589907660469166,Changeover
2026-03-20,Plant C,M-05,0.374310761518707,Electrical Failure
2026-03-21,Plant A,M-01,1.0507698599417366,Operator Issue
2026-03-21,Plant A,M-01,0.5566286744277743,Changeover
2026-03-21,Plant A,M-01,0.8367316750441005,Mechanical Failure
2026-03-21,Plant A,M-02,1.8840139718970448,Material Shortage
2026-03-21,Plant A,M-02,1.8920907874637096,Material Shortage
2026-03-21,Plant A,M-02,3.1805069192133613,Electrical Failure
2026-03-21,Plant A,M-03,3.1122273204831834,Electrical Failure
2026-03-21,Plant A,M-03,0.7495287476719255,Mechanical Failure
2026-03-21,Plant A,M-03,2.9500718765174683,Maintenance
2026-03-21,Plant A,M-04,1.1831728194638764,Changeover
2026-03-21,Plant A,M-04,0.26717727305623507,Maintenance
2026-03-21,Plant A,M-04,1.955293761818009,Maintenance
2026-03-21,Plant A,M-05,2.6919184048026326,Changeover
2026-03-21,Plant A,M-05,1.973814106684632,Changeover
2026-03-21,Plant A,M-05,1.6155847626301767,Maintenance
2026-03-21,Plant B,M-01,0.3654172266586933,Changeover
2026-03-21,Plant B,M-01,2.3626180569528317,Maintenance
2026-03-21,Plant B,M-01,1.2165197072631748,Electrical Failure
2026-03-21,Plant B,M-02,2.5401357833400398,Maintenance
2026-03-21,Plant B,M-02,3.4114058673793344,Operator Issue
2026-03-21,Plant B,M-02,0.9673587263714392,Changeover
2026-03-21,Plant B,M-03,2.190696360602878,Operator Issue
2026-03-21,Plant B,M-03,2.4833521779602674,Changeover
2026-03-21,Plant B,M-03,2.707779596859328,Material Shortage
2026-03-21,Plant B,M-04,4.0877221697415855,Mechanical Failure
2026-03-21,Plant B,M-04,4.287853545127277,Changeover
2026-03-21,Plant B,M-04,7.230584511986288,Electrical Failure
2026-03-21,Plant B,M-05,1.5762318645984672,Material Shortage
2026-03-21,Plant B,M-05,1.2085039519458922,Changeover
2026-03-21,Plant B,M-05,2.011642741782069,Electrical Failure
2026-03-21,Plant C,M-01,3.317818027621787,Mechanical Failure
2026-03-21,Plant C,M-01,3.2651917203916394,Operator Issue
2026-03-21,Plant C,M-01,2.0492078362870725,Changeover
2026-03-21,Plant C,M-02,2.613924320641933,Changeover
2026-03-21,Plant C,M-02,1.497803070274664,Material Shortage
2026-03-21,Plant C,M-02,0.20064304571314656,Mechanical Failure
2026-03-21,Plant C,M-03,3.35511403831365,Mechanical Failure
2026-03-21,Plant C,M-03,0.32120688649727525,Material Shortage
2026-03-21,Plant C,M-03,2.0817544827840258,Electrical Failure
2026-03-21,Plant C,M-04,1.228636109476409,Material Shortage
2026-03-21,Plant C,M-04,2.997720935992455,Changeover
2026-03-21,Plant C,M-04,1.849739390456962,Operator Issue
2026-03-21,Plant C,M-05,0.4831879575345984,Mechanical Failure
2026-03-21,Plant C,M-05,3.201533268058627,Electrical Failure
2026-03-21,Plant C,M-05,3.4724765009682756,Material Shortage
2026-03-22,Plant A,M-01,1.7908535166784,Operator Issue
2026-03-22,Plant A,M-01,3.0026432461132218,Changeover
2026-03-22,Plant A,M-01,1.7050184905808246,Changeover
2026-03-22,Plant A,M-02,1.4826009236202822,Material Shortage
2026-03-22,Plant A,M-02,2.4121639027458217,Changeover
2026-03-22,Plant A,M-02,2.8948075594705642,Mechanical Failure
2026-03-22,Plant A,M-03,3.2898185000978586,Operator Issue
2026-03-22,Plant A,M-03,2.6653235232236034,Mechanical Failure
2026-03-22,Plant A,M-03,2.553344686128284,Material Shortage
2026-03-22,Plant A,M-04,1.7789318084699473,Operator Issue
2026-03-22,Plant A,M-04,1.5560105673384164,Mechanical Failure
2026-03-22,Plant A,M-04,0.9090860299072401,Changeover
2026-03-22,Plant A,M-05,2.4503814845454,Operator Issue
2026-03-22,Plant A,M-05,3.13914464163517,Operator Issue
2026-03-22,Plant A,M-05,2.921221633350159,Operator Issue
2026-03-22,Plant B,M-01,0.4101678926611836,Maintenance
2026-03-22,Plant B,M-01,1.0202135412277267,Changeover
2026-03-22,Plant B,M-01,0.4328412523758998,Mechanical Failure
2026-03-22,Plant B,M-02,2.3400425788580534,Maintenance
2026-03-22,Plant B,M-02,2.259655922317736,Operator Issue
2026-03-22,Plant B,M-02,1.573111980710447,Electrical Failure
2026-03-22,Plant B,M-03,3.1436769088465937,Maintenance
2026-03-22,Plant B,M-03,0.5977220713137616,Changeover
2026-03-22,Plant B,M-03,3.311786135760651,Electrical Failure
2026-03-22,Plant B,M-04,6.712729017563232,Maintenance
2026-03-22,Plant B,M-04,7.706654237577879,Maintenance
2026-03-22,Plant B,M-04,5.7942763913230495,Mechanical Failure
2026-03-22,Plant B,M-05,0.4442659678444506,Material Shortage
2026-03-22,Plant B,M-05,0.2719350805689877,Mechanical Failure
2026-03-22,Plant B,M-05,2.555781049404797,Maintenance
2026-03-22,Plant C,M-01,1.128407944661169,Operator Issue
2026-03-22,Plant C,M-01,0.9261317487202496,Operator Issue
2026-03-22,Plant C,M-01,3.4914289329120125,Material Shortage
2026-03-22,Plant C,M-02,3.2546489828797567,Mechanical Failure
2026-03-22,Plant C,M-02,3.4487365799051264,Material Shortage
2026-03-22,Plant C,M-02,1.7776060077601366,Changeover
2026-03-22,Plant C,M-03,0.9996064824984745,Mechanical Failure
2026-03-22,Plant C,M-03,1.1704348252710461,Changeover
2026-03-22,Plant C,M-03,0.9906391410303099,Material Shortage
2026-03-22,Plant C,M-04,0.45364057194868546,Material Shortage
2026-03-22,Plant C,M-04,0.44773526550976583,Electrical Failure
2026-03-22,Plant C,M-04,2.388236715649058,Electrical Failure
2026-03-22,Plant C,M-05,1.2726238208917104,Maintenance
2026-03-22,Plant C,M-05,3.0250948430876847,Maintenance
2026-03-22,Plant C,M-05,3.280775228986334,Operator Issue
2026-03-23,Plant A,M-01,1.530006703990411,Material Shortage
2026-03-23,Plant A,M-01,3.2704349985142724,Material Shortage
2026-03-23,Plant A,M-01,2.3793080002079625,Operator Issue
2026-03-23,Plant A,M-02,2.8102228699302128,Mechanical Failure
2026-03-23,Plant A,M-02,2.5819723264228664,Changeover
2026-03-23,Plant A,M-02,1.487375947570986,Mechanical Failure
2026-03-23,Plant A,M-03,1.1778300568752451,Changeover
2026-03-23,Plant A,M-03,0.47015253318299055,Operator Issue
2026-03-23,Plant A,M-03,3.2364678466068613,Electrical Failure
2026-03-23,Plant A,M-04,0.5903863371343808,Operator Issue
2026-03-23,Plant A,M-04,1.253319443408675,Maintenance
2026-03-23,Plant A,M-04,2.491023145049998,Material Shortage
2026-03-23,Plant A,M-05,0.9769519330960648,Mechanical Failure
2026-03-23,Plant A,M-05,0.886841861482071,Operator Issue
2026-03-23,Plant A,M-05,1.627687082356268,Material Shortage
2026-03-23,Plant B,M-01,0.3101888837356197,Material Shortage
2026-03-23,Plant B,M-01,2.928700106856769,Mechanical Failure
2026-03-23,Plant B,M-01,1.6795553532348417,Changeover
2026-03-23,Plant B,M-02,0.5681108118224982,Maintenance
2026-03-23,Plant B,M-02,1.1255759204200784,Mechanical Failure
2026-03-23,Plant B,M-02,2.3048857936294986,Operator Issue
2026-03-23,Plant B,M-03,0.6853410876273307,Changeover
2026-03-23,Plant B,M-03,0.2886595232462166,Changeover
2026-03-23,Plant B,M-03,2.818638940525796,Material Shortage
2026-03-23,Plant B,M-04,5.809044040300963,Operator Issue
2026-03-23,Plant B,M-04,4.392506386347561,Electrical Failure
2026-03-23,Plant B,M-04,4.367007551303383,Maintenance
2026-03-23,Plant B,M-05,0.8388749765910619,Operator Issue
2026-03-23,Plant B,M-05,3.36558352924529,Changeover
2026-03-23,Plant B,M-05,0.21410791137962018,Operator Issue
2026-03-23,Plant C,M-01,1.5381945408401294,Operator Issue
2026-03-23,Plant C,M-01,0.357482546210823,Electrical Failure
2026-03-23,Plant C,M-01,0.538047676228066,Electrical Failure
2026-03-23,Plant C,M-02,0.3538950995270933,Maintenance
2026-03-23,Plant C,M-02,2.893916016784005,Electrical Failure
2026-03-23,Plant C,M-02,1.4614485864368976,Operator Issue
2026-03-23,Plant C,M-03,1.5157570228673394,Maintenance
2026-03-23,Plant C,M-03,0.6282189140833871,Operator Issue
2026-03-23,Plant C,M-03,3.209029971343523,Changeover
2026-03-23,Plant C,M-04,2.6851754169215787,Electrical Failure
2026-03-23,Plant C,M-04,2.7910806511680013,Operator Issue
2026-03-23,Plant C,M-04,1.742395122027576,Operator Issue
2026-03-23,Plant C,M-05,3.4473388351372747,Material Shortage
2026-03-23,Plant C,M-05,2.4667314290588065,Electrical Failure
2026-03-23,Plant C,M-05,1.3992025222870297,Operator Issue
2026-03-24,Plant A,M-01,3.2654962400935132,Electrical Failure
2026-03-24,Plant A,M-01,1.0893713126753932,Electrical Failure
2026-03-24,Plant A,M-01,3.1746801800518414,Maintenance
2026-03-24,Plant A,M-02,2.5624127620704327,Maintenance
2026-03-24,Plant A,M-02,1.1610726958689432,Electrical Failure
2026-03-24,Plant A,M-02,2.257765840351985,Operator Issue
2026-03-24,Plant A,M-03,1.8522705128625196,Operator Issue
2026-03-24,Plant A,M-03,1.37392047761604,Electrical Failure
2026-03-24,Plant A,M-03,0.9201376674535444,Electrical Failure
2026-03-24,Plant A,M-04,0.3667489189452915,Material Shortage
2026-03-24,Plant A,M-04,2.9492610774848,Maintenance
2026-03-24,Plant A,M-04,2.6495809811123374,Maintenance
2026-03-24,Plant A,M-05,0.9353695422983852,Mechanical Failure
2026-03-24,Plant A,M-05,2.329404957896024,Electrical Failure
2026-03-24,Plant A,M-05,0.8446855516842482,Changeover
2026-03-24,Plant B,M-01,0.5160256883514329,Material Shortage
2026-03-24,Plant B,M-01,3.475134759966605,Material Shortage
2026-03-24,Plant B,M-01,0.47957103970428133,Material Shortage
2026-03-24,Plant B,M-02,1.660049324290073,Mechanical Failure
2026-03-24,Plant B,M-02,3.102582113827725,Changeover
2026-03-24,Plant B,M-02,1.9084649987983207,Operator Issue
2026-03-24,Plant B,M-03,0.9914828190814766,Operator Issue
2026-03-24,Plant B,M-03,1.695014075573915,Electrical Failure
2026-03-24,Plant B,M-03,0.8421939590709484,Changeover
2026-03-24,Plant B,M-04,6.611696739776712,Maintenance
2026-03-24,Plant B,M-04,6.9127998141316045,Mechanical Failure
2026-03-24,Plant B,M-04,7.392946710349879,Material Shortage
2026-03-24,Plant B,M-05,1.0620225569133261,Changeover
2026-03-24,Plant B,M-05,1.4111057490319163,Changeover
2026-03-24,Plant B,M-05,2.112907412826171,Changeover
2026-03-24,Plant C,M-01,1.1042762944892308,Changeover
2026-03-24,Plant C,M-01,0.7194668619541864,Mechanical Failure
2026-03-24,Plant C,M-01,0.6859397243315102,Changeover
2026-03-24,Plant C,M-02,3.4817311006568046,Electrical Failure
2026-03-24,Plant C,M-02,2.1627612098905122,Operator Issue
2026-03-24,Plant C,M-02,3.004603223204161,Material Shortage
2026-03-24,Plant C,M-03,3.2203192894163775,Mechanical Failure
2026-03-24,Plant C,M-03,3.3775161418857365,Operator Issue
2026-03-24,Plant C,M-03,3.2219387667226562,Electrical Failure
2026-03-24,Plant C,M-04,2.3244144348443116,Mechanical Failure
2026-03-24,Plant C,M-04,2.580890333658527,Material Shortage
2026-03-24,Plant C,M-04,2.6635518605024506,Maintenance
2026-03-24,Plant C,M-05,2.3451111579822603,Changeover
2026-03-24,Plant C,M-05,3.1238585963046304,Operator Issue
2026-03-24,Plant C,M-05,3.201760947060199,Mechanical Failure
2026-03-25,Plant A,M-01,2.439721598969184,Electrical Failure
2026-03-25,Plant A,M-01,1.3148740429469972,Mechanical Failure
2026-03-25,Plant A,M-01,2.7920046964161216,Mechanical Failure
2026-03-25,Plant A,M-02,1.175980600969649,Mechanical Failure
2026-03-25,Plant A,M-02,1.4293988709707555,Changeover
2026-03-25,Plant A,M-02,2.1442399208619967,Electrical Failure
2026-03-25,Plant A,M-03,0.7131871011023756,Operator Issue
2026-03-25,Plant A,M-03,3.174848453701045,Changeover
2026-03-25,Plant A,M-03,0.2321217789088894,Mechanical Failure
2026-03-25,Plant A,M-04,0.783813153255646,Maintenance
2026-03-25,Plant A,M-04,2.152164046594007,Material Shortage
2026-03-25,Plant A,M-04,1.3434463354170545,Electrical Failure
2026-03-25,Plant A,M-05,2.380718458136658,Electrical Failure
2026-03-25,Plant A,M-05,0.9787867862648465,Maintenance
2026-03-25,Plant A,M-05,1.2089591411946221,Mechanical Failure
2026-03-25,Plant B,M-01,2.4546558686899362,Material Shortage
2026-03-25,Plant B,M-01,1.5224531044910041,Maintenance
2026-03-25,Plant B,M-01,3.1904130444090657,Operator Issue
2026-03-25,Plant B,M-02,0.4199805188169676,Operator Issue
2026-03-25,Plant B,M-02,0.4819977714932742,Mechanical Failure
2026-03-25,Plant B,M-02,3.186011935940427,Maintenance
2026-03-25,Plant B,M-03,0.40956804862949525,Mechanical Failure
2026-03-25,Plant B,M-03,1.6464792349008954,Maintenance
2026-03-25,Plant B,M-03,2.699917623771558,Changeover
2026-03-25,Plant B,M-04,5.747885734535767,Operator Issue
2026-03-25,Plant B,M-04,4.225657490640366,Mechanical Failure
2026-03-25,Plant B,M-04,6.998422746329416,Electrical Failure
2026-03-25,Plant B,M-05,3.2529230628494132,Changeover
2026-03-25,Plant B,M-05,3.296341870003615,Maintenance
2026-03-25,Plant B,M-05,2.5970076191176092,Mechanical Failure
2026-03-25,Plant C,M-01,1.7782978139257088,Operator Issue
2026-03-25,Plant C,M-01,2.1201985480423904,Operator Issue
2026-03-25,Plant C,M-01,0.9719636957578432,Electrical Failure
2026-03-25,Plant C,M-02,1.976510492716075,Mechanical Failure
2026-03-25,Plant C,M-02,0.783469622878509,Maintenance
2026-03-25,Plant C,M-02,3.111560428539415,Material Shortage
2026-03-25,Plant C,M-03,2.81885597955621,Changeover
2026-03-25,Plant C,M-03,1.7273710172195282,Changeover
2026-03-25,Plant C,M-03,0.2193257830647824,Mechanical Failure
2026-03-25,Plant C,M-04,1.9820461546556278,Changeover
2026-03-25,Plant C,M-04,2.15270061615361,Operator Issue
2026-03-25,Plant C,M-04,2.5064776685893686,Maintenance
2026-03-25,Plant C,M-05,3.084630758809936,Changeover
2026-03-25,Plant C,M-05,1.7318463599283258,Operator Issue
2026-03-25,Plant C,M-05,0.914242003086718,Electrical Failure
2026-03-26,Plant A,M-01,1.1947817845008253,Maintenance
2026-03-26,Plant A,M-01,1.5062614688977563,Changeover
2026-03-26,Plant A,M-01,2.412702284245085,Mechanical Failure
2026-03-26,Plant A,M-02,2.476283078762147,Operator Issue
2026-03-26,Plant A,M-02,0.33343251520001876,Mechanical Failure
2026-03-26,Plant A,M-02,2.1583907392628494,Operator Issue
2026-03-26,Plant A,M-03,2.0324853445898112,Electrical Failure
2026-03-26,Plant A,M-03,1.505263507007779,Mechanical Failure
2026-03-26,Plant A,M-03,0.2738850494649672,Changeover
2026-03-26,Plant A,M-04,2.5290303387152098,Mechanical Failure
2026-03-26,Plant A,M-04,3.34780761712402,Operator Issue
2026-03-26,Plant A,M-04,3.1188568680474256,Material Shortage
2026-03-26,Plant A,M-05,1.5709908531409889,Operator Issue
2026-03-26,Plant A,M-05,0.3477551876793048,Mechanical Failure
2026-03-26,Plant A,M-05,0.8204437770542166,Changeover
2026-03-26,Plant B,M-01,1.1173289720675799,Maintenance
2026-03-26,Plant B,M-01,2.6764218011517484,Mechanical Failure
2026-03-26,Plant B,M-01,2.6009666171842,Maintenance
2026-03-26,Plant B,M-02,3.1532574999603633,Mechanical Failure
2026-03-26,Plant B,M-02,0.5820435640696018,Maintenance
2026-03-26,Plant B,M-02,2.2500916462709175,Mechanical Failure
2026-03-26,Plant B,M-03,3.12734863890293,Material Shortage
2026-03-26,Plant B,M-03,3.195755217776402,Operator Issue
2026-03-26,Plant B,M-03,2.9639739580668274,Material Shortage
2026-03-26,Plant B,M-04,6.824604810145145,Mechanical Failure
2026-03-26,Plant B,M-04,5.251429425247772,Maintenance
2026-03-26,Plant B,M-04,4.171345391787844,Mechanical Failure
2026-03-26,Plant B,M-05,2.8569870079138155,Electrical Failure
2026-03-26,Plant B,M-05,2.4930250633047546,Electrical Failure
2026-03-26,Plant B,M-05,1.2526794547711377,Changeover
2026-03-26,Plant C,M-01,2.973075997024463,Electrical Failure
2026-03-26,Plant C,M-01,0.5688881870463087,Changeover
2026-03-26,Plant C,M-01,0.8786292373830047,Operator Issue
2026-03-26,Plant C,M-02,0.23804912121935803,Operator Issue
2026-03-26,Plant C,M-02,2.839532131784541,Changeover
2026-03-26,Plant C,M-02,2.3375957884210368,Material Shortage
2026-03-26,Plant C,M-03,1.317946591746708,Mechanical Failure
2026-03-26,Plant C,M-03,1.9743361356850457,Changeover
2026-03-26,Plant C,M-03,1.0445627038248009,Electrical Failure
2026-03-26,Plant C,M-04,3.131701577905175,Mechanical Failure
2026-03-26,Plant C,M-04,2.266647210058212,Operator Issue
2026-03-26,Plant C,M-04,0.6909618323959239,Changeover
2026-03-26,Plant C,M-05,2.896565201749223,Maintenance
2026-03-26,Plant C,M-05,2.5426693325019816,Operator Issue
2026-03-26,Plant C,M-05,0.5368016416140962,Operator Issue
2026-03-27,Plant A,M-01,2.995810841881699,Changeover
2026-03-27,Plant A,M-01,1.5239334314550845,Operator Issue
2026-03-27,Plant A,M-01,3.4216495510674894,Mechanical Failure
2026-03-27,Plant A,M-02,0.8450114141754559,Maintenance
2026-03-27,Plant A,M-02,2.5122255681620387,Mechanical Failure
2026-03-27,Plant A,M-02,1.9641966800338402,Maintenance
2026-03-27,Plant A,M-03,1.2387894438635951,Electrical Failure
2026-03-27,Plant A,M-03,1.9011826186869252,Material Shortage
2026-03-27,Plant A,M-03,2.352335320662653,Mechanical Failure
2026-03-27,Plant A,M-04,0.6791932000172172,Mechanical Failure
2026-03-27,Plant A,M-04,0.718873534645083,Electrical Failure
2026-03-27,Plant A,M-04,1.4307380381146466,Changeover
2026-03-27,Plant A,M-05,1.892087845352626,Material Shortage
2026-03-27,Plant A,M-05,2.5393852065413482,Mechanical Failure
2026-03-27,Plant A,M-05,1.2063414061498878,Material Shortage
2026-03-27,Plant B,M-01,0.3711911497900725,Maintenance
2026-03-27,Plant B,M-01,1.3323859410307617,Changeover
2026-03-27,Plant B,M-01,1.3103013163901953,Changeover
2026-03-27,Plant B,M-02,1.1606461882396772,Maintenance
2026-03-27,Plant B,M-02,1.2641798872745202,Mechanical Failure
2026-03-27,Plant B,M-02,2.645781749228701,Changeover
2026-03-27,Plant B,M-03,0.6876173071580661,Maintenance
2026-03-27,Plant B,M-03,1.4720397248171562,Changeover
2026-03-27,Plant B,M-03,1.544221605752412,Electrical Failure
2026-03-27,Plant B,M-04,5.3359908243526775,Mechanical Failure
2026-03-27,Plant B,M-04,6.800677792625312,Material Shortage
2026-03-27,Plant B,M-04,4.82908266407381,Changeover
2026-03-27,Plant B,M-05,0.6475348411919535,Mechanical Failure
2026-03-27,Plant B,M-05,2.8845930508919584,Material Shortage
2026-03-27,Plant B,M-05,2.256743232145695,Mechanical Failure
2026-03-27,Plant C,M-01,2.1016192253999195,Operator Issue
2026-03-27,Plant C,M-01,1.634966216098794,Electrical Failure
2026-03-27,Plant C,M-01,0.2909231206709438,Changeover
2026-03-27,Plant C,M-02,2.784245226445375,Electrical Failure
2026-03-27,Plant C,M-02,0.7054228429541447,Changeover
2026-03-27,Plant C,M-02,2.7503970142456855,Electrical Failure
2026-03-27,Plant C,M-03,2.2699342004617127,Mechanical Failure
2026-03-27,Plant C,M-03,2.7409558795872755,Operator Issue
2026-03-27,Plant C,M-03,1.3265843643578266,Operator Issue
2026-03-27,Plant C,M-04,2.52928210415065,Electrical Failure
2026-03-27,Plant C,M-04,2.753542634353001,Maintenance
2026-03-27,Plant C,M-04,0.5980091170613235,Changeover
2026-03-27,Plant C,M-05,3.1045535444327506,Changeover
2026-03-27,Plant C,M-05,1.414143579962323,Operator Issue
2026-03-27,Plant C,M-05,0.9464790271520338,Maintenance
2026-03-28,Plant A,M-01,0.8467480625462818,Maintenance
2026-03-28,Plant A,M-01,1.1509668296065312,Operator Issue
2026-03-28,Plant A,M-01,2.386866950996054,Electrical Failure
2026-03-28,Plant A,M-02,1.2219423550177702,Changeover
2026-03-28,Plant A,M-02,2.0795931283899876,Electrical Failure
2026-03-28,Plant A,M-02,2.119280051233829,Electrical Failure
2026-03-28,Plant A,M-03,1.4491260434287354,Electrical Failure
2026-03-28,Plant A,M-03,2.8756138381373333,Changeover
2026-03-28,Plant A,M-03,1.920016372082411,Changeover
2026-03-28,Plant A,M-04,0.6097359472485868,Electrical Failure
2026-03-28,Plant A,M-04,3.1786523171913106,Operator Issue
2026-03-28,Plant A,M-04,0.8046453607876694,Operator Issue
2026-03-28,Plant A,M-05,2.798349391847329,Mechanical Failure
2026-03-28,Plant A,M-05,1.2047638753318597,Electrical Failure
2026-03-28,Plant A,M-05,2.1529043460440995,Operator Issue
2026-03-28,Plant B,M-01,1.1334764708964404,Material Shortage
2026-03-28,Plant B,M-01,2.5073563790988693,Changeover
2026-03-28,Plant B,M-01,2.654609669069959,Operator Issue
2026-03-28,Plant B,M-02,2.8361699366910234,Electrical Failure
2026-03-28,Plant B,M-02,1.0033220525323492,Maintenance
2026-03-28,Plant B,M-02,1.7982767982285717,Changeover
2026-03-28,Plant B,M-03,3.0863761326401153,Electrical Failure
2026-03-28,Plant B,M-03,1.6685272257150487,Material Shortage
2026-03-28,Plant B,M-03,1.817802369429867,Electrical Failure
2026-03-28,Plant B,M-04,6.842682396165085,Mechanical Failure
2026-03-28,Plant B,M-04,6.083984503943268,Maintenance
2026-03-28,Plant B,M-04,5.996157214379455,Mechanical Failure
2026-03-28,Plant B,M-05,2.298471384071872,Maintenance
2026-03-28,Plant B,M-05,2.0769462060481034,Electrical Failure
2026-03-28,Plant B,M-05,0.7145759178164661,Operator Issue
2026-03-28,Plant C,M-01,3.4747202870623575,Changeover
2026-03-28,Plant C,M-01,0.9665493704275259,Electrical Failure
2026-03-28,Plant C,M-01,3.102209333065659,Electrical Failure
2026-03-28,Plant C,M-02,2.988660752462521,Electrical Failure
2026-03-28,Plant C,M-02,2.8651573239559314,Changeover
2026-03-28,Plant C,M-02,0.801686458394689,Material Shortage
2026-03-28,Plant C,M-03,2.221802444181169,Maintenance
2026-03-28,Plant C,M-03,3.3778096649509646,Electrical Failure
2026-03-28,Plant C,M-03,0.6368307660282586,Mechanical Failure
2026-03-28,Plant C,M-04,1.1122243186126657,Mechanical Failure
2026-03-28,Plant C,M-04,1.1751842849253882,Material Shortage
2026-03-28,Plant C,M-04,3.4735651535402505,Operator Issue
2026-03-28,Plant C,M-05,2.7760609990402165,Mechanical Failure
2026-03-28,Plant C,M-05,1.913514036195125,Maintenance
2026-03-28,Plant C,M-05,3.3220210536283736,Mechanical Failure
2026-03-29,Plant A,M-01,0.23560203766622437,Mechanical Failure
2026-03-29,Plant A,M-01,2.848733147413514,Maintenance
2026-03-29,Plant A,M-01,1.0827921130105835,Material Shortage
2026-03-29,Plant A,M-02,2.142188553025844,Material Shortage
2026-03-29,Plant A,M-02,2.908228635118256,Electrical Failure
2026-03-29,Plant A,M-02,3.0553653561349585,Operator Issue
2026-03-29,Plant A,M-03,2.923939955735311,Mechanical Failure
2026-03-29,Plant A,M-03,2.15265768772965,Electrical Failure
2026-03-29,Plant A,M-03,1.2404183844927241,Changeover
2026-03-29,Plant A,M-04,3.4056339338291894,Maintenance
2026-03-29,Plant A,M-04,0.5116126629889972,Electrical Failure
2026-03-29,Plant A,M-04,0.9164796676963829,Operator Issue
2026-03-29,Plant A,M-05,2.9643540543647946,Operator Issue
2026-03-29,Plant A,M-05,1.977650380842793,Changeover
2026-03-29,Plant A,M-05,1.2975215586280926,Changeover
2026-03-29,Plant B,M-01,1.531419036488036,Electrical Failure
2026-03-29,Plant B,M-01,1.61299082577739,Changeover
2026-03-29,Plant B,M-01,3.413888722342112,Operator Issue
2026-03-29,Plant B,M-02,1.444242351619903,Material Shortage
2026-03-29,Plant B,M-02,1.207183966645971,Maintenance
2026-03-29,Plant B,M-02,2.868028023614319,Changeover
2026-03-29,Plant B,M-03,2.3583089230391945,Electrical Failure
2026-03-29,Plant B,M-03,1.1308205607975363,Maintenance
2026-03-29,Plant B,M-03,2.1763160435819606,Changeover
2026-03-29,Plant B,M-04,5.330113439018283,Mechanical Failure
2026-03-29,Plant B,M-04,7.92421935364124,Operator Issue
2026-03-29,Plant B,M-04,4.82298472818435,Mechanical Failure
2026-03-29,Plant B,M-05,1.1767686344101196,Mechanical Failure
2026-03-29,Plant B,M-05,0.2038027246221387,Operator Issue
2026-03-29,Plant B,M-05,1.8935879069451245,Material Shortage
2026-03-29,Plant C,M-01,2.320893567837216,Changeover
2026-03-29,Plant C,M-01,2.9256999929570466,Changeover
2026-03-29,Plant C,M-01,1.484890776226912,Changeover
2026-03-29,Plant C,M-02,3.00650560845291,Changeover
2026-03-29,Plant C,M-02,2.4116422087281775,Maintenance
2026-03-29,Plant C,M-02,2.1407688446792847,Electrical Failure
2026-03-29,Plant C,M-03,0.4838600189601457,Operator Issue
2026-03-29,Plant C,M-03,0.4858467557315598,Operator Issue
2026-03-29,Plant C,M-03,0.8488224216155422,Mechanical Failure
2026-03-29,Plant C,M-04,2.1278901659574645,Changeover
2026-03-29,Plant C,M-04,1.551934350216477,Mechanical Failure
2026-03-29,Plant C,M-04,1.1395076738283643,Material Shortage
2026-03-29,Plant C,M-05,1.6899820591428543,Material Shortage
2026-03-29,Plant C,M-05,0.9450484669016406,Operator Issue
2026-03-29,Plant C,M-05,2.0858123230716,Electrical Failure
2026-03-30,Plant A,M-01,1.6438862979635733,Material Shortage
2026-03-30,Plant A,M-01,1.8179766178364045,Operator Issue
2026-03-30,Plant A,M-01,1.8427294302114021,Operator Issue
2026-03-30,Plant A,M-02,2.769975812944317,Changeover
2026-03-30,Plant A,M-02,0.9270621649484974,Changeover
2026-03-30,Plant A,M-02,2.8416886329926587,Operator Issue
2026-03-30,Plant A,M-03,1.7416149338712834,Material Shortage
2026-03-30,Plant A,M-03,0.90022031007938,Maintenance
2026-03-30,Plant A,M-03,3.4999137632326476,Maintenance
2026-03-30,Plant A,M-04,2.51632904843538,Material Shortage
2026-03-30,Plant A,M-04,0.4884189740471461,Electrical Failure
2026-03-30,Plant A,M-04,3.021205938315937,Operator Issue
2026-03-30,Plant A,M-05,3.440772081610585,Material Shortage
2026-03-30,Plant A,M-05,1.5771095328304432,Maintenance
2026-03-30,Plant A,M-05,0.4645982626580297,Material Shortage
2026-03-30,Plant B,M-01,0.5521547321994597,Changeover
2026-03-30,Plant B,M-01,2.9266210135948203,Operator Issue
2026-03-30,Plant B,M-01,0.45928622156251664,Changeover
2026-03-30,Plant B,M-02,0.24752866694890577,Electrical Failure
2026-03-30,Plant B,M-02,1.7908488099460222,Electrical Failure
2026-03-30,Plant B,M-02,2.1126941498386542,Maintenance
2026-03-30,Plant B,M-03,0.3198386398079264,Operator Issue
2026-03-30,Plant B,M-03,1.2741529794252702,Material Shortage
2026-03-30,Plant B,M-03,1.2336159124170791,Material Shortage
2026-03-30,Plant B,M-04,5.724656391257744,Changeover
2026-03-30,Plant B,M-04,7.759263372588994,Electrical Failure
2026-03-30,Plant B,M-04,7.806946540359485,Mechanical Failure
2026-03-30,Plant B,M-05,2.2132799949041098,Electrical Failure
2026-03-30,Plant B,M-05,2.4626221408210536,Electrical Failure
2026-03-30,Plant B,M-05,1.9666347024925688,Operator Issue
2026-03-30,Plant C,M-01,2.932846271549762,Changeover
2026-03-30,Plant C,M-01,0.48712173728499913,Maintenance
2026-03-30,Plant C,M-01,1.1915529619430454,Maintenance
2026-03-30,Plant C,M-02,3.3876158736403297,Mechanical Failure
2026-03-30,Plant C,M-02,1.2993038020029684,Maintenance
2026-03-30,Plant C,M-02,1.6749524463761485,Mechanical Failure
2026-03-30,Plant C,M-03,2.8423497954209997,Maintenance
2026-03-30,Plant C,M-03,3.1353247408564915,Mechanical Failure
2026-03-30,Plant C,M-03,2.412431685407048,Mechanical Failure
2026-03-30,Plant C,M-04,1.4681905283634553,Mechanical Failure
2026-03-30,Plant C,M-04,2.061792442167217,Operator Issue
2026-03-30,Plant C,M-04,1.2053619847550905,Changeover
2026-03-30,Plant C,M-05,0.9727191914547892,Electrical Failure
2026-03-30,Plant C,M-05,2.057340635485921,Maintenance
2026-03-30,Plant C,M-05,1.1623522349125675,Mechanical Failure
2026-03-31,Plant A,M-01,2.541333075856421,Material Shortage
2026-03-31,Plant A,M-01,2.3826298753381128,Changeover
2026-03-31,Plant A,M-01,1.5129204300714825,Operator Issue
2026-03-31,Plant A,M-02,1.0319925815415174,Electrical Failure
2026-03-31,Plant A,M-02,2.559328581951422,Operator Issue
2026-03-31,Plant A,M-02,3.126653936992272,Material Shortage
2026-03-31,Plant A,M-03,1.4484062128454858,Maintenance
2026-03-31,Plant A,M-03,1.2604168539683696,Changeover
2026-03-31,Plant A,M-03,1.5235231709352652,Changeover
2026-03-31,Plant A,M-04,0.5638562058403683,Material Shortage
2026-03-31,Plant A,M-04,1.7232304969050831,Maintenance
2026-03-31,Plant A,M-04,2.1996706647196222,Changeover
2026-03-31,Plant A,M-05,1.564217499487774,Mechanical Failure
2026-03-31,Plant A,M-05,1.871436804859322,Material Shortage
2026-03-31,Plant A,M-05,2.00484027225935,Mechanical Failure
2026-03-31,Plant B,M-01,1.7311908404109517,Operator Issue
2026-03-31,Plant B,M-01,0.4755337336890071,Operator Issue
2026-03-31,Plant B,M-01,2.2443354238813535,Maintenance
2026-03-31,Plant B,M-02,0.29466239301149555,Mechanical Failure
2026-03-31,Plant B,M-02,2.1104237894944218,Operator Issue
2026-03-31,Plant B,M-02,1.5602416818752112,Maintenance
2026-03-31,Plant B,M-03,2.998205561199717,Operator Issue
2026-03-31,Plant B,M-03,0.8634053700969906,Maintenance
2026-03-31,Plant B,M-03,2.611310556680271,Operator Issue
2026-03-31,Plant B,M-04,5.453324575275751,Operator Issue
2026-03-31,Plant B,M-04,7.525588415830203,Mechanical Failure
2026-03-31,Plant B,M-04,6.365198812684705,Mechanical Failure
2026-03-31,Plant B,M-05,2.4604160238612485,Mechanical Failure
2026-03-31,Plant B,M-05,0.8824560662313956,Changeover
2026-03-31,Plant B,M-05,1.1680458842733945,Operator Issue
2026-03-31,Plant C,M-01,2.859746522933478,Material Shortage
2026-03-31,Plant C,M-01,0.6735791236896101,Material Shortage
2026-03-31,Plant C,M-01,0.20717348647923878,Operator Issue
2026-03-31,Plant C,M-02,3.373536722505723,Material Shortage
2026-03-31,Plant C,M-02,0.7259972579240646,Mechanical Failure
2026-03-31,Plant C,M-02,1.2492415724355603,Operator Issue
2026-03-31,Plant C,M-03,2.78459681275087,Changeover
2026-03-31,Plant C,M-03,2.9618968941517,Maintenance
2026-03-31,Plant C,M-03,1.3793401983914209,Material Shortage
2026-03-31,Plant C,M-04,2.5071270726793364,Operator Issue
2026-03-31,Plant C,M-04,0.48125457940229627,Mechanical Failure
2026-03-31,Plant C,M-04,2.3815820416576594,Maintenance
2026-03-31,Plant C,M-05,3.3702406818712998,Mechanical Failure
2026-03-31,Plant C,M-05,1.5518587694226458,Material Shortage
2026-03-31,Plant C,M-05,1.7313092560750059,Material Shortage
2026-04-01,Plant A,M-01,1.4109584720831008,Operator Issue
2026-04-01,Plant A,M-01,3.0932502846875263,Electrical Failure
2026-04-01,Plant A,M-01,2.195425375357013,Material Shortage
2026-04-01,Plant A,M-02,2.4317790268107964,Mechanical Failure
2026-04-01,Plant A,M-02,0.6850968556390674,Maintenance
2026-04-01,Plant A,M-02,1.3625236479368708,Material Shortage
2026-04-01,Plant A,M-03,1.1519874393713019,Electrical Failure
2026-04-01,Plant A,M-03,1.0234749148044273,Mechanical Failure
2026-04-01,Plant A,M-03,2.4851014569485073,Mechanical Failure
2026-04-01,Plant A,M-04,0.2867569335880944,Material Shortage
2026-04-01,Plant A,M-04,0.3409716033033127,Mechanical Failure
2026-04-01,Plant A,M-04,1.3567617776671628,Operator Issue
2026-04-01,Plant A,M-05,1.4323528624495114,Mechanical Failure
2026-04-01,Plant A,M-05,0.34463848996665464,Mechanical Failure
2026-04-01,Plant A,M-05,1.8333140869321696,Operator Issue
2026-04-01,Plant B,M-01,2.332537641821442,Mechanical Failure
2026-04-01,Plant B,M-01,0.4884073808716584,Mechanical Failure
2026-04-01,Plant B,M-01,2.891441075398635,Operator Issue
2026-04-01,Plant B,M-02,0.23230003273047745,Material Shortage
2026-04-01,Plant B,M-02,0.9875439777684174,Changeover
2026-04-01,Plant B,M-02,1.8529521599906915,Changeover
2026-04-01,Plant B,M-03,1.081613860086608,Mechanical Failure
2026-04-01,Plant B,M-03,2.090559643555268,Material Shortage
2026-04-01,Plant B,M-03,1.3853189262746646,Material Shortage
2026-04-01,Plant B,M-04,7.3596037300470165,Mechanical Failure
2026-04-01,Plant B,M-04,6.590422042326859,Material Shortage
2026-04-01,Plant B,M-04,7.774640103213895,Maintenance
2026-04-01,Plant B,M-05,3.368147975855354,Maintenance
2026-04-01,Plant B,M-05,0.26562682432934026,Operator Issue
2026-04-01,Plant B,M-05,0.954443018253184,Mechanical Failure
2026-04-01,Plant C,M-01,3.286636218570305,Mechanical Failure
2026-04-01,Plant C,M-01,1.2238338646266194,Operator Issue
2026-04-01,Plant C,M-01,0.44136074934540337,Electrical Failure
2026-04-01,Plant C,M-02,3.1893627695725844,Mechanical Failure
2026-04-01,Plant C,M-02,0.20968239074883255,Electrical Failure
2026-04-01,Plant C,M-02,2.2901628129988465,Changeover
2026-04-01,Plant C,M-03,1.9856301707004793,Material Shortage
2026-04-01,Plant C,M-03,0.22380638478204082,Changeover
2026-04-01,Plant C,M-03,1.4644054147276315,Changeover
2026-04-01,Plant C,M-04,0.33427844259877326,Electrical Failure
2026-04-01,Plant C,M-04,1.1328775691874444,Mechanical Failure
2026-04-01,Plant C,M-04,0.3367231122238409,Material Shortage
2026-04-01,Plant C,M-05,1.8922893485518013,Maintenance
2026-04-01,Plant C,M-05,2.592300154014503,Electrical Failure
2026-04-01,Plant C,M-05,1.8072769403314184,Changeover
2026-04-02,Plant A,M-01,0.5493961382397599,Maintenance
2026-04-02,Plant A,M-01,0.6802472236587325,Mechanical Failure
2026-04-02,Plant A,M-01,2.2827728546551374,Mechanical Failure
2026-04-02,Plant A,M-02,1.0776569313373863,Maintenance
2026-04-02,Plant A,M-02,3.0248104472351995,Changeover
2026-04-02,Plant A,M-02,0.3296832442001225,Mechanical Failure
2026-04-02,Plant A,M-03,2.917130456343521,Material Shortage
2026-04-02,Plant A,M-03,3.154661161800464,Changeover
2026-04-02,Plant A,M-03,2.784824472996703,Electrical Failure
2026-04-02,Plant A,M-04,0.6390921686231124,Operator Issue
2026-04-02,Plant A,M-04,1.887206940199005,Maintenance
2026-04-02,Plant A,M-04,1.919560775738289,Material Shortage
2026-04-02,Plant A,M-05,1.3430621964937388,Operator Issue
2026-04-02,Plant A,M-05,1.4080088622207731,Mechanical Failure
2026-04-02,Plant A,M-05,3.003244485752067,Material Shortage
2026-04-02,Plant B,M-01,1.827090680296653,Mechanical Failure
2026-04-02,Plant B,M-01,2.2198889777774684,Electrical Failure
2026-04-02,Plant B,M-01,2.520059705710596,Maintenance
2026-04-02,Plant B,M-02,2.961222802423781,Changeover
2026-04-02,Plant B,M-02,3.1990157227250444,Changeover
2026-04-02,Plant B,M-02,3.1159069428798656,Electrical Failure
2026-04-02,Plant B,M-03,1.5563805221957958,Changeover
2026-04-02,Plant B,M-03,2.074928695791623,Material Shortage
2026-04-02,Plant B,M-03,3.1162097511718687,Operator Issue
2026-04-02,Plant B,M-04,7.76275346530311,Mechanical Failure
2026-04-02,Plant B,M-04,7.119318024732177,Mechanical Failure
2026-04-02,Plant B,M-04,7.373243577044965,Mechanical Failure
2026-04-02,Plant B,M-05,2.1037894816980702,Material Shortage
2026-04-02,Plant B,M-05,0.6297374362146473,Mechanical Failure
2026-04-02,Plant B,M-05,1.1773370098604772,Changeover
2026-04-02,Plant C,M-01,3.463234616622359,Maintenance
2026-04-02,Plant C,M-01,2.631206190820239,Mechanical Failure
2026-04-02,Plant C,M-01,0.8361146717061405,Mechanical Failure
2026-04-02,Plant C,M-02,0.2641765436777955,Electrical Failure
2026-04-02,Plant C,M-02,2.6814885447653896,Electrical Failure
2026-04-02,Plant C,M-02,2.4013471991125153,Operator Issue
2026-04-02,Plant C,M-03,1.6594473293671401,Operator Issue
2026-04-02,Plant C,M-03,0.2754972192322814,Material Shortage
2026-04-02,Plant C,M-03,2.874631228072398,Maintenance
2026-04-02,Plant C,M-04,3.0858569045328363,Material Shortage
2026-04-02,Plant C,M-04,2.3634271601913612,Electrical Failure
2026-04-02,Plant C,M-04,2.7108843718550055,Electrical Failure
2026-04-02,Plant C,M-05,2.953647566199219,Operator Issue
2026-04-02,Plant C,M-05,2.0868461980532502,Operator Issue
2026-04-02,Plant C,M-05,2.6369292466694123,Maintenance
2026-04-03,Plant A,M-01,3.011720837029813,Maintenance
2026-04-03,Plant A,M-01,1.0020049806699114,Mechanical Failure
2026-04-03,Plant A,M-01,1.1190411249086238,Material Shortage
2026-04-03,Plant A,M-02,1.1535754162359895,Mechanical Failure
2026-04-03,Plant A,M-02,0.9959545407151194,Operator Issue
2026-04-03,Plant A,M-02,0.8611053457972271,Material Shortage
2026-04-03,Plant A,M-03,0.49116989678845124,Mechanical Failure
2026-04-03,Plant A,M-03,1.5770653745243621,Mechanical Failure
2026-04-03,Plant A,M-03,1.5227735522945378,Material Shortage
2026-04-03,Plant A,M-04,0.9978816816842495,Operator Issue
2026-04-03,Plant A,M-04,3.4261760243990516,Material Shortage
2026-04-03,Plant A,M-04,2.4572504777626025,Maintenance
2026-04-03,Plant A,M-05,2.8300386249738274,Mechanical Failure
2026-04-03,Plant A,M-05,2.576931157721144,Operator Issue
2026-04-03,Plant A,M-05,2.341532851021807,Changeover
2026-04-03,Plant B,M-01,2.1962834824230884,Operator Issue
2026-04-03,Plant B,M-01,2.2336412387661007,Operator Issue
2026-04-03,Plant B,M-01,2.8086888248012745,Electrical Failure
2026-04-03,Plant B,M-02,2.7487778465660395,Operator Issue
2026-04-03,Plant B,M-02,3.120863954056779,Mechanical Failure
2026-04-03,Plant B,M-02,2.927672368680258,Maintenance
2026-04-03,Plant B,M-03,1.7301514884455294,Mechanical Failure
2026-04-03,Plant B,M-03,0.4040028419376832,Changeover
2026-04-03,Plant B,M-03,3.389596488582474,Operator Issue
2026-04-03,Plant B,M-04,7.988548061453368,Maintenance
2026-04-03,Plant B,M-04,5.551489068905871,Maintenance
2026-04-03,Plant B,M-04,5.863222617343743,Mechanical Failure
2026-04-03,Plant B,M-05,2.0765066442206823,Material Shortage
2026-04-03,Plant B,M-05,3.382845132051005,Mechanical Failure
2026-04-03,Plant B,M-05,2.231002991177671,Mechanical Failure
2026-04-03,Plant C,M-01,1.5170319369834762,Mechanical Failure
2026-04-03,Plant C,M-01,2.437662383630073,Maintenance
2026-04-03,Plant C,M-01,1.1089579051573983,Changeover
2026-04-03,Plant C,M-02,3.404977031928313,Maintenance
2026-04-03,Plant C,M-02,2.840133067147091,Material Shortage
2026-04-03,Plant C,M-02,3.219317275196786,Mechanical Failure
2026-04-03,Plant C,M-03,2.6023218639608805,Operator Issue
2026-04-03,Plant C,M-03,0.7320921622214451,Material Shortage
2026-04-03,Plant C,M-03,3.42198502878331,Operator Issue
2026-04-03,Plant C,M-04,1.059726551570975,Operator Issue
2026-04-03,Plant C,M-04,3.114824433989642,Electrical Failure
2026-04-03,Plant C,M-04,2.402349510484723,Electrical Failure
2026-04-03,Plant C,M-05,1.2244330355030235,Electrical Failure
2026-04-03,Plant C,M-05,0.5310904111367425,Changeover
2026-04-03,Plant C,M-05,0.68315956009695,Mechanical Failure
2026-04-04,Plant A,M-01,1.7265182401745138,Operator Issue
2026-04-04,Plant A,M-01,2.915509892284599,Electrical Failure
2026-04-04,Plant A,M-01,2.662439895034812,Changeover
2026-04-04,Plant A,M-02,0.35860738511005474,Electrical Failure
2026-04-04,Plant A,M-02,1.0534637952053576,Electrical Failure
2026-04-04,Plant A,M-02,1.0401442920541966,Maintenance
2026-04-04,Plant A,M-03,3.0397230603222805,Changeover
2026-04-04,Plant A,M-03,0.9168861548313125,Maintenance
2026-04-04,Plant A,M-03,0.5162897760599449,Mechanical Failure
2026-04-04,Plant A,M-04,1.373375571371492,Material Shortage
2026-04-04,Plant A,M-04,3.1055860570265557,Electrical Failure
2026-04-04,Plant A,M-04,3.2025180462138807,Changeover
2026-04-04,Plant A,M-05,1.8091207651411494,Maintenance
2026-04-04,Plant A,M-05,2.079408471047424,Material Shortage
2026-04-04,Plant A,M-05,0.4306569894558714,Changeover
2026-04-04,Plant B,M-01,3.497118734219741,Changeover
2026-04-04,Plant B,M-01,1.817825342113097,Maintenance
2026-04-04,Plant B,M-01,3.312781723163165,Maintenance
2026-04-04,Plant B,M-02,0.4067713548052161,Maintenance
2026-04-04,Plant B,M-02,0.4252626184333712,Electrical Failure
2026-04-04,Plant B,M-02,1.8672410160658839,Electrical Failure
2026-04-04,Plant B,M-03,3.43529097515715,Changeover
2026-04-04,Plant B,M-03,2.444980938744062,Material Shortage
2026-04-04,Plant B,M-03,1.0795336658937544,Material Shortage
2026-04-04,Plant B,M-04,5.659814926688474,Changeover
2026-04-04,Plant B,M-04,7.15271613000023,Electrical Failure
2026-04-04,Plant B,M-04,4.142941823520899,Mechanical Failure
2026-04-04,Plant B,M-05,2.5452021117399926,Maintenance
2026-04-04,Plant B,M-05,1.3958132764062197,Operator Issue
2026-04-04,Plant B,M-05,0.24660769747949937,Changeover
2026-04-04,Plant C,M-01,1.16554093539293,Operator Issue
2026-04-04,Plant C,M-01,2.3741815698861557,Electrical Failure
2026-04-04,Plant C,M-01,0.9002640223053802,Electrical Failure
2026-04-04,Plant C,M-02,0.5518402155283344,Material Shortage
2026-04-04,Plant C,M-02,1.4720058071284865,Electrical Failure
2026-04-04,Plant C,M-02,1.6172372276684706,Operator Issue
2026-04-04,Plant C,M-03,2.5313365273345725,Operator Issue
2026-04-04,Plant C,M-03,2.4166207429643025,Operator Issue
2026-04-04,Plant C,M-03,3.031210354855573,Changeover
2026-04-04,Plant C,M-04,0.27339876186160605,Material Shortage
2026-04-04,Plant C,M-04,3.1285122498437037,Operator Issue
2026-04-04,Plant C,M-04,2.512152372135905,Changeover
2026-04-04,Plant C,M-05,0.2951560810606688,Mechanical Failure
2026-04-04,Plant C,M-05,1.1406914126167682,Material Shortage
2026-04-04,Plant C,M-05,2.1756118497729804,Maintenance
2026-04-05,Plant A,M-01,0.41304334757189737,Maintenance
2026-04-05,Plant A,M-01,2.7762056649084292,Electrical Failure
2026-04-05,Plant A,M-01,3.229969392705445,Operator Issue
2026-04-05,Plant A,M-02,0.23779359352039897,Material Shortage
2026-04-05,Plant A,M-02,2.9367638869863293,Operator Issue
2026-04-05,Plant A,M-02,3.287602544220356,Maintenance
2026-04-05,Plant A,M-03,1.6595876062775468,Changeover
2026-04-05,Plant A,M-03,0.6922765576990433,Changeover
2026-04-05,Plant A,M-03,0.4179453430378989,Mechanical Failure
2026-04-05,Plant A,M-04,0.6731220285945596,Mechanical Failure
2026-04-05,Plant A,M-04,2.8438160603350275,Electrical Failure
2026-04-05,Plant A,M-04,1.7830624532238004,Electrical Failure
2026-04-05,Plant A,M-05,3.2433941572930904,Electrical Failure
2026-04-05,Plant A,M-05,1.0340808491219764,Electrical Failure
2026-04-05,Plant A,M-05,1.9806623573255948,Operator Issue
2026-04-05,Plant B,M-01,1.5829374617938177,Electrical Failure
2026-04-05,Plant B,M-01,1.9136347731289536,Material Shortage
2026-04-05,Plant B,M-01,3.2025391441781133,Mechanical Failure
2026-04-05,Plant B,M-02,2.6594149917610603,Material Shortage
2026-04-05,Plant B,M-02,1.8338197141838943,Changeover
2026-04-05,Plant B,M-02,1.8375405679241315,Electrical Failure
2026-04-05,Plant B,M-03,0.33916790343699654,Changeover
2026-04-05,Plant B,M-03,2.625018736772738,Maintenance
2026-04-05,Plant B,M-03,2.2618746137810173,Operator Issue
2026-04-05,Plant B,M-04,6.85579356204974,Electrical Failure
2026-04-05,Plant B,M-04,6.543643443866813,Electrical Failure
2026-04-05,Plant B,M-04,4.6038191496465855,Mechanical Failure
2026-04-05,Plant B,M-05,0.44622358976250265,Electrical Failure
2026-04-05,Plant B,M-05,0.8840349093019433,Operator Issue
2026-04-05,Plant B,M-05,2.9432692091640082,Maintenance
2026-04-05,Plant C,M-01,1.2257992940596285,Maintenance
2026-04-05,Plant C,M-01,2.304122633600262,Maintenance
2026-04-05,Plant C,M-01,3.414424784119014,Maintenance
2026-04-05,Plant C,M-02,2.9686040736804653,Electrical Failure
2026-04-05,Plant C,M-02,3.3453384357147904,Changeover
2026-04-05,Plant C,M-02,2.794193275572307,Electrical Failure
2026-04-05,Plant C,M-03,2.7128864344770216,Operator Issue
2026-04-05,Plant C,M-03,0.9965350658708052,Operator Issue
2026-04-05,Plant C,M-03,2.608433432554259,Maintenance
2026-04-05,Plant C,M-04,0.8602710633136783,Electrical Failure
2026-04-05,Plant C,M-04,0.4709125977495545,Operator Issue
2026-04-05,Plant C,M-04,1.0073306071505304,Maintenance
2026-04-05,Plant C,M-05,2.7611168456688597,Maintenance
2026-04-05,Plant C,M-05,1.2662613249307546,Changeover
2026-04-05,Plant C,M-05,1.2106217540449644,Mechanical Failure
2026-04-06,Plant A,M-01,2.902624535806036,Material Shortage
2026-04-06,Plant A,M-01,0.4251645110133868,Maintenance
2026-04-06,Plant A,M-01,3.280860767309865,Electrical Failure
2026-04-06,Plant A,M-02,0.38344194040300417,Material Shortage
2026-04-06,Plant A,M-02,0.941584835310471,Electrical Failure
2026-04-06,Plant A,M-02,3.327003879966285,Material Shortage
2026-04-06,Plant A,M-03,1.3068682724761997,Material Shortage
2026-04-06,Plant A,M-03,0.6340602936363484,Maintenance
2026-04-06,Plant A,M-03,3.2701566512365017,Maintenance
2026-04-06,Plant A,M-04,1.7219046885431115,Electrical Failure
2026-04-06,Plant A,M-04,0.41873578789519383,Mechanical Failure
2026-04-06,Plant A,M-04,0.2308159160262927,Operator Issue
2026-04-06,Plant A,M-05,0.9183127222926342,Mechanical Failure
2026-04-06,Plant A,M-05,0.8958696782168791,Mechanical Failure
2026-04-06,Plant A,M-05,1.990430941030635,Electrical Failure
2026-04-06,Plant B,M-01,2.9914605517060706,Operator Issue
2026-04-06,Plant B,M-01,0.8616770120980202,Changeover
2026-04-06,Plant B,M-01,2.7637688644026244,Material Shortage
2026-04-06,Plant B,M-02,0.8561931367618807,Maintenance
2026-04-06,Plant B,M-02,3.4925521027644635,Mechanical Failure
2026-04-06,Plant B,M-02,1.306475658071017,Operator Issue
2026-04-06,Plant B,M-03,0.39915851434377164,Operator Issue
2026-04-06,Plant B,M-03,0.46349499298880187,Operator Issue
2026-04-06,Plant B,M-03,1.58160502825679,Operator Issue
2026-04-06,Plant B,M-04,7.499007132614899,Maintenance
2026-04-06,Plant B,M-04,4.279429714547547,Electrical Failure
2026-04-06,Plant B,M-04,7.075998447187833,Mechanical Failure
2026-04-06,Plant B,M-05,3.396569346702962,Mechanical Failure
2026-04-06,Plant B,M-05,3.1822899449795528,Material Shortage
2026-04-06,Plant B,M-05,0.5837283611519144,Operator Issue
2026-04-06,Plant C,M-01,0.449319179816175,Changeover
2026-04-06,Plant C,M-01,0.4922290315073042,Maintenance
2026-04-06,Plant C,M-01,2.138234379310168,Mechanical Failure
2026-04-06,Plant C,M-02,3.0643782948898544,Maintenance
2026-04-06,Plant C,M-02,1.5997906709830942,Electrical Failure
2026-04-06,Plant C,M-02,2.476194013078521,Maintenance
2026-04-06,Plant C,M-03,0.9569468969600574,Changeover
2026-04-06,Plant C,M-03,2.395469336028803,Maintenance
2026-04-06,Plant C,M-03,2.12777480779969,Operator Issue
2026-04-06,Plant C,M-04,2.4477545832316183,Changeover
2026-04-06,Plant C,M-04,2.1772473885658563,Electrical Failure
2026-04-06,Plant C,M-04,1.4325126121399248,Mechanical Failure
2026-04-06,Plant C,M-05,1.330348303998784,Operator Issue
2026-04-06,Plant C,M-05,2.234283835596069,Operator Issue
2026-04-06,Plant C,M-05,1.3549647960261453,Electrical Failure
2026-04-07,Plant A,M-01,1.516298059330511,Changeover
2026-04-07,Plant A,M-01,2.7247059124479476,Maintenance
2026-04-07,Plant A,M-01,1.6481369522413145,Operator Issue
2026-04-07,Plant A,M-02,1.5607369349125164,Operator Issue
2026-04-07,Plant A,M-02,2.2845463129465484,Mechanical Failure
2026-04-07,Plant A,M-02,3.0661439549427008,Material Shortage
2026-04-07,Plant A,M-03,1.7620188780444936,Maintenance
2026-04-07,Plant A,M-03,1.2689077835200693,Changeover
2026-04-07,Plant A,M-03,2.6146073268505807,Mechanical Failure
2026-04-07,Plant A,M-04,1.3790517307548436,Electrical Failure
2026-04-07,Plant A,M-04,2.721547293886299,Electrical Failure
2026-04-07,Plant A,M-04,2.1703276505977085,Changeover
2026-04-07,Plant A,M-05,3.0751861253073924,Maintenance
2026-04-07,Plant A,M-05,0.26762893078330674,Material Shortage
2026-04-07,Plant A,M-05,1.5524217666895261,Maintenance
2026-04-07,Plant B,M-01,0.5233213794133711,Mechanical Failure
2026-04-07,Plant B,M-01,1.6123407841459694,Changeover
2026-04-07,Plant B,M-01,0.6227320194695857,Mechanical Failure
2026-04-07,Plant B,M-02,3.1653017592631576,Mechanical Failure
2026-04-07,Plant B,M-02,1.974712261900698,Material Shortage
2026-04-07,Plant B,M-02,2.6326187741116978,Material Shortage
2026-04-07,Plant B,M-03,2.0089112688883897,Mechanical Failure
2026-04-07,Plant B,M-03,0.755653711884704,Material Shortage
2026-04-07,Plant B,M-03,2.261826804264073,Maintenance
2026-04-07,Plant B,M-04,4.86547807093822,Mechanical Failure
2026-04-07,Plant B,M-04,7.053986500845831,Mechanical Failure
2026-04-07,Plant B,M-04,5.890605593857676,Mechanical Failure
2026-04-07,Plant B,M-05,2.6651239540483047,Changeover
2026-04-07,Plant B,M-05,1.197479916512479,Electrical Failure
2026-04-07,Plant B,M-05,1.9951216512674756,Electrical Failure
2026-04-07,Plant C,M-01,1.0342553738112195,Mechanical Failure
2026-04-07,Plant C,M-01,1.2448482545488637,Operator Issue
2026-04-07,Plant C,M-01,3.351259682213606,Mechanical Failure
2026-04-07,Plant C,M-02,1.852709188720039,Electrical Failure
2026-04-07,Plant C,M-02,1.2306580785884769,Operator Issue
2026-04-07,Plant C,M-02,0.4118307154310918,Material Shortage
2026-04-07,Plant C,M-03,2.4877481522703557,Changeover
2026-04-07,Plant C,M-03,0.5497688098848637,Electrical Failure
2026-04-07,Plant C,M-03,2.407531289203058,Operator Issue
2026-04-07,Plant C,M-04,0.2396679475849246,Material Shortage
2026-04-07,Plant C,M-04,2.231379621035424,Maintenance
2026-04-07,Plant C,M-04,2.836492711301765,Electrical Failure
2026-04-07,Plant C,M-05,1.934533252361298,Operator Issue
2026-04-07,Plant C,M-05,0.7534781544719464,Maintenance
2026-04-07,Plant C,M-05,2.897562632194636,Material Shortage
2026-04-08,Plant A,M-01,0.6540672988646763,Operator Issue
2026-04-08,Plant A,M-01,3.3149579057263026,Electrical Failure
2026-04-08,Plant A,M-01,2.701436595258147,Mechanical Failure
2026-04-08,Plant A,M-02,1.5943948864947441,Operator Issue
2026-04-08,Plant A,M-02,2.41616609397202,Electrical Failure
2026-04-08,Plant A,M-02,0.4104807677260699,Changeover
2026-04-08,Plant A,M-03,3.4956194293592247,Changeover
2026-04-08,Plant A,M-03,0.6274594906751505,Changeover
2026-04-08,Plant A,M-03,1.3946809386305452,Operator Issue
2026-04-08,Plant A,M-04,0.3713003102358845,Mechanical Failure
2026-04-08,Plant A,M-04,1.377451739366831,Maintenance
2026-04-08,Plant A,M-04,1.5556285664502332,Material Shortage
2026-04-08,Plant A,M-05,2.139546910219464,Electrical Failure
2026-04-08,Plant A,M-05,0.3087587430559231,Maintenance
2026-04-08,Plant A,M-05,3.479184178842542,Material Shortage
2026-04-08,Plant B,M-01,3.3588892450171057,Material Shortage
2026-04-08,Plant B,M-01,0.3743628847168501,Material Shortage
2026-04-08,Plant B,M-01,2.6086621354950066,Maintenance
2026-04-08,Plant B,M-02,0.9794413823608576,Mechanical Failure
2026-04-08,Plant B,M-02,1.9492710425979076,Mechanical Failure
2026-04-08,Plant B,M-02,2.1398888182937816,Operator Issue
2026-04-08,Plant B,M-03,0.817395106450896,Electrical Failure
2026-04-08,Plant B,M-03,2.541548346416885,Operator Issue
2026-04-08,Plant B,M-03,3.2125820395363314,Operator Issue
2026-04-08,Plant B,M-04,7.803760362834471,Mechanical Failure
2026-04-08,Plant B,M-04,7.033543177776038,Mechanical Failure
2026-04-08,Plant B,M-04,6.128572204196372,Material Shortage
2026-04-08,Plant B,M-05,0.7848969122183467,Operator Issue
2026-04-08,Plant B,M-05,2.8966259765982594,Material Shortage
2026-04-08,Plant B,M-05,1.5923764796594015,Maintenance
2026-04-08,Plant C,M-01,2.299190861649743,Electrical Failure
2026-04-08,Plant C,M-01,0.5882563938015848,Material Shortage
2026-04-08,Plant C,M-01,0.8562009265063375,Maintenance
2026-04-08,Plant C,M-02,1.5380500607813574,Material Shortage
2026-04-08,Plant C,M-02,1.0139358799049312,Operator Issue
2026-04-08,Plant C,M-02,0.3381358508392327,Maintenance
2026-04-08,Plant C,M-03,1.3037008902096918,Operator Issue
2026-04-08,Plant C,M-03,1.082272226122509,Operator Issue
2026-04-08,Plant C,M-03,2.5938883301811013,Material Shortage
2026-04-08,Plant C,M-04,1.2056147884433532,Changeover
2026-04-08,Plant C,M-04,3.115434285869906,Changeover
2026-04-08,Plant C,M-04,2.0786453777172427,Electrical Failure
2026-04-08,Plant C,M-05,1.7478934865807925,Changeover
2026-04-08,Plant C,M-05,1.2453173048775426,Operator Issue
2026-04-08,Plant C,M-05,2.5294693766508765,Material Shortage
2026-04-09,Plant A,M-01,1.8889294542328767,Operator Issue
2026-04-09,Plant A,M-01,0.941831727361806,Operator Issue
2026-04-09,Plant A,M-01,0.514575298413384,Changeover
2026-04-09,Plant A,M-02,2.5084944188165954,Mechanical Failure
2026-04-09,Plant A,M-02,1.4050602865936457,Mechanical Failure
2026-04-09,Plant A,M-02,0.5360842611040979,Mechanical Failure
2026-04-09,Plant A,M-03,0.5404926317618626,Changeover
2026-04-09,Plant A,M-03,2.121193636484441,Operator Issue
2026-04-09,Plant A,M-03,3.40180339128385,Electrical Failure
2026-04-09,Plant A,M-04,1.8539033959090416,Material Shortage
2026-04-09,Plant A,M-04,1.102952492361226,Electrical Failure
2026-04-09,Plant A,M-04,1.9128240036852135,Maintenance
2026-04-09,Plant A,M-05,0.5919885903704432,Changeover
2026-04-09,Plant A,M-05,2.67136325680599,Electrical Failure
2026-04-09,Plant A,M-05,1.1324720142886804,Material Shortage
2026-04-09,Plant B,M-01,3.1391353707585483,Electrical Failure
2026-04-09,Plant B,M-01,0.2143428025651208,Mechanical Failure
2026-04-09,Plant B,M-01,2.0097927787670753,Material Shortage
2026-04-09,Plant B,M-02,1.1146232271692595,Maintenance
2026-04-09,Plant B,M-02,0.9369666881725662,Changeover
2026-04-09,Plant B,M-02,1.0683379883994506,Operator Issue
2026-04-09,Plant B,M-03,1.5298683181412884,Operator Issue
2026-04-09,Plant B,M-03,1.7837278390448827,Material Shortage
2026-04-09,Plant B,M-03,2.3926535218366816,Material Shortage
2026-04-09,Plant B,M-04,6.61408885856251,Mechanical Failure
2026-04-09,Plant B,M-04,7.1229846050615855,Material Shortage
2026-04-09,Plant B,M-04,5.760723097401428,Electrical Failure
2026-04-09,Plant B,M-05,3.05506425315657,Mechanical Failure
2026-04-09,Plant B,M-05,3.3216170499537707,Changeover
2026-04-09,Plant B,M-05,3.3219646576873005,Operator Issue
2026-04-09,Plant C,M-01,3.021810321284398,Maintenance
2026-04-09,Plant C,M-01,2.45111093619118,Operator Issue
2026-04-09,Plant C,M-01,2.969635226342082,Electrical Failure
2026-04-09,Plant C,M-02,3.1856672719754773,Maintenance
2026-04-09,Plant C,M-02,0.38873460115855374,Maintenance
2026-04-09,Plant C,M-02,2.0798855989773495,Changeover
2026-04-09,Plant C,M-03,2.7817202105362275,Operator Issue
2026-04-09,Plant C,M-03,1.5722559040286737,Changeover
2026-04-09,Plant C,M-03,2.7436331974043098,Electrical Failure
2026-04-09,Plant C,M-04,2.9743610137378633,Operator Issue
2026-04-09,Plant C,M-04,0.5814111093778085,Mechanical Failure
2026-04-09,Plant C,M-04,1.7186106955923859,Operator Issue
2026-04-09,Plant C,M-05,0.31627520073214527,Maintenance
2026-04-09,Plant C,M-05,1.448219366437498,Maintenance
2026-04-09,Plant C,M-05,2.9921950073268153,Electrical Failure
2026-04-10,Plant A,M-01,2.2324455149787883,Changeover
2026-04-10,Plant A,M-01,2.5232957089583206,Mechanical Failure
2026-04-10,Plant A,M-01,0.4623736346574051,Changeover
2026-04-10,Plant A,M-02,0.7070311564615188,Material Shortage
2026-04-10,Plant A,M-02,2.84162870376392,Electrical Failure
2026-04-10,Plant A,M-02,0.5605728025497982,Operator Issue
2026-04-10,Plant A,M-03,0.9227712711219025,Changeover
2026-04-10,Plant A,M-03,0.505700326987272,Electrical Failure
2026-04-10,Plant A,M-03,3.0031505523266824,Material Shortage
2026-04-10,Plant A,M-04,1.5416137346867493,Maintenance
2026-04-10,Plant A,M-04,1.0838392538886539,Material Shortage
2026-04-10,Plant A,M-04,1.3140287106791126,Maintenance
2026-04-10,Plant A,M-05,3.0758805085508714,Electrical Failure
2026-04-10,Plant A,M-05,1.2847666593182183,Material Shortage
2026-04-10,Plant A,M-05,2.843489767607225,Operator Issue
2026-04-10,Plant B,M-01,2.555983267033466,Material Shortage
2026-04-10,Plant B,M-01,0.27386861615411395,Changeover
2026-04-10,Plant B,M-01,1.715100425202822,Electrical Failure
2026-04-10,Plant B,M-02,2.4925896212007186,Operator Issue
2026-04-10,Plant B,M-02,0.9643185451950231,Mechanical Failure
2026-04-10,Plant B,M-02,1.5348310039745459,Electrical Failure
2026-04-10,Plant B,M-03,1.582538394518669,Changeover
2026-04-10,Plant B,M-03,0.7546523207637235,Material Shortage
2026-04-10,Plant B,M-03,2.2221021947789747,Changeover
2026-04-10,Plant B,M-04,4.415963802191444,Changeover
2026-04-10,Plant B,M-04,4.112172800664295,Mechanical Failure
2026-04-10,Plant B,M-04,4.34451666805861,Electrical Failure
2026-04-10,Plant B,M-05,0.22497803262396843,Changeover
2026-04-10,Plant B,M-05,3.1718112530916613,Operator Issue
2026-04-10,Plant B,M-05,3.0044645981931297,Changeover
2026-04-10,Plant C,M-01,2.5513344366926605,Electrical Failure
2026-04-10,Plant C,M-01,1.0461623306717749,Operator Issue
2026-04-10,Plant C,M-01,0.7862759148678966,Material Shortage
2026-04-10,Plant C,M-02,2.0526717645714916,Electrical Failure
2026-04-10,Plant C,M-02,1.129767951855117,Maintenance
2026-04-10,Plant C,M-02,3.1972228926467943,Operator Issue
2026-04-10,Plant C,M-03,2.150802566784797,Maintenance
2026-04-10,Plant C,M-03,2.791320636856781,Mechanical Failure
2026-04-10,Plant C,M-03,2.245913616827679,Operator Issue
2026-04-10,Plant C,M-04,1.6991571619542485,Maintenance
2026-04-10,Plant C,M-04,0.7521298503408191,Changeover
2026-04-10,Plant C,M-04,0.41441401018061874,Electrical Failure
2026-04-10,Plant C,M-05,0.28474487073481475,Mechanical Failure
2026-04-10,Plant C,M-05,1.360038986293166,Maintenance
2026-04-10,Plant C,M-05,3.0391321018284176,Changeover
2026-04-11,Plant A,M-01,2.362258409746888,Maintenance
2026-04-11,Plant A,M-01,2.9488745086080153,Electrical Failure
2026-04-11,Plant A,M-01,1.1459724520153791,Material Shortage
2026-04-11,Plant A,M-02,0.980438382574214,Material Shortage
2026-04-11,Plant A,M-02,1.315071457803269,Maintenance
2026-04-11,Plant A,M-02,0.6845814802894841,Operator Issue
2026-04-11,Plant A,M-03,2.8931915008416977,Material Shortage
2026-04-11,Plant A,M-03,0.40306083706486845,Electrical Failure
2026-04-11,Plant A,M-03,2.001350551883995,Changeover
2026-04-11,Plant A,M-04,2.019699053979638,Mechanical Failure
2026-04-11,Plant A,M-04,1.9460916474748324,Electrical Failure
2026-04-11,Plant A,M-04,0.239475094015689,Material Shortage
2026-04-11,Plant A,M-05,2.2526035472199273,Operator Issue
2026-04-11,Plant A,M-05,0.2161940652812927,Operator Issue
2026-04-11,Plant A,M-05,2.442126888574386,Material Shortage
2026-04-11,Plant B,M-01,1.4498230517969541,Maintenance
2026-04-11,Plant B,M-01,0.2983695101664104,Maintenance
2026-04-11,Plant B,M-01,0.8069014683894313,Operator Issue
2026-04-11,Plant B,M-02,3.0277126157517347,Operator Issue
2026-04-11,Plant B,M-02,1.5950095484137692,Operator Issue
2026-04-11,Plant B,M-02,3.174693139094703,Electrical Failure
2026-04-11,Plant B,M-03,0.6750241923359139,Material Shortage
2026-04-11,Plant B,M-03,2.747465721880515,Electrical Failure
2026-04-11,Plant B,M-03,3.2193722306354977,Electrical Failure
2026-04-11,Plant B,M-04,7.37853068701713,Changeover
2026-04-11,Plant B,M-04,7.716637168305959,Mechanical Failure
2026-04-11,Plant B,M-04,6.129942331675366,Mechanical Failure
2026-04-11,Plant B,M-05,1.3405681529793605,Maintenance
2026-04-11,Plant B,M-05,1.1435930534043253,Changeover
2026-04-11,Plant B,M-05,0.4087512165215992,Mechanical Failure
2026-04-11,Plant C,M-01,0.7427321154207944,Maintenance
2026-04-11,Plant C,M-01,2.4747060717960117,Operator Issue
2026-04-11,Plant C,M-01,2.1614542783972244,Maintenance
2026-04-11,Plant C,M-02,0.8313890999578062,Material Shortage
2026-04-11,Plant C,M-02,2.156646189765443,Material Shortage
2026-04-11,Plant C,M-02,0.294621620428436,Changeover
2026-04-11,Plant C,M-03,3.278019134997791,Material Shortage
2026-04-11,Plant C,M-03,0.3986049581107429,Changeover
2026-04-11,Plant C,M-03,3.366298489934248,Material Shortage
2026-04-11,Plant C,M-04,1.3579636502467336,Electrical Failure
2026-04-11,Plant C,M-04,1.7224468364278134,Electrical Failure
2026-04-11,Plant C,M-04,1.8109352325300476,Changeover
2026-04-11,Plant C,M-05,0.5269569529164957,Maintenance
2026-04-11,Plant C,M-05,2.510247565569651,Electrical Failure
2026-04-11,Plant C,M-05,2.437325200041731,Operator Issue
2026-04-12,Plant A,M-01,0.3483962850411894,Electrical Failure
2026-04-12,Plant A,M-01,2.4836441888774097,Changeover
2026-04-12,Plant A,M-01,0.365462072939029,Material Shortage
2026-04-12,Plant A,M-02,2.458641321811871,Mechanical Failure
2026-04-12,Plant A,M-02,0.44986576045735627,Mechanical Failure
2026-04-12,Plant A,M-02,3.009660255699371,Material Shortage
2026-04-12,Plant A,M-03,1.9164709889618352,Changeover
2026-04-12,Plant A,M-03,1.5382376262895068,Electrical Failure
2026-04-12,Plant A,M-03,3.340900751351497,Maintenance
2026-04-12,Plant A,M-04,0.8251157811650087,Changeover
2026-04-12,Plant A,M-04,1.3439132341479412,Electrical Failure
2026-04-12,Plant A,M-04,1.1417472504568056,Maintenance
2026-04-12,Plant A,M-05,0.37651245885801654,Electrical Failure
2026-04-12,Plant A,M-05,2.566001152330415,Changeover
2026-04-12,Plant A,M-05,2.504145841017915,Maintenance
2026-04-12,Plant B,M-01,2.3131291045834423,Mechanical Failure
2026-04-12,Plant B,M-01,0.9854442592580097,Operator Issue
2026-04-12,Plant B,M-01,1.6314707134872468,Material Shortage
2026-04-12,Plant B,M-02,3.2939670873961067,Mechanical Failure
2026-04-12,Plant B,M-02,0.2272145234013489,Maintenance
2026-04-12,Plant B,M-02,1.749663552786181,Material Shortage
2026-04-12,Plant B,M-03,1.207383447894075,Electrical Failure
2026-04-12,Plant B,M-03,1.5564990442266653,Electrical Failure
2026-04-12,Plant B,M-03,3.4274956107454595,Material Shortage
2026-04-12,Plant B,M-04,5.762622524908677,Mechanical Failure
2026-04-12,Plant B,M-04,5.535795314936807,Electrical Failure
2026-04-12,Plant B,M-04,4.075748404373356,Maintenance
2026-04-12,Plant B,M-05,1.0427848121268706,Material Shortage
2026-04-12,Plant B,M-05,3.0770467846768756,Electrical Failure
2026-04-12,Plant B,M-05,3.1847485987747834,Material Shortage
2026-04-12,Plant C,M-01,2.899992844081744,Material Shortage
2026-04-12,Plant C,M-01,1.3695046040589909,Mechanical Failure
2026-04-12,Plant C,M-01,3.47938208155379,Mechanical Failure
2026-04-12,Plant C,M-02,2.882215615810403,Electrical Failure
2026-04-12,Plant C,M-02,3.24458410405648,Electrical Failure
2026-04-12,Plant C,M-02,1.246080947261998,Electrical Failure
2026-04-12,Plant C,M-03,1.6255636031463814,Changeover
2026-04-12,Plant C,M-03,1.4049717726241102,Maintenance
2026-04-12,Plant C,M-03,2.9181112777084057,Electrical Failure
2026-04-12,Plant C,M-04,3.127357249776756,Changeover
2026-04-12,Plant C,M-04,1.3494985529497412,Material Shortage
2026-04-12,Plant C,M-04,1.7249866825367288,Mechanical Failure
2026-04-12,Plant C,M-05,2.0692653631139577,Mechanical Failure
2026-04-12,Plant C,M-05,2.5093211309216565,Maintenance
2026-04-12,Plant C,M-05,1.273846958869397,Operator Issue
2026-04-13,Plant A,M-01,0.6062180956898463,Operator Issue
2026-04-13,Plant A,M-01,3.3228857327980226,Material Shortage
2026-04-13,Plant A,M-01,1.4060629441519035,Mechanical Failure
2026-04-13,Plant A,M-02,2.815689040965727,Operator Issue
2026-04-13,Plant A,M-02,0.5889429248482365,Operator Issue
2026-04-13,Plant A,M-02,0.39244169233025444,Material Shortage
2026-04-13,Plant A,M-03,1.2496297884998482,Electrical Failure
2026-04-13,Plant A,M-03,1.971473970386147,Material Shortage
2026-04-13,Plant A,M-03,0.755939797272317,Material Shortage
2026-04-13,Plant A,M-04,2.2381557306287783,Electrical Failure
2026-04-13,Plant A,M-04,2.8894359311916173,Changeover
2026-04-13,Plant A,M-04,0.4458727724290186,Operator Issue
2026-04-13,Plant A,M-05,2.628058133657845,Material Shortage
2026-04-13,Plant A,M-05,1.157251074908895,Electrical Failure
2026-04-13,Plant A,M-05,2.1595200116395543,Operator Issue
2026-04-13,Plant B,M-01,1.9601846371023557,Mechanical Failure
2026-04-13,Plant B,M-01,2.8451578823090546,Material Shortage
2026-04-13,Plant B,M-01,2.602338003540461,Electrical Failure
2026-04-13,Plant B,M-02,1.7874920474447178,Changeover
2026-04-13,Plant B,M-02,2.5924868942524975,Operator Issue
2026-04-13,Plant B,M-02,1.357275622375524,Mechanical Failure
2026-04-13,Plant B,M-03,2.3419279869706204,Mechanical Failure
2026-04-13,Plant B,M-03,0.4977125676356788,Electrical Failure
2026-04-13,Plant B,M-03,3.4003810047809653,Changeover
2026-04-13,Plant B,M-04,6.032323096894317,Mechanical Failure
2026-04-13,Plant B,M-04,5.542859150411511,Electrical Failure
2026-04-13,Plant B,M-04,6.3751566143566265,Mechanical Failure
2026-04-13,Plant B,M-05,3.3812937396481466,Electrical Failure
2026-04-13,Plant B,M-05,2.1242805833683094,Material Shortage
2026-04-13,Plant B,M-05,3.232268148153711,Maintenance
2026-04-13,Plant C,M-01,3.2928384660190315,Electrical Failure
2026-04-13,Plant C,M-01,2.669393704986633,Operator Issue
2026-04-13,Plant C,M-01,0.5803334511780416,Material Shortage
2026-04-13,Plant C,M-02,3.222052084676142,Maintenance
2026-04-13,Plant C,M-02,2.128282317325775,Material Shortage
2026-04-13,Plant C,M-02,3.1340832738883786,Material Shortage
2026-04-13,Plant C,M-03,1.3171429482746853,Electrical Failure
2026-04-13,Plant C,M-03,2.84684346302681,Operator Issue
2026-04-13,Plant C,M-03,1.8936229940374611,Electrical Failure
2026-04-13,Plant C,M-04,1.4626848703801958,Material Shortage
2026-04-13,Plant C,M-04,1.8093071364625632,Mechanical Failure
2026-04-13,Plant C,M-04,2.360968732561435,Operator Issue
2026-04-13,Plant C,M-05,1.262380912334669,Electrical Failure
2026-04-13,Plant C,M-05,2.6270533094536,Changeover
2026-04-13,Plant C,M-05,0.2936887101368122,Changeover
2026-04-14,Plant A,M-01,0.5445029724541556,Electrical Failure
2026-04-14,Plant A,M-01,0.7337371481174,Electrical Failure
2026-04-14,Plant A,M-01,2.325659933325407,Electrical Failure
2026-04-14,Plant A,M-02,2.0793011503020176,Electrical Failure
2026-04-14,Plant A,M-02,1.3573220443763054,Electrical Failure
2026-04-14,Plant A,M-02,0.25766160957260603,Maintenance
2026-04-14,Plant A,M-03,1.0904555014820314,Changeover
2026-04-14,Plant A,M-03,2.10998127806177,Changeover
2026-04-14,Plant A,M-03,3.2947720008898562,Changeover
2026-04-14,Plant A,M-04,0.5063693606968529,Operator Issue
2026-04-14,Plant A,M-04,0.4831976760354172,Maintenance
2026-04-14,Plant A,M-04,0.5633852543534577,Electrical Failure
2026-04-14,Plant A,M-05,1.0776213244627124,Mechanical Failure
2026-04-14,Plant A,M-05,0.5965110126381172,Material Shortage
2026-04-14,Plant A,M-05,1.651036530241454,Mechanical Failure
2026-04-14,Plant B,M-01,2.9648700606192233,Electrical Failure
2026-04-14,Plant B,M-01,1.3349668102465633,Material Shortage
2026-04-14,Plant B,M-01,0.27383699104620884,Electrical Failure
2026-04-14,Plant B,M-02,1.9178501156150178,Operator Issue
2026-04-14,Plant B,M-02,0.8441978297468182,Electrical Failure
2026-04-14,Plant B,M-02,2.4244956791900107,Electrical Failure
2026-04-14,Plant B,M-03,0.6331073197567889,Maintenance
2026-04-14,Plant B,M-03,1.7936383027796101,Operator Issue
2026-04-14,Plant B,M-03,1.9419864761112053,Maintenance
2026-04-14,Plant B,M-04,4.793415518208732,Mechanical Failure
2026-04-14,Plant B,M-04,5.38662319978946,Changeover
2026-04-14,Plant B,M-04,5.985842843693542,Mechanical Failure
2026-04-14,Plant B,M-05,0.2342959183958882,Maintenance
2026-04-14,Plant B,M-05,1.0635360145185928,Material Shortage
2026-04-14,Plant B,M-05,2.238178408515453,Operator Issue
2026-04-14,Plant C,M-01,0.6931014811231213,Material Shortage
2026-04-14,Plant C,M-01,0.48114988157172994,Mechanical Failure
2026-04-14,Plant C,M-01,1.3924617482933255,Changeover
2026-04-14,Plant C,M-02,1.9580484198381232,Changeover
2026-04-14,Plant C,M-02,3.4561214988356364,Material Shortage
2026-04-14,Plant C,M-02,1.083630972284196,Electrical Failure
2026-04-14,Plant C,M-03,0.3861974688774936,Material Shortage
2026-04-14,Plant C,M-03,2.4750261434023235,Maintenance
2026-04-14,Plant C,M-03,1.61765876192664,Material Shortage
2026-04-14,Plant C,M-04,0.23982884595274062,Changeover
2026-04-14,Plant C,M-04,1.3896008570872842,Operator Issue
2026-04-14,Plant C,M-04,0.39033104293825316,Mechanical Failure
2026-04-14,Plant C,M-05,1.0004992637679673,Material Shortage
2026-04-14,Plant C,M-05,1.9478337197091435,Maintenance
2026-04-14,Plant C,M-05,3.052624300313817,Changeover
2026-04-15,Plant A,M-01,2.18740644683009,Mechanical Failure
2026-04-15,Plant A,M-01,2.840127274043053,Material Shortage
2026-04-15,Plant A,M-01,1.1982586317073722,Material Shortage
2026-04-15,Plant A,M-02,2.0205370790461554,Changeover
2026-04-15,Plant A,M-02,0.20001827102993538,Maintenance
2026-04-15,Plant A,M-02,0.9991175393234342,Material Shortage
2026-04-15,Plant A,M-03,3.1314228893870073,Operator Issue
2026-04-15,Plant A,M-03,0.8659534724989484,Changeover
2026-04-15,Plant A,M-03,1.5951558131457613,Changeover
2026-04-15,Plant A,M-04,2.512114641901436,Mechanical Failure
2026-04-15,Plant A,M-04,1.1569672653651353,Changeover
2026-04-15,Plant A,M-04,2.58178511724027,Changeover
2026-04-15,Plant A,M-05,1.467778092019454,Mechanical Failure
2026-04-15,Plant A,M-05,0.2638774004133637,Changeover
2026-04-15,Plant A,M-05,0.8001691269914988,Changeover
2026-04-15,Plant B,M-01,2.4209027502545557,Maintenance
2026-04-15,Plant B,M-01,1.9550700022476473,Operator Issue
2026-04-15,Plant B,M-01,3.085385640275377,Operator Issue
2026-04-15,Plant B,M-02,2.7174104295090196,Maintenance
2026-04-15,Plant B,M-02,0.32222575638143464,Mechanical Failure
2026-04-15,Plant B,M-02,2.5384694367726315,Operator Issue
2026-04-15,Plant B,M-03,2.1461912418748925,Electrical Failure
2026-04-15,Plant B,M-03,1.0628404611223647,Electrical Failure
2026-04-15,Plant B,M-03,1.2308815236345407,Material Shortage
2026-04-15,Plant B,M-04,5.476681030254762,Electrical Failure
2026-04-15,Plant B,M-04,6.173970860755343,Changeover
2026-04-15,Plant B,M-04,7.7404565384675585,Changeover
2026-04-15,Plant B,M-05,2.1623326039588986,Material Shortage
2026-04-15,Plant B,M-05,2.1426851326391607,Electrical Failure
2026-04-15,Plant B,M-05,1.205134275490644,Maintenance
2026-04-15,Plant C,M-01,2.763165310009318,Mechanical Failure
2026-04-15,Plant C,M-01,1.821705239267156,Mechanical Failure
2026-04-15,Plant C,M-01,1.9433594146230584,Operator Issue
2026-04-15,Plant C,M-02,1.5970182434885687,Electrical Failure
2026-04-15,Plant C,M-02,0.9479219917782871,Operator Issue
2026-04-15,Plant C,M-02,1.4444335622988005,Mechanical Failure
2026-04-15,Plant C,M-03,0.8007783605622565,Changeover
2026-04-15,Plant C,M-03,1.5170126228426886,Material Shortage
2026-04-15,Plant C,M-03,0.7710570589291881,Electrical Failure
2026-04-15,Plant C,M-04,1.0639287031789373,Changeover
2026-04-15,Plant C,M-04,3.3383052195315956,Electrical Failure
2026-04-15,Plant C,M-04,1.1546643082822847,Electrical Failure
2026-04-15,Plant C,M-05,1.9712955876004936,Mechanical Failure
2026-04-15,Plant C,M-05,0.6102436878946567,Operator Issue
2026-04-15,Plant C,M-05,3.454690260226689,Maintenance
2026-04-16,Plant A,M-01,1.000204363664078,Operator Issue
2026-04-16,Plant A,M-01,2.750866989492419,Maintenance
2026-04-16,Plant A,M-01,3.3408884626959994,Material Shortage
2026-04-16,Plant A,M-02,0.7474816024048179,Changeover
2026-04-16,Plant A,M-02,2.1609660132961057,Maintenance
2026-04-16,Plant A,M-02,3.2567319343215075,Mechanical Failure
2026-04-16,Plant A,M-03,3.272755402767639,Material Shortage
2026-04-16,Plant A,M-03,2.6843419831130033,Changeover
2026-04-16,Plant A,M-03,1.838958966325646,Operator Issue
2026-04-16,Plant A,M-04,1.4308342737006878,Material Shortage
2026-04-16,Plant A,M-04,0.6961349810998695,Maintenance
2026-04-16,Plant A,M-04,1.8026020771563644,Maintenance
2026-04-16,Plant A,M-05,0.8162770237411896,Maintenance
2026-04-16,Plant A,M-05,2.517728036665698,Maintenance
2026-04-16,Plant A,M-05,1.190065385677976,Material Shortage
2026-04-16,Plant B,M-01,1.174846444216497,Electrical Failure
2026-04-16,Plant B,M-01,1.3308232998163394,Electrical Failure
2026-04-16,Plant B,M-01,0.9941477280283146,Electrical Failure
2026-04-16,Plant B,M-02,3.3809955301389314,Mechanical Failure
2026-04-16,Plant B,M-02,0.6055829258244857,Operator Issue
2026-04-16,Plant B,M-02,0.5685281027427895,Maintenance
2026-04-16,Plant B,M-03,1.7219454930424796,Maintenance
2026-04-16,Plant B,M-03,2.1396365217949542,Mechanical Failure
2026-04-16,Plant B,M-03,1.4880007385360325,Maintenance
2026-04-16,Plant B,M-04,4.528716903041341,Mechanical Failure
2026-04-16,Plant B,M-04,5.186149091944065,Operator Issue
2026-04-16,Plant B,M-04,5.0958516773224645,Mechanical Failure
2026-04-16,Plant B,M-05,2.626753722621802,Material Shortage
2026-04-16,Plant B,M-05,2.886289467298486,Changeover
2026-04-16,Plant B,M-05,1.644407184308042,Mechanical Failure
2026-04-16,Plant C,M-01,0.9900742580251269,Maintenance
2026-04-16,Plant C,M-01,0.27770929335504524,Electrical Failure
2026-04-16,Plant C,M-01,2.970429164641102,Changeover
2026-04-16,Plant C,M-02,3.0416194722896805,Changeover
2026-04-16,Plant C,M-02,1.6793611058760511,Electrical Failure
2026-04-16,Plant C,M-02,0.6499244129051652,Mechanical Failure
2026-04-16,Plant C,M-03,2.771843736479713,Maintenance
2026-04-16,Plant C,M-03,2.6915633535331045,Electrical Failure
2026-04-16,Plant C,M-03,3.299750604662435,Changeover
2026-04-16,Plant C,M-04,1.8804559179169227,Operator Issue
2026-04-16,Plant C,M-04,1.9295579337302562,Operator Issue
2026-04-16,Plant C,M-04,2.5690978979550447,Electrical Failure
2026-04-16,Plant C,M-05,1.2338647488521106,Mechanical Failure
2026-04-16,Plant C,M-05,1.3332412709682406,Operator Issue
2026-04-16,Plant C,M-05,2.2628240218227083,Changeover
2026-04-17,Plant A,M-01,0.5320711699636793,Electrical Failure
2026-04-17,Plant A,M-01,1.7014702306430243,Electrical Failure
2026-04-17,Plant A,M-01,3.134460537916982,Mechanical Failure
2026-04-17,Plant A,M-02,2.331470907307299,Operator Issue
2026-04-17,Plant A,M-02,0.3987936396286622,Maintenance
2026-04-17,Plant A,M-02,0.546008842311497,Maintenance
2026-04-17,Plant A,M-03,3.486572847463539,Operator Issue
2026-04-17,Plant A,M-03,3.0883850727565347,Material Shortage
2026-04-17,Plant A,M-03,1.6994251243076193,Material Shortage
2026-04-17,Plant A,M-04,1.2038691332058327,Operator Issue
2026-04-17,Plant A,M-04,2.086749102235239,Operator Issue
2026-04-17,Plant A,M-04,1.482537486422055,Electrical Failure
2026-04-17,Plant A,M-05,2.902317501445216,Maintenance
2026-04-17,Plant A,M-05,0.8092867786294176,Mechanical Failure
2026-04-17,Plant A,M-05,2.6529923967415554,Material Shortage
2026-04-17,Plant B,M-01,1.3413957055430201,Material Shortage
2026-04-17,Plant B,M-01,0.28908677279216644,Material Shortage
2026-04-17,Plant B,M-01,1.8608131756246682,Electrical Failure
2026-04-17,Plant B,M-02,3.0225618804413146,Material Shortage
2026-04-17,Plant B,M-02,0.6684949715524252,Electrical Failure
2026-04-17,Plant B,M-02,0.3869073472992171,Electrical Failure
2026-04-17,Plant B,M-03,1.7897554636640232,Changeover
2026-04-17,Plant B,M-03,2.2378378229730838,Electrical Failure
2026-04-17,Plant B,M-03,2.166055635035439,Operator Issue
2026-04-17,Plant B,M-04,5.958917717125454,Maintenance
2026-04-17,Plant B,M-04,6.78026242424822,Material Shortage
2026-04-17,Plant B,M-04,5.664546792817304,Electrical Failure
2026-04-17,Plant B,M-05,3.36009523997304,Material Shortage
2026-04-17,Plant B,M-05,2.234639673574622,Maintenance
2026-04-17,Plant B,M-05,3.4655754280953484,Electrical Failure
2026-04-17,Plant C,M-01,0.8206491915336911,Changeover
2026-04-17,Plant C,M-01,2.6642258951465805,Operator Issue
2026-04-17,Plant C,M-01,0.8071242804316903,Operator Issue
2026-04-17,Plant C,M-02,0.6875446665787164,Maintenance
2026-04-17,Plant C,M-02,2.740351460840681,Changeover
2026-04-17,Plant C,M-02,2.215818243170443,Changeover
2026-04-17,Plant C,M-03,3.360182770798724,Changeover
2026-04-17,Plant C,M-03,3.249062648188026,Changeover
2026-04-17,Plant C,M-03,2.7985061840939944,Changeover
2026-04-17,Plant C,M-04,3.3472073501392874,Operator Issue
2026-04-17,Plant C,M-04,2.980875915731106,Maintenance
2026-04-17,Plant C,M-04,3.47603272956457,Operator Issue
2026-04-17,Plant C,M-05,2.970054032653525,Mechanical Failure
2026-04-17,Plant C,M-05,0.52456986877748,Operator Issue
2026-04-17,Plant C,M-05,1.085942503406276,Maintenance
2026-04-18,Plant A,M-01,0.9306918963418358,Changeover
2026-04-18,Plant A,M-01,2.415127390472926,Material Shortage
2026-04-18,Plant A,M-01,1.3962367297897753,Mechanical Failure
2026-04-18,Plant A,M-02,0.6954034752253535,Mechanical Failure
2026-04-18,Plant A,M-02,3.487927561765121,Changeover
2026-04-18,Plant A,M-02,2.270308254605056,Maintenance
2026-04-18,Plant A,M-03,0.40554363065422266,Changeover
2026-04-18,Plant A,M-03,1.521533597500062,Mechanical Failure
2026-04-18,Plant A,M-03,0.6276650470549904,Electrical Failure
2026-04-18,Plant A,M-04,1.6495307030778126,Electrical Failure
2026-04-18,Plant A,M-04,0.9914169512976125,Changeover
2026-04-18,Plant A,M-04,3.280566384864022,Changeover
2026-04-18,Plant A,M-05,1.7760317920823274,Maintenance
2026-04-18,Plant A,M-05,0.4232649400240644,Operator Issue
2026-04-18,Plant A,M-05,2.2694171663683784,Operator Issue
2026-04-18,Plant B,M-01,1.2539622056561701,Material Shortage
2026-04-18,Plant B,M-01,2.721100329330192,Operator Issue
2026-04-18,Plant B,M-01,3.096908995396077,Electrical Failure
2026-04-18,Plant B,M-02,2.785535450238453,Material Shortage
2026-04-18,Plant B,M-02,2.132632879398531,Operator Issue
2026-04-18,Plant B,M-02,1.4370435896139162,Maintenance
2026-04-18,Plant B,M-03,2.296149335832546,Maintenance
2026-04-18,Plant B,M-03,2.9357722424958834,Changeover
2026-04-18,Plant B,M-03,1.8487974365154962,Changeover
2026-04-18,Plant B,M-04,6.704433167463343,Changeover
2026-04-18,Plant B,M-04,5.783683806941508,Material Shortage
2026-04-18,Plant B,M-04,6.165737176123018,Changeover
2026-04-18,Plant B,M-05,0.5688545495234709,Maintenance
2026-04-18,Plant B,M-05,2.780112225456084,Maintenance
2026-04-18,Plant B,M-05,0.5155007376593856,Operator Issue
2026-04-18,Plant C,M-01,1.7543834230653244,Changeover
2026-04-18,Plant C,M-01,1.1109586632452872,Operator Issue
2026-04-18,Plant C,M-01,0.7102237052654519,Changeover
2026-04-18,Plant C,M-02,1.50706975260694,Material Shortage
2026-04-18,Plant C,M-02,2.411670499136126,Changeover
2026-04-18,Plant C,M-02,3.3382320622776023,Electrical Failure
2026-04-18,Plant C,M-03,2.847243734165767,Maintenance
2026-04-18,Plant C,M-03,2.9659854788457682,Material Shortage
2026-04-18,Plant C,M-03,1.594393901938373,Changeover
2026-04-18,Plant C,M-04,3.050352843605189,Changeover
2026-04-18,Plant C,M-04,0.48333994906668126,Maintenance
2026-04-18,Plant C,M-04,0.5858768614602361,Material Shortage
2026-04-18,Plant C,M-05,1.700887755285903,Material Shortage
2026-04-18,Plant C,M-05,2.482819713956803,Changeover
2026-04-18,Plant C,M-05,3.2656260684067733,Maintenance
2026-04-19,Plant A,M-01,0.31355645148493116,Changeover
2026-04-19,Plant A,M-01,1.330969990788766,Maintenance
2026-04-19,Plant A,M-01,1.8251816450467924,Maintenance
2026-04-19,Plant A,M-02,3.0112625368710346,Changeover
2026-04-19,Plant A,M-02,3.486035379982738,Electrical Failure
2026-04-19,Plant A,M-02,2.0795570441942237,Maintenance
2026-04-19,Plant A,M-03,0.3637589827922425,Material Shortage
2026-04-19,Plant A,M-03,0.6797114989605543,Changeover
2026-04-19,Plant A,M-03,0.6543642346758076,Mechanical Failure
2026-04-19,Plant A,M-04,3.4859019230136052,Changeover
2026-04-19,Plant A,M-04,2.7031360292692908,Maintenance
2026-04-19,Plant A,M-04,1.015267703201438,Maintenance
2026-04-19,Plant A,M-05,0.241090581777773,Mechanical Failure
2026-04-19,Plant A,M-05,2.3498175316307295,Material Shortage
2026-04-19,Plant A,M-05,1.362904623692771,Changeover
2026-04-19,Plant B,M-01,2.5798754930559427,Electrical Failure
2026-04-19,Plant B,M-01,3.060884358021136,Electrical Failure
2026-04-19,Plant B,M-01,3.0080477988341427,Material Shortage
2026-04-19,Plant B,M-02,0.7579097750699006,Mechanical Failure
2026-04-19,Plant B,M-02,2.3364955665634883,Electrical Failure
2026-04-19,Plant B,M-02,0.7857297987516656,Maintenance
2026-04-19,Plant B,M-03,1.2230295830807387,Material Shortage
2026-04-19,Plant B,M-03,2.354123608577195,Operator Issue
2026-04-19,Plant B,M-03,3.177840119307365,Operator Issue
2026-04-19,Plant B,M-04,4.751026675619908,Material Shortage
2026-04-19,Plant B,M-04,5.995073612170572,Electrical Failure
2026-04-19,Plant B,M-04,5.692775226014053,Operator Issue
2026-04-19,Plant B,M-05,3.481890085714939,Mechanical Failure
2026-04-19,Plant B,M-05,1.280935278555168,Mechanical Failure
2026-04-19,Plant B,M-05,1.7586077347280276,Electrical Failure
2026-04-19,Plant C,M-01,2.3182363704419666,Operator Issue
2026-04-19,Plant C,M-01,1.7808853127248274,Mechanical Failure
2026-04-19,Plant C,M-01,3.4783227802367778,Electrical Failure
2026-04-19,Plant C,M-02,2.926227212453789,Maintenance
2026-04-19,Plant C,M-02,0.725250351182898,Operator Issue
2026-04-19,Plant C,M-02,2.2200129692174206,Operator Issue
2026-04-19,Plant C,M-03,1.4414476974737394,Electrical Failure
2026-04-19,Plant C,M-03,1.5288381102175308,Operator Issue
2026-04-19,Plant C,M-03,0.6807595145758021,Operator Issue
2026-04-19,Plant C,M-04,2.6917820297863946,Maintenance
2026-04-19,Plant C,M-04,2.1581170485426266,Material Shortage
2026-04-19,Plant C,M-04,0.5544009116365842,Material Shortage
2026-04-19,Plant C,M-05,0.8617327560444781,Electrical Failure
2026-04-19,Plant C,M-05,0.2849154851723742,Maintenance
2026-04-19,Plant C,M-05,2.219113258700277,Operator Issue
2026-04-20,Plant A,M-01,0.23353747756630422,Mechanical Failure
2026-04-20,Plant A,M-01,2.8029439660919886,Operator Issue
2026-04-20,Plant A,M-01,0.8431705334973005,Material Shortage
2026-04-20,Plant A,M-02,0.5621644819427892,Operator Issue
2026-04-20,Plant A,M-02,0.34223176371249286,Maintenance
2026-04-20,Plant A,M-02,2.8353111240917768,Electrical Failure
2026-04-20,Plant A,M-03,0.5367844410695348,Material Shortage
2026-04-20,Plant A,M-03,0.5859692600922894,Material Shortage
2026-04-20,Plant A,M-03,1.0227397259625044,Operator Issue
2026-04-20,Plant A,M-04,1.9513726508288056,Electrical Failure
2026-04-20,Plant A,M-04,1.9490772371576104,Changeover
2026-04-20,Plant A,M-04,2.243691200366586,Mechanical Failure
2026-04-20,Plant A,M-05,2.3652387160065453,Mechanical Failure
2026-04-20,Plant A,M-05,1.5054468048802383,Mechanical Failure
2026-04-20,Plant A,M-05,2.1842715526684033,Mechanical Failure
2026-04-20,Plant B,M-01,2.9538778862546695,Electrical Failure
2026-04-20,Plant B,M-01,1.4600573641560162,Operator Issue
2026-04-20,Plant B,M-01,2.931717402956477,Material Shortage
2026-04-20,Plant B,M-02,2.9918246744688597,Mechanical Failure
2026-04-20,Plant B,M-02,3.2694837103454812,Changeover
2026-04-20,Plant B,M-02,1.2097601681414525,Material Shortage
2026-04-20,Plant B,M-03,1.3459067234855373,Changeover
2026-04-20,Plant B,M-03,2.650074634098447,Changeover
2026-04-20,Plant B,M-03,2.351387682351243,Material Shortage
2026-04-20,Plant B,M-04,5.097985773812788,Mechanical Failure
2026-04-20,Plant B,M-04,7.552445230895243,Electrical Failure
2026-04-20,Plant B,M-04,4.017347295259611,Operator Issue
2026-04-20,Plant B,M-05,1.3576297648870812,Maintenance
2026-04-20,Plant B,M-05,2.4415262027625886,Electrical Failure
2026-04-20,Plant B,M-05,1.8026401572631778,Mechanical Failure
2026-04-20,Plant C,M-01,2.676388030876277,Material Shortage
2026-04-20,Plant C,M-01,0.7217152724912306,Operator Issue
2026-04-20,Plant C,M-01,3.4266527612153115,Material Shortage
2026-04-20,Plant C,M-02,2.3518806672826478,Mechanical Failure
2026-04-20,Plant C,M-02,2.128016059818042,Electrical Failure
2026-04-20,Plant C,M-02,1.116891552758188,Operator Issue
2026-04-20,Plant C,M-03,1.2030780643727679,Material Shortage
2026-04-20,Plant C,M-03,0.41596025767267786,Maintenance
2026-04-20,Plant C,M-03,0.7759725573635716,Maintenance
2026-04-20,Plant C,M-04,1.6298756146143651,Electrical Failure
2026-04-20,Plant C,M-04,1.1815032106975256,Electrical Failure
2026-04-20,Plant C,M-04,1.9684045903413288,Changeover
2026-04-20,Plant C,M-05,1.0754521006724689,Electrical Failure
2026-04-20,Plant C,M-05,0.5685725266714319,Maintenance
2026-04-20,Plant C,M-05,2.181905842371444,Material Shortage
2026-04-21,Plant A,M-01,0.2561739997934365,Operator Issue
2026-04-21,Plant A,M-01,0.5033799293814005,Operator Issue
2026-04-21,Plant A,M-01,2.6638037013021507,Mechanical Failure
2026-04-21,Plant A,M-02,1.1745736552239237,Maintenance
2026-04-21,Plant A,M-02,2.6716698965700636,Material Shortage
2026-04-21,Plant A,M-02,1.5877612784033415,Changeover
2026-04-21,Plant A,M-03,2.1672510361086585,Maintenance
2026-04-21,Plant A,M-03,2.5954787632382805,Material Shortage
2026-04-21,Plant A,M-03,2.6414526136444128,Changeover
2026-04-21,Plant A,M-04,3.1736962585831856,Maintenance
2026-04-21,Plant A,M-04,1.9099355491946006,Maintenance
2026-04-21,Plant A,M-04,2.2921036579724667,Maintenance
2026-04-21,Plant A,M-05,2.66623192786365,Maintenance
2026-04-21,Plant A,M-05,1.2805560703899448,Electrical Failure
2026-04-21,Plant A,M-05,2.512274379424532,Maintenance
2026-04-21,Plant B,M-01,0.5337694828992423,Maintenance
2026-04-21,Plant B,M-01,0.2184256512373637,Mechanical Failure
2026-04-21,Plant B,M-01,0.8126623687858214,Electrical Failure
2026-04-21,Plant B,M-02,0.7729179366043455,Maintenance
2026-04-21,Plant B,M-02,3.3925985983670133,Maintenance
2026-04-21,Plant B,M-02,3.3799546147410027,Material Shortage
2026-04-21,Plant B,M-03,1.0644722167904082,Electrical Failure
2026-04-21,Plant B,M-03,1.9653997207810665,Electrical Failure
2026-04-21,Plant B,M-03,2.915877002967299,Maintenance
2026-04-21,Plant B,M-04,5.551683101566452,Electrical Failure
2026-04-21,Plant B,M-04,5.5537637834114975,Operator Issue
2026-04-21,Plant B,M-04,7.266258784125303,Mechanical Failure
2026-04-21,Plant B,M-05,2.5033684533889136,Changeover
2026-04-21,Plant B,M-05,0.2099262698503806,Changeover
2026-04-21,Plant B,M-05,1.6876401063318094,Operator Issue
2026-04-21,Plant C,M-01,0.2872516141439132,Mechanical Failure
2026-04-21,Plant C,M-01,2.6142229491341555,Maintenance
2026-04-21,Plant C,M-01,3.329460355995731,Mechanical Failure
2026-04-21,Plant C,M-02,2.912076599733692,Mechanical Failure
2026-04-21,Plant C,M-02,1.9803275314941815,Operator Issue
2026-04-21,Plant C,M-02,3.4236614397822893,Changeover
2026-04-21,Plant C,M-03,1.992538245774109,Operator Issue
2026-04-21,Plant C,M-03,1.8968556855643999,Mechanical Failure
2026-04-21,Plant C,M-03,0.22313264522420237,Electrical Failure
2026-04-21,Plant C,M-04,2.871150754996504,Changeover
2026-04-21,Plant C,M-04,3.4230325390767375,Material Shortage
2026-04-21,Plant C,M-04,1.2311207804122846,Electrical Failure
2026-04-21,Plant C,M-05,2.9443371151847684,Maintenance
2026-04-21,Plant C,M-05,0.20172386831012057,Changeover
2026-04-21,Plant C,M-05,0.8076503835737603,Maintenance
2026-04-22,Plant A,M-01,3.496590794476514,Electrical Failure
2026-04-22,Plant A,M-01,2.5555736512352243,Mechanical Failure
2026-04-22,Plant A,M-01,3.312811132539806,Changeover
2026-04-22,Plant A,M-02,2.150034228072826,Mechanical Failure
2026-04-22,Plant A,M-02,3.4749817162144803,Operator Issue
2026-04-22,Plant A,M-02,2.1169863112413503,Changeover
2026-04-22,Plant A,M-03,2.0088358992037687,Electrical Failure
2026-04-22,Plant A,M-03,1.4116252045265003,Operator Issue
2026-04-22,Plant A,M-03,2.7398416307521085,Operator Issue
2026-04-22,Plant A,M-04,3.3783297011404008,Electrical Failure
2026-04-22,Plant A,M-04,2.517804837041732,Operator Issue
2026-04-22,Plant A,M-04,3.2649075462734456,Electrical Failure
2026-04-22,Plant A,M-05,3.233505762657708,Material Shortage
2026-04-22,Plant A,M-05,2.586864008680072,Operator Issue
2026-04-22,Plant A,M-05,2.4281589104651817,Electrical Failure
2026-04-22,Plant B,M-01,3.3661247296942407,Changeover
2026-04-22,Plant B,M-01,2.187851306029086,Material Shortage
2026-04-22,Plant B,M-01,0.24983927148099022,Maintenance
2026-04-22,Plant B,M-02,0.24152215133507912,Changeover
2026-04-22,Plant B,M-02,0.4418509102441401,Operator Issue
2026-04-22,Plant B,M-02,1.96699451262637,Operator Issue
2026-04-22,Plant B,M-03,1.2100209994656654,Operator Issue
2026-04-22,Plant B,M-03,2.906992248522932,Mechanical Failure
2026-04-22,Plant B,M-03,1.3546584226367036,Changeover
2026-04-22,Plant B,M-04,6.087911492075635,Mechanical Failure
2026-04-22,Plant B,M-04,7.321548462575619,Mechanical Failure
2026-04-22,Plant B,M-04,6.065895472402819,Electrical Failure
2026-04-22,Plant B,M-05,3.0563591961956154,Material Shortage
2026-04-22,Plant B,M-05,3.373724063485947,Material Shortage
2026-04-22,Plant B,M-05,2.322163968637329,Operator Issue
2026-04-22,Plant C,M-01,3.037672938264433,Maintenance
2026-04-22,Plant C,M-01,3.038151140719623,Changeover
2026-04-22,Plant C,M-01,3.109631585306121,Changeover
2026-04-22,Plant C,M-02,1.2196099381908438,Operator Issue
2026-04-22,Plant C,M-02,0.6568023366759024,Operator Issue
2026-04-22,Plant C,M-02,3.169036231824655,Material Shortage
2026-04-22,Plant C,M-03,3.2387674226478653,Maintenance
2026-04-22,Plant C,M-03,0.3453155323894098,Changeover
2026-04-22,Plant C,M-03,1.3608474533193713,Operator Issue
2026-04-22,Plant C,M-04,2.0187824354378687,Mechanical Failure
2026-04-22,Plant C,M-04,3.1251486873883274,Changeover
2026-04-22,Plant C,M-04,1.0691519009303476,Operator Issue
2026-04-22,Plant C,M-05,2.48179452820703,Maintenance
2026-04-22,Plant C,M-05,3.0802207649435087,Operator Issue
2026-04-22,Plant C,M-05,2.046235725792858,Operator Issue
2026-04-23,Plant A,M-01,1.177078872775896,Operator Issue
2026-04-23,Plant A,M-01,1.2875073378798978,Mechanical Failure
2026-04-23,Plant A,M-01,0.8099377580552285,Mechanical Failure
2026-04-23,Plant A,M-02,0.8856120201455047,Mechanical Failure
2026-04-23,Plant A,M-02,0.6692763157179897,Material Shortage
2026-04-23,Plant A,M-02,1.4167744015414787,Material Shortage
2026-04-23,Plant A,M-03,3.4457876058476646,Operator Issue
2026-04-23,Plant A,M-03,3.081865795161038,Maintenance
2026-04-23,Plant A,M-03,2.566488808021706,Mechanical Failure
2026-04-23,Plant A,M-04,2.6408769611454046,Material Shortage
2026-04-23,Plant A,M-04,2.0984596226466663,Changeover
2026-04-23,Plant A,M-04,0.318429505114726,Material Shortage
2026-04-23,Plant A,M-05,0.3875871875653958,Mechanical Failure
2026-04-23,Plant A,M-05,0.6257706828874239,Material Shortage
2026-04-23,Plant A,M-05,3.3413983491852823,Electrical Failure
2026-04-23,Plant B,M-01,0.9882448035041533,Material Shortage
2026-04-23,Plant B,M-01,0.9041819928735007,Material Shortage
2026-04-23,Plant B,M-01,1.6335300407007025,Maintenance
2026-04-23,Plant B,M-02,0.5510406132936998,Mechanical Failure
2026-04-23,Plant B,M-02,2.2299477808509294,Material Shortage
2026-04-23,Plant B,M-02,0.9556059098655159,Material Shortage
2026-04-23,Plant B,M-03,0.5520696158646359,Maintenance
2026-04-23,Plant B,M-03,2.091484082891137,Changeover
2026-04-23,Plant B,M-03,3.142461192242865,Maintenance
2026-04-23,Plant B,M-04,5.902840385547185,Mechanical Failure
2026-04-23,Plant B,M-04,4.613886038276828,Electrical Failure
2026-04-23,Plant B,M-04,6.3353692693887,Changeover
2026-04-23,Plant B,M-05,0.717483495059807,Changeover
2026-04-23,Plant B,M-05,1.0078565444998833,Operator Issue
2026-04-23,Plant B,M-05,2.363234308306028,Maintenance
2026-04-23,Plant C,M-01,1.0148211065806971,Operator Issue
2026-04-23,Plant C,M-01,0.6191777899005522,Electrical Failure
2026-04-23,Plant C,M-01,1.4885624637148651,Operator Issue
2026-04-23,Plant C,M-02,1.910097688512811,Material Shortage
2026-04-23,Plant C,M-02,0.23331683243417423,Changeover
2026-04-23,Plant C,M-02,1.9614293053914795,Changeover
2026-04-23,Plant C,M-03,1.1485615033226808,Mechanical Failure
2026-04-23,Plant C,M-03,2.6183788691171164,Changeover
2026-04-23,Plant C,M-03,2.2126417355174834,Maintenance
2026-04-23,Plant C,M-04,1.2403633989185627,Electrical Failure
2026-04-23,Plant C,M-04,2.4008026433809677,Maintenance
2026-04-23,Plant C,M-04,1.6664076277234148,Operator Issue
2026-04-23,Plant C,M-05,2.691917633681053,Material Shortage
2026-04-23,Plant C,M-05,3.3343469011186544,Mechanical Failure
2026-04-23,Plant C,M-05,3.2761566342198054,Material Shortage
2026-04-24,Plant A,M-01,3.1338861759510843,Maintenance
2026-04-24,Plant A,M-01,3.1249977462338645,Electrical Failure
2026-04-24,Plant A,M-01,2.2505718159141943,Mechanical Failure
2026-04-24,Plant A,M-02,1.5952561110653654,Maintenance
2026-04-24,Plant A,M-02,0.5737647691869343,Material Shortage
2026-04-24,Plant A,M-02,3.1661749934960395,Material Shortage
2026-04-24,Plant A,M-03,1.8850322665702561,Operator Issue
2026-04-24,Plant A,M-03,0.516921479208569,Mechanical Failure
2026-04-24,Plant A,M-03,3.3172070489833847,Mechanical Failure
2026-04-24,Plant A,M-04,0.6714817558819641,Operator Issue
2026-04-24,Plant A,M-04,2.625970366645509,Maintenance
2026-04-24,Plant A,M-04,2.0920972839224747,Changeover
2026-04-24,Plant A,M-05,2.806297364780437,Maintenance
2026-04-24,Plant A,M-05,0.5145208991835424,Changeover
2026-04-24,Plant A,M-05,2.3036540855789145,Material Shortage
2026-04-24,Plant B,M-01,1.5706313213785192,Operator Issue
2026-04-24,Plant B,M-01,1.8273513358712348,Material Shortage
2026-04-24,Plant B,M-01,2.3588942084235085,Material Shortage
2026-04-24,Plant B,M-02,3.043964901682432,Mechanical Failure
2026-04-24,Plant B,M-02,3.104436384472402,Electrical Failure
2026-04-24,Plant B,M-02,0.7861103742077391,Operator Issue
2026-04-24,Plant B,M-03,3.3443693258664573,Electrical Failure
2026-04-24,Plant B,M-03,1.329396082354374,Material Shortage
2026-04-24,Plant B,M-03,0.7337153910326082,Mechanical Failure
2026-04-24,Plant B,M-04,7.723638746320551,Mechanical Failure
2026-04-24,Plant B,M-04,6.0751927513798805,Mechanical Failure
2026-04-24,Plant B,M-04,6.561651090868585,Mechanical Failure
2026-04-24,Plant B,M-05,1.6148396086555827,Changeover
2026-04-24,Plant B,M-05,0.6758434368974233,Material Shortage
2026-04-24,Plant B,M-05,0.4458581477600043,Operator Issue
2026-04-24,Plant C,M-01,0.3263721692042456,Mechanical Failure
2026-04-24,Plant C,M-01,0.7332435942996496,Operator Issue
2026-04-24,Plant C,M-01,2.708322730611937,Mechanical Failure
2026-04-24,Plant C,M-02,1.7589950289073317,Material Shortage
2026-04-24,Plant C,M-02,2.1065981546823305,Electrical Failure
2026-04-24,Plant C,M-02,3.2237141238574822,Electrical Failure
2026-04-24,Plant C,M-03,3.177944686519087,Maintenance
2026-04-24,Plant C,M-03,2.058161651562882,Electrical Failure
2026-04-24,Plant C,M-03,1.7468895310109236,Mechanical Failure
2026-04-24,Plant C,M-04,2.475675035453324,Changeover
2026-04-24,Plant C,M-04,1.2261910200843726,Operator Issue
2026-04-24,Plant C,M-04,2.4306233531196106,Maintenance
2026-04-24,Plant C,M-05,1.4928628643958612,Maintenance
2026-04-24,Plant C,M-05,1.676121643661259,Electrical Failure
2026-04-24,Plant C,M-05,1.1948021814455394,Changeover
2026-04-25,Plant A,M-01,2.0694733118196598,Operator Issue
2026-04-25,Plant A,M-01,1.1859714250485809,Material Shortage
2026-04-25,Plant A,M-01,3.396612725245864,Changeover
2026-04-25,Plant A,M-02,0.7343175025316537,Changeover
2026-04-25,Plant A,M-02,2.2758913394704483,Operator Issue
2026-04-25,Plant A,M-02,2.438848520899437,Electrical Failure
2026-04-25,Plant A,M-03,2.134826250499793,Electrical Failure
2026-04-25,Plant A,M-03,0.27161377551156707,Operator Issue
2026-04-25,Plant A,M-03,1.1823991518978347,Electrical Failure
2026-04-25,Plant A,M-04,0.8568028033620643,Material Shortage
2026-04-25,Plant A,M-04,1.6704824934042892,Electrical Failure
2026-04-25,Plant A,M-04,2.0950771489986333,Maintenance
2026-04-25,Plant A,M-05,2.1650184097348477,Maintenance
2026-04-25,Plant A,M-05,1.4087038009778263,Mechanical Failure
2026-04-25,Plant A,M-05,3.0553970506969796,Electrical Failure
2026-04-25,Plant B,M-01,2.839578148249137,Operator Issue
2026-04-25,Plant B,M-01,1.2534559206942668,Material Shortage
2026-04-25,Plant B,M-01,1.0141031713903472,Maintenance
2026-04-25,Plant B,M-02,1.4685145284330072,Mechanical Failure
2026-04-25,Plant B,M-02,1.070812226404751,Material Shortage
2026-04-25,Plant B,M-02,2.8801377152392247,Changeover
2026-04-25,Plant B,M-03,2.6651224464738754,Operator Issue
2026-04-25,Plant B,M-03,0.5317573566666329,Mechanical Failure
2026-04-25,Plant B,M-03,0.8321242476138613,Electrical Failure
2026-04-25,Plant B,M-04,5.991867089760445,Operator Issue
2026-04-25,Plant B,M-04,4.840458101963897,Electrical Failure
2026-04-25,Plant B,M-04,6.5413140263878375,Mechanical Failure
2026-04-25,Plant B,M-05,3.1879157452929596,Mechanical Failure
2026-04-25,Plant B,M-05,1.426045916051009,Changeover
2026-04-25,Plant B,M-05,1.9147490950578736,Electrical Failure
2026-04-25,Plant C,M-01,1.4405470795934476,Electrical Failure
2026-04-25,Plant C,M-01,0.6637079869611677,Material Shortage
2026-04-25,Plant C,M-01,1.7950941147407053,Material Shortage
2026-04-25,Plant C,M-02,0.6823416860766853,Changeover
2026-04-25,Plant C,M-02,0.8949190223168049,Mechanical Failure
2026-04-25,Plant C,M-02,2.0043523882837135,Electrical Failure
2026-04-25,Plant C,M-03,1.5464997546091641,Changeover
2026-04-25,Plant C,M-03,2.3285968381152453,Electrical Failure
2026-04-25,Plant C,M-03,2.535645451398855,Mechanical Failure
2026-04-25,Plant C,M-04,2.379729564867975,Operator Issue
2026-04-25,Plant C,M-04,1.0038600549888022,Changeover
2026-04-25,Plant C,M-04,1.891408130778618,Operator Issue
2026-04-25,Plant C,M-05,1.4498052548092768,Electrical Failure
2026-04-25,Plant C,M-05,2.6596184110621093,Material Shortage
2026-04-25,Plant C,M-05,1.0259794632241304,Material Shortage
2026-04-26,Plant A,M-01,0.42308670322104514,Changeover
2026-04-26,Plant A,M-01,1.2888291966231804,Mechanical Failure
2026-04-26,Plant A,M-01,2.992284327123486,Mechanical Failure
2026-04-26,Plant A,M-02,1.0165878027679571,Changeover
2026-04-26,Plant A,M-02,2.4012749107911473,Electrical Failure
2026-04-26,Plant A,M-02,2.280625484967927,Changeover
2026-04-26,Plant A,M-03,2.875330412956858,Electrical Failure
2026-04-26,Plant A,M-03,1.4351195689476182,Maintenance
2026-04-26,Plant A,M-03,1.970242882807013,Electrical Failure
2026-04-26,Plant A,M-04,2.741477490435251,Electrical Failure
2026-04-26,Plant A,M-04,0.5610027461942637,Mechanical Failure
2026-04-26,Plant A,M-04,1.4088665292642668,Operator Issue
2026-04-26,Plant A,M-05,0.8952513717062238,Material Shortage
2026-04-26,Plant A,M-05,3.039199305568293,Maintenance
2026-04-26,Plant A,M-05,2.3040195146755544,Operator Issue
2026-04-26,Plant B,M-01,2.211770358476257,Material Shortage
2026-04-26,Plant B,M-01,0.7802973589411457,Mechanical Failure
2026-04-26,Plant B,M-01,1.6069140799675277,Mechanical Failure
2026-04-26,Plant B,M-02,2.96721415837476,Material Shortage
2026-04-26,Plant B,M-02,3.1991665376086877,Changeover
2026-04-26,Plant B,M-02,0.4954658205053677,Operator Issue
2026-04-26,Plant B,M-03,0.2933138817200395,Material Shortage
2026-04-26,Plant B,M-03,1.5549293658685106,Maintenance
2026-04-26,Plant B,M-03,1.6789472310791005,Material Shortage
2026-04-26,Plant B,M-04,4.01142601126873,Mechanical Failure
2026-04-26,Plant B,M-04,5.121198134555987,Electrical Failure
2026-04-26,Plant B,M-04,5.725443950095641,Operator Issue
2026-04-26,Plant B,M-05,2.1197098154242715,Material Shortage
2026-04-26,Plant B,M-05,1.333013294649301,Electrical Failure
2026-04-26,Plant B,M-05,2.95833613624615,Maintenance
2026-04-26,Plant C,M-01,3.27334108094266,Changeover
2026-04-26,Plant C,M-01,2.9593504903925787,Maintenance
2026-04-26,Plant C,M-01,0.46507290993665834,Mechanical Failure
2026-04-26,Plant C,M-02,3.4752503028124204,Operator Issue
2026-04-26,Plant C,M-02,1.3653208413469118,Maintenance
2026-04-26,Plant C,M-02,1.9815783981139197,Changeover
2026-04-26,Plant C,M-03,2.8861524360351636,Changeover
2026-04-26,Plant C,M-03,2.2713652336721775,Changeover
2026-04-26,Plant C,M-03,2.565502848535463,Maintenance
2026-04-26,Plant C,M-04,0.5729834967767553,Operator Issue
2026-04-26,Plant C,M-04,1.1729179328707975,Mechanical Failure
2026-04-26,Plant C,M-04,2.976953366235155,Mechanical Failure
2026-04-26,Plant C,M-05,2.507767203808078,Electrical Failure
2026-04-26,Plant C,M-05,2.5874356920486674,Electrical Failure
2026-04-26,Plant C,M-05,3.0669920284716388,Material Shortage
2026-04-27,Plant A,M-01,3.459902153700404,Material Shortage
2026-04-27,Plant A,M-01,1.5476768302834216,Operator Issue
2026-04-27,Plant A,M-01,2.4652162519770235,Material Shortage
2026-04-27,Plant A,M-02,2.33657913381283,Maintenance
2026-04-27,Plant A,M-02,0.9617740237159065,Electrical Failure
2026-04-27,Plant A,M-02,3.3651087250109355,Electrical Failure
2026-04-27,Plant A,M-03,2.0362505944388274,Operator Issue
2026-04-27,Plant A,M-03,1.0450598399830084,Maintenance
2026-04-27,Plant A,M-03,0.37270622250115604,Operator Issue
2026-04-27,Plant A,M-04,3.088678712903979,Mechanical Failure
2026-04-27,Plant A,M-04,0.5127563524715018,Maintenance
2026-04-27,Plant A,M-04,1.1001266753930958,Changeover
2026-04-27,Plant A,M-05,2.81991175403192,Maintenance
2026-04-27,Plant A,M-05,0.4140582181145585,Operator Issue
2026-04-27,Plant A,M-05,2.343533219370011,Electrical Failure
2026-04-27,Plant B,M-01,3.028173837530407,Changeover
2026-04-27,Plant B,M-01,2.9611116971031737,Maintenance
2026-04-27,Plant B,M-01,0.6541012751608222,Changeover
2026-04-27,Plant B,M-02,0.3806254308436775,Mechanical Failure
2026-04-27,Plant B,M-02,1.7871513681708502,Changeover
2026-04-27,Plant B,M-02,2.517014890124111,Electrical Failure
2026-04-27,Plant B,M-03,3.1126193498658963,Changeover
2026-04-27,Plant B,M-03,1.96927391920291,Electrical Failure
2026-04-27,Plant B,M-03,2.045449485081619,Maintenance
2026-04-27,Plant B,M-04,5.979518188689537,Operator Issue
2026-04-27,Plant B,M-04,4.607046455652701,Electrical Failure
2026-04-27,Plant B,M-04,4.560304174811023,Maintenance
2026-04-27,Plant B,M-05,3.351979303522277,Mechanical Failure
2026-04-27,Plant B,M-05,2.096734051592777,Operator Issue
2026-04-27,Plant B,M-05,1.7924874471333598,Material Shortage
2026-04-27,Plant C,M-01,1.460941211354058,Maintenance
2026-04-27,Plant C,M-01,1.4619492330063684,Mechanical Failure
2026-04-27,Plant C,M-01,3.418914913496609,Material Shortage
2026-04-27,Plant C,M-02,0.829169491387745,Material Shortage
2026-04-27,Plant C,M-02,0.6168077554540266,Electrical Failure
2026-04-27,Plant C,M-02,2.2238351233667437,Material Shortage
2026-04-27,Plant C,M-03,2.9032321882506493,Changeover
2026-04-27,Plant C,M-03,1.9534465539324612,Mechanical Failure
2026-04-27,Plant C,M-03,2.5699170965483105,Electrical Failure
2026-04-27,Plant C,M-04,2.1069496308202753,Maintenance
2026-04-27,Plant C,M-04,2.2536796883630816,Electrical Failure
2026-04-27,Plant C,M-04,2.000922484363119,Changeover
2026-04-27,Plant C,M-05,3.338583144010094,Electrical Failure
2026-04-27,Plant C,M-05,0.9853685853992697,Changeover
2026-04-27,Plant C,M-05,2.9604118734510716,Material Shortage
2026-04-28,Plant A,M-01,0.42563674889685,Maintenance
2026-04-28,Plant A,M-01,0.31502366916241875,Maintenance
2026-04-28,Plant A,M-01,0.4790417447696118,Maintenance
2026-04-28,Plant A,M-02,3.380714022932883,Material Shortage
2026-04-28,Plant A,M-02,0.21971697439559068,Operator Issue
2026-04-28,Plant A,M-02,2.6072843011860534,Changeover
2026-04-28,Plant A,M-03,1.6084916637280868,Maintenance
2026-04-28,Plant A,M-03,1.0146718135527624,Electrical Failure
2026-04-28,Plant A,M-03,1.6581621978163186,Material Shortage
2026-04-28,Plant A,M-04,2.8372937762632215,Mechanical Failure
2026-04-28,Plant A,M-04,0.9118511592439351,Operator Issue
2026-04-28,Plant A,M-04,1.8832327785843446,Maintenance
2026-04-28,Plant A,M-05,0.5515477334885344,Changeover
2026-04-28,Plant A,M-05,0.7789106252737443,Maintenance
2026-04-28,Plant A,M-05,1.7359728347815344,Maintenance
2026-04-28,Plant B,M-01,3.212441570672957,Mechanical Failure
2026-04-28,Plant B,M-01,2.235696943784622,Material Shortage
2026-04-28,Plant B,M-01,0.29510063796484953,Changeover
2026-04-28,Plant B,M-02,2.2596871554704467,Operator Issue
2026-04-28,Plant B,M-02,0.9393308229791582,Electrical Failure
2026-04-28,Plant B,M-02,3.3963266839154826,Operator Issue
2026-04-28,Plant B,M-03,2.9904090481878605,Electrical Failure
2026-04-28,Plant B,M-03,1.6780673353261095,Mechanical Failure
2026-04-28,Plant B,M-03,3.101571143521294,Material Shortage
2026-04-28,Plant B,M-04,5.176983816324057,Electrical Failure
2026-04-28,Plant B,M-04,4.231857854331213,Mechanical Failure
2026-04-28,Plant B,M-04,4.5825542073604115,Operator Issue
2026-04-28,Plant B,M-05,0.7597301417786488,Material Shortage
2026-04-28,Plant B,M-05,2.683235098954564,Maintenance
2026-04-28,Plant B,M-05,1.354868104412222,Material Shortage
2026-04-28,Plant C,M-01,1.5381757127536837,Operator Issue
2026-04-28,Plant C,M-01,1.1739217723587685,Electrical Failure
2026-04-28,Plant C,M-01,2.37032692292453,Mechanical Failure
2026-04-28,Plant C,M-02,3.361338724978817,Mechanical Failure
2026-04-28,Plant C,M-02,0.22156398247160006,Material Shortage
2026-04-28,Plant C,M-02,3.0779175181667244,Operator Issue
2026-04-28,Plant C,M-03,2.589617376246821,Mechanical Failure
2026-04-28,Plant C,M-03,3.452439874908954,Changeover
2026-04-28,Plant C,M-03,3.1852472548912862,Operator Issue
2026-04-28,Plant C,M-04,1.0955764508718542,Operator Issue
2026-04-28,Plant C,M-04,0.8120823610761936,Operator Issue
2026-04-28,Plant C,M-04,2.8261691978806494,Maintenance
2026-04-28,Plant C,M-05,2.8654305461103653,Mechanical Failure
2026-04-28,Plant C,M-05,2.532055245603619,Operator Issue
2026-04-28,Plant C,M-05,3.448724616328233,Changeover
2026-04-29,Plant A,M-01,2.5639198174205355,Changeover
2026-04-29,Plant A,M-01,0.7555210206117902,Operator Issue
2026-04-29,Plant A,M-01,2.0627312914600524,Electrical Failure
2026-04-29,Plant A,M-02,1.3878574402225685,Operator Issue
2026-04-29,Plant A,M-02,1.2852422650603315,Maintenance
2026-04-29,Plant A,M-02,1.3130445041658458,Operator Issue
2026-04-29,Plant A,M-03,3.0608779250794234,Changeover
2026-04-29,Plant A,M-03,3.2453047518594156,Electrical Failure
2026-04-29,Plant A,M-03,1.3420412028568587,Material Shortage
2026-04-29,Plant A,M-04,1.6213553875913866,Changeover
2026-04-29,Plant A,M-04,2.729567132121415,Maintenance
2026-04-29,Plant A,M-04,1.5983228507000067,Operator Issue
2026-04-29,Plant A,M-05,2.402341153762168,Maintenance
2026-04-29,Plant A,M-05,3.4941745877515675,Operator Issue
2026-04-29,Plant A,M-05,1.854344839708776,Changeover
2026-04-29,Plant B,M-01,1.5882543095511321,Material Shortage
2026-04-29,Plant B,M-01,1.8429000205189399,Electrical Failure
2026-04-29,Plant B,M-01,0.5150639177923055,Material Shortage
2026-04-29,Plant B,M-02,2.746683938539766,Mechanical Failure
2026-04-29,Plant B,M-02,1.4701104392668791,Material Shortage
2026-04-29,Plant B,M-02,1.7473618968902467,Maintenance
2026-04-29,Plant B,M-03,0.4415441973506211,Material Shortage
2026-04-29,Plant B,M-03,2.0812180469624564,Maintenance
2026-04-29,Plant B,M-03,2.5182905649123875,Mechanical Failure
2026-04-29,Plant B,M-04,5.258799033209222,Electrical Failure
2026-04-29,Plant B,M-04,5.04037706915618,Changeover
2026-04-29,Plant B,M-04,5.109444988096398,Operator Issue
2026-04-29,Plant B,M-05,2.999079877568199,Electrical Failure
2026-04-29,Plant B,M-05,2.482434425343513,Electrical Failure
2026-04-29,Plant B,M-05,3.2631065420902936,Mechanical Failure
2026-04-29,Plant C,M-01,2.0688207050665777,Material Shortage
2026-04-29,Plant C,M-01,2.088752302046271,Electrical Failure
2026-04-29,Plant C,M-01,2.482333917368534,Changeover
2026-04-29,Plant C,M-02,2.1993868319762373,Operator Issue
2026-04-29,Plant C,M-02,2.3666061369781146,Changeover
2026-04-29,Plant C,M-02,0.27176652111148436,Material Shortage
2026-04-29,Plant C,M-03,2.397838911211415,Mechanical Failure
2026-04-29,Plant C,M-03,1.4781203535893812,Changeover
2026-04-29,Plant C,M-03,1.915083672680402,Maintenance
2026-04-29,Plant C,M-04,1.2402796449134363,Material Shortage
2026-04-29,Plant C,M-04,3.4248844903036404,Mechanical Failure
2026-04-29,Plant C,M-04,2.2339143018792185,Electrical Failure
2026-04-29,Plant C,M-05,2.6863750215761106,Changeover
2026-04-29,Plant C,M-05,1.3168892445149731,Material Shortage
2026-04-29,Plant C,M-05,2.3613400356166934,Maintenance
2026-04-30,Plant A,M-01,2.6466131893335367,Material Shortage
2026-04-30,Plant A,M-01,1.358180444467315,Operator Issue
2026-04-30,Plant A,M-01,1.4027472341994351,Operator Issue
2026-04-30,Plant A,M-02,0.6741809514003732,Maintenance
2026-04-30,Plant A,M-02,1.5085466993430725,Mechanical Failure
2026-04-30,Plant A,M-02,3.3528901203754446,Maintenance
2026-04-30,Plant A,M-03,2.440679918865407,Changeover
2026-04-30,Plant A,M-03,2.4653321714750547,Operator Issue
2026-04-30,Plant A,M-03,2.263367561014989,Changeover
2026-04-30,Plant A,M-04,0.6187088473158451,Mechanical Failure
2026-04-30,Plant A,M-04,1.299494801870732,Electrical Failure
2026-04-30,Plant A,M-04,1.8951277065344092,Changeover
2026-04-30,Plant A,M-05,1.8735077180855293,Mechanical Failure
2026-04-30,Plant A,M-05,2.9086321341662953,Mechanical Failure
2026-04-30,Plant A,M-05,2.570930744826707,Changeover
2026-04-30,Plant B,M-01,0.4591678240991467,Mechanical Failure
2026-04-30,Plant B,M-01,2.7751168468845497,Material Shortage
2026-04-30,Plant B,M-01,0.9519481475196061,Maintenance
2026-04-30,Plant B,M-02,1.7677834982502916,Material Shortage
2026-04-30,Plant B,M-02,1.1110862037901152,Changeover
2026-04-30,Plant B,M-02,2.3651815923975334,Material Shortage
2026-04-30,Plant B,M-03,2.5204173443032256,Electrical Failure
2026-04-30,Plant B,M-03,1.1970772224011734,Mechanical Failure
2026-04-30,Plant B,M-03,1.8928124602739633,Mechanical Failure
2026-04-30,Plant B,M-04,7.952357616430229,Mechanical Failure
2026-04-30,Plant B,M-04,5.720659242519485,Electrical Failure
2026-04-30,Plant B,M-04,6.018159568203021,Mechanical Failure
2026-04-30,Plant B,M-05,1.4507923141231343,Changeover
2026-04-30,Plant B,M-05,2.4273715276836962,Material Shortage
2026-04-30,Plant B,M-05,1.654894102797754,Mechanical Failure
2026-04-30,Plant C,M-01,3.0693694717255915,Material Shortage
2026-04-30,Plant C,M-01,3.3181493351777496,Material Shortage
2026-04-30,Plant C,M-01,1.6219291412220793,Changeover
2026-04-30,Plant C,M-02,1.6330031939268554,Mechanical Failure
2026-04-30,Plant C,M-02,2.5143008388416876,Operator Issue
2026-04-30,Plant C,M-02,2.1648064926815564,Changeover
2026-04-30,Plant C,M-03,1.863530979852855,Operator Issue
2026-04-30,Plant C,M-03,3.0279165072603496,Mechanical Failure
2026-04-30,Plant C,M-03,0.61940929225295,Material Shortage
2026-04-30,Plant C,M-04,0.7518486281767918,Operator Issue
2026-04-30,Plant C,M-04,3.325875497574625,Operator Issue
2026-04-30,Plant C,M-04,2.05737139612883,Maintenance
2026-04-30,Plant C,M-05,1.0884352908146293,Mechanical Failure
2026-04-30,Plant C,M-05,0.29896910460865944,Maintenance
2026-04-30,Plant C,M-05,0.340250148792019,Operator Issue
2026-05-01,Plant A,M-01,3.4852888626549148,Material Shortage
2026-05-01,Plant A,M-01,0.554395520046518,Electrical Failure
2026-05-01,Plant A,M-01,0.5664919272075556,Electrical Failure
2026-05-01,Plant A,M-02,1.711451540208845,Electrical Failure
2026-05-01,Plant A,M-02,0.8361548724754635,Mechanical Failure
2026-05-01,Plant A,M-02,2.374253721440282,Operator Issue
2026-05-01,Plant A,M-03,2.440681784809617,Mechanical Failure
2026-05-01,Plant A,M-03,0.4681461760296829,Material Shortage
2026-05-01,Plant A,M-03,1.1146714701426943,Mechanical Failure
2026-05-01,Plant A,M-04,1.1208223477682755,Electrical Failure
2026-05-01,Plant A,M-04,1.3854149504580868,Material Shortage
2026-05-01,Plant A,M-04,2.567776037302236,Electrical Failure
2026-05-01,Plant A,M-05,3.2767198873570056,Maintenance
2026-05-01,Plant A,M-05,3.325295438238437,Maintenance
2026-05-01,Plant A,M-05,2.10358250095984,Material Shortage
2026-05-01,Plant B,M-01,3.192855188412892,Changeover
2026-05-01,Plant B,M-01,1.9103252122252747,Changeover
2026-05-01,Plant B,M-01,2.6092920877387455,Changeover
2026-05-01,Plant B,M-02,3.3546903617171693,Operator Issue
2026-05-01,Plant B,M-02,0.21346270260303543,Material Shortage
2026-05-01,Plant B,M-02,1.9788296139155033,Changeover
2026-05-01,Plant B,M-03,2.798023454741465,Changeover
2026-05-01,Plant B,M-03,0.32804998753047065,Changeover
2026-05-01,Plant B,M-03,0.6023646075226158,Maintenance
2026-05-01,Plant B,M-04,7.297833584797347,Mechanical Failure
2026-05-01,Plant B,M-04,6.592933536314105,Mechanical Failure
2026-05-01,Plant B,M-04,5.823362133754408,Mechanical Failure
2026-05-01,Plant B,M-05,2.5020459337152956,Maintenance
2026-05-01,Plant B,M-05,2.839822216487769,Material Shortage
2026-05-01,Plant B,M-05,1.6615856796803194,Maintenance
2026-05-01,Plant C,M-01,2.491471042369335,Electrical Failure
2026-05-01,Plant C,M-01,2.9891683664214184,Material Shortage
2026-05-01,Plant C,M-01,0.8715765015012529,Electrical Failure
2026-05-01,Plant C,M-02,1.7952775513279102,Changeover
2026-05-01,Plant C,M-02,1.3212397986581221,Mechanical Failure
2026-05-01,Plant C,M-02,0.36048020091807326,Changeover
2026-05-01,Plant C,M-03,3.0757834148318857,Material Shortage
2026-05-01,Plant C,M-03,0.938897855922969,Electrical Failure
2026-05-01,Plant C,M-03,3.274829077352965,Changeover
2026-05-01,Plant C,M-04,0.30694100140667196,Material Shortage
2026-05-01,Plant C,M-04,0.2670937618123217,Operator Issue
2026-05-01,Plant C,M-04,1.3912809761701999,Changeover
2026-05-01,Plant C,M-05,2.2023307694024576,Material Shortage
2026-05-01,Plant C,M-05,1.2516246681776166,Maintenance
2026-05-01,Plant C,M-05,2.6158061540044226,Changeover
2026-05-02,Plant A,M-01,2.9585722763083653,Material Shortage
2026-05-02,Plant A,M-01,3.0019714884584947,Material Shortage
2026-05-02,Plant A,M-01,1.6572870637880144,Electrical Failure
2026-05-02,Plant A,M-02,0.7087040241534384,Electrical Failure
2026-05-02,Plant A,M-02,2.8301382797865884,Changeover
2026-05-02,Plant A,M-02,0.6327924089768184,Changeover
2026-05-02,Plant A,M-03,1.2087643031220348,Maintenance
2026-05-02,Plant A,M-03,3.447371859935258,Maintenance
2026-05-02,Plant A,M-03,1.99293203902182,Material Shortage
2026-05-02,Plant A,M-04,0.7057413756530819,Maintenance
2026-05-02,Plant A,M-04,0.40752906023400676,Operator Issue
2026-05-02,Plant A,M-04,2.0501432438935323,Material Shortage
2026-05-02,Plant A,M-05,2.637956157097423,Electrical Failure
2026-05-02,Plant A,M-05,0.43701260727917823,Material Shortage
2026-05-02,Plant A,M-05,2.3436594876403634,Mechanical Failure
2026-05-02,Plant B,M-01,0.8171333731163961,Operator Issue
2026-05-02,Plant B,M-01,3.215812488816186,Mechanical Failure
2026-05-02,Plant B,M-01,2.76709964532299,Electrical Failure
2026-05-02,Plant B,M-02,1.542971426452743,Changeover
2026-05-02,Plant B,M-02,2.281355111399673,Electrical Failure
2026-05-02,Plant B,M-02,1.2324253656532533,Mechanical Failure
2026-05-02,Plant B,M-03,1.9479605230459234,Maintenance
2026-05-02,Plant B,M-03,0.45135363836260384,Maintenance
2026-05-02,Plant B,M-03,0.4323578837950549,Operator Issue
2026-05-02,Plant B,M-04,5.111590936200049,Maintenance
2026-05-02,Plant B,M-04,4.359840761242035,Electrical Failure
2026-05-02,Plant B,M-04,5.833464124149742,Mechanical Failure
2026-05-02,Plant B,M-05,1.4615219003017657,Material Shortage
2026-05-02,Plant B,M-05,0.9998419058104504,Operator Issue
2026-05-02,Plant B,M-05,3.427892580908809,Changeover
2026-05-02,Plant C,M-01,1.6145481104194621,Material Shortage
2026-05-02,Plant C,M-01,1.3495924298814737,Material Shortage
2026-05-02,Plant C,M-01,1.2269770739501291,Material Shortage
2026-05-02,Plant C,M-02,0.2738001263353702,Electrical Failure
2026-05-02,Plant C,M-02,0.8989954876740283,Mechanical Failure
2026-05-02,Plant C,M-02,2.5368591493542643,Electrical Failure
2026-05-02,Plant C,M-03,2.4532280432075853,Electrical Failure
2026-05-02,Plant C,M-03,2.7880258088996697,Material Shortage
2026-05-02,Plant C,M-03,2.9479375724590366,Changeover
2026-05-02,Plant C,M-04,2.0222657626361222,Mechanical Failure
2026-05-02,Plant C,M-04,1.58964285345314,Material Shortage
2026-05-02,Plant C,M-04,0.3843734423048306,Mechanical Failure
2026-05-02,Plant C,M-05,3.458079059076203,Material Shortage
2026-05-02,Plant C,M-05,0.24220335103189283,Operator Issue
2026-05-02,Plant C,M-05,2.375798471958598,Maintenance
2026-05-03,Plant A,M-01,3.2302798763001412,Electrical Failure
2026-05-03,Plant A,M-01,0.24622145518963487,Mechanical Failure
2026-05-03,Plant A,M-01,0.2818014957217319,Electrical Failure
2026-05-03,Plant A,M-02,3.1226874693323126,Electrical Failure
2026-05-03,Plant A,M-02,2.3833772489594596,Maintenance
2026-05-03,Plant A,M-02,0.5914403054535062,Operator Issue
2026-05-03,Plant A,M-03,1.113768663575147,Mechanical Failure
2026-05-03,Plant A,M-03,1.3772591551236344,Mechanical Failure
2026-05-03,Plant A,M-03,0.8512431083052139,Electrical Failure
2026-05-03,Plant A,M-04,2.707800419754058,Mechanical Failure
2026-05-03,Plant A,M-04,1.2706986984128759,Material Shortage
2026-05-03,Plant A,M-04,0.9682084129055641,Electrical Failure
2026-05-03,Plant A,M-05,2.9921697682573893,Operator Issue
2026-05-03,Plant A,M-05,1.5862164762609303,Mechanical Failure
2026-05-03,Plant A,M-05,1.7089742532727725,Material Shortage
2026-05-03,Plant B,M-01,1.0555900979915944,Maintenance
2026-05-03,Plant B,M-01,0.39213879763516185,Mechanical Failure
2026-05-03,Plant B,M-01,2.76517260490667,Changeover
2026-05-03,Plant B,M-02,0.3206898031786014,Operator Issue
2026-05-03,Plant B,M-02,3.354317641892261,Maintenance
2026-05-03,Plant B,M-02,1.0658785799294292,Material Shortage
2026-05-03,Plant B,M-03,1.018024836147406,Mechanical Failure
2026-05-03,Plant B,M-03,1.9848018686666205,Changeover
2026-05-03,Plant B,M-03,1.8087308942943026,Operator Issue
2026-05-03,Plant B,M-04,5.378800615364822,Maintenance
2026-05-03,Plant B,M-04,6.80355294491297,Electrical Failure
2026-05-03,Plant B,M-04,6.7749836083821435,Mechanical Failure
2026-05-03,Plant B,M-05,1.2819748332223109,Changeover
2026-05-03,Plant B,M-05,1.7280635797863069,Operator Issue
2026-05-03,Plant B,M-05,0.42867786246080963,Material Shortage
2026-05-03,Plant C,M-01,3.1553542076654537,Changeover
2026-05-03,Plant C,M-01,1.8760384124860114,Mechanical Failure
2026-05-03,Plant C,M-01,3.086440382863979,Electrical Failure
2026-05-03,Plant C,M-02,2.8174986902540833,Electrical Failure
2026-05-03,Plant C,M-02,0.22538041872512932,Operator Issue
2026-05-03,Plant C,M-02,1.7590326183540048,Electrical Failure
2026-05-03,Plant C,M-03,2.9667331785404496,Changeover
2026-05-03,Plant C,M-03,1.1760692347649169,Operator Issue
2026-05-03,Plant C,M-03,2.2690963542654603,Operator Issue
2026-05-03,Plant C,M-04,2.3350426416563708,Material Shortage
2026-05-03,Plant C,M-04,1.2613086968865859,Maintenance
2026-05-03,Plant C,M-04,1.4845255331997602,Electrical Failure
2026-05-03,Plant C,M-05,2.0257517278236636,Maintenance
2026-05-03,Plant C,M-05,2.1564083925937547,Maintenance
2026-05-03,Plant C,M-05,2.8979307777851635,Electrical Failure
2026-05-04,Plant A,M-01,2.0972761853059945,Operator Issue
2026-05-04,Plant A,M-01,1.455033264437245,Maintenance
2026-05-04,Plant A,M-01,2.9445715677870776,Material Shortage
2026-05-04,Plant A,M-02,1.5615671085166831,Changeover
2026-05-04,Plant A,M-02,3.4279767209876364,Maintenance
2026-05-04,Plant A,M-02,0.5496098786834198,Electrical Failure
2026-05-04,Plant A,M-03,1.402642104283993,Operator Issue
2026-05-04,Plant A,M-03,0.23695513375705335,Maintenance
2026-05-04,Plant A,M-03,0.5949740443318756,Maintenance
2026-05-04,Plant A,M-04,1.442249811432418,Mechanical Failure
2026-05-04,Plant A,M-04,0.5777207585515148,Material Shortage
2026-05-04,Plant A,M-04,2.0763273221706693,Maintenance
2026-05-04,Plant A,M-05,2.9513543649431315,Electrical Failure
2026-05-04,Plant A,M-05,2.930305666642388,Changeover
2026-05-04,Plant A,M-05,3.2767735181117112,Maintenance
2026-05-04,Plant B,M-01,3.451327391495974,Material Shortage
2026-05-04,Plant B,M-01,3.0066255078909596,Changeover
2026-05-04,Plant B,M-01,2.4525877943370715,Operator Issue
2026-05-04,Plant B,M-02,1.7355672037338117,Mechanical Failure
2026-05-04,Plant B,M-02,2.749539786083394,Maintenance
2026-05-04,Plant B,M-02,2.4453085462148194,Mechanical Failure
2026-05-04,Plant B,M-03,3.3351511199886605,Material Shortage
2026-05-04,Plant B,M-03,2.688311900109729,Operator Issue
2026-05-04,Plant B,M-03,0.5128986580347914,Electrical Failure
2026-05-04,Plant B,M-04,7.68952680554626,Mechanical Failure
2026-05-04,Plant B,M-04,5.741537047263219,Maintenance
2026-05-04,Plant B,M-04,4.493984416585951,Operator Issue
2026-05-04,Plant B,M-05,2.9938870346679063,Mechanical Failure
2026-05-04,Plant B,M-05,1.7052852682947188,Operator Issue
2026-05-04,Plant B,M-05,3.332538628395405,Mechanical Failure
2026-05-04,Plant C,M-01,2.773536541997807,Maintenance
2026-05-04,Plant C,M-01,3.2341393987062226,Mechanical Failure
2026-05-04,Plant C,M-01,2.015641473307271,Maintenance
2026-05-04,Plant C,M-02,2.9157510888413145,Mechanical Failure
2026-05-04,Plant C,M-02,1.6516683816250728,Maintenance
2026-05-04,Plant C,M-02,0.3045732034863549,Maintenance
2026-05-04,Plant C,M-03,1.1271066272837225,Electrical Failure
2026-05-04,Plant C,M-03,2.6157012820307077,Operator Issue
2026-05-04,Plant C,M-03,0.29036529958808394,Mechanical Failure
2026-05-04,Plant C,M-04,0.7706801208624914,Material Shortage
2026-05-04,Plant C,M-04,3.2402069532984483,Electrical Failure
2026-05-04,Plant C,M-04,2.3252291127779006,Mechanical Failure
2026-05-04,Plant C,M-05,1.673804249503741,Mechanical Failure
2026-05-04,Plant C,M-05,2.5396454579209458,Operator Issue
2026-05-04,Plant C,M-05,3.0898242899546746,Material Shortage
2026-05-05,Plant A,M-01,1.7452479264468173,Mechanical Failure
2026-05-05,Plant A,M-01,0.5184074532635168,Electrical Failure
2026-05-05,Plant A,M-01,2.440853199585413,Operator Issue
2026-05-05,Plant A,M-02,3.3914910780916947,Electrical Failure
2026-05-05,Plant A,M-02,2.0830999000846777,Maintenance
2026-05-05,Plant A,M-02,1.6906988270607817,Mechanical Failure
2026-05-05,Plant A,M-03,1.9255669763362377,Material Shortage
2026-05-05,Plant A,M-03,3.364895603116655,Changeover
2026-05-05,Plant A,M-03,1.842562336961955,Electrical Failure
2026-05-05,Plant A,M-04,2.3365744846219987,Changeover
2026-05-05,Plant A,M-04,1.6874836708095649,Changeover
2026-05-05,Plant A,M-04,3.090228596608857,Material Shortage
2026-05-05,Plant A,M-05,1.962223354216588,Operator Issue
2026-05-05,Plant A,M-05,2.4455518651853256,Changeover
2026-05-05,Plant A,M-05,1.9698273168825922,Operator Issue
2026-05-05,Plant B,M-01,0.5017127313196034,Mechanical Failure
2026-05-05,Plant B,M-01,1.5971509845692937,Maintenance
2026-05-05,Plant B,M-01,1.9598391525068117,Maintenance
2026-05-05,Plant B,M-02,1.6814087870579117,Operator Issue
2026-05-05,Plant B,M-02,1.1220836674529273,Maintenance
2026-05-05,Plant B,M-02,2.996037360516302,Changeover
2026-05-05,Plant B,M-03,1.6507363307351712,Electrical Failure
2026-05-05,Plant B,M-03,1.4570295551436678,Mechanical Failure
2026-05-05,Plant B,M-03,0.5254724782768115,Mechanical Failure
2026-05-05,Plant B,M-04,5.741467731951428,Operator Issue
2026-05-05,Plant B,M-04,6.204680479230064,Electrical Failure
2026-05-05,Plant B,M-04,5.263840535372986,Electrical Failure
2026-05-05,Plant B,M-05,0.5449164411893033,Maintenance
2026-05-05,Plant B,M-05,0.22994909567068011,Maintenance
2026-05-05,Plant B,M-05,1.1035700128586492,Electrical Failure
2026-05-05,Plant C,M-01,3.3014794995636394,Material Shortage
2026-05-05,Plant C,M-01,3.1216427508113354,Maintenance
2026-05-05,Plant C,M-01,3.043678791740341,Electrical Failure
2026-05-05,Plant C,M-02,2.9293899956128686,Electrical Failure
2026-05-05,Plant C,M-02,1.360282589405479,Maintenance
2026-05-05,Plant C,M-02,1.0038808700666457,Material Shortage
2026-05-05,Plant C,M-03,1.5298771937387345,Mechanical Failure
2026-05-05,Plant C,M-03,0.9864532022581274,Maintenance
2026-05-05,Plant C,M-03,2.6206981605918966,Material Shortage
2026-05-05,Plant C,M-04,1.489866739789097,Material Shortage
2026-05-05,Plant C,M-04,0.5903459408852454,Material Shortage
2026-05-05,Plant C,M-04,2.640701558723771,Operator Issue
2026-05-05,Plant C,M-05,3.056009678665204,Changeover
2026-05-05,Plant C,M-05,1.6426942070365727,Mechanical Failure
2026-05-05,Plant C,M-05,0.7576393927002258,Mechanical Failure
2026-05-06,Plant A,M-01,1.5266951795349997,Material Shortage
2026-05-06,Plant A,M-01,0.3695325643175258,Maintenance
2026-05-06,Plant A,M-01,3.2283887145013312,Changeover
2026-05-06,Plant A,M-02,1.698918602173319,Mechanical Failure
2026-05-06,Plant A,M-02,2.6966723517732096,Changeover
2026-05-06,Plant A,M-02,3.4757059802966075,Material Shortage
2026-05-06,Plant A,M-03,1.4014088386089643,Mechanical Failure
2026-05-06,Plant A,M-03,0.8274365587037955,Changeover
2026-05-06,Plant A,M-03,2.2696245008112457,Changeover
2026-05-06,Plant A,M-04,1.5534543679877564,Electrical Failure
2026-05-06,Plant A,M-04,1.6450590683552704,Material Shortage
2026-05-06,Plant A,M-04,2.1631854667706136,Operator Issue
2026-05-06,Plant A,M-05,2.334050923581958,Mechanical Failure
2026-05-06,Plant A,M-05,2.247246364399832,Electrical Failure
2026-05-06,Plant A,M-05,2.753413915428736,Electrical Failure
2026-05-06,Plant B,M-01,1.5980669317946445,Maintenance
2026-05-06,Plant B,M-01,0.3413541849451795,Operator Issue
2026-05-06,Plant B,M-01,1.9183137065824902,Maintenance
2026-05-06,Plant B,M-02,1.2815215559716335,Changeover
2026-05-06,Plant B,M-02,3.346057381854006,Material Shortage
2026-05-06,Plant B,M-02,1.0314750739830565,Mechanical Failure
2026-05-06,Plant B,M-03,2.4970052800781493,Electrical Failure
2026-05-06,Plant B,M-03,1.8748663538217232,Maintenance
2026-05-06,Plant B,M-03,2.953740456716128,Material Shortage
2026-05-06,Plant B,M-04,4.407943170296223,Changeover
2026-05-06,Plant B,M-04,6.163134603118493,Material Shortage
2026-05-06,Plant B,M-04,5.119675189082282,Mechanical Failure
2026-05-06,Plant B,M-05,2.183637420212475,Material Shortage
2026-05-06,Plant B,M-05,1.4099122821702763,Electrical Failure
2026-05-06,Plant B,M-05,3.2572863683352287,Mechanical Failure
2026-05-06,Plant C,M-01,0.8214882033544737,Mechanical Failure
2026-05-06,Plant C,M-01,2.679309920434709,Material Shortage
2026-05-06,Plant C,M-01,3.4159828324308434,Changeover
2026-05-06,Plant C,M-02,2.9509158788141017,Material Shortage
2026-05-06,Plant C,M-02,2.1117082774950324,Material Shortage
2026-05-06,Plant C,M-02,1.078576844829808,Maintenance
2026-05-06,Plant C,M-03,2.7262415995542373,Changeover
2026-05-06,Plant C,M-03,3.131315740574362,Material Shortage
2026-05-06,Plant C,M-03,0.357193069381101,Electrical Failure
2026-05-06,Plant C,M-04,2.7517330337322052,Material Shortage
2026-05-06,Plant C,M-04,1.5600742949113813,Mechanical Failure
2026-05-06,Plant C,M-04,1.5595379802901483,Mechanical Failure
2026-05-06,Plant C,M-05,3.109159226999765,Mechanical Failure
2026-05-06,Plant C,M-05,1.4760709552057139,Material Shortage
2026-05-06,Plant C,M-05,1.7722922659972304,Operator Issue
2026-05-07,Plant A,M-01,1.2654827155842527,Changeover
2026-05-07,Plant A,M-01,0.20611805638901926,Changeover
2026-05-07,Plant A,M-01,2.0999220599273962,Electrical Failure
2026-05-07,Plant A,M-02,2.3714880555113043,Mechanical Failure
2026-05-07,Plant A,M-02,1.3835153401060403,Electrical Failure
2026-05-07,Plant A,M-02,1.7032937842884917,Material Shortage
2026-05-07,Plant A,M-03,1.1085735028064703,Electrical Failure
2026-05-07,Plant A,M-03,0.9190984516294596,Mechanical Failure
2026-05-07,Plant A,M-03,0.7755325388316294,Electrical Failure
2026-05-07,Plant A,M-04,2.9060428973672003,Material Shortage
2026-05-07,Plant A,M-04,1.2606265724708863,Maintenance
2026-05-07,Plant A,M-04,0.5925149511141634,Electrical Failure
2026-05-07,Plant A,M-05,3.1261846598066696,Changeover
2026-05-07,Plant A,M-05,0.8476211686847985,Electrical Failure
2026-05-07,Plant A,M-05,2.942144450981746,Operator Issue
2026-05-07,Plant B,M-01,1.7144122355158617,Electrical Failure
2026-05-07,Plant B,M-01,2.468074976038207,Mechanical Failure
2026-05-07,Plant B,M-01,1.3703098427248679,Changeover
2026-05-07,Plant B,M-02,0.7695803915486077,Material Shortage
2026-05-07,Plant B,M-02,2.0379851350297042,Maintenance
2026-05-07,Plant B,M-02,0.20606091285410094,Material Shortage
2026-05-07,Plant B,M-03,1.9824787061975437,Changeover
2026-05-07,Plant B,M-03,2.4724553827280027,Operator Issue
2026-05-07,Plant B,M-03,1.1256766465941679,Changeover
2026-05-07,Plant B,M-04,5.51751995849983,Electrical Failure
2026-05-07,Plant B,M-04,7.6247308620020675,Mechanical Failure
2026-05-07,Plant B,M-04,6.42406720454799,Maintenance
2026-05-07,Plant B,M-05,2.3628906286820057,Material Shortage
2026-05-07,Plant B,M-05,1.781344998845379,Operator Issue
2026-05-07,Plant B,M-05,3.160373544273054,Electrical Failure
2026-05-07,Plant C,M-01,1.213386872381009,Material Shortage
2026-05-07,Plant C,M-01,1.436854567271504,Electrical Failure
2026-05-07,Plant C,M-01,1.0702641295026019,Material Shortage
2026-05-07,Plant C,M-02,3.359163243688229,Electrical Failure
2026-05-07,Plant C,M-02,0.9355972231173186,Operator Issue
2026-05-07,Plant C,M-02,3.483475663505635,Mechanical Failure
2026-05-07,Plant C,M-03,2.4957363298539055,Electrical Failure
2026-05-07,Plant C,M-03,2.251182669375031,Operator Issue
2026-05-07,Plant C,M-03,3.2062150652325716,Material Shortage
2026-05-07,Plant C,M-04,1.9460479591021258,Maintenance
2026-05-07,Plant C,M-04,2.2237783927600163,Operator Issue
2026-05-07,Plant C,M-04,2.8338165183652517,Material Shortage
2026-05-07,Plant C,M-05,1.6767747238468893,Material Shortage
2026-05-07,Plant C,M-05,2.0356721729941216,Mechanical Failure
2026-05-07,Plant C,M-05,0.29162392938719894,Operator Issue
2026-05-08,Plant A,M-01,2.0606196827053846,Maintenance
2026-05-08,Plant A,M-01,2.8024150715925678,Mechanical Failure
2026-05-08,Plant A,M-01,0.613300336475847,Mechanical Failure
2026-05-08,Plant A,M-02,1.395728696404121,Operator Issue
2026-05-08,Plant A,M-02,0.9856601797612063,Maintenance
2026-05-08,Plant A,M-02,1.5269044752965621,Maintenance
2026-05-08,Plant A,M-03,2.7873451437170096,Maintenance
2026-05-08,Plant A,M-03,0.20450570396854306,Maintenance
2026-05-08,Plant A,M-03,2.754768079456985,Operator Issue
2026-05-08,Plant A,M-04,3.1368867585746685,Electrical Failure
2026-05-08,Plant A,M-04,2.510541928787423,Material Shortage
2026-05-08,Plant A,M-04,1.0588531833083672,Mechanical Failure
2026-05-08,Plant A,M-05,0.31934072603253516,Material Shortage
2026-05-08,Plant A,M-05,1.7155529248500594,Operator Issue
2026-05-08,Plant A,M-05,2.4067887828252843,Changeover
2026-05-08,Plant B,M-01,1.5618044686966126,Changeover
2026-05-08,Plant B,M-01,2.214918609407653,Material Shortage
2026-05-08,Plant B,M-01,1.3571201332605893,Mechanical Failure
2026-05-08,Plant B,M-02,2.189278949080858,Material Shortage
2026-05-08,Plant B,M-02,3.012228759245782,Maintenance
2026-05-08,Plant B,M-02,3.2659799076763196,Electrical Failure
2026-05-08,Plant B,M-03,2.506344346761749,Electrical Failure
2026-05-08,Plant B,M-03,0.41531455843079734,Electrical Failure
2026-05-08,Plant B,M-03,1.1701096372399058,Maintenance
2026-05-08,Plant B,M-04,6.484508436233347,Electrical Failure
2026-05-08,Plant B,M-04,6.639720216291622,Changeover
2026-05-08,Plant B,M-04,5.613708096195541,Maintenance
2026-05-08,Plant B,M-05,2.3092335919949463,Electrical Failure
2026-05-08,Plant B,M-05,1.1150165006432897,Changeover
2026-05-08,Plant B,M-05,2.446614679098631,Changeover
2026-05-08,Plant C,M-01,2.812274936065899,Material Shortage
2026-05-08,Plant C,M-01,0.45174721906407433,Maintenance
2026-05-08,Plant C,M-01,0.8526361638285296,Material Shortage
2026-05-08,Plant C,M-02,1.648014541521255,Mechanical Failure
2026-05-08,Plant C,M-02,3.433313231848589,Mechanical Failure
2026-05-08,Plant C,M-02,1.404298261711097,Maintenance
2026-05-08,Plant C,M-03,0.9019496944079068,Maintenance
2026-05-08,Plant C,M-03,1.6732608637102895,Changeover
2026-05-08,Plant C,M-03,2.0455719529021232,Maintenance
2026-05-08,Plant C,M-04,0.6003516013680124,Mechanical Failure
2026-05-08,Plant C,M-04,0.37766553849093487,Mechanical Failure
2026-05-08,Plant C,M-04,3.0189445996719826,Mechanical Failure
2026-05-08,Plant C,M-05,3.4882772282031334,Material Shortage
2026-05-08,Plant C,M-05,2.6061452747468383,Changeover
2026-05-08,Plant C,M-05,2.357955179163626,Electrical Failure
2026-05-09,Plant A,M-01,3.315089144006176,Electrical Failure
2026-05-09,Plant A,M-01,0.2406846622775134,Maintenance
2026-05-09,Plant A,M-01,1.6323607840033012,Mechanical Failure
2026-05-09,Plant A,M-02,1.3007864827574434,Maintenance
2026-05-09,Plant A,M-02,3.0199806273442484,Electrical Failure
2026-05-09,Plant A,M-02,2.412081724441956,Material Shortage
2026-05-09,Plant A,M-03,1.0806841414114534,Changeover
2026-05-09,Plant A,M-03,2.9920233699889716,Operator Issue
2026-05-09,Plant A,M-03,2.405099136539603,Operator Issue
2026-05-09,Plant A,M-04,3.117115185749103,Changeover
2026-05-09,Plant A,M-04,3.075016949225305,Operator Issue
2026-05-09,Plant A,M-04,0.21109893078223213,Changeover
2026-05-09,Plant A,M-05,3.1519255706803344,Electrical Failure
2026-05-09,Plant A,M-05,2.8799074944844234,Mechanical Failure
2026-05-09,Plant A,M-05,1.5379724020175862,Maintenance
2026-05-09,Plant B,M-01,2.0809285840437854,Operator Issue
2026-05-09,Plant B,M-01,0.9021105562531284,Mechanical Failure
2026-05-09,Plant B,M-01,3.478064317718805,Material Shortage
2026-05-09,Plant B,M-02,1.5118185509519648,Material Shortage
2026-05-09,Plant B,M-02,0.9267128308360264,Mechanical Failure
2026-05-09,Plant B,M-02,2.532823157333168,Operator Issue
2026-05-09,Plant B,M-03,2.3013053384495223,Electrical Failure
2026-05-09,Plant B,M-03,2.309624336550198,Changeover
2026-05-09,Plant B,M-03,2.5198775079362314,Operator Issue
2026-05-09,Plant B,M-04,5.072174408338526,Operator Issue
2026-05-09,Plant B,M-04,6.536469956995811,Electrical Failure
2026-05-09,Plant B,M-04,7.16707525787862,Maintenance
2026-05-09,Plant B,M-05,2.804190561277996,Mechanical Failure
2026-05-09,Plant B,M-05,1.8828954467188599,Mechanical Failure
2026-05-09,Plant B,M-05,2.132882591447522,Material Shortage
2026-05-09,Plant C,M-01,1.658981507749972,Material Shortage
2026-05-09,Plant C,M-01,2.608415632142544,Electrical Failure
2026-05-09,Plant C,M-01,2.7099806707138727,Electrical Failure
2026-05-09,Plant C,M-02,0.4145078170346447,Material Shortage
2026-05-09,Plant C,M-02,0.4213886086549423,Changeover
2026-05-09,Plant C,M-02,2.4947530514758927,Material Shortage
2026-05-09,Plant C,M-03,3.310684853994671,Changeover
2026-05-09,Plant C,M-03,1.2732645693380065,Operator Issue
2026-05-09,Plant C,M-03,0.3280812664684574,Material Shortage
2026-05-09,Plant C,M-04,0.7389985320999743,Mechanical Failure
2026-05-09,Plant C,M-04,1.5995706821924605,Material Shortage
2026-05-09,Plant C,M-04,2.642657291033564,Changeover
2026-05-09,Plant C,M-05,2.005757526335052,Electrical Failure
2026-05-09,Plant C,M-05,3.435838232321238,Changeover
2026-05-09,Plant C,M-05,1.889001213001478,Material Shortage
2026-05-10,Plant A,M-01,0.45435704618452993,Mechanical Failure
2026-05-10,Plant A,M-01,2.8159730690532894,Mechanical Failure
2026-05-10,Plant A,M-01,0.93041278665786,Mechanical Failure
2026-05-10,Plant A,M-02,2.829223361748657,Material Shortage
2026-05-10,Plant A,M-02,3.1676316140053875,Maintenance
2026-05-10,Plant A,M-02,2.848024352637733,Maintenance
2026-05-10,Plant A,M-03,1.9315647719696962,Material Shortage
2026-05-10,Plant A,M-03,3.1443964869200816,Changeover
2026-05-10,Plant A,M-03,2.7114101035872276,Maintenance
2026-05-10,Plant A,M-04,1.3923243714109501,Maintenance
2026-05-10,Plant A,M-04,0.4805712017875884,Electrical Failure
2026-05-10,Plant A,M-04,0.4385271969288199,Material Shortage
2026-05-10,Plant A,M-05,0.47835817700891897,Operator Issue
2026-05-10,Plant A,M-05,2.910622601973219,Electrical Failure
2026-05-10,Plant A,M-05,0.44088547744952733,Changeover
2026-05-10,Plant B,M-01,1.8447210274642847,Material Shortage
2026-05-10,Plant B,M-01,2.586491561604403,Operator Issue
2026-05-10,Plant B,M-01,1.0817117840867323,Changeover
2026-05-10,Plant B,M-02,1.7397586964343854,Operator Issue
2026-05-10,Plant B,M-02,1.4398667500469997,Maintenance
2026-05-10,Plant B,M-02,2.506959477231197,Changeover
2026-05-10,Plant B,M-03,1.1951932357130752,Mechanical Failure
2026-05-10,Plant B,M-03,3.3675940555367063,Material Shortage
2026-05-10,Plant B,M-03,2.063605701674358,Material Shortage
2026-05-10,Plant B,M-04,7.145848981253428,Electrical Failure
2026-05-10,Plant B,M-04,4.215334797396039,Mechanical Failure
2026-05-10,Plant B,M-04,4.222980458032028,Mechanical Failure
2026-05-10,Plant B,M-05,2.2339127807593413,Electrical Failure
2026-05-10,Plant B,M-05,0.9072401604104807,Operator Issue
2026-05-10,Plant B,M-05,1.7713084373125423,Changeover
2026-05-10,Plant C,M-01,0.7523913904220214,Operator Issue
2026-05-10,Plant C,M-01,2.8525531029821116,Changeover
2026-05-10,Plant C,M-01,0.8685819179415037,Mechanical Failure
2026-05-10,Plant C,M-02,0.2545147182798741,Electrical Failure
2026-05-10,Plant C,M-02,1.2488288067861224,Operator Issue
2026-05-10,Plant C,M-02,0.8287309457875802,Changeover
2026-05-10,Plant C,M-03,3.34794417529396,Maintenance
2026-05-10,Plant C,M-03,1.5162245572492397,Operator Issue
2026-05-10,Plant C,M-03,1.4048231339812354,Material Shortage
2026-05-10,Plant C,M-04,2.8509416418398383,Maintenance
2026-05-10,Plant C,M-04,1.5198575187874988,Material Shortage
2026-05-10,Plant C,M-04,3.3146847824330012,Changeover
2026-05-10,Plant C,M-05,1.5640069746036986,Material Shortage
2026-05-10,Plant C,M-05,2.272586419458939,Operator Issue
2026-05-10,Plant C,M-05,2.831591415458153,Maintenance
2026-05-11,Plant A,M-01,0.20103769144769382,Maintenance
2026-05-11,Plant A,M-01,0.4557237179251379,Mechanical Failure
2026-05-11,Plant A,M-01,1.7695814933566785,Operator Issue
2026-05-11,Plant A,M-02,1.2872373176868106,Material Shortage
2026-05-11,Plant A,M-02,2.3349093167292385,Maintenance
2026-05-11,Plant A,M-02,1.420205261535415,Material Shortage
2026-05-11,Plant A,M-03,0.597136684786016,Operator Issue
2026-05-11,Plant A,M-03,1.77132100772652,Changeover
2026-05-11,Plant A,M-03,2.9569790240673752,Operator Issue
2026-05-11,Plant A,M-04,2.321576956909032,Electrical Failure
2026-05-11,Plant A,M-04,2.5102055020779717,Mechanical Failure
2026-05-11,Plant A,M-04,2.519929416351402,Material Shortage
2026-05-11,Plant A,M-05,2.4563587088498755,Mechanical Failure
2026-05-11,Plant A,M-05,3.1887415556227814,Maintenance
2026-05-11,Plant A,M-05,1.1608132928757375,Changeover
2026-05-11,Plant B,M-01,1.4021647794707268,Operator Issue
2026-05-11,Plant B,M-01,1.764282873088991,Mechanical Failure
2026-05-11,Plant B,M-01,2.912306863583543,Material Shortage
2026-05-11,Plant B,M-02,2.1861686584294757,Material Shortage
2026-05-11,Plant B,M-02,2.7033993092174096,Material Shortage
2026-05-11,Plant B,M-02,1.5806237661227596,Mechanical Failure
2026-05-11,Plant B,M-03,2.1681221026374415,Mechanical Failure
2026-05-11,Plant B,M-03,2.3008347431969574,Changeover
2026-05-11,Plant B,M-03,2.805280324760253,Changeover
2026-05-11,Plant B,M-04,4.354392811677704,Electrical Failure
2026-05-11,Plant B,M-04,5.9138799070482015,Electrical Failure
2026-05-11,Plant B,M-04,6.928802632166627,Electrical Failure
2026-05-11,Plant B,M-05,1.0269693750942896,Material Shortage
2026-05-11,Plant B,M-05,1.4778763460038675,Operator Issue
2026-05-11,Plant B,M-05,0.8623537312521796,Changeover
2026-05-11,Plant C,M-01,1.0930073778797114,Electrical Failure
2026-05-11,Plant C,M-01,2.9621237229026596,Maintenance
2026-05-11,Plant C,M-01,2.892426486388764,Operator Issue
2026-05-11,Plant C,M-02,1.2987741886089947,Operator Issue
2026-05-11,Plant C,M-02,2.2013490467148427,Electrical Failure
2026-05-11,Plant C,M-02,2.1121388553076406,Electrical Failure
2026-05-11,Plant C,M-03,1.7965503249240478,Electrical Failure
2026-05-11,Plant C,M-03,2.791264299279619,Operator Issue
2026-05-11,Plant C,M-03,2.701530795901839,Operator Issue
2026-05-11,Plant C,M-04,2.2549720157737005,Mechanical Failure
2026-05-11,Plant C,M-04,2.624279564314271,Changeover
2026-05-11,Plant C,M-04,2.6256511612096407,Changeover
2026-05-11,Plant C,M-05,1.4865639870476435,Material Shortage
2026-05-11,Plant C,M-05,1.7718653377662639,Electrical Failure
2026-05-11,Plant C,M-05,0.8081581770110349,Electrical Failure
2026-05-12,Plant A,M-01,0.5420552484806638,Material Shortage
2026-05-12,Plant A,M-01,1.5181381077878928,Maintenance
2026-05-12,Plant A,M-01,2.7456172603269815,Maintenance
2026-05-12,Plant A,M-02,2.480033281132705,Material Shortage
2026-05-12,Plant A,M-02,1.587169436581351,Maintenance
2026-05-12,Plant A,M-02,1.249897043461034,Mechanical Failure
2026-05-12,Plant A,M-03,3.2670839763841077,Electrical Failure
2026-05-12,Plant A,M-03,1.1548306006399802,Electrical Failure
2026-05-12,Plant A,M-03,2.5979069508902297,Maintenance
2026-05-12,Plant A,M-04,0.6399804838439378,Maintenance
2026-05-12,Plant A,M-04,1.8135947045594671,Operator Issue
2026-05-12,Plant A,M-04,3.0525524214444686,Electrical Failure
2026-05-12,Plant A,M-05,2.1097715112408664,Changeover
2026-05-12,Plant A,M-05,3.4632735838329816,Changeover
2026-05-12,Plant A,M-05,1.111690394618288,Material Shortage
2026-05-12,Plant B,M-01,1.3642407212201055,Operator Issue
2026-05-12,Plant B,M-01,0.46334320764412756,Mechanical Failure
2026-05-12,Plant B,M-01,1.3585199543015427,Electrical Failure
2026-05-12,Plant B,M-02,3.4056021135029275,Electrical Failure
2026-05-12,Plant B,M-02,2.5190929902324366,Operator Issue
2026-05-12,Plant B,M-02,3.321752591654131,Mechanical Failure
2026-05-12,Plant B,M-03,0.36008927625079246,Maintenance
2026-05-12,Plant B,M-03,2.3373100289096382,Mechanical Failure
2026-05-12,Plant B,M-03,1.5886890058174221,Maintenance
2026-05-12,Plant B,M-04,7.355225105258673,Maintenance
2026-05-12,Plant B,M-04,5.16371853124863,Changeover
2026-05-12,Plant B,M-04,7.95004616252459,Electrical Failure
2026-05-12,Plant B,M-05,0.20005522965118466,Mechanical Failure
2026-05-12,Plant B,M-05,1.3398720228346936,Material Shortage
2026-05-12,Plant B,M-05,0.653398553587348,Material Shortage
2026-05-12,Plant C,M-01,0.3308043019060422,Electrical Failure
2026-05-12,Plant C,M-01,1.0965177813390312,Mechanical Failure
2026-05-12,Plant C,M-01,0.34870602992396993,Operator Issue
2026-05-12,Plant C,M-02,0.825940719084832,Electrical Failure
2026-05-12,Plant C,M-02,0.7562229223543113,Changeover
2026-05-12,Plant C,M-02,0.2884407897408434,Mechanical Failure
2026-05-12,Plant C,M-03,0.4233956852087205,Mechanical Failure
2026-05-12,Plant C,M-03,2.252045166158106,Maintenance
2026-05-12,Plant C,M-03,2.8554598282950723,Material Shortage
2026-05-12,Plant C,M-04,0.54086200849494,Maintenance
2026-05-12,Plant C,M-04,0.26822072313237594,Material Shortage
2026-05-12,Plant C,M-04,3.1471181592444144,Electrical Failure
2026-05-12,Plant C,M-05,0.2322662778619018,Operator Issue
2026-05-12,Plant C,M-05,1.9730510144794526,Operator Issue
2026-05-12,Plant C,M-05,3.2457670571029595,Material Shortage
2026-05-13,Plant A,M-01,2.305599258664711,Operator Issue
2026-05-13,Plant A,M-01,2.7097699712210774,Electrical Failure
2026-05-13,Plant A,M-01,2.555498175777342,Changeover
2026-05-13,Plant A,M-02,2.365714345154568,Maintenance
2026-05-13,Plant A,M-02,0.9470157346207302,Electrical Failure
2026-05-13,Plant A,M-02,1.8700008005002624,Operator Issue
2026-05-13,Plant A,M-03,1.580450361945364,Mechanical Failure
2026-05-13,Plant A,M-03,1.498543682421324,Material Shortage
2026-05-13,Plant A,M-03,0.3125883930069676,Electrical Failure
2026-05-13,Plant A,M-04,2.3441707059446246,Operator Issue
2026-05-13,Plant A,M-04,2.943627574845732,Electrical Failure
2026-05-13,Plant A,M-04,1.6415242070335738,Maintenance
2026-05-13,Plant A,M-05,0.3823610130389227,Material Shortage
2026-05-13,Plant A,M-05,1.4690912444434459,Operator Issue
2026-05-13,Plant A,M-05,0.6568085146382081,Changeover
2026-05-13,Plant B,M-01,2.4365755379043614,Material Shortage
2026-05-13,Plant B,M-01,1.7028428375725224,Operator Issue
2026-05-13,Plant B,M-01,3.1978597472694257,Material Shortage
2026-05-13,Plant B,M-02,0.8092931728699753,Operator Issue
2026-05-13,Plant B,M-02,0.4237477540716412,Changeover
2026-05-13,Plant B,M-02,0.8836234473860933,Mechanical Failure
2026-05-13,Plant B,M-03,1.9595198401256133,Electrical Failure
2026-05-13,Plant B,M-03,2.1300112966017055,Maintenance
2026-05-13,Plant B,M-03,2.285812512560259,Mechanical Failure
2026-05-13,Plant B,M-04,4.825599198398598,Mechanical Failure
2026-05-13,Plant B,M-04,7.912164329864309,Electrical Failure
2026-05-13,Plant B,M-04,4.863008419324714,Mechanical Failure
2026-05-13,Plant B,M-05,1.2014762179666119,Electrical Failure
2026-05-13,Plant B,M-05,3.386675876402014,Mechanical Failure
2026-05-13,Plant B,M-05,2.3594057064027414,Mechanical Failure
2026-05-13,Plant C,M-01,2.7182586188904008,Material Shortage
2026-05-13,Plant C,M-01,0.9571379773101059,Operator Issue
2026-05-13,Plant C,M-01,3.0930146275682406,Material Shortage
2026-05-13,Plant C,M-02,2.9252913947360413,Mechanical Failure
2026-05-13,Plant C,M-02,3.138557139945952,Mechanical Failure
2026-05-13,Plant C,M-02,2.0993613371609534,Maintenance
2026-05-13,Plant C,M-03,1.1078217895171387,Operator Issue
2026-05-13,Plant C,M-03,0.5401599826913259,Operator Issue
2026-05-13,Plant C,M-03,2.8859911272030194,Changeover
2026-05-13,Plant C,M-04,0.5558610104232982,Material Shortage
2026-05-13,Plant C,M-04,1.5167022394036602,Changeover
2026-05-13,Plant C,M-04,1.5647694220440895,Material Shortage
2026-05-13,Plant C,M-05,0.5006461019383679,Operator Issue
2026-05-13,Plant C,M-05,0.2785912538019918,Changeover
2026-05-13,Plant C,M-05,3.181633989813911,Material Shortage
2026-05-14,Plant A,M-01,2.506510121392423,Operator Issue
2026-05-14,Plant A,M-01,3.290514751491902,Changeover
2026-05-14,Plant A,M-01,1.0872496790998232,Mechanical Failure
2026-05-14,Plant A,M-02,0.28252300210848846,Mechanical Failure
2026-05-14,Plant A,M-02,1.1197163615601518,Changeover
2026-05-14,Plant A,M-02,1.3670317208419538,Material Shortage
2026-05-14,Plant A,M-03,3.0085475142616773,Electrical Failure
2026-05-14,Plant A,M-03,1.2582330451574373,Electrical Failure
2026-05-14,Plant A,M-03,2.010319019641176,Mechanical Failure
2026-05-14,Plant A,M-04,3.47465794856136,Mechanical Failure
2026-05-14,Plant A,M-04,1.934616690630577,Operator Issue
2026-05-14,Plant A,M-04,2.5542161943272985,Mechanical Failure
2026-05-14,Plant A,M-05,1.4966957784539237,Changeover
2026-05-14,Plant A,M-05,1.73809573421637,Mechanical Failure
2026-05-14,Plant A,M-05,3.0837547789332174,Changeover
2026-05-14,Plant B,M-01,0.771998291194691,Mechanical Failure
2026-05-14,Plant B,M-01,1.5418404168739532,Mechanical Failure
2026-05-14,Plant B,M-01,1.120302980284776,Mechanical Failure
2026-05-14,Plant B,M-02,1.4428643613599452,Material Shortage
2026-05-14,Plant B,M-02,1.7546181341588591,Operator Issue
2026-05-14,Plant B,M-02,2.667090377975275,Maintenance
2026-05-14,Plant B,M-03,2.650524892718393,Maintenance
2026-05-14,Plant B,M-03,2.727607235066302,Mechanical Failure
2026-05-14,Plant B,M-03,0.3572289087793415,Operator Issue
2026-05-14,Plant B,M-04,5.1994537989584675,Mechanical Failure
2026-05-14,Plant B,M-04,7.739119629694523,Mechanical Failure
2026-05-14,Plant B,M-04,6.5215674456088335,Operator Issue
2026-05-14,Plant B,M-05,3.46561431926326,Electrical Failure
2026-05-14,Plant B,M-05,2.4615375955401064,Material Shortage
2026-05-14,Plant B,M-05,3.2619324445412774,Material Shortage
2026-05-14,Plant C,M-01,1.693481149433963,Electrical Failure
2026-05-14,Plant C,M-01,2.5215161310861225,Operator Issue
2026-05-14,Plant C,M-01,3.1254686000977796,Maintenance
2026-05-14,Plant C,M-02,1.86174230379311,Operator Issue
2026-05-14,Plant C,M-02,3.3716445164154303,Mechanical Failure
2026-05-14,Plant C,M-02,1.3515421429047998,Changeover
2026-05-14,Plant C,M-03,0.31500853138619545,Operator Issue
2026-05-14,Plant C,M-03,1.2257130283396436,Operator Issue
2026-05-14,Plant C,M-03,0.45084868412675255,Material Shortage
2026-05-14,Plant C,M-04,1.0853868785326481,Electrical Failure
2026-05-14,Plant C,M-04,0.9697776256730513,Changeover
2026-05-14,Plant C,M-04,0.6171967438418393,Maintenance
2026-05-14,Plant C,M-05,2.8394767404477803,Changeover
2026-05-14,Plant C,M-05,3.064499439966055,Mechanical Failure
2026-05-14,Plant C,M-05,1.7838160413475905,Changeover
2026-05-15,Plant A,M-01,2.7243370234298427,Operator Issue
2026-05-15,Plant A,M-01,2.8181806243552736,Electrical Failure
2026-05-15,Plant A,M-01,0.8607184707184565,Mechanical Failure
2026-05-15,Plant A,M-02,3.095863370020462,Mechanical Failure
2026-05-15,Plant A,M-02,3.235349077372696,Maintenance
2026-05-15,Plant A,M-02,1.1080103753180814,Maintenance
2026-05-15,Plant A,M-03,0.6489189320170163,Maintenance
2026-05-15,Plant A,M-03,1.8018017172218213,Mechanical Failure
2026-05-15,Plant A,M-03,2.593409500732195,Changeover
2026-05-15,Plant A,M-04,1.2800550916948208,Material Shortage
2026-05-15,Plant A,M-04,1.6749204250418357,Operator Issue
2026-05-15,Plant A,M-04,0.74077557039872,Changeover
2026-05-15,Plant A,M-05,0.303533512450918,Operator Issue
2026-05-15,Plant A,M-05,1.4817091265126117,Electrical Failure
2026-05-15,Plant A,M-05,1.5715223607828603,Changeover
2026-05-15,Plant B,M-01,0.8044630970993383,Changeover
2026-05-15,Plant B,M-01,3.1246269098104387,Changeover
2026-05-15,Plant B,M-01,2.328937005199532,Maintenance
2026-05-15,Plant B,M-02,2.352249249444381,Changeover
2026-05-15,Plant B,M-02,2.691171795335265,Material Shortage
2026-05-15,Plant B,M-02,0.814233219631884,Maintenance
2026-05-15,Plant B,M-03,0.689841734261711,Mechanical Failure
2026-05-15,Plant B,M-03,0.9272381021704006,Mechanical Failure
2026-05-15,Plant B,M-03,3.360556440885998,Maintenance
2026-05-15,Plant B,M-04,5.989584627742635,Mechanical Failure
2026-05-15,Plant B,M-04,7.563242204594194,Mechanical Failure
2026-05-15,Plant B,M-04,4.552557686262653,Mechanical Failure
2026-05-15,Plant B,M-05,0.8863744270030725,Maintenance
2026-05-15,Plant B,M-05,0.5505068226655933,Material Shortage
2026-05-15,Plant B,M-05,1.4244609271211346,Operator Issue
2026-05-15,Plant C,M-01,0.6703223982047357,Mechanical Failure
2026-05-15,Plant C,M-01,3.434593498806658,Electrical Failure
2026-05-15,Plant C,M-01,0.3274060488699066,Operator Issue
2026-05-15,Plant C,M-02,0.9643668286116216,Changeover
2026-05-15,Plant C,M-02,1.3692825840359935,Operator Issue
2026-05-15,Plant C,M-02,1.1575361534112745,Mechanical Failure
2026-05-15,Plant C,M-03,2.2739819154319885,Maintenance
2026-05-15,Plant C,M-03,1.1708537470698794,Material Shortage
2026-05-15,Plant C,M-03,2.5312742540274735,Electrical Failure
2026-05-15,Plant C,M-04,1.5805427162709025,Maintenance
2026-05-15,Plant C,M-04,0.5938972709424907,Electrical Failure
2026-05-15,Plant C,M-04,3.1879233160571467,Maintenance
2026-05-15,Plant C,M-05,0.7967273583045122,Mechanical Failure
2026-05-15,Plant C,M-05,0.4462099567387233,Material Shortage
2026-05-15,Plant C,M-05,2.9030590397241482,Changeover
2026-05-16,Plant A,M-01,0.7755357493991624,Maintenance
2026-05-16,Plant A,M-01,1.2789216098963332,Operator Issue
2026-05-16,Plant A,M-01,1.451264098224407,Material Shortage
2026-05-16,Plant A,M-02,0.4757581184956144,Mechanical Failure
2026-05-16,Plant A,M-02,2.4551095643717575,Electrical Failure
2026-05-16,Plant A,M-02,0.34005027307748303,Operator Issue
2026-05-16,Plant A,M-03,0.727028149401534,Material Shortage
2026-05-16,Plant A,M-03,1.7405932499521861,Material Shortage
2026-05-16,Plant A,M-03,1.1747460640786904,Electrical Failure
2026-05-16,Plant A,M-04,2.4458480043903954,Changeover
2026-05-16,Plant A,M-04,3.196135203512888,Operator Issue
2026-05-16,Plant A,M-04,2.8292718131351418,Operator Issue
2026-05-16,Plant A,M-05,2.1638227963740473,Material Shortage
2026-05-16,Plant A,M-05,2.7865205080343136,Material Shortage
2026-05-16,Plant A,M-05,2.029500294533364,Maintenance
2026-05-16,Plant B,M-01,3.114288820134202,Material Shortage
2026-05-16,Plant B,M-01,0.7113382212850532,Operator Issue
2026-05-16,Plant B,M-01,1.4601605959633583,Mechanical Failure
2026-05-16,Plant B,M-02,1.3101340550483525,Operator Issue
2026-05-16,Plant B,M-02,2.4276184331284107,Mechanical Failure
2026-05-16,Plant B,M-02,1.0057781468518672,Operator Issue
2026-05-16,Plant B,M-03,0.717219278546557,Maintenance
2026-05-16,Plant B,M-03,2.3799412549683336,Maintenance
2026-05-16,Plant B,M-03,1.5550886695280512,Mechanical Failure
2026-05-16,Plant B,M-04,7.638317764941968,Changeover
2026-05-16,Plant B,M-04,4.60209489333287,Operator Issue
2026-05-16,Plant B,M-04,5.9934355866422475,Mechanical Failure
2026-05-16,Plant B,M-05,2.069149643794137,Maintenance
2026-05-16,Plant B,M-05,0.71081074882241,Changeover
2026-05-16,Plant B,M-05,0.3945911888659441,Operator Issue
2026-05-16,Plant C,M-01,2.3511933518397767,Material Shortage
2026-05-16,Plant C,M-01,1.694811233284774,Changeover
2026-05-16,Plant C,M-01,2.156248443676673,Material Shortage
2026-05-16,Plant C,M-02,1.4628313517274603,Material Shortage
2026-05-16,Plant C,M-02,3.1725838283132983,Mechanical Failure
2026-05-16,Plant C,M-02,2.7113951170246957,Material Shortage
2026-05-16,Plant C,M-03,1.1009919932035372,Mechanical Failure
2026-05-16,Plant C,M-03,3.2356629684880285,Changeover
2026-05-16,Plant C,M-03,2.3818892390845177,Material Shortage
2026-05-16,Plant C,M-04,2.996198662224633,Material Shortage
2026-05-16,Plant C,M-04,2.08458440492386,Changeover
2026-05-16,Plant C,M-04,0.28265116801192036,Mechanical Failure
2026-05-16,Plant C,M-05,2.0272274130299786,Operator Issue
2026-05-16,Plant C,M-05,2.759635599570218,Operator Issue
2026-05-16,Plant C,M-05,1.0062287747810068,Operator Issue
2026-05-17,Plant A,M-01,0.9132311202543559,Changeover
2026-05-17,Plant A,M-01,0.741455168000001,Operator Issue
2026-05-17,Plant A,M-01,0.6528179715509923,Operator Issue
2026-05-17,Plant A,M-02,3.0261475383122893,Mechanical Failure
2026-05-17,Plant A,M-02,0.28635485651518133,Material Shortage
2026-05-17,Plant A,M-02,0.7573456522441575,Maintenance
2026-05-17,Plant A,M-03,3.319117277136824,Operator Issue
2026-05-17,Plant A,M-03,2.620778743462636,Changeover
2026-05-17,Plant A,M-03,0.9968567565675281,Material Shortage
2026-05-17,Plant A,M-04,2.4548273496943054,Operator Issue
2026-05-17,Plant A,M-04,3.190125387662994,Material Shortage
2026-05-17,Plant A,M-04,0.46134058467931094,Changeover
2026-05-17,Plant A,M-05,3.3877133292207886,Electrical Failure
2026-05-17,Plant A,M-05,1.637008917048652,Electrical Failure
2026-05-17,Plant A,M-05,2.090483878641204,Material Shortage
2026-05-17,Plant B,M-01,1.5278089319640258,Maintenance
2026-05-17,Plant B,M-01,0.5728693458834468,Mechanical Failure
2026-05-17,Plant B,M-01,0.3639376277827207,Mechanical Failure
2026-05-17,Plant B,M-02,3.2688625844097263,Electrical Failure
2026-05-17,Plant B,M-02,0.8689769045049414,Electrical Failure
2026-05-17,Plant B,M-02,0.3451868992402175,Maintenance
2026-05-17,Plant B,M-03,0.4059956647279651,Material Shortage
2026-05-17,Plant B,M-03,3.4164558238548466,Material Shortage
2026-05-17,Plant B,M-03,2.333317565128703,Mechanical Failure
2026-05-17,Plant B,M-04,4.311738231800408,Changeover
2026-05-17,Plant B,M-04,5.422437095708899,Mechanical Failure
2026-05-17,Plant B,M-04,4.956451285378276,Mechanical Failure
2026-05-17,Plant B,M-05,2.514951824087369,Electrical Failure
2026-05-17,Plant B,M-05,0.6622679860719576,Mechanical Failure
2026-05-17,Plant B,M-05,1.9569891966063198,Maintenance
2026-05-17,Plant C,M-01,2.3231675584257063,Mechanical Failure
2026-05-17,Plant C,M-01,0.7975432199005383,Material Shortage
2026-05-17,Plant C,M-01,1.3809265951079508,Electrical Failure
2026-05-17,Plant C,M-02,2.7866624020863004,Electrical Failure
2026-05-17,Plant C,M-02,1.8276106706995923,Operator Issue
2026-05-17,Plant C,M-02,0.6904925826537945,Electrical Failure
2026-05-17,Plant C,M-03,3.0445072508005326,Material Shortage
2026-05-17,Plant C,M-03,2.815463314962261,Operator Issue
2026-05-17,Plant C,M-03,0.35718628863855884,Mechanical Failure
2026-05-17,Plant C,M-04,2.0304673917047875,Maintenance
2026-05-17,Plant C,M-04,2.665531608665387,Operator Issue
2026-05-17,Plant C,M-04,2.127989656301439,Maintenance
2026-05-17,Plant C,M-05,2.6764195834233684,Material Shortage
2026-05-17,Plant C,M-05,1.0315418922640451,Operator Issue
2026-05-17,Plant C,M-05,2.421657751143764,Maintenance
2026-05-18,Plant A,M-01,1.1538136226025755,Operator Issue
2026-05-18,Plant A,M-01,1.826730453212084,Changeover
2026-05-18,Plant A,M-01,1.8303652867050644,Electrical Failure
2026-05-18,Plant A,M-02,3.4379896871100684,Electrical Failure
2026-05-18,Plant A,M-02,1.7260885491356373,Electrical Failure
2026-05-18,Plant A,M-02,0.9329174861668665,Maintenance
2026-05-18,Plant A,M-03,2.779111333501755,Maintenance
2026-05-18,Plant A,M-03,0.5677483662892198,Changeover
2026-05-18,Plant A,M-03,2.259539978311637,Changeover
2026-05-18,Plant A,M-04,1.9161776482879773,Maintenance
2026-05-18,Plant A,M-04,1.3876729360167646,Changeover
2026-05-18,Plant A,M-04,0.7973754268210385,Mechanical Failure
2026-05-18,Plant A,M-05,1.3331479759982543,Electrical Failure
2026-05-18,Plant A,M-05,3.1813211527090144,Changeover
2026-05-18,Plant A,M-05,0.609568040733027,Changeover
2026-05-18,Plant B,M-01,2.567934422670538,Maintenance
2026-05-18,Plant B,M-01,2.8410686296071224,Electrical Failure
2026-05-18,Plant B,M-01,0.7161451656807036,Mechanical Failure
2026-05-18,Plant B,M-02,1.1859448431939736,Material Shortage
2026-05-18,Plant B,M-02,2.080620424608932,Maintenance
2026-05-18,Plant B,M-02,0.9602857147208723,Electrical Failure
2026-05-18,Plant B,M-03,2.203005712272071,Electrical Failure
2026-05-18,Plant B,M-03,0.27557646284792586,Mechanical Failure
2026-05-18,Plant B,M-03,2.950826292167845,Material Shortage
2026-05-18,Plant B,M-04,5.600867565992617,Electrical Failure
2026-05-18,Plant B,M-04,6.357218290901837,Operator Issue
2026-05-18,Plant B,M-04,5.826578951912792,Electrical Failure
2026-05-18,Plant B,M-05,3.4929991784865715,Electrical Failure
2026-05-18,Plant B,M-05,2.9123516657000934,Mechanical Failure
2026-05-18,Plant B,M-05,0.5338282095662221,Maintenance
2026-05-18,Plant C,M-01,1.3397067116296733,Electrical Failure
2026-05-18,Plant C,M-01,1.9135625356717594,Operator Issue
2026-05-18,Plant C,M-01,0.8409975222157473,Changeover
2026-05-18,Plant C,M-02,3.0545946569678697,Mechanical Failure
2026-05-18,Plant C,M-02,3.2135017308094374,Changeover
2026-05-18,Plant C,M-02,1.804230146574479,Material Shortage
2026-05-18,Plant C,M-03,0.9262643269855249,Changeover
2026-05-18,Plant C,M-03,3.1566069983361045,Operator Issue
2026-05-18,Plant C,M-03,2.4901460914308258,Operator Issue
2026-05-18,Plant C,M-04,1.3221736157438098,Operator Issue
2026-05-18,Plant C,M-04,1.904452659988401,Maintenance
2026-05-18,Plant C,M-04,1.929671307131994,Electrical Failure
2026-05-18,Plant C,M-05,3.0371002417694233,Maintenance
2026-05-18,Plant C,M-05,2.569504683171685,Mechanical Failure
2026-05-18,Plant C,M-05,2.167169512693428,Electrical Failure
2026-05-19,Plant A,M-01,2.99293285092497,Operator Issue
2026-05-19,Plant A,M-01,2.1352796801390705,Electrical Failure
2026-05-19,Plant A,M-01,0.80759317177335,Changeover
2026-05-19,Plant A,M-02,2.359236432159403,Changeover
2026-05-19,Plant A,M-02,0.2652380009537069,Electrical Failure
2026-05-19,Plant A,M-02,2.7526364480405205,Maintenance
2026-05-19,Plant A,M-03,0.3055370301626584,Changeover
2026-05-19,Plant A,M-03,1.7136449203313135,Maintenance
2026-05-19,Plant A,M-03,2.703317269010601,Operator Issue
2026-05-19,Plant A,M-04,2.4346911865445935,Electrical Failure
2026-05-19,Plant A,M-04,2.429162019715229,Mechanical Failure
2026-05-19,Plant A,M-04,2.0881038811697965,Mechanical Failure
2026-05-19,Plant A,M-05,3.4695781578902354,Changeover
2026-05-19,Plant A,M-05,0.5892875796888175,Electrical Failure
2026-05-19,Plant A,M-05,3.2296212930971198,Maintenance
2026-05-19,Plant B,M-01,2.6042796658726743,Operator Issue
2026-05-19,Plant B,M-01,3.440379991536414,Material Shortage
2026-05-19,Plant B,M-01,0.6485147184586105,Mechanical Failure
2026-05-19,Plant B,M-02,3.2859714317100845,Mechanical Failure
2026-05-19,Plant B,M-02,2.959754967563577,Material Shortage
2026-05-19,Plant B,M-02,0.30713786347121796,Mechanical Failure
2026-05-19,Plant B,M-03,2.4451998083482818,Operator Issue
2026-05-19,Plant B,M-03,0.3589968781229744,Electrical Failure
2026-05-19,Plant B,M-03,2.78680471936001,Mechanical Failure
2026-05-19,Plant B,M-04,6.992371243500551,Material Shortage
2026-05-19,Plant B,M-04,4.367982423009211,Electrical Failure
2026-05-19,Plant B,M-04,4.22066539647585,Mechanical Failure
2026-05-19,Plant B,M-05,3.1891765718648455,Electrical Failure
2026-05-19,Plant B,M-05,3.279837667118329,Operator Issue
2026-05-19,Plant B,M-05,1.8397546931541917,Changeover
2026-05-19,Plant C,M-01,0.622582461835052,Maintenance
2026-05-19,Plant C,M-01,2.66572234066515,Changeover
2026-05-19,Plant C,M-01,1.323237073046185,Operator Issue
2026-05-19,Plant C,M-02,0.7032971348884871,Electrical Failure
2026-05-19,Plant C,M-02,3.0264338568076496,Material Shortage
2026-05-19,Plant C,M-02,0.28577693083273453,Material Shortage
2026-05-19,Plant C,M-03,2.1811834707619027,Changeover
2026-05-19,Plant C,M-03,0.8771664252937081,Operator Issue
2026-05-19,Plant C,M-03,3.1613503072217983,Mechanical Failure
2026-05-19,Plant C,M-04,0.5361319418700377,Mechanical Failure
2026-05-19,Plant C,M-04,2.949328296884048,Changeover
2026-05-19,Plant C,M-04,0.7280347831976486,Maintenance
2026-05-19,Plant C,M-05,3.2502789780409027,Material Shortage
2026-05-19,Plant C,M-05,2.8952367829811307,Operator Issue
2026-05-19,Plant C,M-05,3.4375319927596197,Material Shortage
2026-05-20,Plant A,M-01,1.3410719180045587,Material Shortage
2026-05-20,Plant A,M-01,0.21460064702987863,Changeover
2026-05-20,Plant A,M-01,3.1659523218107477,Changeover
2026-05-20,Plant A,M-02,0.2604071570041705,Operator Issue
2026-05-20,Plant A,M-02,2.2483281394402908,Changeover
2026-05-20,Plant A,M-02,1.0523162110744386,Operator Issue
2026-05-20,Plant A,M-03,1.2561034187792262,Electrical Failure
2026-05-20,Plant A,M-03,1.6797677640445325,Electrical Failure
2026-05-20,Plant A,M-03,0.2619116959748996,Mechanical Failure
2026-05-20,Plant A,M-04,2.9112248062123895,Changeover
2026-05-20,Plant A,M-04,0.8968177085947833,Maintenance
2026-05-20,Plant A,M-04,0.6381012966431086,Changeover
2026-05-20,Plant A,M-05,0.42721841282838097,Maintenance
2026-05-20,Plant A,M-05,1.2448734760291296,Mechanical Failure
2026-05-20,Plant A,M-05,2.777254666718501,Mechanical Failure
2026-05-20,Plant B,M-01,0.8659830843908067,Operator Issue
2026-05-20,Plant B,M-01,1.637257231792085,Mechanical Failure
2026-05-20,Plant B,M-01,1.7871476145253709,Changeover
2026-05-20,Plant B,M-02,0.282920372953752,Mechanical Failure
2026-05-20,Plant B,M-02,3.0864758914427566,Mechanical Failure
2026-05-20,Plant B,M-02,1.4679640345686837,Material Shortage
2026-05-20,Plant B,M-03,2.3352267365563564,Maintenance
2026-05-20,Plant B,M-03,2.1118575945776112,Material Shortage
2026-05-20,Plant B,M-03,2.4699932485088874,Maintenance
2026-05-20,Plant B,M-04,6.9624693778602875,Mechanical Failure
2026-05-20,Plant B,M-04,5.313319093856495,Electrical Failure
2026-05-20,Plant B,M-04,7.528821253433838,Material Shortage
2026-05-20,Plant B,M-05,1.139096762898792,Electrical Failure
2026-05-20,Plant B,M-05,1.09120216116494,Maintenance
2026-05-20,Plant B,M-05,2.5799126497941463,Operator Issue
2026-05-20,Plant C,M-01,3.4054483514081957,Changeover
2026-05-20,Plant C,M-01,0.591146600401081,Material Shortage
2026-05-20,Plant C,M-01,1.1677914013415602,Changeover
2026-05-20,Plant C,M-02,1.611215235436338,Mechanical Failure
2026-05-20,Plant C,M-02,1.2839153344579233,Material Shortage
2026-05-20,Plant C,M-02,3.4332875731261145,Operator Issue
2026-05-20,Plant C,M-03,2.5504571786683736,Mechanical Failure
2026-05-20,Plant C,M-03,3.2429442660310452,Electrical Failure
2026-05-20,Plant C,M-03,1.5149886293026311,Mechanical Failure
2026-05-20,Plant C,M-04,1.2035851340103991,Maintenance
2026-05-20,Plant C,M-04,2.756202510438391,Electrical Failure
2026-05-20,Plant C,M-04,0.6213793830065402,Maintenance
2026-05-20,Plant C,M-05,2.022697111730987,Material Shortage
2026-05-20,Plant C,M-05,2.8890051603977662,Changeover
2026-05-20,Plant C,M-05,2.0642100178408476,Electrical Failure
2026-05-21,Plant A,M-01,0.6441738350835577,Operator Issue
2026-05-21,Plant A,M-01,1.0538974022207614,Material Shortage
2026-05-21,Plant A,M-01,3.4559808640192142,Electrical Failure
2026-05-21,Plant A,M-02,1.2487386637535542,Electrical Failure
2026-05-21,Plant A,M-02,2.35216804002486,Material Shortage
2026-05-21,Plant A,M-02,0.7365630180252789,Material Shortage
2026-05-21,Plant A,M-03,2.8210848819665255,Operator Issue
2026-05-21,Plant A,M-03,1.035329671916339,Maintenance
2026-05-21,Plant A,M-03,2.6985366173844665,Operator Issue
2026-05-21,Plant A,M-04,1.1516440141288413,Mechanical Failure
2026-05-21,Plant A,M-04,0.5196088210144383,Material Shortage
2026-05-21,Plant A,M-04,0.2271909720848319,Material Shortage
2026-05-21,Plant A,M-05,3.4062476311663423,Material Shortage
2026-05-21,Plant A,M-05,1.094693594348888,Changeover
2026-05-21,Plant A,M-05,0.644523632603254,Maintenance
2026-05-21,Plant B,M-01,2.002386517866285,Material Shortage
2026-05-21,Plant B,M-01,2.1293037516003532,Material Shortage
2026-05-21,Plant B,M-01,1.9497590164080618,Operator Issue
2026-05-21,Plant B,M-02,0.4380650281184079,Changeover
2026-05-21,Plant B,M-02,3.2350838850925223,Mechanical Failure
2026-05-21,Plant B,M-02,0.6422685727791511,Material Shortage
2026-05-21,Plant B,M-03,3.347103143657509,Maintenance
2026-05-21,Plant B,M-03,0.463662119252687,Mechanical Failure
2026-05-21,Plant B,M-03,2.097759197527794,Mechanical Failure
2026-05-21,Plant B,M-04,7.283422925496187,Mechanical Failure
2026-05-21,Plant B,M-04,5.781280633359645,Mechanical Failure
2026-05-21,Plant B,M-04,5.655836373876976,Mechanical Failure
2026-05-21,Plant B,M-05,0.7882643636971627,Material Shortage
2026-05-21,Plant B,M-05,2.517363915120801,Electrical Failure
2026-05-21,Plant B,M-05,0.8201705787987181,Operator Issue
2026-05-21,Plant C,M-01,2.3809192309577005,Operator Issue
2026-05-21,Plant C,M-01,1.3739306653522672,Maintenance
2026-05-21,Plant C,M-01,1.9419349438708013,Operator Issue
2026-05-21,Plant C,M-02,0.4051366877278929,Operator Issue
2026-05-21,Plant C,M-02,2.0965462337614365,Maintenance
2026-05-21,Plant C,M-02,1.638229474045408,Maintenance
2026-05-21,Plant C,M-03,3.145701494357811,Mechanical Failure
2026-05-21,Plant C,M-03,0.7556474904753938,Material Shortage
2026-05-21,Plant C,M-03,0.8771831353718413,Operator Issue
2026-05-21,Plant C,M-04,0.5515402014169886,Mechanical Failure
2026-05-21,Plant C,M-04,2.2382047967197,Mechanical Failure
2026-05-21,Plant C,M-04,3.0904339118218704,Maintenance
2026-05-21,Plant C,M-05,2.927899303891211,Changeover
2026-05-21,Plant C,M-05,3.176299184608111,Mechanical Failure
2026-05-21,Plant C,M-05,3.0087473091292773,Mechanical Failure
2026-05-22,Plant A,M-01,2.783247013782516,Changeover
2026-05-22,Plant A,M-01,3.389949620331457,Changeover
2026-05-22,Plant A,M-01,1.230053135447266,Material Shortage
2026-05-22,Plant A,M-02,2.2430150902289707,Electrical Failure
2026-05-22,Plant A,M-02,2.656748409080715,Material Shortage
2026-05-22,Plant A,M-02,1.4392793614941835,Mechanical Failure
2026-05-22,Plant A,M-03,0.8320352538736144,Maintenance
2026-05-22,Plant A,M-03,1.2143352798920952,Electrical Failure
2026-05-22,Plant A,M-03,0.48881913116617703,Material Shortage
2026-05-22,Plant A,M-04,3.0590981552426677,Mechanical Failure
2026-05-22,Plant A,M-04,1.8157428456321056,Maintenance
2026-05-22,Plant A,M-04,2.972662164497418,Maintenance
2026-05-22,Plant A,M-05,1.267023877133059,Electrical Failure
2026-05-22,Plant A,M-05,1.3246837029234977,Maintenance
2026-05-22,Plant A,M-05,0.49024738630072273,Electrical Failure
2026-05-22,Plant B,M-01,2.3981243101125993,Changeover
2026-05-22,Plant B,M-01,1.6007047825267726,Maintenance
2026-05-22,Plant B,M-01,0.8367883777245819,Changeover
2026-05-22,Plant B,M-02,1.214041250207822,Changeover
2026-05-22,Plant B,M-02,0.3223906582620365,Changeover
2026-05-22,Plant B,M-02,3.2059789986305347,Changeover
2026-05-22,Plant B,M-03,2.881638785365724,Material Shortage
2026-05-22,Plant B,M-03,1.1022407718629699,Electrical Failure
2026-05-22,Plant B,M-03,0.637005644882696,Electrical Failure
2026-05-22,Plant B,M-04,7.404565276963613,Operator Issue
2026-05-22,Plant B,M-04,6.252855826548569,Mechanical Failure
2026-05-22,Plant B,M-04,7.792087351632768,Maintenance
2026-05-22,Plant B,M-05,1.1048556532836098,Material Shortage
2026-05-22,Plant B,M-05,3.1525589317914906,Material Shortage
2026-05-22,Plant B,M-05,0.2959842283044699,Operator Issue
2026-05-22,Plant C,M-01,2.262056152102224,Maintenance
2026-05-22,Plant C,M-01,1.2030725266214641,Electrical Failure
2026-05-22,Plant C,M-01,2.235971047838576,Changeover
2026-05-22,Plant C,M-02,1.4566906772686243,Changeover
2026-05-22,Plant C,M-02,1.2722607476919046,Mechanical Failure
2026-05-22,Plant C,M-02,1.4685523306562625,Maintenance
2026-05-22,Plant C,M-03,1.215339266942104,Electrical Failure
2026-05-22,Plant C,M-03,2.677014622739919,Changeover
2026-05-22,Plant C,M-03,1.5312549811166674,Changeover
2026-05-22,Plant C,M-04,1.8631081256369195,Operator Issue
2026-05-22,Plant C,M-04,1.3204526859325674,Maintenance
2026-05-22,Plant C,M-04,0.5898016260582226,Operator Issue
2026-05-22,Plant C,M-05,0.6451616350019385,Maintenance
2026-05-22,Plant C,M-05,1.122731571293964,Material Shortage
2026-05-22,Plant C,M-05,1.283139808251134,Maintenance
2026-05-23,Plant A,M-01,1.0452317104611455,Electrical Failure
2026-05-23,Plant A,M-01,0.4860408390857703,Operator Issue
2026-05-23,Plant A,M-01,1.072462912238853,Material Shortage
2026-05-23,Plant A,M-02,3.009485472579966,Maintenance
2026-05-23,Plant A,M-02,0.4625826013500266,Electrical Failure
2026-05-23,Plant A,M-02,0.35367691211891045,Mechanical Failure
2026-05-23,Plant A,M-03,2.2864417999223843,Material Shortage
2026-05-23,Plant A,M-03,0.8058184486230326,Mechanical Failure
2026-05-23,Plant A,M-03,0.40401423858312785,Material Shortage
2026-05-23,Plant A,M-04,2.347303354725526,Material Shortage
2026-05-23,Plant A,M-04,0.5355655874669898,Mechanical Failure
2026-05-23,Plant A,M-04,0.4176530839129407,Changeover
2026-05-23,Plant A,M-05,2.2257941659868985,Operator Issue
2026-05-23,Plant A,M-05,1.5571350582395413,Mechanical Failure
2026-05-23,Plant A,M-05,0.20796538952322235,Changeover
2026-05-23,Plant B,M-01,3.090653943467209,Electrical Failure
2026-05-23,Plant B,M-01,3.2882273407632105,Operator Issue
2026-05-23,Plant B,M-01,0.291684939391908,Material Shortage
2026-05-23,Plant B,M-02,0.5164052380243415,Electrical Failure
2026-05-23,Plant B,M-02,1.1402598614963535,Material Shortage
2026-05-23,Plant B,M-02,2.11098065388216,Maintenance
2026-05-23,Plant B,M-03,1.5401019553343944,Electrical Failure
2026-05-23,Plant B,M-03,2.6201425468242148,Mechanical Failure
2026-05-23,Plant B,M-03,0.47175775116467394,Mechanical Failure
2026-05-23,Plant B,M-04,7.472094884095936,Mechanical Failure
2026-05-23,Plant B,M-04,4.852777204564825,Electrical Failure
2026-05-23,Plant B,M-04,4.248957228496239,Mechanical Failure
2026-05-23,Plant B,M-05,1.209995180657875,Maintenance
2026-05-23,Plant B,M-05,1.4356651090954,Maintenance
2026-05-23,Plant B,M-05,2.2101240841142245,Maintenance
2026-05-23,Plant C,M-01,3.271253250313048,Electrical Failure
2026-05-23,Plant C,M-01,1.8735692442704723,Operator Issue
2026-05-23,Plant C,M-01,3.444558821146757,Electrical Failure
2026-05-23,Plant C,M-02,1.7411303851833604,Operator Issue
2026-05-23,Plant C,M-02,1.0124601741812747,Material Shortage
2026-05-23,Plant C,M-02,2.0873160684348044,Material Shortage
2026-05-23,Plant C,M-03,2.0193962136378096,Mechanical Failure
2026-05-23,Plant C,M-03,2.348084615278387,Maintenance
2026-05-23,Plant C,M-03,2.260105686867593,Operator Issue
2026-05-23,Plant C,M-04,2.038234207937283,Electrical Failure
2026-05-23,Plant C,M-04,2.870460292733766,Operator Issue
2026-05-23,Plant C,M-04,2.9132847477040427,Operator Issue
2026-05-23,Plant C,M-05,2.6739121854983012,Electrical Failure
2026-05-23,Plant C,M-05,0.5657616567849812,Mechanical Failure
2026-05-23,Plant C,M-05,2.84692556018696,Changeover
2026-05-24,Plant A,M-01,2.3042065777829204,Electrical Failure
2026-05-24,Plant A,M-01,3.3528908267249187,Mechanical Failure
2026-05-24,Plant A,M-01,0.21806492594623644,Electrical Failure
2026-05-24,Plant A,M-02,2.1748537536875516,Electrical Failure
2026-05-24,Plant A,M-02,2.34640523418859,Mechanical Failure
2026-05-24,Plant A,M-02,0.7721604212156137,Changeover
2026-05-24,Plant A,M-03,2.7195721391753978,Electrical Failure
2026-05-24,Plant A,M-03,2.34706774396465,Material Shortage
2026-05-24,Plant A,M-03,2.2728193843718376,Electrical Failure
2026-05-24,Plant A,M-04,2.060294836164404,Mechanical Failure
2026-05-24,Plant A,M-04,1.6808380998110155,Mechanical Failure
2026-05-24,Plant A,M-04,3.3084135841796956,Material Shortage
2026-05-24,Plant A,M-05,3.286389171524172,Maintenance
2026-05-24,Plant A,M-05,3.2349253297010288,Material Shortage
2026-05-24,Plant A,M-05,1.212555249334949,Material Shortage
2026-05-24,Plant B,M-01,1.1916542493795659,Material Shortage
2026-05-24,Plant B,M-01,1.7403257264583387,Mechanical Failure
2026-05-24,Plant B,M-01,0.3569695929643236,Electrical Failure
2026-05-24,Plant B,M-02,2.0431714680416215,Electrical Failure
2026-05-24,Plant B,M-02,1.1013918275183843,Material Shortage
2026-05-24,Plant B,M-02,1.1310158526964829,Changeover
2026-05-24,Plant B,M-03,0.8761545050605268,Operator Issue
2026-05-24,Plant B,M-03,3.305395325467716,Mechanical Failure
2026-05-24,Plant B,M-03,3.345845550982185,Maintenance
2026-05-24,Plant B,M-04,5.980409053260148,Mechanical Failure
2026-05-24,Plant B,M-04,4.843881564573328,Material Shortage
2026-05-24,Plant B,M-04,6.207384165192609,Mechanical Failure
2026-05-24,Plant B,M-05,0.786444916759347,Changeover
2026-05-24,Plant B,M-05,0.9324517379003201,Electrical Failure
2026-05-24,Plant B,M-05,2.906685497602995,Maintenance
2026-05-24,Plant C,M-01,2.5169055368348827,Electrical Failure
2026-05-24,Plant C,M-01,1.1639742612718087,Operator Issue
2026-05-24,Plant C,M-01,1.891039186375038,Mechanical Failure
2026-05-24,Plant C,M-02,3.226922758703146,Changeover
2026-05-24,Plant C,M-02,0.6417568815104424,Material Shortage
2026-05-24,Plant C,M-02,1.467140857107682,Material Shortage
2026-05-24,Plant C,M-03,0.8018092916440192,Operator Issue
2026-05-24,Plant C,M-03,1.632801229440889,Changeover
2026-05-24,Plant C,M-03,3.438306294479841,Maintenance
2026-05-24,Plant C,M-04,2.718586270389002,Maintenance
2026-05-24,Plant C,M-04,2.7119718791503815,Mechanical Failure
2026-05-24,Plant C,M-04,0.9470745198860173,Maintenance
2026-05-24,Plant C,M-05,1.707045504950997,Maintenance
2026-05-24,Plant C,M-05,3.181277272390524,Electrical Failure
2026-05-24,Plant C,M-05,0.20600694364939098,Electrical Failure
2026-05-25,Plant A,M-01,1.494680921431393,Mechanical Failure
2026-05-25,Plant A,M-01,1.7838793428380861,Changeover
2026-05-25,Plant A,M-01,2.597231627077687,Maintenance
2026-05-25,Plant A,M-02,2.270392556867202,Operator Issue
2026-05-25,Plant A,M-02,2.6436162359835422,Operator Issue
2026-05-25,Plant A,M-02,2.5431138701530673,Maintenance
2026-05-25,Plant A,M-03,2.8313676630104645,Operator Issue
2026-05-25,Plant A,M-03,0.7845971971445211,Maintenance
2026-05-25,Plant A,M-03,0.4610151232232602,Operator Issue
2026-05-25,Plant A,M-04,0.8611393232110189,Mechanical Failure
2026-05-25,Plant A,M-04,0.5811535830749301,Operator Issue
2026-05-25,Plant A,M-04,3.1281938370304445,Maintenance
2026-05-25,Plant A,M-05,3.3583056911451394,Material Shortage
2026-05-25,Plant A,M-05,0.41335268775110656,Operator Issue
2026-05-25,Plant A,M-05,0.7384245653309642,Operator Issue
2026-05-25,Plant B,M-01,1.5075012148682028,Operator Issue
2026-05-25,Plant B,M-01,3.2021185961641563,Maintenance
2026-05-25,Plant B,M-01,1.2371002793158101,Mechanical Failure
2026-05-25,Plant B,M-02,2.126824049234506,Changeover
2026-05-25,Plant B,M-02,3.3893082737956206,Mechanical Failure
2026-05-25,Plant B,M-02,0.9503158311879543,Mechanical Failure
2026-05-25,Plant B,M-03,0.6228959743692436,Mechanical Failure
2026-05-25,Plant B,M-03,1.2380890042125288,Electrical Failure
2026-05-25,Plant B,M-03,2.5808278010631565,Operator Issue
2026-05-25,Plant B,M-04,4.355876171321837,Mechanical Failure
2026-05-25,Plant B,M-04,5.022071317927988,Mechanical Failure
2026-05-25,Plant B,M-04,7.979950323059777,Maintenance
2026-05-25,Plant B,M-05,1.819648891602947,Material Shortage
2026-05-25,Plant B,M-05,3.147016623459351,Mechanical Failure
2026-05-25,Plant B,M-05,3.0521181901808907,Changeover
2026-05-25,Plant C,M-01,1.772678424247731,Material Shortage
2026-05-25,Plant C,M-01,2.32963830334337,Maintenance
2026-05-25,Plant C,M-01,1.6469592719614123,Maintenance
2026-05-25,Plant C,M-02,3.4998579494169415,Electrical Failure
2026-05-25,Plant C,M-02,1.2394073769443736,Maintenance
2026-05-25,Plant C,M-02,2.452532329131707,Operator Issue
2026-05-25,Plant C,M-03,2.8087209826437074,Electrical Failure
2026-05-25,Plant C,M-03,2.2497180137379296,Material Shortage
2026-05-25,Plant C,M-03,3.232744984244995,Electrical Failure
2026-05-25,Plant C,M-04,2.6278516134390086,Operator Issue
2026-05-25,Plant C,M-04,1.5335058326824769,Electrical Failure
2026-05-25,Plant C,M-04,1.797072760527612,Operator Issue
2026-05-25,Plant C,M-05,0.5376616830917763,Material Shortage
2026-05-25,Plant C,M-05,1.154913471173694,Maintenance
2026-05-25,Plant C,M-05,2.4686976576672617,Material Shortage
2026-05-26,Plant A,M-01,0.6478065611252783,Maintenance
2026-05-26,Plant A,M-01,2.292198344572805,Operator Issue
2026-05-26,Plant A,M-01,3.2664688853486323,Maintenance
2026-05-26,Plant A,M-02,2.207448782412692,Mechanical Failure
2026-05-26,Plant A,M-02,2.1661459002345325,Material Shortage
2026-05-26,Plant A,M-02,1.4581626768132254,Mechanical Failure
2026-05-26,Plant A,M-03,3.0634876978349754,Maintenance
2026-05-26,Plant A,M-03,0.8764388668126097,Operator Issue
2026-05-26,Plant A,M-03,2.65043462039882,Electrical Failure
2026-05-26,Plant A,M-04,0.3115691384791106,Changeover
2026-05-26,Plant A,M-04,2.201811037159423,Material Shortage
2026-05-26,Plant A,M-04,1.7233108715515355,Electrical Failure
2026-05-26,Plant A,M-05,0.7482248351069964,Changeover
2026-05-26,Plant A,M-05,1.2236913376110847,Material Shortage
2026-05-26,Plant A,M-05,1.3433659817902173,Operator Issue
2026-05-26,Plant B,M-01,0.8190020220350074,Changeover
2026-05-26,Plant B,M-01,0.28839805224920245,Electrical Failure
2026-05-26,Plant B,M-01,3.164805809992365,Mechanical Failure
2026-05-26,Plant B,M-02,2.236795832363371,Material Shortage
2026-05-26,Plant B,M-02,1.0901963011370783,Electrical Failure
2026-05-26,Plant B,M-02,2.4496013966356345,Operator Issue
2026-05-26,Plant B,M-03,1.0065845518804597,Maintenance
2026-05-26,Plant B,M-03,2.902135670640904,Operator Issue
2026-05-26,Plant B,M-03,1.2972403914828126,Operator Issue
2026-05-26,Plant B,M-04,5.095927301245959,Electrical Failure
2026-05-26,Plant B,M-04,5.027381428053771,Changeover
2026-05-26,Plant B,M-04,5.171748294408549,Maintenance
2026-05-26,Plant B,M-05,2.196561657564666,Mechanical Failure
2026-05-26,Plant B,M-05,3.1522620670686097,Changeover
2026-05-26,Plant B,M-05,0.9849775120101207,Mechanical Failure
2026-05-26,Plant C,M-01,1.5140789979852314,Operator Issue
2026-05-26,Plant C,M-01,2.2874721516549235,Maintenance
2026-05-26,Plant C,M-01,0.5353214301759206,Changeover
2026-05-26,Plant C,M-02,1.3622057648371326,Electrical Failure
2026-05-26,Plant C,M-02,2.118862654517829,Operator Issue
2026-05-26,Plant C,M-02,1.0146971077310865,Maintenance
2026-05-26,Plant C,M-03,1.5434653610572187,Maintenance
2026-05-26,Plant C,M-03,1.1463493514819276,Maintenance
2026-05-26,Plant C,M-03,0.8281303855509092,Material Shortage
2026-05-26,Plant C,M-04,1.947161578565715,Maintenance
2026-05-26,Plant C,M-04,0.23870775367870004,Mechanical Failure
2026-05-26,Plant C,M-04,0.5955247961144385,Operator Issue
2026-05-26,Plant C,M-05,0.3965599306234354,Electrical Failure
2026-05-26,Plant C,M-05,1.620571843441374,Changeover
2026-05-26,Plant C,M-05,2.527666828773587,Operator Issue
2026-05-27,Plant A,M-01,2.603668633366451,Material Shortage
2026-05-27,Plant A,M-01,1.469968569249188,Changeover
2026-05-27,Plant A,M-01,1.1499710400095813,Mechanical Failure
2026-05-27,Plant A,M-02,3.1374687480895442,Electrical Failure
2026-05-27,Plant A,M-02,2.449402198014642,Maintenance
2026-05-27,Plant A,M-02,1.8226989798944544,Operator Issue
2026-05-27,Plant A,M-03,0.8649809983316159,Changeover
2026-05-27,Plant A,M-03,2.9333516953308485,Mechanical Failure
2026-05-27,Plant A,M-03,0.9540643803389623,Electrical Failure
2026-05-27,Plant A,M-04,0.44759357988717624,Maintenance
2026-05-27,Plant A,M-04,0.5982657226044023,Maintenance
2026-05-27,Plant A,M-04,2.250044758858249,Mechanical Failure
2026-05-27,Plant A,M-05,1.7495903821884229,Operator Issue
2026-05-27,Plant A,M-05,1.5923073300102664,Operator Issue
2026-05-27,Plant A,M-05,0.5302669531814512,Maintenance
2026-05-27,Plant B,M-01,1.560342947970355,Mechanical Failure
2026-05-27,Plant B,M-01,1.5760656142763898,Operator Issue
2026-05-27,Plant B,M-01,0.575952686079739,Mechanical Failure
2026-05-27,Plant B,M-02,0.6367187405667587,Material Shortage
2026-05-27,Plant B,M-02,2.0419312642189165,Mechanical Failure
2026-05-27,Plant B,M-02,0.5432343648399658,Changeover
2026-05-27,Plant B,M-03,1.5413987040399275,Operator Issue
2026-05-27,Plant B,M-03,3.1443605022238885,Material Shortage
2026-05-27,Plant B,M-03,2.1090826519546426,Maintenance
2026-05-27,Plant B,M-04,5.930620767253814,Mechanical Failure
2026-05-27,Plant B,M-04,4.333834420569505,Changeover
2026-05-27,Plant B,M-04,4.092093403153216,Mechanical Failure
2026-05-27,Plant B,M-05,1.5041349126766639,Maintenance
2026-05-27,Plant B,M-05,0.37832763993317137,Changeover
2026-05-27,Plant B,M-05,0.8679217795784697,Electrical Failure
2026-05-27,Plant C,M-01,3.401086863985283,Electrical Failure
2026-05-27,Plant C,M-01,0.5325132620591777,Maintenance
2026-05-27,Plant C,M-01,1.9868736115732633,Electrical Failure
2026-05-27,Plant C,M-02,1.8101884862219295,Changeover
2026-05-27,Plant C,M-02,1.6413374726858185,Mechanical Failure
2026-05-27,Plant C,M-02,2.9162642298003325,Changeover
2026-05-27,Plant C,M-03,0.3073308354730716,Mechanical Failure
2026-05-27,Plant C,M-03,2.3167436408888618,Changeover
2026-05-27,Plant C,M-03,0.9081611016643751,Mechanical Failure
2026-05-27,Plant C,M-04,0.7271468533720649,Mechanical Failure
2026-05-27,Plant C,M-04,0.4088651028059029,Operator Issue
2026-05-27,Plant C,M-04,1.0789710422543857,Changeover
2026-05-27,Plant C,M-05,2.7126957613681086,Operator Issue
2026-05-27,Plant C,M-05,0.5805821761448955,Mechanical Failure
2026-05-27,Plant C,M-05,0.8515300407297695,Material Shortage
2026-05-28,Plant A,M-01,0.3134887450126489,Mechanical Failure
2026-05-28,Plant A,M-01,2.6233083976389877,Operator Issue
2026-05-28,Plant A,M-01,0.8453524838469526,Mechanical Failure
2026-05-28,Plant A,M-02,3.005820928822695,Changeover
2026-05-28,Plant A,M-02,2.0548124679840516,Maintenance
2026-05-28,Plant A,M-02,0.9358006305413951,Operator Issue
2026-05-28,Plant A,M-03,1.0005952285745912,Maintenance
2026-05-28,Plant A,M-03,0.40686547442527077,Electrical Failure
2026-05-28,Plant A,M-03,1.670887347457376,Maintenance
2026-05-28,Plant A,M-04,0.9150349139728542,Mechanical Failure
2026-05-28,Plant A,M-04,1.075177452281771,Operator Issue
2026-05-28,Plant A,M-04,0.554331607679249,Maintenance
2026-05-28,Plant A,M-05,0.3440503230576879,Maintenance
2026-05-28,Plant A,M-05,1.8288482720481214,Mechanical Failure
2026-05-28,Plant A,M-05,0.7545630210478282,Changeover
2026-05-28,Plant B,M-01,2.879502275246427,Changeover
2026-05-28,Plant B,M-01,0.9008069165074581,Material Shortage
2026-05-28,Plant B,M-01,0.382225673658643,Electrical Failure
2026-05-28,Plant B,M-02,2.0066648780460916,Changeover
2026-05-28,Plant B,M-02,1.438070163863251,Mechanical Failure
2026-05-28,Plant B,M-02,2.697077171373149,Maintenance
2026-05-28,Plant B,M-03,2.8582495079144543,Electrical Failure
2026-05-28,Plant B,M-03,2.7155344912451365,Material Shortage
2026-05-28,Plant B,M-03,2.8413884448955664,Electrical Failure
2026-05-28,Plant B,M-04,5.168658282928836,Changeover
2026-05-28,Plant B,M-04,6.467681313110004,Electrical Failure
2026-05-28,Plant B,M-04,7.261963913916644,Mechanical Failure
2026-05-28,Plant B,M-05,3.061896913765728,Maintenance
2026-05-28,Plant B,M-05,0.8185978458623968,Changeover
2026-05-28,Plant B,M-05,0.6755980190713762,Maintenance
2026-05-28,Plant C,M-01,1.2982782937989228,Maintenance
2026-05-28,Plant C,M-01,0.5853142685135291,Electrical Failure
2026-05-28,Plant C,M-01,3.4402524344145777,Mechanical Failure
2026-05-28,Plant C,M-02,2.6040453029145456,Maintenance
2026-05-28,Plant C,M-02,3.0351116032299545,Electrical Failure
2026-05-28,Plant C,M-02,1.6494043676152235,Material Shortage
2026-05-28,Plant C,M-03,0.5940769995062072,Material Shortage
2026-05-28,Plant C,M-03,2.3228739450099765,Electrical Failure
2026-05-28,Plant C,M-03,0.5737682452635771,Operator Issue
2026-05-28,Plant C,M-04,1.4298155157966432,Electrical Failure
2026-05-28,Plant C,M-04,2.947824256730295,Maintenance
2026-05-28,Plant C,M-04,2.459974872226096,Mechanical Failure
2026-05-28,Plant C,M-05,0.2737746658389899,Mechanical Failure
2026-05-28,Plant C,M-05,0.7549077191344691,Maintenance
2026-05-28,Plant C,M-05,0.3835594537206961,Mechanical Failure
2026-05-29,Plant A,M-01,2.2302796367750437,Mechanical Failure
2026-05-29,Plant A,M-01,3.3301462295358646,Maintenance
2026-05-29,Plant A,M-01,2.7694187631759655,Material Shortage
2026-05-29,Plant A,M-02,3.2722500924788926,Operator Issue
2026-05-29,Plant A,M-02,2.114314475840592,Electrical Failure
2026-05-29,Plant A,M-02,2.8571142300429377,Changeover
2026-05-29,Plant A,M-03,2.5088792451062756,Material Shortage
2026-05-29,Plant A,M-03,1.9414905264911284,Operator Issue
2026-05-29,Plant A,M-03,3.445333862527433,Changeover
2026-05-29,Plant A,M-04,1.0121817618372695,Material Shortage
2026-05-29,Plant A,M-04,2.4661301067386807,Maintenance
2026-05-29,Plant A,M-04,2.791805060842907,Maintenance
2026-05-29,Plant A,M-05,1.2455859474345712,Electrical Failure
2026-05-29,Plant A,M-05,3.3518293245756823,Material Shortage
2026-05-29,Plant A,M-05,2.338083741856391,Material Shortage
2026-05-29,Plant B,M-01,3.351106707262537,Electrical Failure
2026-05-29,Plant B,M-01,1.985187022983067,Maintenance
2026-05-29,Plant B,M-01,2.122526748223581,Electrical Failure
2026-05-29,Plant B,M-02,0.7070365945292785,Mechanical Failure
2026-05-29,Plant B,M-02,1.4347370312647516,Changeover
2026-05-29,Plant B,M-02,0.35453275874611045,Electrical Failure
2026-05-29,Plant B,M-03,2.930363950118121,Operator Issue
2026-05-29,Plant B,M-03,2.4110330791995964,Mechanical Failure
2026-05-29,Plant B,M-03,2.5005590907416835,Changeover
2026-05-29,Plant B,M-04,7.7532142582630605,Operator Issue
2026-05-29,Plant B,M-04,4.013561515190766,Maintenance
2026-05-29,Plant B,M-04,6.919241991188912,Maintenance
2026-05-29,Plant B,M-05,2.729754863809122,Changeover
2026-05-29,Plant B,M-05,2.5566792294308813,Mechanical Failure
2026-05-29,Plant B,M-05,0.8295712725502578,Mechanical Failure
2026-05-29,Plant C,M-01,1.794706077519171,Electrical Failure
2026-05-29,Plant C,M-01,0.5905602006137698,Operator Issue
2026-05-29,Plant C,M-01,3.452599957802454,Mechanical Failure
2026-05-29,Plant C,M-02,0.48664287079160506,Mechanical Failure
2026-05-29,Plant C,M-02,3.471310069144548,Maintenance
2026-05-29,Plant C,M-02,1.1431955755139498,Operator Issue
2026-05-29,Plant C,M-03,0.8276210419785375,Changeover
2026-05-29,Plant C,M-03,2.4038154189874783,Operator Issue
2026-05-29,Plant C,M-03,2.746749796924663,Maintenance
2026-05-29,Plant C,M-04,2.271136106055196,Electrical Failure
2026-05-29,Plant C,M-04,0.8342920981301272,Changeover
2026-05-29,Plant C,M-04,0.40526182042921566,Changeover
2026-05-29,Plant C,M-05,0.7659823458559696,Electrical Failure
2026-05-29,Plant C,M-05,1.0935018729736186,Maintenance
2026-05-29,Plant C,M-05,1.2471153344241797,Maintenance
2026-05-30,Plant A,M-01,3.3515677338904886,Mechanical Failure
2026-05-30,Plant A,M-01,2.9192392776274683,Maintenance
2026-05-30,Plant A,M-01,1.1318755032085879,Material Shortage
2026-05-30,Plant A,M-02,3.00798264558252,Maintenance
2026-05-30,Plant A,M-02,2.122882054933098,Operator Issue
2026-05-30,Plant A,M-02,2.3450314770394933,Maintenance
2026-05-30,Plant A,M-03,1.7114438923751474,Material Shortage
2026-05-30,Plant A,M-03,1.5088023653779852,Maintenance
2026-05-30,Plant A,M-03,2.2749005029264824,Electrical Failure
2026-05-30,Plant A,M-04,0.6670135462872333,Operator Issue
2026-05-30,Plant A,M-04,3.3356568877567994,Mechanical Failure
2026-05-30,Plant A,M-04,2.1011763269623795,Mechanical Failure
2026-05-30,Plant A,M-05,3.1122149551451703,Electrical Failure
2026-05-30,Plant A,M-05,0.8388259746584454,Mechanical Failure
2026-05-30,Plant A,M-05,1.2560149150500561,Operator Issue
2026-05-30,Plant B,M-01,1.324958565773596,Electrical Failure
2026-05-30,Plant B,M-01,2.6224622473898997,Mechanical Failure
2026-05-30,Plant B,M-01,2.803194767134333,Electrical Failure
2026-05-30,Plant B,M-02,1.9419034021392467,Mechanical Failure
2026-05-30,Plant B,M-02,0.3799526873117507,Mechanical Failure
2026-05-30,Plant B,M-02,0.3417874233694951,Electrical Failure
2026-05-30,Plant B,M-03,1.0799434052248604,Changeover
2026-05-30,Plant B,M-03,2.6713556301883075,Changeover
2026-05-30,Plant B,M-03,2.6934784133060656,Mechanical Failure
2026-05-30,Plant B,M-04,4.943345998817074,Mechanical Failure
2026-05-30,Plant B,M-04,7.642198310503934,Mechanical Failure
2026-05-30,Plant B,M-04,5.399424689616678,Operator Issue
2026-05-30,Plant B,M-05,0.43618004318249215,Mechanical Failure
2026-05-30,Plant B,M-05,2.4675324923288553,Operator Issue
2026-05-30,Plant B,M-05,0.7039521916323321,Material Shortage
2026-05-30,Plant C,M-01,3.318540696401633,Changeover
2026-05-30,Plant C,M-01,1.2882956632189773,Electrical Failure
2026-05-30,Plant C,M-01,2.6182830918233235,Mechanical Failure
2026-05-30,Plant C,M-02,2.8644532467542825,Electrical Failure
2026-05-30,Plant C,M-02,0.667336948010582,Material Shortage
2026-05-30,Plant C,M-02,1.3186069980038289,Material Shortage
2026-05-30,Plant C,M-03,1.6690519087235356,Maintenance
2026-05-30,Plant C,M-03,1.8025062538546486,Material Shortage
2026-05-30,Plant C,M-03,1.5601874006160708,Maintenance
2026-05-30,Plant C,M-04,2.647869171476304,Electrical Failure
2026-05-30,Plant C,M-04,1.8952870013850462,Maintenance
2026-05-30,Plant C,M-04,2.92576519809655,Mechanical Failure
2026-05-30,Plant C,M-05,2.9380273861838426,Operator Issue
2026-05-30,Plant C,M-05,1.34222139653213,Mechanical Failure
2026-05-30,Plant C,M-05,1.2496983784225812,Electrical Failure
2026-05-31,Plant A,M-01,1.684548780939274,Maintenance
2026-05-31,Plant A,M-01,0.5554119396043107,Maintenance
2026-05-31,Plant A,M-01,2.9766386604547717,Electrical Failure
2026-05-31,Plant A,M-02,0.7282810821358312,Mechanical Failure
2026-05-31,Plant A,M-02,1.3162092445272802,Electrical Failure
2026-05-31,Plant A,M-02,1.2291577987895546,Operator Issue
2026-05-31,Plant A,M-03,3.2647202426399122,Material Shortage
2026-05-31,Plant A,M-03,0.9061556001876381,Changeover
2026-05-31,Plant A,M-03,1.3607999718795574,Mechanical Failure
2026-05-31,Plant A,M-04,2.223369354941003,Material Shortage
2026-05-31,Plant A,M-04,0.7348287749460829,Maintenance
2026-05-31,Plant A,M-04,3.1276402905588774,Material Shortage
2026-05-31,Plant A,M-05,1.8569142702659283,Operator Issue
2026-05-31,Plant A,M-05,2.4105556758898707,Material Shortage
2026-05-31,Plant A,M-05,3.1628573784358207,Maintenance
2026-05-31,Plant B,M-01,2.72096604154456,Operator Issue
2026-05-31,Plant B,M-01,0.5773978463240128,Material Shortage
2026-05-31,Plant B,M-01,1.6372409455822545,Maintenance
2026-05-31,Plant B,M-02,1.3379920436110264,Maintenance
2026-05-31,Plant B,M-02,1.6547650400485834,Changeover
2026-05-31,Plant B,M-02,2.7118436059660302,Operator Issue
2026-05-31,Plant B,M-03,2.8975909818236567,Changeover
2026-05-31,Plant B,M-03,3.073981472157303,Mechanical Failure
2026-05-31,Plant B,M-03,1.451694416662775,Mechanical Failure
2026-05-31,Plant B,M-04,6.31606140546643,Mechanical Failure
2026-05-31,Plant B,M-04,5.5994105552565,Material Shortage
2026-05-31,Plant B,M-04,5.994847390737531,Operator Issue
2026-05-31,Plant B,M-05,1.9302576850098745,Operator Issue
2026-05-31,Plant B,M-05,0.42855957188983457,Electrical Failure
2026-05-31,Plant B,M-05,3.0130523158274363,Changeover
2026-05-31,Plant C,M-01,1.0491450116238972,Electrical Failure
2026-05-31,Plant C,M-01,0.44779011027503046,Operator Issue
2026-05-31,Plant C,M-01,0.3278624565758099,Operator Issue
2026-05-31,Plant C,M-02,0.4155692615484162,Changeover
2026-05-31,Plant C,M-02,0.34254688455834137,Electrical Failure
2026-05-31,Plant C,M-02,1.0489964634996778,Mechanical Failure
2026-05-31,Plant C,M-03,0.9667624086293192,Operator Issue
2026-05-31,Plant C,M-03,2.6556923488138033,Material Shortage
2026-05-31,Plant C,M-03,1.234952037483071,Mechanical Failure
2026-05-31,Plant C,M-04,1.7549083218726491,Changeover
2026-05-31,Plant C,M-04,2.1476300128057257,Electrical Failure
2026-05-31,Plant C,M-04,1.961328715156189,Changeover
2026-05-31,Plant C,M-05,0.4891607628915676,Operator Issue
2026-05-31,Plant C,M-05,0.4245231257833641,Mechanical Failure
2026-05-31,Plant C,M-05,2.141132021160589,Mechanical Failure
2026-06-01,Plant A,M-01,1.0177690726314432,Changeover
2026-06-01,Plant A,M-01,1.6833404929526712,Changeover
2026-06-01,Plant A,M-01,2.2355690000247552,Maintenance
2026-06-01,Plant A,M-02,2.1523585613189393,Maintenance
2026-06-01,Plant A,M-02,0.2872472780520069,Maintenance
2026-06-01,Plant A,M-02,2.555237147389537,Maintenance
2026-06-01,Plant A,M-03,1.0657331571306476,Operator Issue
2026-06-01,Plant A,M-03,0.29360272123391723,Electrical Failure
2026-06-01,Plant A,M-03,3.1700269593146904,Material Shortage
2026-06-01,Plant A,M-04,3.2428705365367945,Electrical Failure
2026-06-01,Plant A,M-04,1.4416703038634948,Material Shortage
2026-06-01,Plant A,M-04,1.0181514530710594,Mechanical Failure
2026-06-01,Plant A,M-05,3.3190496613191582,Material Shortage
2026-06-01,Plant A,M-05,0.8489392374303344,Mechanical Failure
2026-06-01,Plant A,M-05,1.9354776146771755,Electrical Failure
2026-06-01,Plant B,M-01,2.9621856816083256,Operator Issue
2026-06-01,Plant B,M-01,0.47315674844865074,Mechanical Failure
2026-06-01,Plant B,M-01,0.6766448755879004,Maintenance
2026-06-01,Plant B,M-02,0.7043307791852533,Material Shortage
2026-06-01,Plant B,M-02,0.7457747538485104,Changeover
2026-06-01,Plant B,M-02,3.152760324767997,Operator Issue
2026-06-01,Plant B,M-03,2.9481234371676797,Maintenance
2026-06-01,Plant B,M-03,1.002718044895734,Mechanical Failure
2026-06-01,Plant B,M-03,2.981424490483724,Mechanical Failure
2026-06-01,Plant B,M-04,5.063740325658789,Maintenance
2026-06-01,Plant B,M-04,5.22661356792755,Operator Issue
2026-06-01,Plant B,M-04,5.78552616922506,Mechanical Failure
2026-06-01,Plant B,M-05,2.0609502365321393,Maintenance
2026-06-01,Plant B,M-05,1.3723169844881058,Operator Issue
2026-06-01,Plant B,M-05,1.8444958719174214,Material Shortage
2026-06-01,Plant C,M-01,2.0675612771395726,Changeover
2026-06-01,Plant C,M-01,0.9935772195959967,Maintenance
2026-06-01,Plant C,M-01,1.9062116996391452,Operator Issue
2026-06-01,Plant C,M-02,3.11493390146046,Mechanical Failure
2026-06-01,Plant C,M-02,0.6827233682436237,Maintenance
2026-06-01,Plant C,M-02,0.4226333256464774,Material Shortage
2026-06-01,Plant C,M-03,1.4772197502734306,Electrical Failure
2026-06-01,Plant C,M-03,3.377435551820297,Material Shortage
2026-06-01,Plant C,M-03,1.1717566115121463,Operator Issue
2026-06-01,Plant C,M-04,0.6253741288393775,Electrical Failure
2026-06-01,Plant C,M-04,0.3237823426748121,Electrical Failure
2026-06-01,Plant C,M-04,0.7135723762426396,Maintenance
2026-06-01,Plant C,M-05,0.36988335878701517,Electrical Failure
2026-06-01,Plant C,M-05,0.9301530773185624,Maintenance
2026-06-01,Plant C,M-05,3.051122971392305,Changeover
2026-06-02,Plant A,M-01,1.6307610963127825,Mechanical Failure
2026-06-02,Plant A,M-01,0.2038104136962394,Maintenance
2026-06-02,Plant A,M-01,1.856957076859017,Changeover
2026-06-02,Plant A,M-02,2.8157984106638083,Maintenance
2026-06-02,Plant A,M-02,3.01299713136404,Changeover
2026-06-02,Plant A,M-02,1.6147522039101943,Maintenance
2026-06-02,Plant A,M-03,3.2011603504272936,Operator Issue
2026-06-02,Plant A,M-03,1.3248841366858248,Maintenance
2026-06-02,Plant A,M-03,1.372524210360158,Operator Issue
2026-06-02,Plant A,M-04,2.032365376270939,Changeover
2026-06-02,Plant A,M-04,0.867842111070876,Mechanical Failure
2026-06-02,Plant A,M-04,1.740690613929617,Operator Issue
2026-06-02,Plant A,M-05,1.321220587476524,Maintenance
2026-06-02,Plant A,M-05,0.6418843575576497,Changeover
2026-06-02,Plant A,M-05,0.7704398418571001,Material Shortage
2026-06-02,Plant B,M-01,0.8609109247850233,Mechanical Failure
2026-06-02,Plant B,M-01,2.86897957811655,Changeover
2026-06-02,Plant B,M-01,2.639166545694648,Electrical Failure
2026-06-02,Plant B,M-02,0.7532259897221854,Changeover
2026-06-02,Plant B,M-02,1.4694547534610254,Electrical Failure
2026-06-02,Plant B,M-02,1.274960249578549,Changeover
2026-06-02,Plant B,M-03,2.3249745502475223,Mechanical Failure
2026-06-02,Plant B,M-03,1.160334963220206,Changeover
2026-06-02,Plant B,M-03,1.9022655015434304,Material Shortage
2026-06-02,Plant B,M-04,7.830237599240739,Maintenance
2026-06-02,Plant B,M-04,5.630300846536642,Mechanical Failure
2026-06-02,Plant B,M-04,6.1295273043376195,Operator Issue
2026-06-02,Plant B,M-05,2.511047563931515,Changeover
2026-06-02,Plant B,M-05,2.0454039873999297,Operator Issue
2026-06-02,Plant B,M-05,1.111272929054654,Maintenance
2026-06-02,Plant C,M-01,2.072136109510997,Mechanical Failure
2026-06-02,Plant C,M-01,2.143789736510264,Maintenance
2026-06-02,Plant C,M-01,1.1722775632418112,Changeover
2026-06-02,Plant C,M-02,2.507697771963989,Maintenance
2026-06-02,Plant C,M-02,2.060778291058079,Electrical Failure
2026-06-02,Plant C,M-02,0.7924668465693445,Material Shortage
2026-06-02,Plant C,M-03,3.1423422088019866,Changeover
2026-06-02,Plant C,M-03,0.5480556297963596,Electrical Failure
2026-06-02,Plant C,M-03,1.3672965065265104,Mechanical Failure
2026-06-02,Plant C,M-04,0.8054709616221969,Maintenance
2026-06-02,Plant C,M-04,1.9725081650804914,Changeover
2026-06-02,Plant C,M-04,2.530167234549853,Mechanical Failure
2026-06-02,Plant C,M-05,3.472859651957949,Operator Issue
2026-06-02,Plant C,M-05,1.5706981904900057,Material Shortage
2026-06-02,Plant C,M-05,2.4043301774092845,Maintenance
2026-06-03,Plant A,M-01,1.1906246306707755,Maintenance
2026-06-03,Plant A,M-01,1.3354370587995519,Operator Issue
2026-06-03,Plant A,M-01,2.0642113322640765,Electrical Failure
2026-06-03,Plant A,M-02,1.3184811271573784,Material Shortage
2026-06-03,Plant A,M-02,2.4214332229071123,Maintenance
2026-06-03,Plant A,M-02,1.9028077742688223,Electrical Failure
2026-06-03,Plant A,M-03,0.3671565673389288,Changeover
2026-06-03,Plant A,M-03,0.24795956595162635,Mechanical Failure
2026-06-03,Plant A,M-03,2.215959421275331,Maintenance
2026-06-03,Plant A,M-04,2.3998913448010137,Changeover
2026-06-03,Plant A,M-04,1.2796287364008374,Electrical Failure
2026-06-03,Plant A,M-04,1.4216495756996808,Material Shortage
2026-06-03,Plant A,M-05,2.2141891543065837,Material Shortage
2026-06-03,Plant A,M-05,1.3655224856758772,Changeover
2026-06-03,Plant A,M-05,2.832454902437636,Operator Issue
2026-06-03,Plant B,M-01,2.201017868168103,Material Shortage
2026-06-03,Plant B,M-01,1.8262454645810302,Electrical Failure
2026-06-03,Plant B,M-01,3.3013738335003207,Electrical Failure
2026-06-03,Plant B,M-02,1.0598077895040063,Operator Issue
2026-06-03,Plant B,M-02,3.2984642779180393,Maintenance
2026-06-03,Plant B,M-02,0.9680341761850879,Material Shortage
2026-06-03,Plant B,M-03,0.5667866010733908,Electrical Failure
2026-06-03,Plant B,M-03,1.7230834918073539,Changeover
2026-06-03,Plant B,M-03,0.5624224439351637,Material Shortage
2026-06-03,Plant B,M-04,5.152556493497611,Mechanical Failure
2026-06-03,Plant B,M-04,6.88924792505378,Operator Issue
2026-06-03,Plant B,M-04,4.922793245168757,Mechanical Failure
2026-06-03,Plant B,M-05,2.731844883260963,Material Shortage
2026-06-03,Plant B,M-05,1.3177372637691798,Mechanical Failure
2026-06-03,Plant B,M-05,2.380054128301272,Operator Issue
2026-06-03,Plant C,M-01,1.304579385661774,Changeover
2026-06-03,Plant C,M-01,1.8273044033613879,Mechanical Failure
2026-06-03,Plant C,M-01,2.513481382102982,Mechanical Failure
2026-06-03,Plant C,M-02,3.2681089330246142,Operator Issue
2026-06-03,Plant C,M-02,3.403735612870308,Changeover
2026-06-03,Plant C,M-02,0.4637379967938462,Operator Issue
2026-06-03,Plant C,M-03,2.8154077032158162,Maintenance
2026-06-03,Plant C,M-03,2.4730189052597975,Electrical Failure
2026-06-03,Plant C,M-03,2.812935940851077,Maintenance
2026-06-03,Plant C,M-04,2.166670093888811,Electrical Failure
2026-06-03,Plant C,M-04,1.7125520230417675,Operator Issue
2026-06-03,Plant C,M-04,2.177482926642661,Electrical Failure
2026-06-03,Plant C,M-05,0.8000889300857619,Material Shortage
2026-06-03,Plant C,M-05,3.163765826497064,Mechanical Failure
2026-06-03,Plant C,M-05,2.675524051551157,Mechanical Failure
2026-06-04,Plant A,M-01,0.6143983731977207,Electrical Failure
2026-06-04,Plant A,M-01,0.5170422373455146,Operator Issue
2026-06-04,Plant A,M-01,1.6203100647111908,Maintenance
2026-06-04,Plant A,M-02,1.77527164394273,Changeover
2026-06-04,Plant A,M-02,1.000962591102396,Operator Issue
2026-06-04,Plant A,M-02,1.0068925882851223,Electrical Failure
2026-06-04,Plant A,M-03,2.392803924723259,Electrical Failure
2026-06-04,Plant A,M-03,1.2711431361949468,Changeover
2026-06-04,Plant A,M-03,3.2161521177172223,Electrical Failure
2026-06-04,Plant A,M-04,2.304240710071666,Electrical Failure
2026-06-04,Plant A,M-04,2.452484151401725,Changeover
2026-06-04,Plant A,M-04,1.3807809975859817,Electrical Failure
2026-06-04,Plant A,M-05,0.6247996003897132,Changeover
2026-06-04,Plant A,M-05,0.4971065741352896,Operator Issue
2026-06-04,Plant A,M-05,2.1366174711180594,Electrical Failure
2026-06-04,Plant B,M-01,1.418754613547552,Changeover
2026-06-04,Plant B,M-01,1.5085338241417994,Changeover
2026-06-04,Plant B,M-01,0.9461583344482312,Maintenance
2026-06-04,Plant B,M-02,1.8633674029876475,Mechanical Failure
2026-06-04,Plant B,M-02,1.0150969629176647,Changeover
2026-06-04,Plant B,M-02,1.9571868653064564,Electrical Failure
2026-06-04,Plant B,M-03,3.0541039227902416,Electrical Failure
2026-06-04,Plant B,M-03,2.6459086033345756,Mechanical Failure
2026-06-04,Plant B,M-03,2.0011945290243904,Maintenance
2026-06-04,Plant B,M-04,4.781862442528743,Mechanical Failure
2026-06-04,Plant B,M-04,7.919662315111205,Maintenance
2026-06-04,Plant B,M-04,5.2926368137343065,Mechanical Failure
2026-06-04,Plant B,M-05,0.7224504595481214,Mechanical Failure
2026-06-04,Plant B,M-05,3.001418927348258,Maintenance
2026-06-04,Plant B,M-05,1.6790216405437657,Mechanical Failure
2026-06-04,Plant C,M-01,1.8184194478176976,Maintenance
2026-06-04,Plant C,M-01,1.0515435555718455,Operator Issue
2026-06-04,Plant C,M-01,1.616462673935025,Material Shortage
2026-06-04,Plant C,M-02,3.461944558687345,Changeover
2026-06-04,Plant C,M-02,0.34029747348516093,Material Shortage
2026-06-04,Plant C,M-02,1.0960442997529427,Changeover
2026-06-04,Plant C,M-03,2.40563223975179,Operator Issue
2026-06-04,Plant C,M-03,0.8570102376431612,Changeover
2026-06-04,Plant C,M-03,3.2877274460820356,Mechanical Failure
2026-06-04,Plant C,M-04,1.3100169661560557,Operator Issue
2026-06-04,Plant C,M-04,1.1799729596893056,Operator Issue
2026-06-04,Plant C,M-04,2.2736469800644583,Material Shortage
2026-06-04,Plant C,M-05,2.1201990461553,Material Shortage
2026-06-04,Plant C,M-05,1.7753325012059133,Operator Issue
2026-06-04,Plant C,M-05,0.9386425539060053,Maintenance
2026-06-05,Plant A,M-01,3.1704983035951915,Mechanical Failure
2026-06-05,Plant A,M-01,2.0702296416023134,Material Shortage
2026-06-05,Plant A,M-01,1.9847051507290405,Electrical Failure
2026-06-05,Plant A,M-02,3.287947903027241,Material Shortage
2026-06-05,Plant A,M-02,1.255878781782693,Electrical Failure
2026-06-05,Plant A,M-02,3.2912639504221115,Operator Issue
2026-06-05,Plant A,M-03,1.1583637595541387,Material Shortage
2026-06-05,Plant A,M-03,0.622589271726881,Maintenance
2026-06-05,Plant A,M-03,0.5880868364504634,Maintenance
2026-06-05,Plant A,M-04,0.7878555875215256,Maintenance
2026-06-05,Plant A,M-04,1.013603918979112,Mechanical Failure
2026-06-05,Plant A,M-04,3.4224073891310547,Operator Issue
2026-06-05,Plant A,M-05,0.7004866783956951,Operator Issue
2026-06-05,Plant A,M-05,2.462646486859557,Changeover
2026-06-05,Plant A,M-05,3.343328005279961,Operator Issue
2026-06-05,Plant B,M-01,2.2927055385118846,Material Shortage
2026-06-05,Plant B,M-01,0.978002182179337,Mechanical Failure
2026-06-05,Plant B,M-01,0.9051550752608055,Electrical Failure
2026-06-05,Plant B,M-02,1.783130699715709,Maintenance
2026-06-05,Plant B,M-02,2.2115433123634887,Maintenance
2026-06-05,Plant B,M-02,3.3272747325345695,Operator Issue
2026-06-05,Plant B,M-03,0.9668506096644496,Material Shortage
2026-06-05,Plant B,M-03,1.3826608090603454,Changeover
2026-06-05,Plant B,M-03,0.7186377066610106,Electrical Failure
2026-06-05,Plant B,M-04,7.924120906969899,Operator Issue
2026-06-05,Plant B,M-04,6.901830630964216,Mechanical Failure
2026-06-05,Plant B,M-04,4.67531461112142,Operator Issue
2026-06-05,Plant B,M-05,1.1604729728595704,Operator Issue
2026-06-05,Plant B,M-05,2.2991977280316003,Mechanical Failure
2026-06-05,Plant B,M-05,2.6769020413789337,Changeover
2026-06-05,Plant C,M-01,2.592392230791906,Material Shortage
2026-06-05,Plant C,M-01,3.2094429432182103,Changeover
2026-06-05,Plant C,M-01,2.1681655638126758,Electrical Failure
2026-06-05,Plant C,M-02,3.0466729401440276,Mechanical Failure
2026-06-05,Plant C,M-02,1.2717607705240956,Mechanical Failure
2026-06-05,Plant C,M-02,1.2621162193108426,Mechanical Failure
2026-06-05,Plant C,M-03,1.8426782222618245,Electrical Failure
2026-06-05,Plant C,M-03,1.2428304758628372,Mechanical Failure
2026-06-05,Plant C,M-03,0.6983004484779564,Changeover
2026-06-05,Plant C,M-04,0.435811284044875,Material Shortage
2026-06-05,Plant C,M-04,3.490737029473668,Changeover
2026-06-05,Plant C,M-04,0.609139019062601,Maintenance
2026-06-05,Plant C,M-05,3.4980180496756668,Changeover
2026-06-05,Plant C,M-05,3.0851638446406193,Changeover
2026-06-05,Plant C,M-05,1.3448911920908164,Maintenance
2026-06-06,Plant A,M-01,2.9255580767832345,Mechanical Failure
2026-06-06,Plant A,M-01,0.5615091821061544,Electrical Failure
2026-06-06,Plant A,M-01,1.103591383942526,Maintenance
2026-06-06,Plant A,M-02,0.8833828727319608,Operator Issue
2026-06-06,Plant A,M-02,2.14711567832204,Material Shortage
2026-06-06,Plant A,M-02,1.4943947857364468,Changeover
2026-06-06,Plant A,M-03,2.273099162889978,Maintenance
2026-06-06,Plant A,M-03,1.7002667869317947,Mechanical Failure
2026-06-06,Plant A,M-03,1.7621477278442126,Operator Issue
2026-06-06,Plant A,M-04,2.838198591667655,Maintenance
2026-06-06,Plant A,M-04,2.6319444246519867,Maintenance
2026-06-06,Plant A,M-04,3.2957491146668234,Material Shortage
2026-06-06,Plant A,M-05,0.5067923634694929,Maintenance
2026-06-06,Plant A,M-05,2.3615167520181473,Operator Issue
2026-06-06,Plant A,M-05,2.7707953183677287,Electrical Failure
2026-06-06,Plant B,M-01,1.9626502223158158,Operator Issue
2026-06-06,Plant B,M-01,1.1941386027161272,Mechanical Failure
2026-06-06,Plant B,M-01,3.0629991833899655,Maintenance
2026-06-06,Plant B,M-02,1.1940965605244394,Electrical Failure
2026-06-06,Plant B,M-02,1.1546974178124945,Mechanical Failure
2026-06-06,Plant B,M-02,0.687515917781411,Mechanical Failure
2026-06-06,Plant B,M-03,0.47559712578121227,Mechanical Failure
2026-06-06,Plant B,M-03,0.23752041775655974,Changeover
2026-06-06,Plant B,M-03,1.2667180983821635,Changeover
2026-06-06,Plant B,M-04,4.454506979157592,Mechanical Failure
2026-06-06,Plant B,M-04,4.236805276077622,Electrical Failure
2026-06-06,Plant B,M-04,4.809777120648251,Mechanical Failure
2026-06-06,Plant B,M-05,3.3134145919715703,Electrical Failure
2026-06-06,Plant B,M-05,1.270048990036687,Material Shortage
2026-06-06,Plant B,M-05,2.3172660668135863,Maintenance
2026-06-06,Plant C,M-01,0.4904936445877623,Mechanical Failure
2026-06-06,Plant C,M-01,2.1326442528876814,Changeover
2026-06-06,Plant C,M-01,3.3932292132692226,Changeover
2026-06-06,Plant C,M-02,0.3238855809823253,Mechanical Failure
2026-06-06,Plant C,M-02,0.5814611015069291,Mechanical Failure
2026-06-06,Plant C,M-02,1.9818467121014853,Changeover
2026-06-06,Plant C,M-03,3.2859059730854705,Operator Issue
2026-06-06,Plant C,M-03,3.1158535552916145,Mechanical Failure
2026-06-06,Plant C,M-03,1.5248468128412576,Changeover
2026-06-06,Plant C,M-04,2.7494722174603,Electrical Failure
2026-06-06,Plant C,M-04,2.8224476420004274,Maintenance
2026-06-06,Plant C,M-04,1.1817191065897685,Operator Issue
2026-06-06,Plant C,M-05,3.3051231205646414,Mechanical Failure
2026-06-06,Plant C,M-05,2.1626098552102224,Operator Issue
2026-06-06,Plant C,M-05,2.342932477552783,Mechanical Failure
2026-06-07,Plant A,M-01,0.7779196251819269,Material Shortage
2026-06-07,Plant A,M-01,0.7425258307125118,Maintenance
2026-06-07,Plant A,M-01,0.28117823706866724,Material Shortage
2026-06-07,Plant A,M-02,1.655447265515651,Changeover
2026-06-07,Plant A,M-02,2.6359930875234547,Material Shortage
2026-06-07,Plant A,M-02,2.775539457441806,Operator Issue
2026-06-07,Plant A,M-03,2.352710241165073,Electrical Failure
2026-06-07,Plant A,M-03,0.33200861743829096,Changeover
2026-06-07,Plant A,M-03,2.9708429936500456,Maintenance
2026-06-07,Plant A,M-04,1.5124255263539776,Electrical Failure
2026-06-07,Plant A,M-04,2.901888964086364,Mechanical Failure
2026-06-07,Plant A,M-04,0.4005218271009465,Electrical Failure
2026-06-07,Plant A,M-05,2.392237778022821,Material Shortage
2026-06-07,Plant A,M-05,2.4412663879339456,Electrical Failure
2026-06-07,Plant A,M-05,1.2033212702814031,Electrical Failure
2026-06-07,Plant B,M-01,0.7328824388986421,Maintenance
2026-06-07,Plant B,M-01,1.8955009507592033,Material Shortage
2026-06-07,Plant B,M-01,2.5713566612933576,Electrical Failure
2026-06-07,Plant B,M-02,0.9354291227780056,Mechanical Failure
2026-06-07,Plant B,M-02,0.6324996457342086,Changeover
2026-06-07,Plant B,M-02,2.9755882120133355,Mechanical Failure
2026-06-07,Plant B,M-03,0.591446880787784,Operator Issue
2026-06-07,Plant B,M-03,2.630431474794928,Changeover
2026-06-07,Plant B,M-03,1.7338308467949963,Material Shortage
2026-06-07,Plant B,M-04,7.261774075152723,Mechanical Failure
2026-06-07,Plant B,M-04,5.4139385671206615,Operator Issue
2026-06-07,Plant B,M-04,6.30998218542547,Electrical Failure
2026-06-07,Plant B,M-05,1.8557028665572584,Changeover
2026-06-07,Plant B,M-05,2.368196324120788,Electrical Failure
2026-06-07,Plant B,M-05,3.2605002118644144,Mechanical Failure
2026-06-07,Plant C,M-01,1.3980396561081492,Maintenance
2026-06-07,Plant C,M-01,0.8928201512303207,Mechanical Failure
2026-06-07,Plant C,M-01,1.1395840147665819,Mechanical Failure
2026-06-07,Plant C,M-02,0.6242467360147601,Mechanical Failure
2026-06-07,Plant C,M-02,2.9840140337216186,Operator Issue
2026-06-07,Plant C,M-02,1.3142895903694798,Mechanical Failure
2026-06-07,Plant C,M-03,1.6864659787200962,Mechanical Failure
2026-06-07,Plant C,M-03,1.8266302768415914,Maintenance
2026-06-07,Plant C,M-03,1.8291834881401154,Changeover
2026-06-07,Plant C,M-04,1.949555183481112,Material Shortage
2026-06-07,Plant C,M-04,0.3127150454553915,Maintenance
2026-06-07,Plant C,M-04,2.8930893253150067,Material Shortage
2026-06-07,Plant C,M-05,2.890481171170838,Changeover
2026-06-07,Plant C,M-05,1.8048562285481464,Material Shortage
2026-06-07,Plant C,M-05,1.0358307796692103,Mechanical Failure
2026-06-08,Plant A,M-01,2.124399150272033,Operator Issue
2026-06-08,Plant A,M-01,2.351193244482951,Operator Issue
2026-06-08,Plant A,M-01,2.862260482815952,Operator Issue
2026-06-08,Plant A,M-02,0.38682842911216453,Operator Issue
2026-06-08,Plant A,M-02,3.2334904035559817,Operator Issue
2026-06-08,Plant A,M-02,3.4476478011261933,Material Shortage
2026-06-08,Plant A,M-03,3.04998030568978,Maintenance
2026-06-08,Plant A,M-03,1.5318623097753794,Operator Issue
2026-06-08,Plant A,M-03,3.3467345766487218,Material Shortage
2026-06-08,Plant A,M-04,1.753767359298991,Operator Issue
2026-06-08,Plant A,M-04,1.0042472101718425,Maintenance
2026-06-08,Plant A,M-04,2.0846756502130734,Material Shortage
2026-06-08,Plant A,M-05,2.1457083529608503,Operator Issue
2026-06-08,Plant A,M-05,0.24226079544912305,Electrical Failure
2026-06-08,Plant A,M-05,0.9710596904687372,Maintenance
2026-06-08,Plant B,M-01,0.45435809130179655,Operator Issue
2026-06-08,Plant B,M-01,0.8856843079560162,Changeover
2026-06-08,Plant B,M-01,3.4631944240583077,Operator Issue
2026-06-08,Plant B,M-02,2.0549398944189385,Maintenance
2026-06-08,Plant B,M-02,0.925055387847149,Electrical Failure
2026-06-08,Plant B,M-02,3.3601292281154898,Electrical Failure
2026-06-08,Plant B,M-03,3.139099442770299,Operator Issue
2026-06-08,Plant B,M-03,2.368723897967454,Maintenance
2026-06-08,Plant B,M-03,1.9989731797331147,Electrical Failure
2026-06-08,Plant B,M-04,4.708215062720566,Mechanical Failure
2026-06-08,Plant B,M-04,7.9123677353992985,Mechanical Failure
2026-06-08,Plant B,M-04,6.428251544051447,Changeover
2026-06-08,Plant B,M-05,2.3397481627671337,Electrical Failure
2026-06-08,Plant B,M-05,2.7322492891881125,Changeover
2026-06-08,Plant B,M-05,2.6923559044908814,Electrical Failure
2026-06-08,Plant C,M-01,1.0603989511945142,Changeover
2026-06-08,Plant C,M-01,0.983332205999879,Mechanical Failure
2026-06-08,Plant C,M-01,1.0202771626348486,Mechanical Failure
2026-06-08,Plant C,M-02,0.6896297983161562,Mechanical Failure
2026-06-08,Plant C,M-02,1.7356912266447693,Electrical Failure
2026-06-08,Plant C,M-02,2.0269002211840355,Changeover
2026-06-08,Plant C,M-03,3.0164589132057507,Electrical Failure
2026-06-08,Plant C,M-03,2.294756564577531,Mechanical Failure
2026-06-08,Plant C,M-03,3.2997420886594417,Material Shortage
2026-06-08,Plant C,M-04,0.42110690753738833,Material Shortage
2026-06-08,Plant C,M-04,0.7985940405377674,Mechanical Failure
2026-06-08,Plant C,M-04,2.225625322098859,Maintenance
2026-06-08,Plant C,M-05,2.387981918326415,Electrical Failure
2026-06-08,Plant C,M-05,3.4329362995829547,Electrical Failure
2026-06-08,Plant C,M-05,3.3569094517631557,Material Shortage
2026-06-09,Plant A,M-01,2.0752502498410146,Mechanical Failure
2026-06-09,Plant A,M-01,1.6248553081441364,Electrical Failure
2026-06-09,Plant A,M-01,2.912208895992165,Material Shortage
2026-06-09,Plant A,M-02,2.6703709972380834,Material Shortage
2026-06-09,Plant A,M-02,2.272680246713188,Material Shortage
2026-06-09,Plant A,M-02,2.575476324091655,Changeover
2026-06-09,Plant A,M-03,2.5315208298776604,Changeover
2026-06-09,Plant A,M-03,1.627058092458804,Operator Issue
2026-06-09,Plant A,M-03,0.25228534746045056,Maintenance
2026-06-09,Plant A,M-04,1.8740024310142376,Mechanical Failure
2026-06-09,Plant A,M-04,1.929577154431616,Changeover
2026-06-09,Plant A,M-04,1.0357552741081268,Mechanical Failure
2026-06-09,Plant A,M-05,3.217865029220761,Changeover
2026-06-09,Plant A,M-05,0.34706230842843633,Operator Issue
2026-06-09,Plant A,M-05,2.9385907928593036,Electrical Failure
2026-06-09,Plant B,M-01,3.288180710000821,Maintenance
2026-06-09,Plant B,M-01,1.1802754957388164,Maintenance
2026-06-09,Plant B,M-01,0.20548778620599217,Mechanical Failure
2026-06-09,Plant B,M-02,2.2978028981636376,Material Shortage
2026-06-09,Plant B,M-02,3.4514725928246746,Changeover
2026-06-09,Plant B,M-02,2.849319743551767,Electrical Failure
2026-06-09,Plant B,M-03,0.4112102601677424,Mechanical Failure
2026-06-09,Plant B,M-03,1.5461238161999256,Changeover
2026-06-09,Plant B,M-03,2.846702258826666,Operator Issue
2026-06-09,Plant B,M-04,7.761381898178715,Electrical Failure
2026-06-09,Plant B,M-04,5.523839249775104,Maintenance
2026-06-09,Plant B,M-04,4.640969120704886,Mechanical Failure
2026-06-09,Plant B,M-05,2.0298374784547093,Maintenance
2026-06-09,Plant B,M-05,1.9073096087570967,Mechanical Failure
2026-06-09,Plant B,M-05,2.994727165092703,Mechanical Failure
2026-06-09,Plant C,M-01,0.4847857869806243,Mechanical Failure
2026-06-09,Plant C,M-01,3.214395498866486,Changeover
2026-06-09,Plant C,M-01,3.187526787673675,Changeover
2026-06-09,Plant C,M-02,0.5641178369723009,Material Shortage
2026-06-09,Plant C,M-02,0.7942299183860084,Mechanical Failure
2026-06-09,Plant C,M-02,2.887209380544519,Mechanical Failure
2026-06-09,Plant C,M-03,1.8100870958901412,Changeover
2026-06-09,Plant C,M-03,1.6871257443020597,Operator Issue
2026-06-09,Plant C,M-03,0.6273312839600431,Maintenance
2026-06-09,Plant C,M-04,2.3153075582422686,Maintenance
2026-06-09,Plant C,M-04,0.34483238843918707,Operator Issue
2026-06-09,Plant C,M-04,1.313496207432794,Maintenance
2026-06-09,Plant C,M-05,1.5739354189428436,Operator Issue
2026-06-09,Plant C,M-05,3.2992274577650016,Electrical Failure
2026-06-09,Plant C,M-05,3.203791851948964,Material Shortage
2026-06-10,Plant A,M-01,0.38641658704392134,Maintenance
2026-06-10,Plant A,M-01,2.672852573442311,Changeover
2026-06-10,Plant A,M-01,2.4112977604654815,Changeover
2026-06-10,Plant A,M-02,3.4044143202441304,Mechanical Failure
2026-06-10,Plant A,M-02,0.6519465326452792,Changeover
2026-06-10,Plant A,M-02,0.5283120089584092,Electrical Failure
2026-06-10,Plant A,M-03,1.22458639960082,Maintenance
2026-06-10,Plant A,M-03,0.641309808219761,Mechanical Failure
2026-06-10,Plant A,M-03,2.2687440673879493,Electrical Failure
2026-06-10,Plant A,M-04,2.6765468568561195,Maintenance
2026-06-10,Plant A,M-04,2.241840581112239,Electrical Failure
2026-06-10,Plant A,M-04,3.248108961715235,Mechanical Failure
2026-06-10,Plant A,M-05,1.98807164155079,Electrical Failure
2026-06-10,Plant A,M-05,2.1108133374421523,Electrical Failure
2026-06-10,Plant A,M-05,1.1435365554115289,Material Shortage
2026-06-10,Plant B,M-01,1.231910828985027,Electrical Failure
2026-06-10,Plant B,M-01,1.4168619181209503,Changeover
2026-06-10,Plant B,M-01,2.049241738139248,Electrical Failure
2026-06-10,Plant B,M-02,3.2706986198976966,Operator Issue
2026-06-10,Plant B,M-02,0.5700088032908919,Mechanical Failure
2026-06-10,Plant B,M-02,1.5296546271002658,Mechanical Failure
2026-06-10,Plant B,M-03,1.1271441654902559,Material Shortage
2026-06-10,Plant B,M-03,0.6501574372775808,Changeover
2026-06-10,Plant B,M-03,0.6985813898700215,Operator Issue
2026-06-10,Plant B,M-04,6.618891742816861,Maintenance
2026-06-10,Plant B,M-04,6.440046969493717,Electrical Failure
2026-06-10,Plant B,M-04,4.489594233523903,Electrical Failure
2026-06-10,Plant B,M-05,1.5029072486726773,Mechanical Failure
2026-06-10,Plant B,M-05,2.228880883171938,Electrical Failure
2026-06-10,Plant B,M-05,2.662694522599384,Operator Issue
2026-06-10,Plant C,M-01,3.131109383506828,Mechanical Failure
2026-06-10,Plant C,M-01,1.1022073013123472,Mechanical Failure
2026-06-10,Plant C,M-01,2.609228138410577,Material Shortage
2026-06-10,Plant C,M-02,1.2866887387683201,Material Shortage
2026-06-10,Plant C,M-02,0.3570888052633653,Operator Issue
2026-06-10,Plant C,M-02,1.2553265792171573,Material Shortage
2026-06-10,Plant C,M-03,3.3072863999560833,Maintenance
2026-06-10,Plant C,M-03,1.6727058030032613,Mechanical Failure
2026-06-10,Plant C,M-03,0.9304532497655311,Maintenance
2026-06-10,Plant C,M-04,0.9836537692198137,Changeover
2026-06-10,Plant C,M-04,2.029981519593895,Operator Issue
2026-06-10,Plant C,M-04,2.032259778301451,Mechanical Failure
2026-06-10,Plant C,M-05,1.9181269960424592,Mechanical Failure
2026-06-10,Plant C,M-05,2.6533543893784852,Operator Issue
2026-06-10,Plant C,M-05,2.5818866859464418,Maintenance
2026-06-11,Plant A,M-01,1.2601781382677726,Electrical Failure
2026-06-11,Plant A,M-01,3.01820979430844,Mechanical Failure
2026-06-11,Plant A,M-01,1.3431331428887587,Changeover
2026-06-11,Plant A,M-02,0.33458614385515817,Maintenance
2026-06-11,Plant A,M-02,1.8495733984562688,Mechanical Failure
2026-06-11,Plant A,M-02,3.006491271336224,Operator Issue
2026-06-11,Plant A,M-03,1.425843052169026,Maintenance
2026-06-11,Plant A,M-03,1.001992941989617,Maintenance
2026-06-11,Plant A,M-03,2.179157122913633,Maintenance
2026-06-11,Plant A,M-04,2.9309437298115064,Material Shortage
2026-06-11,Plant A,M-04,0.7843306231136074,Mechanical Failure
2026-06-11,Plant A,M-04,2.117897477071623,Electrical Failure
2026-06-11,Plant A,M-05,1.116932627823757,Operator Issue
2026-06-11,Plant A,M-05,2.3943026340441476,Maintenance
2026-06-11,Plant A,M-05,2.9677511866504833,Operator Issue
2026-06-11,Plant B,M-01,1.538036417248481,Electrical Failure
2026-06-11,Plant B,M-01,2.5684341759265306,Changeover
2026-06-11,Plant B,M-01,3.1636878535244874,Maintenance
2026-06-11,Plant B,M-02,1.5041988158336859,Mechanical Failure
2026-06-11,Plant B,M-02,0.7474750668721468,Material Shortage
2026-06-11,Plant B,M-02,2.9868968659086113,Electrical Failure
2026-06-11,Plant B,M-03,3.1938093013975166,Operator Issue
2026-06-11,Plant B,M-03,3.2357367205419347,Material Shortage
2026-06-11,Plant B,M-03,3.334517233509849,Maintenance
2026-06-11,Plant B,M-04,7.664248807934859,Electrical Failure
2026-06-11,Plant B,M-04,4.260935444815817,Material Shortage
2026-06-11,Plant B,M-04,7.196856553123546,Electrical Failure
2026-06-11,Plant B,M-05,1.696549544912814,Electrical Failure
2026-06-11,Plant B,M-05,0.8760262306389266,Operator Issue
2026-06-11,Plant B,M-05,0.5409186100012384,Mechanical Failure
2026-06-11,Plant C,M-01,0.7302081908927194,Changeover
2026-06-11,Plant C,M-01,0.2046215330562613,Mechanical Failure
2026-06-11,Plant C,M-01,1.1552626134403605,Mechanical Failure
2026-06-11,Plant C,M-02,0.42991287048364,Operator Issue
2026-06-11,Plant C,M-02,2.988192974586244,Material Shortage
2026-06-11,Plant C,M-02,1.0052703970388235,Material Shortage
2026-06-11,Plant C,M-03,2.558506311928464,Material Shortage
2026-06-11,Plant C,M-03,0.9592459044760744,Operator Issue
2026-06-11,Plant C,M-03,0.7957858855606592,Electrical Failure
2026-06-11,Plant C,M-04,1.727259068829556,Changeover
2026-06-11,Plant C,M-04,1.0391194146844442,Operator Issue
2026-06-11,Plant C,M-04,0.5532473703602352,Mechanical Failure
2026-06-11,Plant C,M-05,0.5246715217505966,Electrical Failure
2026-06-11,Plant C,M-05,2.375740041567244,Changeover
2026-06-11,Plant C,M-05,2.496500042677068,Changeover
2026-06-12,Plant A,M-01,2.6148519925527314,Operator Issue
2026-06-12,Plant A,M-01,3.199976661414948,Electrical Failure
2026-06-12,Plant A,M-01,3.1539092747233757,Changeover
2026-06-12,Plant A,M-02,2.769546622702815,Electrical Failure
2026-06-12,Plant A,M-02,3.4022243045864315,Maintenance
2026-06-12,Plant A,M-02,2.5307922094121476,Mechanical Failure
2026-06-12,Plant A,M-03,2.333573994111143,Electrical Failure
2026-06-12,Plant A,M-03,2.2602200451539236,Changeover
2026-06-12,Plant A,M-03,0.29062387054903327,Mechanical Failure
2026-06-12,Plant A,M-04,2.5664347664084453,Maintenance
2026-06-12,Plant A,M-04,0.45529990255277925,Electrical Failure
2026-06-12,Plant A,M-04,1.4647884488133447,Material Shortage
2026-06-12,Plant A,M-05,2.0589264985014757,Electrical Failure
2026-06-12,Plant A,M-05,2.08388504270164,Maintenance
2026-06-12,Plant A,M-05,1.9429463719045934,Maintenance
2026-06-12,Plant B,M-01,1.3261429402857217,Electrical Failure
2026-06-12,Plant B,M-01,2.683652940862345,Maintenance
2026-06-12,Plant B,M-01,2.1995450285640588,Mechanical Failure
2026-06-12,Plant B,M-02,3.344282270399442,Electrical Failure
2026-06-12,Plant B,M-02,3.377503130317248,Maintenance
2026-06-12,Plant B,M-02,2.4418691266788835,Electrical Failure
2026-06-12,Plant B,M-03,0.30769446488261665,Electrical Failure
2026-06-12,Plant B,M-03,2.263978721461882,Electrical Failure
2026-06-12,Plant B,M-03,1.0769481761173398,Mechanical Failure
2026-06-12,Plant B,M-04,7.239333632346726,Operator Issue
2026-06-12,Plant B,M-04,4.271989075797897,Operator Issue
2026-06-12,Plant B,M-04,5.874756967014309,Changeover
2026-06-12,Plant B,M-05,2.6216342091573317,Operator Issue
2026-06-12,Plant B,M-05,2.1756530156956275,Electrical Failure
2026-06-12,Plant B,M-05,0.29228135567361024,Maintenance
2026-06-12,Plant C,M-01,2.402805733839002,Mechanical Failure
2026-06-12,Plant C,M-01,3.139480620231608,Material Shortage
2026-06-12,Plant C,M-01,0.3735513959074508,Operator Issue
2026-06-12,Plant C,M-02,0.8542468593261896,Changeover
2026-06-12,Plant C,M-02,0.45590313290024964,Electrical Failure
2026-06-12,Plant C,M-02,0.46741394138511616,Electrical Failure
2026-06-12,Plant C,M-03,3.0759871633841285,Electrical Failure
2026-06-12,Plant C,M-03,3.072776463536551,Operator Issue
2026-06-12,Plant C,M-03,1.8717252388683736,Mechanical Failure
2026-06-12,Plant C,M-04,1.4458595700925345,Maintenance
2026-06-12,Plant C,M-04,2.6521021506439624,Changeover
2026-06-12,Plant C,M-04,0.5394252149496906,Operator Issue
2026-06-12,Plant C,M-05,2.0918337342916042,Mechanical Failure
2026-06-12,Plant C,M-05,1.3486391688436705,Operator Issue
2026-06-12,Plant C,M-05,2.030002401360243,Operator Issue
2026-06-13,Plant A,M-01,1.0120791191433534,Electrical Failure
2026-06-13,Plant A,M-01,2.1481767375132543,Operator Issue
2026-06-13,Plant A,M-01,0.4070288835656184,Mechanical Failure
2026-06-13,Plant A,M-02,2.3543041116616448,Electrical Failure
2026-06-13,Plant A,M-02,0.5833083918845965,Mechanical Failure
2026-06-13,Plant A,M-02,2.5016826949747264,Changeover
2026-06-13,Plant A,M-03,3.440473000549942,Operator Issue
2026-06-13,Plant A,M-03,0.34555591645040107,Maintenance
2026-06-13,Plant A,M-03,1.1061610953889953,Material Shortage
2026-06-13,Plant A,M-04,0.23235180105430042,Material Shortage
2026-06-13,Plant A,M-04,2.7091523478114246,Mechanical Failure
2026-06-13,Plant A,M-04,0.30257451898841486,Operator Issue
2026-06-13,Plant A,M-05,0.9220234103490033,Changeover
2026-06-13,Plant A,M-05,3.116426871461186,Mechanical Failure
2026-06-13,Plant A,M-05,0.8356797050311173,Changeover
2026-06-13,Plant B,M-01,2.0287266593171083,Operator Issue
2026-06-13,Plant B,M-01,3.2540936719078197,Material Shortage
2026-06-13,Plant B,M-01,0.7124567932180232,Electrical Failure
2026-06-13,Plant B,M-02,2.4325505799048885,Changeover
2026-06-13,Plant B,M-02,0.9892826798312206,Electrical Failure
2026-06-13,Plant B,M-02,2.0287898163483487,Changeover
2026-06-13,Plant B,M-03,3.2393244709460176,Operator Issue
2026-06-13,Plant B,M-03,1.8805614605421845,Electrical Failure
2026-06-13,Plant B,M-03,1.959339724681927,Maintenance
2026-06-13,Plant B,M-04,4.196792606248925,Maintenance
2026-06-13,Plant B,M-04,7.818418774253406,Electrical Failure
2026-06-13,Plant B,M-04,7.623818653344913,Mechanical Failure
2026-06-13,Plant B,M-05,1.775869295397462,Maintenance
2026-06-13,Plant B,M-05,3.486684600536599,Mechanical Failure
2026-06-13,Plant B,M-05,2.6497890819688505,Material Shortage
2026-06-13,Plant C,M-01,1.8333053006993296,Mechanical Failure
2026-06-13,Plant C,M-01,1.6130983444599807,Mechanical Failure
2026-06-13,Plant C,M-01,2.3035412301451843,Mechanical Failure
2026-06-13,Plant C,M-02,2.495634440539332,Electrical Failure
2026-06-13,Plant C,M-02,0.5420076792930526,Maintenance
2026-06-13,Plant C,M-02,2.5663020961482395,Electrical Failure
2026-06-13,Plant C,M-03,1.700774030627079,Material Shortage
2026-06-13,Plant C,M-03,2.475736218029407,Mechanical Failure
2026-06-13,Plant C,M-03,3.208332345496326,Material Shortage
2026-06-13,Plant C,M-04,0.5584677556638242,Mechanical Failure
2026-06-13,Plant C,M-04,1.2778258923928476,Maintenance
2026-06-13,Plant C,M-04,1.9448580411874241,Electrical Failure
2026-06-13,Plant C,M-05,3.4760614400944085,Mechanical Failure
2026-06-13,Plant C,M-05,0.4504886446983802,Operator Issue
2026-06-13,Plant C,M-05,0.6466283024820523,Changeover
2026-06-14,Plant A,M-01,3.014233739908105,Material Shortage
2026-06-14,Plant A,M-01,1.6438535427269547,Mechanical Failure
2026-06-14,Plant A,M-01,0.6820354717337457,Electrical Failure
2026-06-14,Plant A,M-02,0.3174106661018424,Electrical Failure
2026-06-14,Plant A,M-02,1.6648865187460486,Material Shortage
2026-06-14,Plant A,M-02,1.0905569348058968,Changeover
2026-06-14,Plant A,M-03,0.8662398165502587,Electrical Failure
2026-06-14,Plant A,M-03,0.20845045696321235,Material Shortage
2026-06-14,Plant A,M-03,3.223596326830714,Maintenance
2026-06-14,Plant A,M-04,1.4798901951150933,Maintenance
2026-06-14,Plant A,M-04,1.572388986597136,Maintenance
2026-06-14,Plant A,M-04,2.400025034384649,Maintenance
2026-06-14,Plant A,M-05,2.832238103144701,Mechanical Failure
2026-06-14,Plant A,M-05,2.300203431346997,Operator Issue
2026-06-14,Plant A,M-05,2.8395005197125975,Operator Issue
2026-06-14,Plant B,M-01,1.4206196277739225,Maintenance
2026-06-14,Plant B,M-01,2.660617905894426,Changeover
2026-06-14,Plant B,M-01,2.1927022595825383,Changeover
2026-06-14,Plant B,M-02,1.965672273496147,Maintenance
2026-06-14,Plant B,M-02,1.90954777890784,Changeover
2026-06-14,Plant B,M-02,3.0685929931845957,Electrical Failure
2026-06-14,Plant B,M-03,2.554472491984727,Mechanical Failure
2026-06-14,Plant B,M-03,2.7392838012395444,Changeover
2026-06-14,Plant B,M-03,1.7199312427224223,Material Shortage
2026-06-14,Plant B,M-04,5.292916496292227,Mechanical Failure
2026-06-14,Plant B,M-04,7.384174617005749,Electrical Failure
2026-06-14,Plant B,M-04,7.605864569355731,Mechanical Failure
2026-06-14,Plant B,M-05,1.6300588754304528,Material Shortage
2026-06-14,Plant B,M-05,1.629516294673072,Maintenance
2026-06-14,Plant B,M-05,0.595400534876058,Maintenance
2026-06-14,Plant C,M-01,2.2229464052276824,Material Shortage
2026-06-14,Plant C,M-01,1.709890414110747,Material Shortage
2026-06-14,Plant C,M-01,1.8964859041318494,Electrical Failure
2026-06-14,Plant C,M-02,1.1264505766398438,Material Shortage
2026-06-14,Plant C,M-02,1.8331224530492094,Maintenance
2026-06-14,Plant C,M-02,1.0768384482856592,Mechanical Failure
2026-06-14,Plant C,M-03,2.113362353429095,Operator Issue
2026-06-14,Plant C,M-03,2.4349891103392256,Material Shortage
2026-06-14,Plant C,M-03,2.4020954000004417,Operator Issue
2026-06-14,Plant C,M-04,1.5578200177548422,Changeover
2026-06-14,Plant C,M-04,0.6849666712100092,Maintenance
2026-06-14,Plant C,M-04,1.1049610907850886,Material Shortage
2026-06-14,Plant C,M-05,0.8482609509644441,Changeover
2026-06-14,Plant C,M-05,2.132978097801098,Mechanical Failure
2026-06-14,Plant C,M-05,2.383915019674532,Material Shortage
2026-06-15,Plant A,M-01,1.6334761205580217,Material Shortage
2026-06-15,Plant A,M-01,1.1095445536367028,Material Shortage
2026-06-15,Plant A,M-01,2.8816607692737515,Maintenance
2026-06-15,Plant A,M-02,1.7689807051216522,Maintenance
2026-06-15,Plant A,M-02,2.777957020924839,Mechanical Failure
2026-06-15,Plant A,M-02,0.264237557144325,Electrical Failure
2026-06-15,Plant A,M-03,2.604352109226955,Mechanical Failure
2026-06-15,Plant A,M-03,3.408562103410065,Operator Issue
2026-06-15,Plant A,M-03,3.0510324292548736,Maintenance
2026-06-15,Plant A,M-04,2.0839368969841634,Electrical Failure
2026-06-15,Plant A,M-04,0.39420924050573164,Electrical Failure
2026-06-15,Plant A,M-04,0.21189024831763528,Electrical Failure
2026-06-15,Plant A,M-05,1.6184569171642413,Material Shortage
2026-06-15,Plant A,M-05,2.445223222248807,Maintenance
2026-06-15,Plant A,M-05,2.5967248854865432,Electrical Failure
2026-06-15,Plant B,M-01,1.2493134360377909,Material Shortage
2026-06-15,Plant B,M-01,2.374701063949364,Electrical Failure
2026-06-15,Plant B,M-01,1.60353462674153,Changeover
2026-06-15,Plant B,M-02,2.2093421046000623,Operator Issue
2026-06-15,Plant B,M-02,2.591812727802789,Material Shortage
2026-06-15,Plant B,M-02,1.9507608503415177,Changeover
2026-06-15,Plant B,M-03,0.8648000934875752,Changeover
2026-06-15,Plant B,M-03,0.4110502201310859,Mechanical Failure
2026-06-15,Plant B,M-03,2.6237509409047943,Mechanical Failure
2026-06-15,Plant B,M-04,7.376803963203068,Mechanical Failure
2026-06-15,Plant B,M-04,7.188413292447063,Mechanical Failure
2026-06-15,Plant B,M-04,4.764406403813219,Mechanical Failure
2026-06-15,Plant B,M-05,3.191615026708676,Operator Issue
2026-06-15,Plant B,M-05,1.4063962018227634,Material Shortage
2026-06-15,Plant B,M-05,2.0297972346962374,Operator Issue
2026-06-15,Plant C,M-01,2.491635966187273,Operator Issue
2026-06-15,Plant C,M-01,1.6441766761931225,Operator Issue
2026-06-15,Plant C,M-01,0.8851496240933743,Maintenance
2026-06-15,Plant C,M-02,0.460489075645632,Material Shortage
2026-06-15,Plant C,M-02,0.2511920454137916,Changeover
2026-06-15,Plant C,M-02,1.5374218627615903,Changeover
2026-06-15,Plant C,M-03,1.0536097859576328,Maintenance
2026-06-15,Plant C,M-03,1.5313791601576252,Material Shortage
2026-06-15,Plant C,M-03,0.2557792336618067,Material Shortage
2026-06-15,Plant C,M-04,2.285471425175466,Changeover
2026-06-15,Plant C,M-04,2.0582993072156297,Changeover
2026-06-15,Plant C,M-04,1.6933661861369338,Changeover
2026-06-15,Plant C,M-05,2.461629714423453,Mechanical Failure
2026-06-15,Plant C,M-05,1.7274387625620489,Changeover
2026-06-15,Plant C,M-05,1.6826513814778652,Maintenance
2026-06-16,Plant A,M-01,1.7509769912784272,Changeover
2026-06-16,Plant A,M-01,0.982488298225771,Maintenance
2026-06-16,Plant A,M-01,3.0339978672829,Electrical Failure
2026-06-16,Plant A,M-02,1.9732101933953385,Changeover
2026-06-16,Plant A,M-02,2.809414156975189,Material Shortage
2026-06-16,Plant A,M-02,1.7700575252389406,Electrical Failure
2026-06-16,Plant A,M-03,0.9778593900880173,Changeover
2026-06-16,Plant A,M-03,1.5713719952578789,Electrical Failure
2026-06-16,Plant A,M-03,3.1918788964227103,Electrical Failure
2026-06-16,Plant A,M-04,2.3551608274775777,Material Shortage
2026-06-16,Plant A,M-04,0.4034124563306831,Material Shortage
2026-06-16,Plant A,M-04,2.425730567251547,Mechanical Failure
2026-06-16,Plant A,M-05,1.7712977173345976,Mechanical Failure
2026-06-16,Plant A,M-05,2.6577369739402865,Maintenance
2026-06-16,Plant A,M-05,1.2755928015241704,Maintenance
2026-06-16,Plant B,M-01,1.791871329924471,Mechanical Failure
2026-06-16,Plant B,M-01,1.7963921928605144,Material Shortage
2026-06-16,Plant B,M-01,1.7731476650052114,Electrical Failure
2026-06-16,Plant B,M-02,0.2317767003615343,Changeover
2026-06-16,Plant B,M-02,2.668322562669285,Maintenance
2026-06-16,Plant B,M-02,1.0520281834315548,Material Shortage
2026-06-16,Plant B,M-03,1.2783509783983193,Operator Issue
2026-06-16,Plant B,M-03,3.3788520150368644,Changeover
2026-06-16,Plant B,M-03,1.7388402234200202,Mechanical Failure
2026-06-16,Plant B,M-04,7.769050989776714,Mechanical Failure
2026-06-16,Plant B,M-04,4.648342776007645,Mechanical Failure
2026-06-16,Plant B,M-04,6.827569300927706,Electrical Failure
2026-06-16,Plant B,M-05,0.8054901479762868,Changeover
2026-06-16,Plant B,M-05,1.7340325286756373,Operator Issue
2026-06-16,Plant B,M-05,0.35069280953659376,Operator Issue
2026-06-16,Plant C,M-01,2.999162656698792,Electrical Failure
2026-06-16,Plant C,M-01,3.3964749787834956,Material Shortage
2026-06-16,Plant C,M-01,0.6537659802097009,Changeover
2026-06-16,Plant C,M-02,2.8621702586233506,Changeover
2026-06-16,Plant C,M-02,0.5517925983839873,Material Shortage
2026-06-16,Plant C,M-02,1.691683959916039,Material Shortage
2026-06-16,Plant C,M-03,0.5554888033113645,Maintenance
2026-06-16,Plant C,M-03,1.4806928569458453,Maintenance
2026-06-16,Plant C,M-03,3.4435314911107167,Material Shortage
2026-06-16,Plant C,M-04,2.363149561815371,Changeover
2026-06-16,Plant C,M-04,0.613374739208131,Operator Issue
2026-06-16,Plant C,M-04,1.945168869940288,Changeover
2026-06-16,Plant C,M-05,2.0997745439672366,Mechanical Failure
2026-06-16,Plant C,M-05,2.2658985540794148,Material Shortage
2026-06-16,Plant C,M-05,2.7726619082975246,Mechanical Failure
2026-06-17,Plant A,M-01,3.1977763081221817,Material Shortage
2026-06-17,Plant A,M-01,1.499742347046793,Material Shortage
2026-06-17,Plant A,M-01,2.3951747790872697,Operator Issue
2026-06-17,Plant A,M-02,1.2351399112246537,Changeover
2026-06-17,Plant A,M-02,0.828383029826167,Operator Issue
2026-06-17,Plant A,M-02,2.003913569829138,Mechanical Failure
2026-06-17,Plant A,M-03,1.1437325045917845,Material Shortage
2026-06-17,Plant A,M-03,2.4060850356847414,Material Shortage
2026-06-17,Plant A,M-03,2.541823651585221,Maintenance
2026-06-17,Plant A,M-04,2.6064266824909237,Electrical Failure
2026-06-17,Plant A,M-04,2.073195302507245,Maintenance
2026-06-17,Plant A,M-04,0.8329584688895935,Mechanical Failure
2026-06-17,Plant A,M-05,2.337239171567436,Electrical Failure
2026-06-17,Plant A,M-05,2.2346465861909115,Maintenance
2026-06-17,Plant A,M-05,2.7472059177504007,Operator Issue
2026-06-17,Plant B,M-01,2.5989492426344776,Mechanical Failure
2026-06-17,Plant B,M-01,0.44392273049303344,Operator Issue
2026-06-17,Plant B,M-01,1.0788266307519994,Maintenance
2026-06-17,Plant B,M-02,2.323816471366863,Material Shortage
2026-06-17,Plant B,M-02,1.6931492759756641,Electrical Failure
2026-06-17,Plant B,M-02,2.3637221599899347,Material Shortage
2026-06-17,Plant B,M-03,2.830873696916518,Maintenance
2026-06-17,Plant B,M-03,3.1091764153173433,Material Shortage
2026-06-17,Plant B,M-03,0.5242420899477395,Electrical Failure
2026-06-17,Plant B,M-04,7.340920546689114,Mechanical Failure
2026-06-17,Plant B,M-04,5.871386893480199,Mechanical Failure
2026-06-17,Plant B,M-04,6.782589279983451,Mechanical Failure
2026-06-17,Plant B,M-05,3.1160961983992257,Changeover
2026-06-17,Plant B,M-05,2.6323226059534734,Changeover
2026-06-17,Plant B,M-05,0.4418563782371084,Electrical Failure
2026-06-17,Plant C,M-01,3.225836299299906,Maintenance
2026-06-17,Plant C,M-01,2.8549009626606163,Mechanical Failure
2026-06-17,Plant C,M-01,1.5105638406483688,Material Shortage
2026-06-17,Plant C,M-02,2.0530906798701545,Material Shortage
2026-06-17,Plant C,M-02,2.5507393494922193,Maintenance
2026-06-17,Plant C,M-02,2.356874472505169,Operator Issue
2026-06-17,Plant C,M-03,3.042961264813515,Mechanical Failure
2026-06-17,Plant C,M-03,0.7603841838245187,Material Shortage
2026-06-17,Plant C,M-03,1.6316269986268093,Changeover
2026-06-17,Plant C,M-04,2.2509621427039086,Electrical Failure
2026-06-17,Plant C,M-04,1.564375938806323,Changeover
2026-06-17,Plant C,M-04,0.48890472465970314,Maintenance
2026-06-17,Plant C,M-05,1.6714700846710007,Maintenance
2026-06-17,Plant C,M-05,1.7106069414466807,Operator Issue
2026-06-17,Plant C,M-05,1.1913821717812612,Mechanical Failure
2026-06-18,Plant A,M-01,3.306253607922454,Operator Issue
2026-06-18,Plant A,M-01,2.1930408935782557,Operator Issue
2026-06-18,Plant A,M-01,1.8652998682934234,Mechanical Failure
2026-06-18,Plant A,M-02,0.20592295701818258,Mechanical Failure
2026-06-18,Plant A,M-02,1.8251275239331137,Mechanical Failure
2026-06-18,Plant A,M-02,3.3625973166183276,Operator Issue
2026-06-18,Plant A,M-03,3.1197566649552435,Changeover
2026-06-18,Plant A,M-03,0.83385111051885,Changeover
2026-06-18,Plant A,M-03,1.22534844502941,Electrical Failure
2026-06-18,Plant A,M-04,1.2738414324956386,Operator Issue
2026-06-18,Plant A,M-04,1.3109031105697977,Maintenance
2026-06-18,Plant A,M-04,3.038788094471668,Mechanical Failure
2026-06-18,Plant A,M-05,1.1420921435377291,Mechanical Failure
2026-06-18,Plant A,M-05,2.442282949883585,Material Shortage
2026-06-18,Plant A,M-05,1.7667976714836555,Material Shortage
2026-06-18,Plant B,M-01,1.6827621097283796,Changeover
2026-06-18,Plant B,M-01,0.5227625639068785,Maintenance
2026-06-18,Plant B,M-01,2.7737536458188283,Mechanical Failure
2026-06-18,Plant B,M-02,2.9895656051114807,Material Shortage
2026-06-18,Plant B,M-02,0.8019715598995771,Material Shortage
2026-06-18,Plant B,M-02,1.481628387148017,Material Shortage
2026-06-18,Plant B,M-03,0.9328147606971555,Changeover
2026-06-18,Plant B,M-03,1.7426173487406529,Material Shortage
2026-06-18,Plant B,M-03,0.23878349273667113,Changeover
2026-06-18,Plant B,M-04,5.7693603013009795,Mechanical Failure
2026-06-18,Plant B,M-04,5.633580896190171,Electrical Failure
2026-06-18,Plant B,M-04,6.939506079412159,Electrical Failure
2026-06-18,Plant B,M-05,2.8834009129137486,Material Shortage
2026-06-18,Plant B,M-05,2.8402520879878104,Electrical Failure
2026-06-18,Plant B,M-05,0.6349118987196352,Operator Issue
2026-06-18,Plant C,M-01,1.7271960821877586,Mechanical Failure
2026-06-18,Plant C,M-01,1.6641450516290064,Maintenance
2026-06-18,Plant C,M-01,2.005091243270489,Material Shortage
2026-06-18,Plant C,M-02,3.4032245769463176,Electrical Failure
2026-06-18,Plant C,M-02,0.42554279690244734,Electrical Failure
2026-06-18,Plant C,M-02,3.2863403696897593,Mechanical Failure
2026-06-18,Plant C,M-03,3.2718730341112696,Operator Issue
2026-06-18,Plant C,M-03,3.0535725443559945,Changeover
2026-06-18,Plant C,M-03,2.3841290191109743,Mechanical Failure
2026-06-18,Plant C,M-04,3.250826970075382,Material Shortage
2026-06-18,Plant C,M-04,0.2748562113419033,Mechanical Failure
2026-06-18,Plant C,M-04,1.2923650926017538,Changeover
2026-06-18,Plant C,M-05,3.4715631468269255,Electrical Failure
2026-06-18,Plant C,M-05,2.174663807375831,Maintenance
2026-06-18,Plant C,M-05,2.028430441967838,Operator Issue
2026-06-19,Plant A,M-01,2.827116414071381,Operator Issue
2026-06-19,Plant A,M-01,0.7352204194665917,Operator Issue
2026-06-19,Plant A,M-01,2.754230442434546,Operator Issue
2026-06-19,Plant A,M-02,2.6313277159584363,Maintenance
2026-06-19,Plant A,M-02,0.9625763029011716,Operator Issue
2026-06-19,Plant A,M-02,2.7358669898705466,Material Shortage
2026-06-19,Plant A,M-03,0.24688312402000917,Maintenance
2026-06-19,Plant A,M-03,2.2719530610044085,Changeover
2026-06-19,Plant A,M-03,2.656896585902941,Changeover
2026-06-19,Plant A,M-04,0.3910073646295904,Material Shortage
2026-06-19,Plant A,M-04,1.0422743381636295,Operator Issue
2026-06-19,Plant A,M-04,1.71435977786389,Operator Issue
2026-06-19,Plant A,M-05,1.7492292278268557,Operator Issue
2026-06-19,Plant A,M-05,2.9673257332209295,Mechanical Failure
2026-06-19,Plant A,M-05,2.699752853275878,Electrical Failure
2026-06-19,Plant B,M-01,1.5606992410848606,Operator Issue
2026-06-19,Plant B,M-01,3.2995410190938945,Operator Issue
2026-06-19,Plant B,M-01,3.2494525249377433,Material Shortage
2026-06-19,Plant B,M-02,2.8782107288504606,Material Shortage
2026-06-19,Plant B,M-02,0.7511020545318572,Maintenance
2026-06-19,Plant B,M-02,3.022595114427014,Material Shortage
2026-06-19,Plant B,M-03,0.632997703426178,Mechanical Failure
2026-06-19,Plant B,M-03,1.92084459481743,Operator Issue
2026-06-19,Plant B,M-03,0.6947314185603417,Changeover
2026-06-19,Plant B,M-04,4.541379264415859,Mechanical Failure
2026-06-19,Plant B,M-04,6.606821514109166,Electrical Failure
2026-06-19,Plant B,M-04,7.17843057154852,Mechanical Failure
2026-06-19,Plant B,M-05,1.1204249749462416,Mechanical Failure
2026-06-19,Plant B,M-05,2.6435658431198283,Mechanical Failure
2026-06-19,Plant B,M-05,2.929423714314652,Operator Issue
2026-06-19,Plant C,M-01,0.8466296684999413,Operator Issue
2026-06-19,Plant C,M-01,2.979149500038052,Operator Issue
2026-06-19,Plant C,M-01,0.958321577322413,Maintenance
2026-06-19,Plant C,M-02,0.956535998218643,Mechanical Failure
2026-06-19,Plant C,M-02,1.0827468895868264,Changeover
2026-06-19,Plant C,M-02,0.7515996468878006,Maintenance
2026-06-19,Plant C,M-03,1.889177993653424,Material Shortage
2026-06-19,Plant C,M-03,1.1987843508076141,Electrical Failure
2026-06-19,Plant C,M-03,1.6007236773679723,Material Shortage
2026-06-19,Plant C,M-04,3.1532548995535867,Mechanical Failure
2026-06-19,Plant C,M-04,3.4048101101545516,Changeover
2026-06-19,Plant C,M-04,1.752977206032143,Electrical Failure
2026-06-19,Plant C,M-05,0.8132540353302697,Operator Issue
2026-06-19,Plant C,M-05,2.076657906590631,Maintenance
2026-06-19,Plant C,M-05,0.49177868922977497,Maintenance
2026-06-20,Plant A,M-01,1.8592693774336508,Changeover
2026-06-20,Plant A,M-01,3.1391166521003138,Electrical Failure
2026-06-20,Plant A,M-01,2.6270239974416802,Changeover
2026-06-20,Plant A,M-02,3.0890772489447578,Changeover
2026-06-20,Plant A,M-02,2.8152313507049587,Mechanical Failure
2026-06-20,Plant A,M-02,0.29530598171714884,Changeover
2026-06-20,Plant A,M-03,2.6545388057889743,Material Shortage
2026-06-20,Plant A,M-03,1.6039299362958566,Electrical Failure
2026-06-20,Plant A,M-03,0.702905568399534,Electrical Failure
2026-06-20,Plant A,M-04,0.6668991907221771,Mechanical Failure
2026-06-20,Plant A,M-04,1.148713069832095,Changeover
2026-06-20,Plant A,M-04,3.391119098137004,Material Shortage
2026-06-20,Plant A,M-05,2.1483240471180918,Mechanical Failure
2026-06-20,Plant A,M-05,2.5207620340314913,Changeover
2026-06-20,Plant A,M-05,1.3393996746492818,Mechanical Failure
2026-06-20,Plant B,M-01,1.1379492584054112,Material Shortage
2026-06-20,Plant B,M-01,2.309922486287881,Maintenance
2026-06-20,Plant B,M-01,0.7506938473308846,Maintenance
2026-06-20,Plant B,M-02,1.5726869965504138,Mechanical Failure
2026-06-20,Plant B,M-02,3.1901221249188296,Changeover
2026-06-20,Plant B,M-02,1.1286153440974964,Mechanical Failure
2026-06-20,Plant B,M-03,2.0545683392054492,Material Shortage
2026-06-20,Plant B,M-03,3.419823320841037,Mechanical Failure
2026-06-20,Plant B,M-03,2.3455275091527654,Changeover
2026-06-20,Plant B,M-04,5.910972611402743,Operator Issue
2026-06-20,Plant B,M-04,4.95364842161492,Operator Issue
2026-06-20,Plant B,M-04,6.0127752603528215,Operator Issue
2026-06-20,Plant B,M-05,2.172036368288538,Material Shortage
2026-06-20,Plant B,M-05,2.7342957655813103,Mechanical Failure
2026-06-20,Plant B,M-05,1.6752947729185292,Mechanical Failure
2026-06-20,Plant C,M-01,1.696392209225386,Changeover
2026-06-20,Plant C,M-01,0.6750183960013629,Operator Issue
2026-06-20,Plant C,M-01,2.4800680245127995,Material Shortage
2026-06-20,Plant C,M-02,1.768559645357504,Maintenance
2026-06-20,Plant C,M-02,1.9840347566399243,Material Shortage
2026-06-20,Plant C,M-02,1.6994912067072279,Electrical Failure
2026-06-20,Plant C,M-03,0.566414701754921,Mechanical Failure
2026-06-20,Plant C,M-03,1.9842315828289288,Maintenance
2026-06-20,Plant C,M-03,1.778146493821722,Maintenance
2026-06-20,Plant C,M-04,1.4836193962361957,Material Shortage
2026-06-20,Plant C,M-04,1.0657116917851397,Maintenance
2026-06-20,Plant C,M-04,3.1467540861143286,Operator Issue
2026-06-20,Plant C,M-05,2.1514805077922086,Material Shortage
2026-06-20,Plant C,M-05,2.2727069152296004,Changeover
2026-06-20,Plant C,M-05,1.5244788807894996,Mechanical Failure
2026-06-21,Plant A,M-01,1.518894188993948,Changeover
2026-06-21,Plant A,M-01,3.001946751271836,Electrical Failure
2026-06-21,Plant A,M-01,2.616951893375807,Electrical Failure
2026-06-21,Plant A,M-02,2.1833490609641477,Operator Issue
2026-06-21,Plant A,M-02,1.003890176945427,Material Shortage
2026-06-21,Plant A,M-02,0.6869201452904838,Maintenance
2026-06-21,Plant A,M-03,1.3308286509774931,Material Shortage
2026-06-21,Plant A,M-03,2.1674953095253864,Maintenance
2026-06-21,Plant A,M-03,2.8124230105638994,Material Shortage
2026-06-21,Plant A,M-04,2.4989951915773254,Electrical Failure
2026-06-21,Plant A,M-04,0.6662219693047344,Mechanical Failure
2026-06-21,Plant A,M-04,1.7399598518694248,Operator Issue
2026-06-21,Plant A,M-05,1.318220846560227,Material Shortage
2026-06-21,Plant A,M-05,0.2345190930860692,Changeover
2026-06-21,Plant A,M-05,3.4883128066317526,Mechanical Failure
2026-06-21,Plant B,M-01,2.779918650779494,Changeover
2026-06-21,Plant B,M-01,1.4382145460469782,Electrical Failure
2026-06-21,Plant B,M-01,2.323686966246842,Electrical Failure
2026-06-21,Plant B,M-02,3.1128453639888805,Electrical Failure
2026-06-21,Plant B,M-02,0.36959520710535965,Mechanical Failure
2026-06-21,Plant B,M-02,1.2102990254124768,Electrical Failure
2026-06-21,Plant B,M-03,2.5335248576279654,Material Shortage
2026-06-21,Plant B,M-03,3.040155646013349,Maintenance
2026-06-21,Plant B,M-03,3.056906684727228,Operator Issue
2026-06-21,Plant B,M-04,6.4795833591158996,Maintenance
2026-06-21,Plant B,M-04,5.8944193777469795,Mechanical Failure
2026-06-21,Plant B,M-04,4.051313723486514,Mechanical Failure
2026-06-21,Plant B,M-05,2.9250734684084323,Material Shortage
2026-06-21,Plant B,M-05,2.008900307297715,Mechanical Failure
2026-06-21,Plant B,M-05,0.2585507870557446,Mechanical Failure
2026-06-21,Plant C,M-01,2.301850656106974,Material Shortage
2026-06-21,Plant C,M-01,0.6353464318735227,Material Shortage
2026-06-21,Plant C,M-01,2.7580495273100754,Material Shortage
2026-06-21,Plant C,M-02,1.2451311742808722,Material Shortage
2026-06-21,Plant C,M-02,2.980270263052834,Material Shortage
2026-06-21,Plant C,M-02,0.5343866918424923,Electrical Failure
2026-06-21,Plant C,M-03,0.7225424253841304,Material Shortage
2026-06-21,Plant C,M-03,1.0641877448376917,Material Shortage
2026-06-21,Plant C,M-03,3.066644439336845,Maintenance
2026-06-21,Plant C,M-04,3.162091129073978,Mechanical Failure
2026-06-21,Plant C,M-04,1.6395781854161378,Changeover
2026-06-21,Plant C,M-04,0.4259099806424116,Operator Issue
2026-06-21,Plant C,M-05,2.3982646548066495,Mechanical Failure
2026-06-21,Plant C,M-05,1.4902115899323272,Electrical Failure
2026-06-21,Plant C,M-05,0.5207764846696664,Changeover
2026-06-22,Plant A,M-01,1.2652019523683775,Changeover
2026-06-22,Plant A,M-01,2.439010837525429,Maintenance
2026-06-22,Plant A,M-01,3.168038684521905,Operator Issue
2026-06-22,Plant A,M-02,0.24834018263900517,Maintenance
2026-06-22,Plant A,M-02,1.634976703119472,Operator Issue
2026-06-22,Plant A,M-02,2.252600505932738,Operator Issue
2026-06-22,Plant A,M-03,0.34367950114822554,Mechanical Failure
2026-06-22,Plant A,M-03,2.9523256627580663,Maintenance
2026-06-22,Plant A,M-03,2.506858320985172,Electrical Failure
2026-06-22,Plant A,M-04,1.699800029707698,Changeover
2026-06-22,Plant A,M-04,2.045223158466776,Operator Issue
2026-06-22,Plant A,M-04,1.342992078551108,Changeover
2026-06-22,Plant A,M-05,2.3845709510636732,Mechanical Failure
2026-06-22,Plant A,M-05,1.4950039077954467,Electrical Failure
2026-06-22,Plant A,M-05,1.427685844323489,Material Shortage
2026-06-22,Plant B,M-01,2.029445869615431,Changeover
2026-06-22,Plant B,M-01,2.58332524727298,Operator Issue
2026-06-22,Plant B,M-01,0.7354952272436168,Mechanical Failure
2026-06-22,Plant B,M-02,1.0367545959388111,Maintenance
2026-06-22,Plant B,M-02,2.957899885141144,Material Shortage
2026-06-22,Plant B,M-02,2.0861777254542413,Mechanical Failure
2026-06-22,Plant B,M-03,1.7621869092535307,Material Shortage
2026-06-22,Plant B,M-03,3.225902650941717,Changeover
2026-06-22,Plant B,M-03,0.5886638307411685,Electrical Failure
2026-06-22,Plant B,M-04,7.403322608478375,Mechanical Failure
2026-06-22,Plant B,M-04,5.5845754085420785,Mechanical Failure
2026-06-22,Plant B,M-04,4.663250486056068,Mechanical Failure
2026-06-22,Plant B,M-05,1.1740741110070285,Material Shortage
2026-06-22,Plant B,M-05,2.625881123739956,Changeover
2026-06-22,Plant B,M-05,1.924136970209817,Electrical Failure
2026-06-22,Plant C,M-01,2.710927665838629,Maintenance
2026-06-22,Plant C,M-01,1.817128145497477,Material Shortage
2026-06-22,Plant C,M-01,0.6526936391731442,Maintenance
2026-06-22,Plant C,M-02,3.4178964679441495,Changeover
2026-06-22,Plant C,M-02,1.9191926147092955,Operator Issue
2026-06-22,Plant C,M-02,3.1299461013419974,Electrical Failure
2026-06-22,Plant C,M-03,3.304464369663285,Changeover
2026-06-22,Plant C,M-03,1.390528761387976,Maintenance
2026-06-22,Plant C,M-03,1.0371936035443308,Mechanical Failure
2026-06-22,Plant C,M-04,2.2146130489100213,Maintenance
2026-06-22,Plant C,M-04,2.0703907229074163,Electrical Failure
2026-06-22,Plant C,M-04,0.5582690990598483,Mechanical Failure
2026-06-22,Plant C,M-05,0.5615054816689689,Changeover
2026-06-22,Plant C,M-05,0.358334549840018,Mechanical Failure
2026-06-22,Plant C,M-05,0.30605831749090096,Maintenance
2026-06-23,Plant A,M-01,2.704214909460738,Maintenance
2026-06-23,Plant A,M-01,3.0012308595017276,Changeover
2026-06-23,Plant A,M-01,3.1556145106107154,Operator Issue
2026-06-23,Plant A,M-02,0.5567302799540128,Mechanical Failure
2026-06-23,Plant A,M-02,2.8683549609331402,Electrical Failure
2026-06-23,Plant A,M-02,1.1024908715195838,Changeover
2026-06-23,Plant A,M-03,1.5676034976445605,Material Shortage
2026-06-23,Plant A,M-03,1.3614439124587232,Mechanical Failure
2026-06-23,Plant A,M-03,2.945244159628562,Maintenance
2026-06-23,Plant A,M-04,2.177239021816589,Electrical Failure
2026-06-23,Plant A,M-04,2.884558286885924,Changeover
2026-06-23,Plant A,M-04,2.425223224536191,Material Shortage
2026-06-23,Plant A,M-05,0.8711341583121586,Maintenance
2026-06-23,Plant A,M-05,3.392415173373724,Material Shortage
2026-06-23,Plant A,M-05,0.20338954077967944,Electrical Failure
2026-06-23,Plant B,M-01,2.102520893688639,Changeover
2026-06-23,Plant B,M-01,0.8739639682167588,Electrical Failure
2026-06-23,Plant B,M-01,2.8612753099123296,Changeover
2026-06-23,Plant B,M-02,0.9460779218008601,Maintenance
2026-06-23,Plant B,M-02,2.71378917151584,Electrical Failure
2026-06-23,Plant B,M-02,3.053937708835215,Operator Issue
2026-06-23,Plant B,M-03,1.7311856141272157,Operator Issue
2026-06-23,Plant B,M-03,3.4555268603672404,Electrical Failure
2026-06-23,Plant B,M-03,0.9941068575780652,Maintenance
2026-06-23,Plant B,M-04,4.385290593960374,Mechanical Failure
2026-06-23,Plant B,M-04,5.941578532049751,Electrical Failure
2026-06-23,Plant B,M-04,5.465298414818262,Mechanical Failure
2026-06-23,Plant B,M-05,1.3097827816659469,Mechanical Failure
2026-06-23,Plant B,M-05,0.5069465149692725,Mechanical Failure
2026-06-23,Plant B,M-05,2.406635870224967,Mechanical Failure
2026-06-23,Plant C,M-01,2.9648108447182695,Changeover
2026-06-23,Plant C,M-01,3.420712853696277,Mechanical Failure
2026-06-23,Plant C,M-01,2.8350808038572675,Material Shortage
2026-06-23,Plant C,M-02,1.5691872367488626,Electrical Failure
2026-06-23,Plant C,M-02,0.3590988037480638,Electrical Failure
2026-06-23,Plant C,M-02,0.5851192426903253,Electrical Failure
2026-06-23,Plant C,M-03,0.47670345129345204,Operator Issue
2026-06-23,Plant C,M-03,3.4566988486640424,Material Shortage
2026-06-23,Plant C,M-03,0.4773954852053982,Mechanical Failure
2026-06-23,Plant C,M-04,1.5734770981807167,Electrical Failure
2026-06-23,Plant C,M-04,1.7983675811859647,Changeover
2026-06-23,Plant C,M-04,3.0843352224036504,Changeover
2026-06-23,Plant C,M-05,0.8499779128967977,Operator Issue
2026-06-23,Plant C,M-05,1.047335172955874,Mechanical Failure
2026-06-23,Plant C,M-05,0.4668535226763067,Material Shortage
2026-06-24,Plant A,M-01,3.4011777273416866,Changeover
2026-06-24,Plant A,M-01,1.9156799689950528,Operator Issue
2026-06-24,Plant A,M-01,0.610600665733634,Mechanical Failure
2026-06-24,Plant A,M-02,2.3807229488709765,Operator Issue
2026-06-24,Plant A,M-02,1.084630054490264,Material Shortage
2026-06-24,Plant A,M-02,1.1872033869387553,Mechanical Failure
2026-06-24,Plant A,M-03,3.2123114442463603,Electrical Failure
2026-06-24,Plant A,M-03,2.6824028561522093,Electrical Failure
2026-06-24,Plant A,M-03,2.691604190929421,Operator Issue
2026-06-24,Plant A,M-04,0.6370159531260253,Mechanical Failure
2026-06-24,Plant A,M-04,0.3002547100553655,Operator Issue
2026-06-24,Plant A,M-04,1.6254898066976586,Material Shortage
2026-06-24,Plant A,M-05,3.124212354060912,Mechanical Failure
2026-06-24,Plant A,M-05,2.8656187289996686,Material Shortage
2026-06-24,Plant A,M-05,1.1614644388464685,Material Shortage
2026-06-24,Plant B,M-01,2.2977096019677687,Electrical Failure
2026-06-24,Plant B,M-01,2.45656429999524,Operator Issue
2026-06-24,Plant B,M-01,1.9191436944876121,Mechanical Failure
2026-06-24,Plant B,M-02,1.3076186293439611,Electrical Failure
2026-06-24,Plant B,M-02,2.882477517673649,Maintenance
2026-06-24,Plant B,M-02,0.29867789822343405,Maintenance
2026-06-24,Plant B,M-03,2.6159596883727065,Operator Issue
2026-06-24,Plant B,M-03,0.6128115635957435,Changeover
2026-06-24,Plant B,M-03,0.34534168950591393,Changeover
2026-06-24,Plant B,M-04,7.921254528221257,Mechanical Failure
2026-06-24,Plant B,M-04,6.864612015386416,Operator Issue
2026-06-24,Plant B,M-04,7.389698221359261,Mechanical Failure
2026-06-24,Plant B,M-05,2.1629025204590193,Electrical Failure
2026-06-24,Plant B,M-05,1.9862541599842056,Electrical Failure
2026-06-24,Plant B,M-05,2.1354391581332193,Mechanical Failure
2026-06-24,Plant C,M-01,0.41954665562750576,Electrical Failure
2026-06-24,Plant C,M-01,0.3532029014898489,Maintenance
2026-06-24,Plant C,M-01,1.8575077801002193,Maintenance
2026-06-24,Plant C,M-02,2.2965929174822377,Material Shortage
2026-06-24,Plant C,M-02,1.3084264811831776,Operator Issue
2026-06-24,Plant C,M-02,2.7841352068028895,Material Shortage
2026-06-24,Plant C,M-03,2.061397830069241,Mechanical Failure
2026-06-24,Plant C,M-03,2.6051325676287407,Operator Issue
2026-06-24,Plant C,M-03,0.45861919795459366,Mechanical Failure
2026-06-24,Plant C,M-04,3.2766209261400303,Electrical Failure
2026-06-24,Plant C,M-04,0.4908340312106924,Electrical Failure
2026-06-24,Plant C,M-04,2.874368106667596,Material Shortage
2026-06-24,Plant C,M-05,0.2676578067375671,Electrical Failure
2026-06-24,Plant C,M-05,0.33857172531801066,Electrical Failure
2026-06-24,Plant C,M-05,2.1050790073463217,Maintenance
2026-06-25,Plant A,M-01,1.0542708320200904,Maintenance
2026-06-25,Plant A,M-01,1.5769126938338807,Electrical Failure
2026-06-25,Plant A,M-01,0.9263075417496922,Electrical Failure
2026-06-25,Plant A,M-02,0.33561945376993607,Material Shortage
2026-06-25,Plant A,M-02,2.3249269747614196,Maintenance
2026-06-25,Plant A,M-02,1.76210058754524,Material Shortage
2026-06-25,Plant A,M-03,3.0142922653284487,Mechanical Failure
2026-06-25,Plant A,M-03,1.345354556559733,Operator Issue
2026-06-25,Plant A,M-03,1.6353616714513055,Maintenance
2026-06-25,Plant A,M-04,2.6635523659818974,Electrical Failure
2026-06-25,Plant A,M-04,1.9581978757220682,Material Shortage
2026-06-25,Plant A,M-04,1.498886937902625,Material Shortage
2026-06-25,Plant A,M-05,1.998018980046234,Electrical Failure
2026-06-25,Plant A,M-05,2.5423906057322054,Mechanical Failure
2026-06-25,Plant A,M-05,3.2711937673617006,Maintenance
2026-06-25,Plant B,M-01,0.584964749902524,Material Shortage
2026-06-25,Plant B,M-01,1.685615462103358,Material Shortage
2026-06-25,Plant B,M-01,3.0238018086900493,Maintenance
2026-06-25,Plant B,M-02,2.044805590458927,Material Shortage
2026-06-25,Plant B,M-02,0.8659029773954405,Electrical Failure
2026-06-25,Plant B,M-02,0.9409924221522277,Maintenance
2026-06-25,Plant B,M-03,3.223390461611074,Material Shortage
2026-06-25,Plant B,M-03,2.647091308593153,Material Shortage
2026-06-25,Plant B,M-03,1.1377077874725516,Changeover
2026-06-25,Plant B,M-04,5.8638895814078555,Mechanical Failure
2026-06-25,Plant B,M-04,7.046799779463842,Electrical Failure
2026-06-25,Plant B,M-04,7.031947415592299,Mechanical Failure
2026-06-25,Plant B,M-05,0.28923097617993776,Electrical Failure
2026-06-25,Plant B,M-05,0.5436195542179848,Maintenance
2026-06-25,Plant B,M-05,0.8813056646484687,Operator Issue
2026-06-25,Plant C,M-01,1.621952279849356,Material Shortage
2026-06-25,Plant C,M-01,3.466868272304147,Maintenance
2026-06-25,Plant C,M-01,3.3555885175421265,Maintenance
2026-06-25,Plant C,M-02,3.1946200048788977,Mechanical Failure
2026-06-25,Plant C,M-02,3.3687591946033604,Mechanical Failure
2026-06-25,Plant C,M-02,3.3877882072375924,Changeover
2026-06-25,Plant C,M-03,0.6339054484639998,Electrical Failure
2026-06-25,Plant C,M-03,1.0463004233947972,Changeover
2026-06-25,Plant C,M-03,2.869268320270519,Operator Issue
2026-06-25,Plant C,M-04,1.8605686561203965,Mechanical Failure
2026-06-25,Plant C,M-04,0.299957447221935,Electrical Failure
2026-06-25,Plant C,M-04,0.7218594001278635,Mechanical Failure
2026-06-25,Plant C,M-05,3.306330895355768,Electrical Failure
2026-06-25,Plant C,M-05,2.2629023425723687,Operator Issue
2026-06-25,Plant C,M-05,1.9710227796134354,Operator Issue
2026-06-26,Plant A,M-01,0.6786967318754586,Changeover
2026-06-26,Plant A,M-01,1.499317254239725,Material Shortage
2026-06-26,Plant A,M-01,2.2935454009668153,Maintenance
2026-06-26,Plant A,M-02,1.9668753563643193,Electrical Failure
2026-06-26,Plant A,M-02,1.3262149238197085,Mechanical Failure
2026-06-26,Plant A,M-02,2.8359251772206817,Maintenance
2026-06-26,Plant A,M-03,2.0090153181943906,Electrical Failure
2026-06-26,Plant A,M-03,2.4660967956531015,Maintenance
2026-06-26,Plant A,M-03,2.070026945265656,Material Shortage
2026-06-26,Plant A,M-04,0.30808218255678127,Mechanical Failure
2026-06-26,Plant A,M-04,3.1957260588894094,Operator Issue
2026-06-26,Plant A,M-04,2.201885596759124,Maintenance
2026-06-26,Plant A,M-05,1.739005772298829,Material Shortage
2026-06-26,Plant A,M-05,2.377392997301038,Changeover
2026-06-26,Plant A,M-05,0.5189098036632768,Changeover
2026-06-26,Plant B,M-01,2.3504776832033487,Changeover
2026-06-26,Plant B,M-01,2.7224983026258887,Maintenance
2026-06-26,Plant B,M-01,1.6333643225367473,Operator Issue
2026-06-26,Plant B,M-02,0.9997181054599962,Operator Issue
2026-06-26,Plant B,M-02,3.3170856693056936,Maintenance
2026-06-26,Plant B,M-02,1.2142670129441555,Material Shortage
2026-06-26,Plant B,M-03,0.9417759131609378,Maintenance
2026-06-26,Plant B,M-03,2.7545512746728527,Maintenance
2026-06-26,Plant B,M-03,0.25335822610057024,Changeover
2026-06-26,Plant B,M-04,5.632452075950793,Mechanical Failure
2026-06-26,Plant B,M-04,5.664510665744212,Changeover
2026-06-26,Plant B,M-04,7.913008852734896,Mechanical Failure
2026-06-26,Plant B,M-05,0.9342284956292823,Material Shortage
2026-06-26,Plant B,M-05,0.6360102238805545,Operator Issue
2026-06-26,Plant B,M-05,2.411168171007644,Changeover
2026-06-26,Plant C,M-01,2.417025285574991,Maintenance
2026-06-26,Plant C,M-01,0.4158433552559323,Mechanical Failure
2026-06-26,Plant C,M-01,3.347035450469258,Electrical Failure
2026-06-26,Plant C,M-02,1.2293321846567222,Changeover
2026-06-26,Plant C,M-02,0.25948326937647115,Material Shortage
2026-06-26,Plant C,M-02,0.3688768952710315,Electrical Failure
2026-06-26,Plant C,M-03,0.39361644816559416,Electrical Failure
2026-06-26,Plant C,M-03,1.9176300190463351,Changeover
2026-06-26,Plant C,M-03,1.6743799404917308,Electrical Failure
2026-06-26,Plant C,M-04,0.9283582674513011,Maintenance
2026-06-26,Plant C,M-04,1.6790605427576466,Changeover
2026-06-26,Plant C,M-04,1.918176294692929,Electrical Failure
2026-06-26,Plant C,M-05,2.9990290748344317,Mechanical Failure
2026-06-26,Plant C,M-05,1.3970378741548317,Operator Issue
2026-06-26,Plant C,M-05,3.210119804042365,Electrical Failure
2026-06-27,Plant A,M-01,3.335498156901485,Electrical Failure
2026-06-27,Plant A,M-01,1.8260244244664305,Electrical Failure
2026-06-27,Plant A,M-01,0.7008718595315804,Material Shortage
2026-06-27,Plant A,M-02,0.9357318298699593,Maintenance
2026-06-27,Plant A,M-02,1.3936696660672092,Operator Issue
2026-06-27,Plant A,M-02,0.42508881309413976,Mechanical Failure
2026-06-27,Plant A,M-03,0.7183192403017544,Maintenance
2026-06-27,Plant A,M-03,2.866192574850716,Maintenance
2026-06-27,Plant A,M-03,0.6428754770384971,Electrical Failure
2026-06-27,Plant A,M-04,0.6925903134583593,Material Shortage
2026-06-27,Plant A,M-04,2.153562894103837,Material Shortage
2026-06-27,Plant A,M-04,1.3871447599514835,Changeover
2026-06-27,Plant A,M-05,1.5402768716951556,Mechanical Failure
2026-06-27,Plant A,M-05,1.354483559936983,Material Shortage
2026-06-27,Plant A,M-05,0.794840495368184,Changeover
2026-06-27,Plant B,M-01,2.2744017461246897,Operator Issue
2026-06-27,Plant B,M-01,3.2584676529306984,Material Shortage
2026-06-27,Plant B,M-01,2.7767146092450408,Operator Issue
2026-06-27,Plant B,M-02,0.41827018073842354,Material Shortage
2026-06-27,Plant B,M-02,1.334295114395973,Operator Issue
2026-06-27,Plant B,M-02,2.5629407466110297,Material Shortage
2026-06-27,Plant B,M-03,0.8408299541557096,Electrical Failure
2026-06-27,Plant B,M-03,1.2625041597693485,Changeover
2026-06-27,Plant B,M-03,1.5175084756044521,Changeover
2026-06-27,Plant B,M-04,7.930134796195929,Operator Issue
2026-06-27,Plant B,M-04,6.543224254851067,Electrical Failure
2026-06-27,Plant B,M-04,4.102704075671742,Electrical Failure
2026-06-27,Plant B,M-05,0.26084203246612214,Maintenance
2026-06-27,Plant B,M-05,2.651593131753505,Changeover
2026-06-27,Plant B,M-05,0.4381532474896025,Maintenance
2026-06-27,Plant C,M-01,1.4341075439786062,Changeover
2026-06-27,Plant C,M-01,1.8215694194289263,Electrical Failure
2026-06-27,Plant C,M-01,0.3040252638903158,Maintenance
2026-06-27,Plant C,M-02,0.31361360523944715,Material Shortage
2026-06-27,Plant C,M-02,2.435197364848508,Changeover
2026-06-27,Plant C,M-02,2.642465848367767,Maintenance
2026-06-27,Plant C,M-03,2.982728304360328,Operator Issue
2026-06-27,Plant C,M-03,3.294398710835485,Material Shortage
2026-06-27,Plant C,M-03,1.8662457942633768,Maintenance
2026-06-27,Plant C,M-04,3.011467723211045,Electrical Failure
2026-06-27,Plant C,M-04,2.199136135159243,Maintenance
2026-06-27,Plant C,M-04,2.493676419279681,Electrical Failure
2026-06-27,Plant C,M-05,0.6161403779194553,Operator Issue
2026-06-27,Plant C,M-05,1.3717498531731984,Changeover
2026-06-27,Plant C,M-05,3.432974228697718,Mechanical Failure
2026-06-28,Plant A,M-01,2.4243480307213026,Changeover
2026-06-28,Plant A,M-01,1.0330795264004584,Maintenance
2026-06-28,Plant A,M-01,0.2165870301146774,Changeover
2026-06-28,Plant A,M-02,1.4756575859792607,Changeover
2026-06-28,Plant A,M-02,2.571378974586273,Mechanical Failure
2026-06-28,Plant A,M-02,0.3221706816134235,Maintenance
2026-06-28,Plant A,M-03,0.5070057787992979,Maintenance
2026-06-28,Plant A,M-03,1.6765277798244376,Mechanical Failure
2026-06-28,Plant A,M-03,2.0710235369863614,Operator Issue
2026-06-28,Plant A,M-04,1.134892895233456,Material Shortage
2026-06-28,Plant A,M-04,0.5287539029156847,Mechanical Failure
2026-06-28,Plant A,M-04,2.577039032615268,Mechanical Failure
2026-06-28,Plant A,M-05,2.4413006647910582,Changeover
2026-06-28,Plant A,M-05,2.4515289943578176,Changeover
2026-06-28,Plant A,M-05,3.1171200975019415,Electrical Failure
2026-06-28,Plant B,M-01,1.876979749275834,Material Shortage
2026-06-28,Plant B,M-01,0.30818075655407484,Changeover
2026-06-28,Plant B,M-01,0.6701192749732913,Mechanical Failure
2026-06-28,Plant B,M-02,0.409853336211054,Mechanical Failure
2026-06-28,Plant B,M-02,1.7979914886125603,Mechanical Failure
2026-06-28,Plant B,M-02,2.202843640753325,Material Shortage
2026-06-28,Plant B,M-03,0.472836932219583,Operator Issue
2026-06-28,Plant B,M-03,1.7998389234388041,Operator Issue
2026-06-28,Plant B,M-03,2.032558551076058,Mechanical Failure
2026-06-28,Plant B,M-04,5.2520865642940056,Changeover
2026-06-28,Plant B,M-04,5.874089746899136,Mechanical Failure
2026-06-28,Plant B,M-04,6.887883219481393,Changeover
2026-06-28,Plant B,M-05,3.201624797493765,Changeover
2026-06-28,Plant B,M-05,1.9744984705455924,Mechanical Failure
2026-06-28,Plant B,M-05,1.2726975411047259,Material Shortage
2026-06-28,Plant C,M-01,1.664077535393055,Electrical Failure
2026-06-28,Plant C,M-01,1.2238534305506925,Mechanical Failure
2026-06-28,Plant C,M-01,1.1915167902931199,Electrical Failure
2026-06-28,Plant C,M-02,3.3762273139376138,Material Shortage
2026-06-28,Plant C,M-02,3.3155546919668,Changeover
2026-06-28,Plant C,M-02,3.4745040719228655,Mechanical Failure
2026-06-28,Plant C,M-03,0.6605345389616655,Maintenance
2026-06-28,Plant C,M-03,1.9037729493953528,Operator Issue
2026-06-28,Plant C,M-03,2.8005309553022113,Maintenance
2026-06-28,Plant C,M-04,0.5096394208885943,Electrical Failure
2026-06-28,Plant C,M-04,0.9445365593883577,Operator Issue
2026-06-28,Plant C,M-04,1.5747317587124925,Operator Issue
2026-06-28,Plant C,M-05,2.3348728926765765,Electrical Failure
2026-06-28,Plant C,M-05,1.2795250735569228,Mechanical Failure
2026-06-28,Plant C,M-05,2.0327212512450767,Maintenance
2026-06-29,Plant A,M-01,0.89005323621551,Operator Issue
2026-06-29,Plant A,M-01,1.5680743727060353,Mechanical Failure
2026-06-29,Plant A,M-01,0.47146038576794935,Mechanical Failure
2026-06-29,Plant A,M-02,3.23817620317758,Maintenance
2026-06-29,Plant A,M-02,1.8771952297051164,Changeover
2026-06-29,Plant A,M-02,2.5268095322448714,Material Shortage
2026-06-29,Plant A,M-03,1.9076155288074441,Electrical Failure
2026-06-29,Plant A,M-03,1.8662287371560595,Changeover
2026-06-29,Plant A,M-03,0.4950086822739924,Electrical Failure
2026-06-29,Plant A,M-04,3.0411862193093318,Operator Issue
2026-06-29,Plant A,M-04,1.4310262532307465,Changeover
2026-06-29,Plant A,M-04,0.5465404928539241,Mechanical Failure
2026-06-29,Plant A,M-05,3.05202788067325,Electrical Failure
2026-06-29,Plant A,M-05,3.2194447566736386,Changeover
2026-06-29,Plant A,M-05,1.6045969435007141,Mechanical Failure
2026-06-29,Plant B,M-01,2.5339333443252783,Material Shortage
2026-06-29,Plant B,M-01,0.7263517057845477,Maintenance
2026-06-29,Plant B,M-01,2.8031967852627635,Operator Issue
2026-06-29,Plant B,M-02,1.2537983451126975,Mechanical Failure
2026-06-29,Plant B,M-02,1.7433128413829477,Maintenance
2026-06-29,Plant B,M-02,0.741887135439578,Electrical Failure
2026-06-29,Plant B,M-03,0.2854245549762584,Material Shortage
2026-06-29,Plant B,M-03,1.4686337874206914,Electrical Failure
2026-06-29,Plant B,M-03,0.8562801868514713,Changeover
2026-06-29,Plant B,M-04,6.82022383941098,Electrical Failure
2026-06-29,Plant B,M-04,6.930845530046098,Mechanical Failure
2026-06-29,Plant B,M-04,6.54217640564174,Mechanical Failure
2026-06-29,Plant B,M-05,1.0243787530691468,Mechanical Failure
2026-06-29,Plant B,M-05,1.808557893099097,Electrical Failure
2026-06-29,Plant B,M-05,3.0490481997047985,Maintenance
2026-06-29,Plant C,M-01,1.335320823042161,Mechanical Failure
2026-06-29,Plant C,M-01,2.8084581588522397,Mechanical Failure
2026-06-29,Plant C,M-01,0.8322986923810101,Mechanical Failure
2026-06-29,Plant C,M-02,3.160554811107221,Changeover
2026-06-29,Plant C,M-02,3.1705693298983606,Mechanical Failure
2026-06-29,Plant C,M-02,1.3698655830273383,Mechanical Failure
2026-06-29,Plant C,M-03,2.236437298060743,Mechanical Failure
2026-06-29,Plant C,M-03,2.374454292558837,Operator Issue
2026-06-29,Plant C,M-03,1.983872612007347,Changeover
2026-06-29,Plant C,M-04,1.9653276576730159,Material Shortage
2026-06-29,Plant C,M-04,3.175007052974484,Operator Issue
2026-06-29,Plant C,M-04,2.064395730739563,Maintenance
2026-06-29,Plant C,M-05,0.776755961130152,Maintenance
2026-06-29,Plant C,M-05,3.1537031372403175,Changeover
2026-06-29,Plant C,M-05,1.8313437822416838,Mechanical Failure
2026-06-30,Plant A,M-01,1.2898266697224787,Electrical Failure
2026-06-30,Plant A,M-01,3.378949157751707,Mechanical Failure
2026-06-30,Plant A,M-01,3.2041483550898757,Operator Issue
2026-06-30,Plant A,M-02,0.7924044748035679,Operator Issue
2026-06-30,Plant A,M-02,0.8906035637315297,Material Shortage
2026-06-30,Plant A,M-02,2.269470678631187,Electrical Failure
2026-06-30,Plant A,M-03,2.928377878716907,Maintenance
2026-06-30,Plant A,M-03,0.5437782189920919,Maintenance
2026-06-30,Plant A,M-03,2.516697514942457,Electrical Failure
2026-06-30,Plant A,M-04,1.7293534540023614,Changeover
2026-06-30,Plant A,M-04,0.6040658932194425,Mechanical Failure
2026-06-30,Plant A,M-04,3.1244670716404994,Operator Issue
2026-06-30,Plant A,M-05,1.4121728371965017,Material Shortage
2026-06-30,Plant A,M-05,0.788810281703032,Maintenance
2026-06-30,Plant A,M-05,2.373735555501112,Changeover
2026-06-30,Plant B,M-01,3.0830891917791297,Mechanical Failure
2026-06-30,Plant B,M-01,1.0645324255942665,Changeover
2026-06-30,Plant B,M-01,1.8007459393764071,Mechanical Failure
2026-06-30,Plant B,M-02,1.1422970495537719,Operator Issue
2026-06-30,Plant B,M-02,0.35547133710546475,Changeover
2026-06-30,Plant B,M-02,0.7147887414370986,Mechanical Failure
2026-06-30,Plant B,M-03,2.6817029873461222,Maintenance
2026-06-30,Plant B,M-03,1.746648404366633,Changeover
2026-06-30,Plant B,M-03,2.7498073250846864,Material Shortage
2026-06-30,Plant B,M-04,6.381600328780752,Operator Issue
2026-06-30,Plant B,M-04,4.595062345267738,Mechanical Failure
2026-06-30,Plant B,M-04,4.988474447200627,Changeover
2026-06-30,Plant B,M-05,3.450517005800964,Maintenance
2026-06-30,Plant B,M-05,2.540941660805408,Changeover
2026-06-30,Plant B,M-05,1.0862672841006027,Electrical Failure
2026-06-30,Plant C,M-01,1.4065706994838076,Operator Issue
2026-06-30,Plant C,M-01,1.7137218917528154,Electrical Failure
2026-06-30,Plant C,M-01,2.900685067363368,Maintenance
2026-06-30,Plant C,M-02,0.21965684487413567,Changeover
2026-06-30,Plant C,M-02,2.484305866880333,Operator Issue
2026-06-30,Plant C,M-02,1.69343222161249,Operator Issue
2026-06-30,Plant C,M-03,2.8011611047092777,Material Shortage
2026-06-30,Plant C,M-03,0.37885467321285937,Mechanical Failure
2026-06-30,Plant C,M-03,0.23648225706810094,Maintenance
2026-06-30,Plant C,M-04,0.4221105985053383,Electrical Failure
2026-06-30,Plant C,M-04,0.5802995465639706,Material Shortage
2026-06-30,Plant C,M-04,1.7913852986423136,Mechanical Failure
2026-06-30,Plant C,M-05,1.6794055299844952,Material Shortage
2026-06-30,Plant C,M-05,2.414956562274049,Electrical Failure
2026-06-30,Plant C,M-05,1.499441813740017,Material Shortage
