Date,Plant,Machine,Energy_kWh
2026-01-01,Plant A,M-01,534.8276825057775
2026-01-01,Plant A,M-01,438.21485909071953
2026-01-01,Plant A,M-01,327.96385670690427
2026-01-01,Plant A,M-02,605.2608218230307
2026-01-01,Plant A,M-02,440.4092181287704
2026-01-01,Plant A,M-02,517.1913298649632
2026-01-01,Plant A,M-03,700.733079664275
2026-01-01,Plant A,M-03,809.2241142159089
2026-01-01,Plant A,M-03,693.4609294694561
2026-01-01,Plant A,M-04,719.2362773126349
2026-01-01,Plant A,M-04,550.1353121585121
2026-01-01,Plant A,M-04,269.7609036433504
2026-01-01,Plant A,M-05,526.2722742108039
2026-01-01,Plant A,M-05,320.2339057956825
2026-01-01,Plant A,M-05,471.36651441747784
2026-01-01,Plant B,M-01,524.6664098189573
2026-01-01,Plant B,M-01,386.60283472950925
2026-01-01,Plant B,M-01,481.87940195272614
2026-01-01,Plant B,M-02,473.5335763668639
2026-01-01,Plant B,M-02,720.3904736964068
2026-01-01,Plant B,M-02,536.9087286505535
2026-01-01,Plant B,M-03,592.6918892649089
2026-01-01,Plant B,M-03,742.5117318288077
2026-01-01,Plant B,M-03,736.1707665113971
2026-01-01,Plant B,M-04,369.4734437803607
2026-01-01,Plant B,M-04,413.135171512855
2026-01-01,Plant B,M-04,343.967486313906
2026-01-01,Plant B,M-05,433.8943379792809
2026-01-01,Plant B,M-05,549.5769510785051
2026-01-01,Plant B,M-05,379.72706964717685
2026-01-01,Plant C,M-01,535.4786346337396
2026-01-01,Plant C,M-01,710.3564288205021
2026-01-01,Plant C,M-01,576.0612199376798
2026-01-01,Plant C,M-02,385.1441431811175
2026-01-01,Plant C,M-02,609.9450716515402
2026-01-01,Plant C,M-02,353.7298395655067
2026-01-01,Plant C,M-03,649.0850656988973
2026-01-01,Plant C,M-03,852.8025177618216
2026-01-01,Plant C,M-03,762.7952209796081
2026-01-01,Plant C,M-04,632.794445931202
2026-01-01,Plant C,M-04,565.2412717826973
2026-01-01,Plant C,M-04,527.9586026024001
2026-01-01,Plant C,M-05,521.1793338990442
2026-01-01,Plant C,M-05,405.17481031584543
2026-01-01,Plant C,M-05,473.65839927142827
2026-01-02,Plant A,M-01,595.5535298719451
2026-01-02,Plant A,M-01,593.6525001432614
2026-01-02,Plant A,M-01,515.8547447751347
2026-01-02,Plant A,M-02,518.1458905216964
2026-01-02,Plant A,M-02,574.6070401826513
2026-01-02,Plant A,M-02,491.66762760215687
2026-01-02,Plant A,M-03,611.5853510043037
2026-01-02,Plant A,M-03,873.04903553556
2026-01-02,Plant A,M-03,682.5438180894768
2026-01-02,Plant A,M-04,431.0249761156869
2026-01-02,Plant A,M-04,480.6482083695386
2026-01-02,Plant A,M-04,586.9913507483478
2026-01-02,Plant A,M-05,658.7356599997645
2026-01-02,Plant A,M-05,352.05218957963774
2026-01-02,Plant A,M-05,419.3334808568374
2026-01-02,Plant B,M-01,536.815507106198
2026-01-02,Plant B,M-01,488.841030379659
2026-01-02,Plant B,M-01,515.6135196066815
2026-01-02,Plant B,M-02,593.6630959825771
2026-01-02,Plant B,M-02,616.9387275725974
2026-01-02,Plant B,M-02,445.71992356339285
2026-01-02,Plant B,M-03,770.6353750453878
2026-01-02,Plant B,M-03,520.9862918162025
2026-01-02,Plant B,M-03,780.3025705429162
2026-01-02,Plant B,M-04,473.8379668873366
2026-01-02,Plant B,M-04,280.44575005503674
2026-01-02,Plant B,M-04,271.72719207291937
2026-01-02,Plant B,M-05,463.8976223186032
2026-01-02,Plant B,M-05,503.85553432623186
2026-01-02,Plant B,M-05,281.7600685480914
2026-01-02,Plant C,M-01,486.89286399312357
2026-01-02,Plant C,M-01,425.5902966525477
2026-01-02,Plant C,M-01,508.69253606668633
2026-01-02,Plant C,M-02,403.5887604972494
2026-01-02,Plant C,M-02,500.3578505931081
2026-01-02,Plant C,M-02,445.74449538939587
2026-01-02,Plant C,M-03,896.271731403886
2026-01-02,Plant C,M-03,884.318987209439
2026-01-02,Plant C,M-03,597.1681593613228
2026-01-02,Plant C,M-04,534.8892150534462
2026-01-02,Plant C,M-04,450.8422716355397
2026-01-02,Plant C,M-04,363.60261339966036
2026-01-02,Plant C,M-05,532.2175856248657
2026-01-02,Plant C,M-05,511.7525280313416
2026-01-02,Plant C,M-05,419.53556664022256
2026-01-03,Plant A,M-01,496.6438648197619
2026-01-03,Plant A,M-01,520.0750504574303
2026-01-03,Plant A,M-01,454.485354210604
2026-01-03,Plant A,M-02,423.5351748567541
2026-01-03,Plant A,M-02,684.837588058082
2026-01-03,Plant A,M-02,487.96958322224464
2026-01-03,Plant A,M-03,704.3436650422198
2026-01-03,Plant A,M-03,803.1603013215478
2026-01-03,Plant A,M-03,743.5629546886775
2026-01-03,Plant A,M-04,527.0913287447152
2026-01-03,Plant A,M-04,378.1426042340199
2026-01-03,Plant A,M-04,430.45702988037795
2026-01-03,Plant A,M-05,378.29431199562424
2026-01-03,Plant A,M-05,501.879065643363
2026-01-03,Plant A,M-05,361.62916724699267
2026-01-03,Plant B,M-01,456.72381475808436
2026-01-03,Plant B,M-01,457.4904306219192
2026-01-03,Plant B,M-01,524.2860935503585
2026-01-03,Plant B,M-02,541.9813234436183
2026-01-03,Plant B,M-02,430.19990115777836
2026-01-03,Plant B,M-02,310.4948878139913
2026-01-03,Plant B,M-03,730.8172978688042
2026-01-03,Plant B,M-03,801.3228264321388
2026-01-03,Plant B,M-03,802.3686228657051
2026-01-03,Plant B,M-04,412.1837503134775
2026-01-03,Plant B,M-04,396.02311316014345
2026-01-03,Plant B,M-04,440.4656006811428
2026-01-03,Plant B,M-05,435.90682691053087
2026-01-03,Plant B,M-05,489.7188199427576
2026-01-03,Plant B,M-05,358.59261869855976
2026-01-03,Plant C,M-01,638.9837208023624
2026-01-03,Plant C,M-01,566.1647469603837
2026-01-03,Plant C,M-01,489.2351369834415
2026-01-03,Plant C,M-02,567.3074094679386
2026-01-03,Plant C,M-02,394.4732420395635
2026-01-03,Plant C,M-02,340.48920940842333
2026-01-03,Plant C,M-03,921.9585429462514
2026-01-03,Plant C,M-03,589.0362074048893
2026-01-03,Plant C,M-03,575.5845743996946
2026-01-03,Plant C,M-04,521.0648649374276
2026-01-03,Plant C,M-04,512.8035590183815
2026-01-03,Plant C,M-04,402.4481488494703
2026-01-03,Plant C,M-05,578.0723592079494
2026-01-03,Plant C,M-05,515.6885670932209
2026-01-03,Plant C,M-05,476.6021575197889
2026-01-04,Plant A,M-01,524.8164963222882
2026-01-04,Plant A,M-01,450.9786695212822
2026-01-04,Plant A,M-01,555.8843587860007
2026-01-04,Plant A,M-02,427.3490407035455
2026-01-04,Plant A,M-02,575.9880051249576
2026-01-04,Plant A,M-02,610.2865043270032
2026-01-04,Plant A,M-03,865.3231297203804
2026-01-04,Plant A,M-03,679.065306589905
2026-01-04,Plant A,M-03,760.6686688392932
2026-01-04,Plant A,M-04,544.0840924177423
2026-01-04,Plant A,M-04,709.0747049202989
2026-01-04,Plant A,M-04,479.25047700590295
2026-01-04,Plant A,M-05,451.21679314151555
2026-01-04,Plant A,M-05,633.8985174022293
2026-01-04,Plant A,M-05,348.76802893018566
2026-01-04,Plant B,M-01,653.4748669832193
2026-01-04,Plant B,M-01,347.5865787380745
2026-01-04,Plant B,M-01,558.2036926819729
2026-01-04,Plant B,M-02,470.417207964088
2026-01-04,Plant B,M-02,287.4493714691035
2026-01-04,Plant B,M-02,423.3576759876322
2026-01-04,Plant B,M-03,774.6918988739168
2026-01-04,Plant B,M-03,591.510609048396
2026-01-04,Plant B,M-03,775.3683701936955
2026-01-04,Plant B,M-04,442.91761208132584
2026-01-04,Plant B,M-04,301.453152461369
2026-01-04,Plant B,M-04,224.55179702248086
2026-01-04,Plant B,M-05,513.6832213564695
2026-01-04,Plant B,M-05,368.3591390671202
2026-01-04,Plant B,M-05,443.2522973922886
2026-01-04,Plant C,M-01,389.488317517349
2026-01-04,Plant C,M-01,424.1177628197591
2026-01-04,Plant C,M-01,341.4834571271048
2026-01-04,Plant C,M-02,534.8140683884844
2026-01-04,Plant C,M-02,521.1929553717076
2026-01-04,Plant C,M-02,546.3827790258231
2026-01-04,Plant C,M-03,521.7118045077625
2026-01-04,Plant C,M-03,573.5082901474653
2026-01-04,Plant C,M-03,743.457385857838
2026-01-04,Plant C,M-04,479.94346030329075
2026-01-04,Plant C,M-04,480.0231213279264
2026-01-04,Plant C,M-04,557.4342988038037
2026-01-04,Plant C,M-05,640.1138245639208
2026-01-04,Plant C,M-05,623.7943339045024
2026-01-04,Plant C,M-05,485.5553320572068
2026-01-05,Plant A,M-01,585.6570078018093
2026-01-05,Plant A,M-01,486.66229536748267
2026-01-05,Plant A,M-01,307.90612812618934
2026-01-05,Plant A,M-02,461.98396378415407
2026-01-05,Plant A,M-02,336.9628737843773
2026-01-05,Plant A,M-02,386.86532141652737
2026-01-05,Plant A,M-03,957.8173417119262
2026-01-05,Plant A,M-03,902.7489909472766
2026-01-05,Plant A,M-03,631.662355126726
2026-01-05,Plant A,M-04,347.7192013128974
2026-01-05,Plant A,M-04,518.0663370640216
2026-01-05,Plant A,M-04,315.2276726791095
2026-01-05,Plant A,M-05,568.5007656960131
2026-01-05,Plant A,M-05,413.9153192880978
2026-01-05,Plant A,M-05,365.15277315888875
2026-01-05,Plant B,M-01,636.3786532974884
2026-01-05,Plant B,M-01,577.4148139358583
2026-01-05,Plant B,M-01,481.98464227395374
2026-01-05,Plant B,M-02,503.2720847583667
2026-01-05,Plant B,M-02,405.07708302930615
2026-01-05,Plant B,M-02,584.1288892913701
2026-01-05,Plant B,M-03,820.5590282664247
2026-01-05,Plant B,M-03,844.8675238860195
2026-01-05,Plant B,M-03,734.4021193584722
2026-01-05,Plant B,M-04,462.91053221606865
2026-01-05,Plant B,M-04,396.4284007886581
2026-01-05,Plant B,M-04,500.9500414973651
2026-01-05,Plant B,M-05,624.7403543855158
2026-01-05,Plant B,M-05,530.2951040878243
2026-01-05,Plant B,M-05,460.2630390640109
2026-01-05,Plant C,M-01,503.2746650974932
2026-01-05,Plant C,M-01,460.63114253394326
2026-01-05,Plant C,M-01,354.3027378594672
2026-01-05,Plant C,M-02,704.7118819781515
2026-01-05,Plant C,M-02,497.0505418827262
2026-01-05,Plant C,M-02,386.8228395532758
2026-01-05,Plant C,M-03,767.253598788414
2026-01-05,Plant C,M-03,895.6387701758703
2026-01-05,Plant C,M-03,679.2210676140625
2026-01-05,Plant C,M-04,558.4694989100739
2026-01-05,Plant C,M-04,474.60332467367544
2026-01-05,Plant C,M-04,343.8680288075108
2026-01-05,Plant C,M-05,619.3826450422014
2026-01-05,Plant C,M-05,415.3432916518054
2026-01-05,Plant C,M-05,450.5299499036412
2026-01-06,Plant A,M-01,535.7535937536239
2026-01-06,Plant A,M-01,338.687932304133
2026-01-06,Plant A,M-01,506.3257982260863
2026-01-06,Plant A,M-02,426.3724354428699
2026-01-06,Plant A,M-02,502.26981290880906
2026-01-06,Plant A,M-02,382.05253393113003
2026-01-06,Plant A,M-03,661.0365861406043
2026-01-06,Plant A,M-03,541.4276361355427
2026-01-06,Plant A,M-03,695.5280183216466
2026-01-06,Plant A,M-04,467.4305166471663
2026-01-06,Plant A,M-04,528.8787473675781
2026-01-06,Plant A,M-04,345.5013782232109
2026-01-06,Plant A,M-05,369.81755931520513
2026-01-06,Plant A,M-05,464.2835006898897
2026-01-06,Plant A,M-05,517.8208568320182
2026-01-06,Plant B,M-01,497.4654285371381
2026-01-06,Plant B,M-01,482.46516445459827
2026-01-06,Plant B,M-01,377.4903438195158
2026-01-06,Plant B,M-02,599.4700114114353
2026-01-06,Plant B,M-02,617.6336737148274
2026-01-06,Plant B,M-02,527.6622539848323
2026-01-06,Plant B,M-03,890.6793917202732
2026-01-06,Plant B,M-03,626.4929676721321
2026-01-06,Plant B,M-03,650.6249893730164
2026-01-06,Plant B,M-04,309.3016335550233
2026-01-06,Plant B,M-04,446.92415455424697
2026-01-06,Plant B,M-04,206.8291846606295
2026-01-06,Plant B,M-05,451.6058416175871
2026-01-06,Plant B,M-05,411.48471572087544
2026-01-06,Plant B,M-05,357.82275763727523
2026-01-06,Plant C,M-01,611.6397187223985
2026-01-06,Plant C,M-01,474.72175094557076
2026-01-06,Plant C,M-01,356.32733816362764
2026-01-06,Plant C,M-02,491.6564489548793
2026-01-06,Plant C,M-02,504.41219875796185
2026-01-06,Plant C,M-02,367.0323337730942
2026-01-06,Plant C,M-03,883.0957493527446
2026-01-06,Plant C,M-03,733.2712133079018
2026-01-06,Plant C,M-03,638.8690080944807
2026-01-06,Plant C,M-04,399.3428371421422
2026-01-06,Plant C,M-04,516.8450646206443
2026-01-06,Plant C,M-04,374.5085900057417
2026-01-06,Plant C,M-05,528.4040977502401
2026-01-06,Plant C,M-05,317.14776511893
2026-01-06,Plant C,M-05,323.8999593538411
2026-01-07,Plant A,M-01,635.2935431484281
2026-01-07,Plant A,M-01,364.7235205290772
2026-01-07,Plant A,M-01,419.8540729544049
2026-01-07,Plant A,M-02,560.8844251952708
2026-01-07,Plant A,M-02,495.6843017025389
2026-01-07,Plant A,M-02,558.7712888965109
2026-01-07,Plant A,M-03,943.5277559796198
2026-01-07,Plant A,M-03,849.1098059103763
2026-01-07,Plant A,M-03,561.3785331127872
2026-01-07,Plant A,M-04,396.50324478750525
2026-01-07,Plant A,M-04,413.662964456495
2026-01-07,Plant A,M-04,419.11431472846755
2026-01-07,Plant A,M-05,597.3884023100386
2026-01-07,Plant A,M-05,365.5283285676396
2026-01-07,Plant A,M-05,402.5046612524901
2026-01-07,Plant B,M-01,416.6810931744122
2026-01-07,Plant B,M-01,536.706979571863
2026-01-07,Plant B,M-01,350.148709393514
2026-01-07,Plant B,M-02,381.39637611515946
2026-01-07,Plant B,M-02,410.65761134906955
2026-01-07,Plant B,M-02,488.28348221510515
2026-01-07,Plant B,M-03,655.5567147824261
2026-01-07,Plant B,M-03,836.3882478204175
2026-01-07,Plant B,M-03,652.0348572068565
2026-01-07,Plant B,M-04,402.36053208451756
2026-01-07,Plant B,M-04,381.5567985645282
2026-01-07,Plant B,M-04,360.28262981870466
2026-01-07,Plant B,M-05,572.8821032973854
2026-01-07,Plant B,M-05,515.2269667751527
2026-01-07,Plant B,M-05,414.4201614641141
2026-01-07,Plant C,M-01,455.113593269464
2026-01-07,Plant C,M-01,449.2076628613856
2026-01-07,Plant C,M-01,390.78691935374286
2026-01-07,Plant C,M-02,615.6903713497499
2026-01-07,Plant C,M-02,479.502528816684
2026-01-07,Plant C,M-02,349.65115894387765
2026-01-07,Plant C,M-03,610.7494613043
2026-01-07,Plant C,M-03,650.2202014305308
2026-01-07,Plant C,M-03,599.014135056279
2026-01-07,Plant C,M-04,674.4321662926428
2026-01-07,Plant C,M-04,384.71627601461745
2026-01-07,Plant C,M-04,332.4386799585287
2026-01-07,Plant C,M-05,457.65344362762653
2026-01-07,Plant C,M-05,466.03833461823746
2026-01-07,Plant C,M-05,389.464724602791
2026-01-08,Plant A,M-01,491.3616281611704
2026-01-08,Plant A,M-01,392.65246810697255
2026-01-08,Plant A,M-01,528.415372033182
2026-01-08,Plant A,M-02,433.01596418332144
2026-01-08,Plant A,M-02,484.5868706627033
2026-01-08,Plant A,M-02,431.1302597705543
2026-01-08,Plant A,M-03,579.5770038762743
2026-01-08,Plant A,M-03,718.4520266586031
2026-01-08,Plant A,M-03,597.4578977306319
2026-01-08,Plant A,M-04,518.3362555669135
2026-01-08,Plant A,M-04,427.7194340778941
2026-01-08,Plant A,M-04,447.07337476560537
2026-01-08,Plant A,M-05,514.3680928339494
2026-01-08,Plant A,M-05,564.9294918502268
2026-01-08,Plant A,M-05,440.65284818851507
2026-01-08,Plant B,M-01,432.709858894805
2026-01-08,Plant B,M-01,494.30995016732237
2026-01-08,Plant B,M-01,308.323338838968
2026-01-08,Plant B,M-02,683.2708629455734
2026-01-08,Plant B,M-02,463.29279294516215
2026-01-08,Plant B,M-02,454.0035144973118
2026-01-08,Plant B,M-03,602.5965063653662
2026-01-08,Plant B,M-03,621.218798211404
2026-01-08,Plant B,M-03,463.5256030466185
2026-01-08,Plant B,M-04,483.8875568891104
2026-01-08,Plant B,M-04,342.91000854041494
2026-01-08,Plant B,M-04,374.1794806404491
2026-01-08,Plant B,M-05,420.26105349346506
2026-01-08,Plant B,M-05,316.1605241060768
2026-01-08,Plant B,M-05,556.7022970256007
2026-01-08,Plant C,M-01,501.2970977442161
2026-01-08,Plant C,M-01,455.8680217677305
2026-01-08,Plant C,M-01,406.4304058357558
2026-01-08,Plant C,M-02,604.5831963322094
2026-01-08,Plant C,M-02,592.4709763620524
2026-01-08,Plant C,M-02,333.08475999227676
2026-01-08,Plant C,M-03,637.0296353925605
2026-01-08,Plant C,M-03,815.2450028210286
2026-01-08,Plant C,M-03,591.4315296596524
2026-01-08,Plant C,M-04,511.60338930363656
2026-01-08,Plant C,M-04,477.56868877544895
2026-01-08,Plant C,M-04,379.17616783011
2026-01-08,Plant C,M-05,620.4292623118039
2026-01-08,Plant C,M-05,363.20412537606245
2026-01-08,Plant C,M-05,357.83950192136535
2026-01-09,Plant A,M-01,421.24264002396245
2026-01-09,Plant A,M-01,582.575897147425
2026-01-09,Plant A,M-01,503.25765155676316
2026-01-09,Plant A,M-02,390.39374242244793
2026-01-09,Plant A,M-02,542.0974091288932
2026-01-09,Plant A,M-02,468.11360450045805
2026-01-09,Plant A,M-03,789.6460275484054
2026-01-09,Plant A,M-03,761.1887098939782
2026-01-09,Plant A,M-03,521.2232517884621
2026-01-09,Plant A,M-04,497.2185792213373
2026-01-09,Plant A,M-04,627.1263320184482
2026-01-09,Plant A,M-04,328.43095485243646
2026-01-09,Plant A,M-05,402.71842492498035
2026-01-09,Plant A,M-05,552.3444372374493
2026-01-09,Plant A,M-05,342.3888780518924
2026-01-09,Plant B,M-01,455.81697921915907
2026-01-09,Plant B,M-01,480.11634701170203
2026-01-09,Plant B,M-01,359.25772695992055
2026-01-09,Plant B,M-02,569.5556406102214
2026-01-09,Plant B,M-02,449.6702438455772
2026-01-09,Plant B,M-02,471.95539062666654
2026-01-09,Plant B,M-03,663.2299972553453
2026-01-09,Plant B,M-03,609.9443337656504
2026-01-09,Plant B,M-03,644.6036186621535
2026-01-09,Plant B,M-04,296.07801023886486
2026-01-09,Plant B,M-04,329.7537903093382
2026-01-09,Plant B,M-04,464.21112268560404
2026-01-09,Plant B,M-05,477.2885559111674
2026-01-09,Plant B,M-05,356.9528176190095
2026-01-09,Plant B,M-05,344.1351059923427
2026-01-09,Plant C,M-01,543.087698793019
2026-01-09,Plant C,M-01,657.0895170664854
2026-01-09,Plant C,M-01,334.6169246203053
2026-01-09,Plant C,M-02,563.6387143192609
2026-01-09,Plant C,M-02,549.1749364639572
2026-01-09,Plant C,M-02,497.4798402607632
2026-01-09,Plant C,M-03,788.5296831207892
2026-01-09,Plant C,M-03,726.0209489190182
2026-01-09,Plant C,M-03,584.7140381714339
2026-01-09,Plant C,M-04,459.0994613721712
2026-01-09,Plant C,M-04,427.3777077871282
2026-01-09,Plant C,M-04,309.53385236409315
2026-01-09,Plant C,M-05,373.4177944333395
2026-01-09,Plant C,M-05,475.0833209167316
2026-01-09,Plant C,M-05,376.0794785112662
2026-01-10,Plant A,M-01,443.65527863419777
2026-01-10,Plant A,M-01,501.01452489533574
2026-01-10,Plant A,M-01,268.98825805609766
2026-01-10,Plant A,M-02,503.2590302471642
2026-01-10,Plant A,M-02,382.00355874890346
2026-01-10,Plant A,M-02,338.107795081044
2026-01-10,Plant A,M-03,708.1058776796107
2026-01-10,Plant A,M-03,694.5202519845502
2026-01-10,Plant A,M-03,736.3062316724464
2026-01-10,Plant A,M-04,449.22269321191584
2026-01-10,Plant A,M-04,453.0062153405659
2026-01-10,Plant A,M-04,326.8249773435333
2026-01-10,Plant A,M-05,491.7135474655945
2026-01-10,Plant A,M-05,545.5826067924106
2026-01-10,Plant A,M-05,468.30726150957355
2026-01-10,Plant B,M-01,569.1428372283183
2026-01-10,Plant B,M-01,376.03379180595704
2026-01-10,Plant B,M-01,618.5689570830405
2026-01-10,Plant B,M-02,467.9154646986106
2026-01-10,Plant B,M-02,433.411253133077
2026-01-10,Plant B,M-02,536.4993841995681
2026-01-10,Plant B,M-03,789.5616388921169
2026-01-10,Plant B,M-03,699.6715839887814
2026-01-10,Plant B,M-03,830.3313711632176
2026-01-10,Plant B,M-04,308.64484906666087
2026-01-10,Plant B,M-04,535.4700896871682
2026-01-10,Plant B,M-04,252.70721434574122
2026-01-10,Plant B,M-05,506.7994650646278
2026-01-10,Plant B,M-05,433.2375006473703
2026-01-10,Plant B,M-05,440.08844678616805
2026-01-10,Plant C,M-01,336.78096515062254
2026-01-10,Plant C,M-01,469.9162911428349
2026-01-10,Plant C,M-01,547.8107697067637
2026-01-10,Plant C,M-02,394.1611594458719
2026-01-10,Plant C,M-02,422.7715822443308
2026-01-10,Plant C,M-02,364.88416653587205
2026-01-10,Plant C,M-03,625.1336990861492
2026-01-10,Plant C,M-03,822.583060878255
2026-01-10,Plant C,M-03,755.2701222706208
2026-01-10,Plant C,M-04,457.10410256095486
2026-01-10,Plant C,M-04,351.1345065267043
2026-01-10,Plant C,M-04,568.6609527579687
2026-01-10,Plant C,M-05,666.7603383699324
2026-01-10,Plant C,M-05,322.48857902772437
2026-01-10,Plant C,M-05,468.1146681226434
2026-01-11,Plant A,M-01,310.52108391287095
2026-01-11,Plant A,M-01,351.3321032394883
2026-01-11,Plant A,M-01,561.7328575697871
2026-01-11,Plant A,M-02,550.0906332089654
2026-01-11,Plant A,M-02,424.98536931925685
2026-01-11,Plant A,M-02,506.0612959720871
2026-01-11,Plant A,M-03,936.7923014499752
2026-01-11,Plant A,M-03,545.8384242095309
2026-01-11,Plant A,M-03,711.5757499347422
2026-01-11,Plant A,M-04,550.8278293202702
2026-01-11,Plant A,M-04,590.154052811023
2026-01-11,Plant A,M-04,500.25985282700515
2026-01-11,Plant A,M-05,591.9111054377677
2026-01-11,Plant A,M-05,372.6710739046373
2026-01-11,Plant A,M-05,401.77651590279254
2026-01-11,Plant B,M-01,510.3168755024585
2026-01-11,Plant B,M-01,394.6387930532567
2026-01-11,Plant B,M-01,418.3530050661986
2026-01-11,Plant B,M-02,524.2712063097358
2026-01-11,Plant B,M-02,398.86375581113106
2026-01-11,Plant B,M-02,341.5295264062878
2026-01-11,Plant B,M-03,834.6028662215931
2026-01-11,Plant B,M-03,872.3267157335594
2026-01-11,Plant B,M-03,626.9522463879708
2026-01-11,Plant B,M-04,368.3200320209968
2026-01-11,Plant B,M-04,438.83482386998764
2026-01-11,Plant B,M-04,269.2935733911774
2026-01-11,Plant B,M-05,574.4000429629617
2026-01-11,Plant B,M-05,295.4426618131881
2026-01-11,Plant B,M-05,643.4193738990754
2026-01-11,Plant C,M-01,464.0766537405886
2026-01-11,Plant C,M-01,489.7918163248005
2026-01-11,Plant C,M-01,353.29677766720727
2026-01-11,Plant C,M-02,483.8737391908704
2026-01-11,Plant C,M-02,525.6793277063929
2026-01-11,Plant C,M-02,443.43491689931517
2026-01-11,Plant C,M-03,718.5963854744452
2026-01-11,Plant C,M-03,590.1659159463902
2026-01-11,Plant C,M-03,616.1091789347931
2026-01-11,Plant C,M-04,605.642960618484
2026-01-11,Plant C,M-04,532.0995303042187
2026-01-11,Plant C,M-04,612.2062656535339
2026-01-11,Plant C,M-05,544.3930598650485
2026-01-11,Plant C,M-05,498.04590237070295
2026-01-11,Plant C,M-05,494.47741531461253
2026-01-12,Plant A,M-01,393.7944873907909
2026-01-12,Plant A,M-01,422.86145546660583
2026-01-12,Plant A,M-01,339.80230354122546
2026-01-12,Plant A,M-02,528.5301308600076
2026-01-12,Plant A,M-02,595.6070895637704
2026-01-12,Plant A,M-02,584.0466374316424
2026-01-12,Plant A,M-03,784.0077541203982
2026-01-12,Plant A,M-03,748.1441864382155
2026-01-12,Plant A,M-03,763.1380499996616
2026-01-12,Plant A,M-04,478.4798236799772
2026-01-12,Plant A,M-04,377.10174920364227
2026-01-12,Plant A,M-04,404.7137780157764
2026-01-12,Plant A,M-05,465.45550765233077
2026-01-12,Plant A,M-05,544.92450270553
2026-01-12,Plant A,M-05,394.63472946099085
2026-01-12,Plant B,M-01,456.96561409427164
2026-01-12,Plant B,M-01,478.01553961404636
2026-01-12,Plant B,M-01,447.35405812539835
2026-01-12,Plant B,M-02,473.45837274915283
2026-01-12,Plant B,M-02,483.2721690511132
2026-01-12,Plant B,M-02,466.85947435998986
2026-01-12,Plant B,M-03,911.7998300964399
2026-01-12,Plant B,M-03,802.7326381002889
2026-01-12,Plant B,M-03,704.3543196444422
2026-01-12,Plant B,M-04,437.20391086438894
2026-01-12,Plant B,M-04,391.0131659183003
2026-01-12,Plant B,M-04,311.8102275812239
2026-01-12,Plant B,M-05,679.9809155065757
2026-01-12,Plant B,M-05,495.6757836248976
2026-01-12,Plant B,M-05,346.14359335563734
2026-01-12,Plant C,M-01,343.37187110292206
2026-01-12,Plant C,M-01,446.07337039042187
2026-01-12,Plant C,M-01,344.952944085185
2026-01-12,Plant C,M-02,438.7940328499352
2026-01-12,Plant C,M-02,471.45702983741364
2026-01-12,Plant C,M-02,442.290985146096
2026-01-12,Plant C,M-03,872.4214617665621
2026-01-12,Plant C,M-03,858.9101331783876
2026-01-12,Plant C,M-03,828.491664445986
2026-01-12,Plant C,M-04,579.7619428132839
2026-01-12,Plant C,M-04,489.89716156944854
2026-01-12,Plant C,M-04,480.4106833338737
2026-01-12,Plant C,M-05,650.1034744590376
2026-01-12,Plant C,M-05,381.8501382955076
2026-01-12,Plant C,M-05,365.13284892641394
2026-01-13,Plant A,M-01,495.63790477452744
2026-01-13,Plant A,M-01,292.0317497068158
2026-01-13,Plant A,M-01,428.4902275410932
2026-01-13,Plant A,M-02,435.0268352088539
2026-01-13,Plant A,M-02,654.612190997856
2026-01-13,Plant A,M-02,467.94661085952964
2026-01-13,Plant A,M-03,760.3914018746506
2026-01-13,Plant A,M-03,577.6386903235524
2026-01-13,Plant A,M-03,614.1478807263028
2026-01-13,Plant A,M-04,342.0957549984885
2026-01-13,Plant A,M-04,438.1663488460235
2026-01-13,Plant A,M-04,514.0266182973592
2026-01-13,Plant A,M-05,433.43840457261217
2026-01-13,Plant A,M-05,461.09828542049655
2026-01-13,Plant A,M-05,332.92033777381374
2026-01-13,Plant B,M-01,407.0439992158139
2026-01-13,Plant B,M-01,332.88311449376454
2026-01-13,Plant B,M-01,391.0264461038205
2026-01-13,Plant B,M-02,603.5896450094275
2026-01-13,Plant B,M-02,482.5213849148194
2026-01-13,Plant B,M-02,601.0598933380445
2026-01-13,Plant B,M-03,630.8070357693011
2026-01-13,Plant B,M-03,941.3810045492643
2026-01-13,Plant B,M-03,666.1362819138647
2026-01-13,Plant B,M-04,443.68605500571203
2026-01-13,Plant B,M-04,291.7274208913769
2026-01-13,Plant B,M-04,374.84444729386627
2026-01-13,Plant B,M-05,504.5024613257603
2026-01-13,Plant B,M-05,473.3649499111408
2026-01-13,Plant B,M-05,568.7984438050821
2026-01-13,Plant C,M-01,400.16405948894203
2026-01-13,Plant C,M-01,594.2661073504622
2026-01-13,Plant C,M-01,375.67264017361424
2026-01-13,Plant C,M-02,508.2753007601362
2026-01-13,Plant C,M-02,498.8422626395222
2026-01-13,Plant C,M-02,496.6280077001655
2026-01-13,Plant C,M-03,946.327907287737
2026-01-13,Plant C,M-03,723.2114443099113
2026-01-13,Plant C,M-03,613.0196913791477
2026-01-13,Plant C,M-04,575.7917991103981
2026-01-13,Plant C,M-04,404.62113972944974
2026-01-13,Plant C,M-04,417.6078470628693
2026-01-13,Plant C,M-05,693.4664241833266
2026-01-13,Plant C,M-05,355.6282828516664
2026-01-13,Plant C,M-05,479.2960032283908
2026-01-14,Plant A,M-01,384.93095478063447
2026-01-14,Plant A,M-01,335.48903810685135
2026-01-14,Plant A,M-01,439.90724448359333
2026-01-14,Plant A,M-02,342.17996303864
2026-01-14,Plant A,M-02,405.2940185067565
2026-01-14,Plant A,M-02,368.08943019504767
2026-01-14,Plant A,M-03,735.7625538729001
2026-01-14,Plant A,M-03,792.0933338622312
2026-01-14,Plant A,M-03,828.7507352975482
2026-01-14,Plant A,M-04,485.25901670884883
2026-01-14,Plant A,M-04,379.306460271891
2026-01-14,Plant A,M-04,307.29517549874186
2026-01-14,Plant A,M-05,579.988038411332
2026-01-14,Plant A,M-05,616.4702080484831
2026-01-14,Plant A,M-05,440.5413153810922
2026-01-14,Plant B,M-01,539.9443215707354
2026-01-14,Plant B,M-01,354.17607044465956
2026-01-14,Plant B,M-01,455.7854883277316
2026-01-14,Plant B,M-02,423.82615919357534
2026-01-14,Plant B,M-02,426.8842168903945
2026-01-14,Plant B,M-02,546.7968747289684
2026-01-14,Plant B,M-03,574.0940862048873
2026-01-14,Plant B,M-03,868.8871422922575
2026-01-14,Plant B,M-03,633.552861507527
2026-01-14,Plant B,M-04,396.2630718742252
2026-01-14,Plant B,M-04,361.37060091994704
2026-01-14,Plant B,M-04,280.80545578288866
2026-01-14,Plant B,M-05,650.0804794395395
2026-01-14,Plant B,M-05,400.8144738516386
2026-01-14,Plant B,M-05,473.0496742271537
2026-01-14,Plant C,M-01,403.8286294933437
2026-01-14,Plant C,M-01,388.7467211681841
2026-01-14,Plant C,M-01,303.652943556238
2026-01-14,Plant C,M-02,596.3564400762843
2026-01-14,Plant C,M-02,446.1768358376526
2026-01-14,Plant C,M-02,431.5995724878164
2026-01-14,Plant C,M-03,628.2931287719015
2026-01-14,Plant C,M-03,828.232053326033
2026-01-14,Plant C,M-03,665.8387299013688
2026-01-14,Plant C,M-04,513.3309539431544
2026-01-14,Plant C,M-04,574.177936719643
2026-01-14,Plant C,M-04,459.5377907935535
2026-01-14,Plant C,M-05,546.859980378612
2026-01-14,Plant C,M-05,586.8475287045175
2026-01-14,Plant C,M-05,454.3260527132545
2026-01-15,Plant A,M-01,478.32754285541057
2026-01-15,Plant A,M-01,444.1650371258912
2026-01-15,Plant A,M-01,471.34973301080475
2026-01-15,Plant A,M-02,532.8158391051712
2026-01-15,Plant A,M-02,586.3573000875058
2026-01-15,Plant A,M-02,346.92078157974566
2026-01-15,Plant A,M-03,849.1781347537461
2026-01-15,Plant A,M-03,580.5472088609124
2026-01-15,Plant A,M-03,580.602663592292
2026-01-15,Plant A,M-04,421.099670086202
2026-01-15,Plant A,M-04,401.0760745386573
2026-01-15,Plant A,M-04,411.30112222466954
2026-01-15,Plant A,M-05,419.68084063316616
2026-01-15,Plant A,M-05,451.6356631452166
2026-01-15,Plant A,M-05,294.3552112539943
2026-01-15,Plant B,M-01,489.9069502650095
2026-01-15,Plant B,M-01,388.02821172175766
2026-01-15,Plant B,M-01,563.9633595657319
2026-01-15,Plant B,M-02,664.1973447663477
2026-01-15,Plant B,M-02,450.7131872211098
2026-01-15,Plant B,M-02,442.8624343014971
2026-01-15,Plant B,M-03,800.9328601701012
2026-01-15,Plant B,M-03,958.1131835818512
2026-01-15,Plant B,M-03,733.5563195332861
2026-01-15,Plant B,M-04,350.43046074939843
2026-01-15,Plant B,M-04,360.4524790394749
2026-01-15,Plant B,M-04,234.45007663074813
2026-01-15,Plant B,M-05,488.39265387301134
2026-01-15,Plant B,M-05,331.2880165964819
2026-01-15,Plant B,M-05,358.27089503527407
2026-01-15,Plant C,M-01,372.870628906908
2026-01-15,Plant C,M-01,578.7468747333198
2026-01-15,Plant C,M-01,340.03146230388376
2026-01-15,Plant C,M-02,399.68620835907495
2026-01-15,Plant C,M-02,356.7539238300307
2026-01-15,Plant C,M-02,386.19522421828464
2026-01-15,Plant C,M-03,652.5959298015383
2026-01-15,Plant C,M-03,657.2810399043977
2026-01-15,Plant C,M-03,654.0307018398805
2026-01-15,Plant C,M-04,392.1877832092499
2026-01-15,Plant C,M-04,415.1078167175016
2026-01-15,Plant C,M-04,462.8355464622422
2026-01-15,Plant C,M-05,698.9772749659986
2026-01-15,Plant C,M-05,366.83235541259154
2026-01-15,Plant C,M-05,405.13846122282223
2026-01-16,Plant A,M-01,455.11892849621023
2026-01-16,Plant A,M-01,392.34797232591734
2026-01-16,Plant A,M-01,499.48655951065984
2026-01-16,Plant A,M-02,449.4248985006403
2026-01-16,Plant A,M-02,474.1345876815768
2026-01-16,Plant A,M-02,459.35370660413264
2026-01-16,Plant A,M-03,710.0664710189836
2026-01-16,Plant A,M-03,779.549165366079
2026-01-16,Plant A,M-03,623.8321863828127
2026-01-16,Plant A,M-04,585.3176807275996
2026-01-16,Plant A,M-04,486.01341637278074
2026-01-16,Plant A,M-04,456.1184987914339
2026-01-16,Plant A,M-05,464.1802267807458
2026-01-16,Plant A,M-05,675.3260291413268
2026-01-16,Plant A,M-05,362.3539328864954
2026-01-16,Plant B,M-01,466.6064469312956
2026-01-16,Plant B,M-01,639.5281853864951
2026-01-16,Plant B,M-01,516.6338835731829
2026-01-16,Plant B,M-02,497.4378613068542
2026-01-16,Plant B,M-02,499.3227442401572
2026-01-16,Plant B,M-02,411.4752773848481
2026-01-16,Plant B,M-03,885.7781554452569
2026-01-16,Plant B,M-03,552.4970423555609
2026-01-16,Plant B,M-03,708.6364208595785
2026-01-16,Plant B,M-04,491.42995718082716
2026-01-16,Plant B,M-04,336.65882491562985
2026-01-16,Plant B,M-04,441.28801148264165
2026-01-16,Plant B,M-05,440.1307540426669
2026-01-16,Plant B,M-05,428.6348845445444
2026-01-16,Plant B,M-05,367.41334642879093
2026-01-16,Plant C,M-01,480.78091805627156
2026-01-16,Plant C,M-01,439.68914208901157
2026-01-16,Plant C,M-01,477.24154799023944
2026-01-16,Plant C,M-02,651.9846150847428
2026-01-16,Plant C,M-02,314.21660602057636
2026-01-16,Plant C,M-02,352.1299743031837
2026-01-16,Plant C,M-03,904.0423472467496
2026-01-16,Plant C,M-03,896.4128677151779
2026-01-16,Plant C,M-03,633.259277098963
2026-01-16,Plant C,M-04,477.17155584217267
2026-01-16,Plant C,M-04,550.0104574931066
2026-01-16,Plant C,M-04,498.5468816434318
2026-01-16,Plant C,M-05,437.0829182504367
2026-01-16,Plant C,M-05,488.8000042134634
2026-01-16,Plant C,M-05,519.7143097243757
2026-01-17,Plant A,M-01,527.1957961703811
2026-01-17,Plant A,M-01,461.49788782871207
2026-01-17,Plant A,M-01,514.7429435872555
2026-01-17,Plant A,M-02,381.9218043810082
2026-01-17,Plant A,M-02,502.4092412614373
2026-01-17,Plant A,M-02,559.0635271352085
2026-01-17,Plant A,M-03,950.4320787662865
2026-01-17,Plant A,M-03,832.9416608635576
2026-01-17,Plant A,M-03,527.737599015744
2026-01-17,Plant A,M-04,385.32376949087757
2026-01-17,Plant A,M-04,315.12402299383643
2026-01-17,Plant A,M-04,274.4390828079332
2026-01-17,Plant A,M-05,339.9811889710647
2026-01-17,Plant A,M-05,409.077335886633
2026-01-17,Plant A,M-05,460.0207818593924
2026-01-17,Plant B,M-01,438.0532878560449
2026-01-17,Plant B,M-01,513.206137416203
2026-01-17,Plant B,M-01,465.7576620223028
2026-01-17,Plant B,M-02,514.6233964065159
2026-01-17,Plant B,M-02,353.69262132922063
2026-01-17,Plant B,M-02,265.677995916822
2026-01-17,Plant B,M-03,837.3890369826735
2026-01-17,Plant B,M-03,731.7556990826816
2026-01-17,Plant B,M-03,720.8127894620325
2026-01-17,Plant B,M-04,295.7388764720336
2026-01-17,Plant B,M-04,425.911721429525
2026-01-17,Plant B,M-04,427.5135371008969
2026-01-17,Plant B,M-05,493.352659147041
2026-01-17,Plant B,M-05,539.6182937047514
2026-01-17,Plant B,M-05,291.6055954650902
2026-01-17,Plant C,M-01,566.6000588490487
2026-01-17,Plant C,M-01,496.36727808150204
2026-01-17,Plant C,M-01,351.56276158678213
2026-01-17,Plant C,M-02,485.581529849077
2026-01-17,Plant C,M-02,444.997219966635
2026-01-17,Plant C,M-02,429.0318376586568
2026-01-17,Plant C,M-03,759.7403483472083
2026-01-17,Plant C,M-03,550.9489131033197
2026-01-17,Plant C,M-03,653.9794511998342
2026-01-17,Plant C,M-04,383.01675739847263
2026-01-17,Plant C,M-04,475.6529597220896
2026-01-17,Plant C,M-04,650.1667769872284
2026-01-17,Plant C,M-05,549.5598593683153
2026-01-17,Plant C,M-05,552.4070151929498
2026-01-17,Plant C,M-05,478.9098960204773
2026-01-18,Plant A,M-01,436.9569255500711
2026-01-18,Plant A,M-01,540.9941276080148
2026-01-18,Plant A,M-01,464.2596968039431
2026-01-18,Plant A,M-02,335.97943609748427
2026-01-18,Plant A,M-02,674.9759408129154
2026-01-18,Plant A,M-02,473.7673053816472
2026-01-18,Plant A,M-03,584.7581050845224
2026-01-18,Plant A,M-03,669.9160541178163
2026-01-18,Plant A,M-03,577.7689336937814
2026-01-18,Plant A,M-04,492.7744912251007
2026-01-18,Plant A,M-04,426.9862612623804
2026-01-18,Plant A,M-04,431.92034194147493
2026-01-18,Plant A,M-05,341.7026091587338
2026-01-18,Plant A,M-05,501.90749562460604
2026-01-18,Plant A,M-05,297.0422660323479
2026-01-18,Plant B,M-01,484.91758197454675
2026-01-18,Plant B,M-01,439.60287588391947
2026-01-18,Plant B,M-01,542.0682981097749
2026-01-18,Plant B,M-02,541.4191290515911
2026-01-18,Plant B,M-02,377.4446557968023
2026-01-18,Plant B,M-02,369.22050113632037
2026-01-18,Plant B,M-03,866.3767109853413
2026-01-18,Plant B,M-03,800.5372166864579
2026-01-18,Plant B,M-03,442.4712880181589
2026-01-18,Plant B,M-04,536.7787960017507
2026-01-18,Plant B,M-04,355.619872715947
2026-01-18,Plant B,M-04,370.41943308480865
2026-01-18,Plant B,M-05,535.7195630477916
2026-01-18,Plant B,M-05,414.5140269962462
2026-01-18,Plant B,M-05,487.0741780321605
2026-01-18,Plant C,M-01,330.64696495990205
2026-01-18,Plant C,M-01,417.54895112411435
2026-01-18,Plant C,M-01,451.9793068455401
2026-01-18,Plant C,M-02,581.2982476584801
2026-01-18,Plant C,M-02,631.7395271722186
2026-01-18,Plant C,M-02,550.8518720703431
2026-01-18,Plant C,M-03,806.0422572825526
2026-01-18,Plant C,M-03,621.0092890632282
2026-01-18,Plant C,M-03,448.39742297808306
2026-01-18,Plant C,M-04,547.720182971326
2026-01-18,Plant C,M-04,501.0561794167826
2026-01-18,Plant C,M-04,492.67914910990294
2026-01-18,Plant C,M-05,496.1332271748881
2026-01-18,Plant C,M-05,384.2492215406489
2026-01-18,Plant C,M-05,477.03257023823846
2026-01-19,Plant A,M-01,521.173890833198
2026-01-19,Plant A,M-01,513.5795499796318
2026-01-19,Plant A,M-01,471.6253431770818
2026-01-19,Plant A,M-02,408.98149058623085
2026-01-19,Plant A,M-02,468.9447653279136
2026-01-19,Plant A,M-02,478.6083805648936
2026-01-19,Plant A,M-03,855.6520268808866
2026-01-19,Plant A,M-03,793.0230279452941
2026-01-19,Plant A,M-03,628.2026012254386
2026-01-19,Plant A,M-04,433.8354877704566
2026-01-19,Plant A,M-04,584.278856838126
2026-01-19,Plant A,M-04,438.15890878969356
2026-01-19,Plant A,M-05,636.2848412181755
2026-01-19,Plant A,M-05,581.0709814149119
2026-01-19,Plant A,M-05,538.2280278352764
2026-01-19,Plant B,M-01,474.0861964293513
2026-01-19,Plant B,M-01,513.3781867154408
2026-01-19,Plant B,M-01,303.0757645947623
2026-01-19,Plant B,M-02,421.38491784955255
2026-01-19,Plant B,M-02,419.65075662405326
2026-01-19,Plant B,M-02,369.3853449268947
2026-01-19,Plant B,M-03,624.003148316045
2026-01-19,Plant B,M-03,621.0779375652543
2026-01-19,Plant B,M-03,779.9215640382523
2026-01-19,Plant B,M-04,285.04399546273015
2026-01-19,Plant B,M-04,450.5743675532304
2026-01-19,Plant B,M-04,337.30943016864234
2026-01-19,Plant B,M-05,403.3056294957482
2026-01-19,Plant B,M-05,529.0393937235697
2026-01-19,Plant B,M-05,311.02709943259623
2026-01-19,Plant C,M-01,531.2320468472252
2026-01-19,Plant C,M-01,478.0678582761514
2026-01-19,Plant C,M-01,473.738130906721
2026-01-19,Plant C,M-02,407.8695179778499
2026-01-19,Plant C,M-02,482.3958549759228
2026-01-19,Plant C,M-02,442.30367752019464
2026-01-19,Plant C,M-03,815.113638533435
2026-01-19,Plant C,M-03,642.326254635423
2026-01-19,Plant C,M-03,523.2346877165425
2026-01-19,Plant C,M-04,514.5110953681402
2026-01-19,Plant C,M-04,521.514794459838
2026-01-19,Plant C,M-04,343.20818159385186
2026-01-19,Plant C,M-05,652.3995435417303
2026-01-19,Plant C,M-05,491.0889764743458
2026-01-19,Plant C,M-05,563.4354806591133
2026-01-20,Plant A,M-01,525.0418883562943
2026-01-20,Plant A,M-01,447.8419555720607
2026-01-20,Plant A,M-01,591.5965055972738
2026-01-20,Plant A,M-02,419.1861159216643
2026-01-20,Plant A,M-02,415.4170828588247
2026-01-20,Plant A,M-02,467.9356449144227
2026-01-20,Plant A,M-03,938.4796997925351
2026-01-20,Plant A,M-03,854.6470196744954
2026-01-20,Plant A,M-03,505.8670505924081
2026-01-20,Plant A,M-04,379.43561162383685
2026-01-20,Plant A,M-04,470.3903474552053
2026-01-20,Plant A,M-04,470.1700198588173
2026-01-20,Plant A,M-05,707.3805670406313
2026-01-20,Plant A,M-05,435.9859228597357
2026-01-20,Plant A,M-05,529.5425644679196
2026-01-20,Plant B,M-01,475.20722744224196
2026-01-20,Plant B,M-01,418.19981097557144
2026-01-20,Plant B,M-01,519.2349521782579
2026-01-20,Plant B,M-02,654.0930165235302
2026-01-20,Plant B,M-02,524.4873298501308
2026-01-20,Plant B,M-02,426.06659661062537
2026-01-20,Plant B,M-03,881.3877657948749
2026-01-20,Plant B,M-03,758.4929206002755
2026-01-20,Plant B,M-03,776.3632669255588
2026-01-20,Plant B,M-04,400.040254403968
2026-01-20,Plant B,M-04,268.0373360371144
2026-01-20,Plant B,M-04,315.45299793697944
2026-01-20,Plant B,M-05,418.9634180770264
2026-01-20,Plant B,M-05,320.8941247327546
2026-01-20,Plant B,M-05,437.14372565728064
2026-01-20,Plant C,M-01,412.1234590559215
2026-01-20,Plant C,M-01,630.2471676991335
2026-01-20,Plant C,M-01,306.93491565040745
2026-01-20,Plant C,M-02,444.0786144365319
2026-01-20,Plant C,M-02,361.67496716595303
2026-01-20,Plant C,M-02,478.7557945413972
2026-01-20,Plant C,M-03,754.612458657189
2026-01-20,Plant C,M-03,832.5704408783473
2026-01-20,Plant C,M-03,564.2176816417796
2026-01-20,Plant C,M-04,598.2209339689533
2026-01-20,Plant C,M-04,449.3793765795442
2026-01-20,Plant C,M-04,473.0476884792175
2026-01-20,Plant C,M-05,561.6767114852577
2026-01-20,Plant C,M-05,514.8665116487834
2026-01-20,Plant C,M-05,464.40675611808734
2026-01-21,Plant A,M-01,437.58590699493976
2026-01-21,Plant A,M-01,602.6424314050921
2026-01-21,Plant A,M-01,529.3014258427722
2026-01-21,Plant A,M-02,621.8951285018012
2026-01-21,Plant A,M-02,446.8686951867761
2026-01-21,Plant A,M-02,438.1027986330063
2026-01-21,Plant A,M-03,667.5527395039616
2026-01-21,Plant A,M-03,668.4176274556932
2026-01-21,Plant A,M-03,913.8216283753695
2026-01-21,Plant A,M-04,464.94499951351014
2026-01-21,Plant A,M-04,403.07577218873496
2026-01-21,Plant A,M-04,379.79972789915655
2026-01-21,Plant A,M-05,533.2358919920553
2026-01-21,Plant A,M-05,463.06055320303966
2026-01-21,Plant A,M-05,352.64061022263024
2026-01-21,Plant B,M-01,569.447787533193
2026-01-21,Plant B,M-01,430.09452404757036
2026-01-21,Plant B,M-01,397.1325864075194
2026-01-21,Plant B,M-02,469.88191660062
2026-01-21,Plant B,M-02,364.9078281250171
2026-01-21,Plant B,M-02,452.7928312813242
2026-01-21,Plant B,M-03,630.4990077758772
2026-01-21,Plant B,M-03,569.8776456727466
2026-01-21,Plant B,M-03,778.3569408536961
2026-01-21,Plant B,M-04,426.01960311235416
2026-01-21,Plant B,M-04,289.3263945640653
2026-01-21,Plant B,M-04,475.5257707368819
2026-01-21,Plant B,M-05,475.2072056048157
2026-01-21,Plant B,M-05,523.312038499796
2026-01-21,Plant B,M-05,373.9782515975353
2026-01-21,Plant C,M-01,656.6801854571331
2026-01-21,Plant C,M-01,417.26966674805635
2026-01-21,Plant C,M-01,372.2953417161136
2026-01-21,Plant C,M-02,511.4270015218294
2026-01-21,Plant C,M-02,403.6567624922161
2026-01-21,Plant C,M-02,486.7815035543353
2026-01-21,Plant C,M-03,777.8322311302671
2026-01-21,Plant C,M-03,806.4888620587999
2026-01-21,Plant C,M-03,831.8209689140294
2026-01-21,Plant C,M-04,608.5315661694273
2026-01-21,Plant C,M-04,464.4669135565286
2026-01-21,Plant C,M-04,446.04268746189325
2026-01-21,Plant C,M-05,387.3604709798829
2026-01-21,Plant C,M-05,482.1192051336126
2026-01-21,Plant C,M-05,599.5580110189205
2026-01-22,Plant A,M-01,574.9797553665105
2026-01-22,Plant A,M-01,548.6005351583431
2026-01-22,Plant A,M-01,409.4887512967236
2026-01-22,Plant A,M-02,545.3199764127226
2026-01-22,Plant A,M-02,517.927074779744
2026-01-22,Plant A,M-02,493.4857673425127
2026-01-22,Plant A,M-03,488.3393532647633
2026-01-22,Plant A,M-03,718.8007003175321
2026-01-22,Plant A,M-03,713.2238401907318
2026-01-22,Plant A,M-04,438.7390588544338
2026-01-22,Plant A,M-04,499.13672750935854
2026-01-22,Plant A,M-04,487.01627811538674
2026-01-22,Plant A,M-05,484.7646294754904
2026-01-22,Plant A,M-05,619.5235084899917
2026-01-22,Plant A,M-05,346.9174761485367
2026-01-22,Plant B,M-01,426.52066249481953
2026-01-22,Plant B,M-01,574.0165310563111
2026-01-22,Plant B,M-01,423.22534420017104
2026-01-22,Plant B,M-02,766.2194121762136
2026-01-22,Plant B,M-02,396.90033128266776
2026-01-22,Plant B,M-02,405.4248002658492
2026-01-22,Plant B,M-03,638.1812194723564
2026-01-22,Plant B,M-03,794.7001712943686
2026-01-22,Plant B,M-03,707.8492498147751
2026-01-22,Plant B,M-04,412.16288333345625
2026-01-22,Plant B,M-04,476.0460466301894
2026-01-22,Plant B,M-04,391.35050393042775
2026-01-22,Plant B,M-05,624.2033387389048
2026-01-22,Plant B,M-05,568.0978101268344
2026-01-22,Plant B,M-05,385.66584484662246
2026-01-22,Plant C,M-01,497.5626161121001
2026-01-22,Plant C,M-01,368.45265249373006
2026-01-22,Plant C,M-01,414.0191367946631
2026-01-22,Plant C,M-02,540.946732951481
2026-01-22,Plant C,M-02,493.47407918169245
2026-01-22,Plant C,M-02,542.2545861826503
2026-01-22,Plant C,M-03,819.3371640493959
2026-01-22,Plant C,M-03,869.1689099213266
2026-01-22,Plant C,M-03,544.715380301005
2026-01-22,Plant C,M-04,480.04659918785654
2026-01-22,Plant C,M-04,460.42491217765314
2026-01-22,Plant C,M-04,375.4417677209689
2026-01-22,Plant C,M-05,550.6296848897729
2026-01-22,Plant C,M-05,613.3971059237266
2026-01-22,Plant C,M-05,495.3426992668991
2026-01-23,Plant A,M-01,455.0028738458104
2026-01-23,Plant A,M-01,566.616988815162
2026-01-23,Plant A,M-01,539.4649401143581
2026-01-23,Plant A,M-02,378.3698619034499
2026-01-23,Plant A,M-02,362.82525190193
2026-01-23,Plant A,M-02,484.7481561359874
2026-01-23,Plant A,M-03,842.3234155746364
2026-01-23,Plant A,M-03,614.9599214253086
2026-01-23,Plant A,M-03,646.8143625027054
2026-01-23,Plant A,M-04,587.6199382327926
2026-01-23,Plant A,M-04,334.33549399779434
2026-01-23,Plant A,M-04,369.4229326691909
2026-01-23,Plant A,M-05,469.55346838648495
2026-01-23,Plant A,M-05,404.17495200335617
2026-01-23,Plant A,M-05,565.6143495130904
2026-01-23,Plant B,M-01,453.38351892161154
2026-01-23,Plant B,M-01,469.9960618224762
2026-01-23,Plant B,M-01,551.1168556167839
2026-01-23,Plant B,M-02,572.9163746863779
2026-01-23,Plant B,M-02,479.05962943385634
2026-01-23,Plant B,M-02,464.62715998952353
2026-01-23,Plant B,M-03,743.5530996687228
2026-01-23,Plant B,M-03,869.3313545679378
2026-01-23,Plant B,M-03,641.0968230656937
2026-01-23,Plant B,M-04,447.91597865401985
2026-01-23,Plant B,M-04,311.7866084197014
2026-01-23,Plant B,M-04,373.40606323149535
2026-01-23,Plant B,M-05,708.9602078191546
2026-01-23,Plant B,M-05,468.2339481751212
2026-01-23,Plant B,M-05,401.847983182761
2026-01-23,Plant C,M-01,635.9196240426926
2026-01-23,Plant C,M-01,476.4515443449787
2026-01-23,Plant C,M-01,414.9257713554318
2026-01-23,Plant C,M-02,500.0021306274583
2026-01-23,Plant C,M-02,353.4137582069827
2026-01-23,Plant C,M-02,466.6645323997578
2026-01-23,Plant C,M-03,796.8784509904821
2026-01-23,Plant C,M-03,577.8725958619993
2026-01-23,Plant C,M-03,464.8173313925443
2026-01-23,Plant C,M-04,519.0320537589458
2026-01-23,Plant C,M-04,443.47673051360226
2026-01-23,Plant C,M-04,343.5829383785263
2026-01-23,Plant C,M-05,645.3536650856333
2026-01-23,Plant C,M-05,377.0345473424222
2026-01-23,Plant C,M-05,383.0721103909444
2026-01-24,Plant A,M-01,463.2755661003538
2026-01-24,Plant A,M-01,624.9760640226598
2026-01-24,Plant A,M-01,470.66359883211476
2026-01-24,Plant A,M-02,456.1198359343038
2026-01-24,Plant A,M-02,361.88007372141305
2026-01-24,Plant A,M-02,520.2795281431304
2026-01-24,Plant A,M-03,680.5483540072291
2026-01-24,Plant A,M-03,632.8622254905563
2026-01-24,Plant A,M-03,621.7260389547383
2026-01-24,Plant A,M-04,418.8067184129029
2026-01-24,Plant A,M-04,436.2421290665002
2026-01-24,Plant A,M-04,353.6342064307664
2026-01-24,Plant A,M-05,453.08914868614096
2026-01-24,Plant A,M-05,366.3051330167209
2026-01-24,Plant A,M-05,378.66259342503065
2026-01-24,Plant B,M-01,612.2585799670856
2026-01-24,Plant B,M-01,406.54769757041964
2026-01-24,Plant B,M-01,557.5550208432309
2026-01-24,Plant B,M-02,478.0809045351246
2026-01-24,Plant B,M-02,527.0177886711455
2026-01-24,Plant B,M-02,546.9558300271295
2026-01-24,Plant B,M-03,743.8277385085947
2026-01-24,Plant B,M-03,482.35867443046084
2026-01-24,Plant B,M-03,480.44815649698955
2026-01-24,Plant B,M-04,381.881100196441
2026-01-24,Plant B,M-04,457.55077373133724
2026-01-24,Plant B,M-04,308.40556561641444
2026-01-24,Plant B,M-05,564.4996480822779
2026-01-24,Plant B,M-05,522.9858773452311
2026-01-24,Plant B,M-05,327.52329997248296
2026-01-24,Plant C,M-01,548.3970959498396
2026-01-24,Plant C,M-01,379.20765730986096
2026-01-24,Plant C,M-01,493.51944161393226
2026-01-24,Plant C,M-02,533.0708851912996
2026-01-24,Plant C,M-02,470.16362068712317
2026-01-24,Plant C,M-02,325.3903791676844
2026-01-24,Plant C,M-03,698.4883667356377
2026-01-24,Plant C,M-03,563.2929236810777
2026-01-24,Plant C,M-03,822.7553126593431
2026-01-24,Plant C,M-04,503.1720296693161
2026-01-24,Plant C,M-04,480.38789234615666
2026-01-24,Plant C,M-04,573.4105989066867
2026-01-24,Plant C,M-05,373.39668521526903
2026-01-24,Plant C,M-05,517.2289219395997
2026-01-24,Plant C,M-05,268.9781264845593
2026-01-25,Plant A,M-01,652.6795093066934
2026-01-25,Plant A,M-01,415.63412748157566
2026-01-25,Plant A,M-01,427.8758790978718
2026-01-25,Plant A,M-02,667.3255925094668
2026-01-25,Plant A,M-02,520.6438557823908
2026-01-25,Plant A,M-02,404.14696626457453
2026-01-25,Plant A,M-03,571.5338492963562
2026-01-25,Plant A,M-03,727.8993618209861
2026-01-25,Plant A,M-03,610.0157612492836
2026-01-25,Plant A,M-04,562.1460115327894
2026-01-25,Plant A,M-04,413.45214508687127
2026-01-25,Plant A,M-04,572.9634884672049
2026-01-25,Plant A,M-05,404.85327018427114
2026-01-25,Plant A,M-05,538.2565063064063
2026-01-25,Plant A,M-05,545.0973401783983
2026-01-25,Plant B,M-01,398.3228777101162
2026-01-25,Plant B,M-01,457.15303246056817
2026-01-25,Plant B,M-01,433.8473813899215
2026-01-25,Plant B,M-02,419.0864351916595
2026-01-25,Plant B,M-02,397.9527021551304
2026-01-25,Plant B,M-02,497.83949301396916
2026-01-25,Plant B,M-03,991.7572323042627
2026-01-25,Plant B,M-03,739.8624913973512
2026-01-25,Plant B,M-03,631.4414104178297
2026-01-25,Plant B,M-04,511.58204947107095
2026-01-25,Plant B,M-04,405.28757613541757
2026-01-25,Plant B,M-04,359.3652877323688
2026-01-25,Plant B,M-05,494.92371869873756
2026-01-25,Plant B,M-05,532.3061734076044
2026-01-25,Plant B,M-05,389.39719738406484
2026-01-25,Plant C,M-01,407.44299913466887
2026-01-25,Plant C,M-01,553.8716962898657
2026-01-25,Plant C,M-01,546.6284912776017
2026-01-25,Plant C,M-02,543.9642080922459
2026-01-25,Plant C,M-02,492.8795220167526
2026-01-25,Plant C,M-02,525.0593765135321
2026-01-25,Plant C,M-03,476.3958159908284
2026-01-25,Plant C,M-03,776.6392221754501
2026-01-25,Plant C,M-03,668.3289820423586
2026-01-25,Plant C,M-04,400.7340598265778
2026-01-25,Plant C,M-04,495.0989095932025
2026-01-25,Plant C,M-04,508.85822804291575
2026-01-25,Plant C,M-05,688.6743521783114
2026-01-25,Plant C,M-05,385.53623024461115
2026-01-25,Plant C,M-05,340.4740114027975
2026-01-26,Plant A,M-01,497.3914572122715
2026-01-26,Plant A,M-01,577.5426987546874
2026-01-26,Plant A,M-01,388.77066218046434
2026-01-26,Plant A,M-02,403.79998416672674
2026-01-26,Plant A,M-02,482.8997827162675
2026-01-26,Plant A,M-02,350.50331129517724
2026-01-26,Plant A,M-03,828.4933762579043
2026-01-26,Plant A,M-03,877.1021299874843
2026-01-26,Plant A,M-03,708.7051551736507
2026-01-26,Plant A,M-04,511.1100032577231
2026-01-26,Plant A,M-04,614.2104941470104
2026-01-26,Plant A,M-04,418.91670760025545
2026-01-26,Plant A,M-05,343.541017835639
2026-01-26,Plant A,M-05,505.70125889866375
2026-01-26,Plant A,M-05,365.8774157505439
2026-01-26,Plant B,M-01,437.0457139956929
2026-01-26,Plant B,M-01,428.6129984355196
2026-01-26,Plant B,M-01,468.6839886045574
2026-01-26,Plant B,M-02,461.30256752889056
2026-01-26,Plant B,M-02,591.2589194023358
2026-01-26,Plant B,M-02,380.2772083008043
2026-01-26,Plant B,M-03,750.6496781415577
2026-01-26,Plant B,M-03,694.187284406703
2026-01-26,Plant B,M-03,774.1947127375124
2026-01-26,Plant B,M-04,369.2024747438276
2026-01-26,Plant B,M-04,418.9267959206052
2026-01-26,Plant B,M-04,339.3791156599071
2026-01-26,Plant B,M-05,619.3073073988489
2026-01-26,Plant B,M-05,563.1453783498154
2026-01-26,Plant B,M-05,487.0843605109559
2026-01-26,Plant C,M-01,358.2268352281958
2026-01-26,Plant C,M-01,390.5597153163715
2026-01-26,Plant C,M-01,417.68335845451446
2026-01-26,Plant C,M-02,398.62154259920936
2026-01-26,Plant C,M-02,428.3459543999093
2026-01-26,Plant C,M-02,384.08125656470776
2026-01-26,Plant C,M-03,733.6413198036823
2026-01-26,Plant C,M-03,660.4400064351985
2026-01-26,Plant C,M-03,629.3000438343042
2026-01-26,Plant C,M-04,571.1381432873767
2026-01-26,Plant C,M-04,490.06892338204835
2026-01-26,Plant C,M-04,266.748584550863
2026-01-26,Plant C,M-05,508.8711880939808
2026-01-26,Plant C,M-05,438.72220808741235
2026-01-26,Plant C,M-05,489.2829412176981
2026-01-27,Plant A,M-01,493.8296437216262
2026-01-27,Plant A,M-01,401.2004301338371
2026-01-27,Plant A,M-01,515.5603647218953
2026-01-27,Plant A,M-02,636.3260607410309
2026-01-27,Plant A,M-02,530.8554682478028
2026-01-27,Plant A,M-02,345.5444739818083
2026-01-27,Plant A,M-03,785.918558765363
2026-01-27,Plant A,M-03,576.3540333105339
2026-01-27,Plant A,M-03,590.4140554112729
2026-01-27,Plant A,M-04,363.9550018673151
2026-01-27,Plant A,M-04,547.934451095494
2026-01-27,Plant A,M-04,520.0790417284102
2026-01-27,Plant A,M-05,569.3538196979447
2026-01-27,Plant A,M-05,465.81801941156976
2026-01-27,Plant A,M-05,304.54872909398415
2026-01-27,Plant B,M-01,675.2079205298222
2026-01-27,Plant B,M-01,584.3668564956091
2026-01-27,Plant B,M-01,512.9771928445808
2026-01-27,Plant B,M-02,541.474753866444
2026-01-27,Plant B,M-02,635.3943832385298
2026-01-27,Plant B,M-02,402.37718286681934
2026-01-27,Plant B,M-03,983.297968574979
2026-01-27,Plant B,M-03,570.8172028430241
2026-01-27,Plant B,M-03,506.9781949123703
2026-01-27,Plant B,M-04,562.7969083458495
2026-01-27,Plant B,M-04,444.36734552735226
2026-01-27,Plant B,M-04,418.84425190812465
2026-01-27,Plant B,M-05,597.9105834488585
2026-01-27,Plant B,M-05,515.8386599808147
2026-01-27,Plant B,M-05,436.0294284211939
2026-01-27,Plant C,M-01,445.854220485518
2026-01-27,Plant C,M-01,621.5196735257057
2026-01-27,Plant C,M-01,393.9606856652852
2026-01-27,Plant C,M-02,514.5258502188018
2026-01-27,Plant C,M-02,539.5130384687601
2026-01-27,Plant C,M-02,572.7763253468406
2026-01-27,Plant C,M-03,824.9513697768679
2026-01-27,Plant C,M-03,762.4274442758409
2026-01-27,Plant C,M-03,741.6357024277332
2026-01-27,Plant C,M-04,461.1933790266448
2026-01-27,Plant C,M-04,605.9398251139404
2026-01-27,Plant C,M-04,417.53393215642535
2026-01-27,Plant C,M-05,331.37905777683403
2026-01-27,Plant C,M-05,551.4443450607685
2026-01-27,Plant C,M-05,471.7641385518526
2026-01-28,Plant A,M-01,505.9776267009915
2026-01-28,Plant A,M-01,480.08859822844977
2026-01-28,Plant A,M-01,356.1735388199772
2026-01-28,Plant A,M-02,341.55874895642245
2026-01-28,Plant A,M-02,444.74255169323186
2026-01-28,Plant A,M-02,588.897835904656
2026-01-28,Plant A,M-03,868.402994761341
2026-01-28,Plant A,M-03,924.4387593754979
2026-01-28,Plant A,M-03,568.7504415506941
2026-01-28,Plant A,M-04,660.2838126204399
2026-01-28,Plant A,M-04,339.65101467014284
2026-01-28,Plant A,M-04,434.72207541015416
2026-01-28,Plant A,M-05,407.21857854840124
2026-01-28,Plant A,M-05,582.5301862214004
2026-01-28,Plant A,M-05,452.18036974414184
2026-01-28,Plant B,M-01,455.0645322303572
2026-01-28,Plant B,M-01,531.9466654549552
2026-01-28,Plant B,M-01,606.5039870636934
2026-01-28,Plant B,M-02,601.3506109346524
2026-01-28,Plant B,M-02,450.9848247243542
2026-01-28,Plant B,M-02,355.0701506301181
2026-01-28,Plant B,M-03,822.7305746486018
2026-01-28,Plant B,M-03,592.8076350173676
2026-01-28,Plant B,M-03,691.4855369273924
2026-01-28,Plant B,M-04,420.75940171595886
2026-01-28,Plant B,M-04,439.49291834482716
2026-01-28,Plant B,M-04,315.4339504713073
2026-01-28,Plant B,M-05,598.9345444075042
2026-01-28,Plant B,M-05,406.0638389277868
2026-01-28,Plant B,M-05,469.48502831764364
2026-01-28,Plant C,M-01,371.63715143064763
2026-01-28,Plant C,M-01,388.5855359296149
2026-01-28,Plant C,M-01,349.9833067282877
2026-01-28,Plant C,M-02,480.264645171809
2026-01-28,Plant C,M-02,295.4597314159509
2026-01-28,Plant C,M-02,540.5457780076414
2026-01-28,Plant C,M-03,962.7449714097398
2026-01-28,Plant C,M-03,998.4977092085677
2026-01-28,Plant C,M-03,614.9590342837184
2026-01-28,Plant C,M-04,372.45831774643426
2026-01-28,Plant C,M-04,545.7665897333967
2026-01-28,Plant C,M-04,594.5223449668899
2026-01-28,Plant C,M-05,444.57239030904475
2026-01-28,Plant C,M-05,582.7572384751769
2026-01-28,Plant C,M-05,410.9593671813583
2026-01-29,Plant A,M-01,557.4861644228289
2026-01-29,Plant A,M-01,413.7037224917261
2026-01-29,Plant A,M-01,633.0004743866544
2026-01-29,Plant A,M-02,441.720112517002
2026-01-29,Plant A,M-02,557.9928993999238
2026-01-29,Plant A,M-02,465.8821150841208
2026-01-29,Plant A,M-03,887.8909935517609
2026-01-29,Plant A,M-03,794.8739385895544
2026-01-29,Plant A,M-03,704.4528592233878
2026-01-29,Plant A,M-04,628.8977741244735
2026-01-29,Plant A,M-04,469.95321310451584
2026-01-29,Plant A,M-04,437.83522899711306
2026-01-29,Plant A,M-05,574.1668446099136
2026-01-29,Plant A,M-05,578.6331687994101
2026-01-29,Plant A,M-05,507.83490888432607
2026-01-29,Plant B,M-01,725.1658107062498
2026-01-29,Plant B,M-01,357.3110233699818
2026-01-29,Plant B,M-01,411.1458911178696
2026-01-29,Plant B,M-02,423.781446253483
2026-01-29,Plant B,M-02,432.78023670459504
2026-01-29,Plant B,M-02,460.3828402966256
2026-01-29,Plant B,M-03,555.3318099931198
2026-01-29,Plant B,M-03,812.431172798741
2026-01-29,Plant B,M-03,497.8582723591106
2026-01-29,Plant B,M-04,392.3526412920113
2026-01-29,Plant B,M-04,409.1721046618732
2026-01-29,Plant B,M-04,343.29364765573246
2026-01-29,Plant B,M-05,480.2097226480839
2026-01-29,Plant B,M-05,492.3990918144281
2026-01-29,Plant B,M-05,623.8671417189573
2026-01-29,Plant C,M-01,553.1982651518407
2026-01-29,Plant C,M-01,412.2228159823145
2026-01-29,Plant C,M-01,363.3414872888104
2026-01-29,Plant C,M-02,377.98127598859355
2026-01-29,Plant C,M-02,399.4459229198314
2026-01-29,Plant C,M-02,392.5745403239812
2026-01-29,Plant C,M-03,1022.012285138438
2026-01-29,Plant C,M-03,749.8949241017551
2026-01-29,Plant C,M-03,518.1626456427904
2026-01-29,Plant C,M-04,446.2396743671966
2026-01-29,Plant C,M-04,507.62688189100066
2026-01-29,Plant C,M-04,460.39338284079685
2026-01-29,Plant C,M-05,618.5228885870426
2026-01-29,Plant C,M-05,519.1936820246657
2026-01-29,Plant C,M-05,374.6101972184083
2026-01-30,Plant A,M-01,428.41205505890184
2026-01-30,Plant A,M-01,501.1340968916386
2026-01-30,Plant A,M-01,438.6312316860931
2026-01-30,Plant A,M-02,551.4779200759483
2026-01-30,Plant A,M-02,520.1283286089015
2026-01-30,Plant A,M-02,231.40957730917768
2026-01-30,Plant A,M-03,857.6320904739989
2026-01-30,Plant A,M-03,701.9877343231798
2026-01-30,Plant A,M-03,690.6004854309175
2026-01-30,Plant A,M-04,417.8645808639067
2026-01-30,Plant A,M-04,626.5762713131559
2026-01-30,Plant A,M-04,491.0027725396707
2026-01-30,Plant A,M-05,464.6577564709618
2026-01-30,Plant A,M-05,444.23254034410854
2026-01-30,Plant A,M-05,370.828365716283
2026-01-30,Plant B,M-01,493.36806893925615
2026-01-30,Plant B,M-01,410.5105444271361
2026-01-30,Plant B,M-01,562.4573652235204
2026-01-30,Plant B,M-02,346.06073762646656
2026-01-30,Plant B,M-02,487.85002315785744
2026-01-30,Plant B,M-02,420.68196173796315
2026-01-30,Plant B,M-03,616.164311014583
2026-01-30,Plant B,M-03,581.8162755757339
2026-01-30,Plant B,M-03,727.5441737285836
2026-01-30,Plant B,M-04,404.50129080050226
2026-01-30,Plant B,M-04,286.98384432282575
2026-01-30,Plant B,M-04,303.5868290208876
2026-01-30,Plant B,M-05,500.1348677213473
2026-01-30,Plant B,M-05,424.62081714482633
2026-01-30,Plant B,M-05,544.9210762781709
2026-01-30,Plant C,M-01,609.6178906034587
2026-01-30,Plant C,M-01,580.2775897199651
2026-01-30,Plant C,M-01,521.6160688055348
2026-01-30,Plant C,M-02,455.52150430318744
2026-01-30,Plant C,M-02,325.1561405429576
2026-01-30,Plant C,M-02,376.3995599014251
2026-01-30,Plant C,M-03,612.1795961100361
2026-01-30,Plant C,M-03,614.9518062688602
2026-01-30,Plant C,M-03,517.166938783149
2026-01-30,Plant C,M-04,634.8925510097448
2026-01-30,Plant C,M-04,374.2737596195484
2026-01-30,Plant C,M-04,511.515062866006
2026-01-30,Plant C,M-05,632.164770827464
2026-01-30,Plant C,M-05,553.9818253357428
2026-01-30,Plant C,M-05,489.28496773589916
2026-01-31,Plant A,M-01,629.9030151759381
2026-01-31,Plant A,M-01,505.9314602111666
2026-01-31,Plant A,M-01,490.01907094021834
2026-01-31,Plant A,M-02,698.1472477647795
2026-01-31,Plant A,M-02,418.2042470024176
2026-01-31,Plant A,M-02,389.7260664566629
2026-01-31,Plant A,M-03,641.3114643462932
2026-01-31,Plant A,M-03,544.972390010027
2026-01-31,Plant A,M-03,522.7821557461939
2026-01-31,Plant A,M-04,645.852778585927
2026-01-31,Plant A,M-04,386.4004650703832
2026-01-31,Plant A,M-04,536.5339412177891
2026-01-31,Plant A,M-05,359.15524817076334
2026-01-31,Plant A,M-05,543.5451596379371
2026-01-31,Plant A,M-05,415.75164168877865
2026-01-31,Plant B,M-01,649.2278909294375
2026-01-31,Plant B,M-01,456.09394912325473
2026-01-31,Plant B,M-01,530.3742273484479
2026-01-31,Plant B,M-02,512.0040410032432
2026-01-31,Plant B,M-02,498.0690812873949
2026-01-31,Plant B,M-02,488.62135560627866
2026-01-31,Plant B,M-03,694.5239849801393
2026-01-31,Plant B,M-03,583.9298225557944
2026-01-31,Plant B,M-03,715.2760531067523
2026-01-31,Plant B,M-04,304.9517167957163
2026-01-31,Plant B,M-04,296.0884910319139
2026-01-31,Plant B,M-04,277.144891735351
2026-01-31,Plant B,M-05,608.3432335168544
2026-01-31,Plant B,M-05,546.0061625287292
2026-01-31,Plant B,M-05,624.7219965759621
2026-01-31,Plant C,M-01,441.1241324486549
2026-01-31,Plant C,M-01,365.7394353488323
2026-01-31,Plant C,M-01,349.5427838538348
2026-01-31,Plant C,M-02,634.1547142840643
2026-01-31,Plant C,M-02,457.86679919594667
2026-01-31,Plant C,M-02,501.9033993295328
2026-01-31,Plant C,M-03,567.5740437119616
2026-01-31,Plant C,M-03,796.1524261543441
2026-01-31,Plant C,M-03,662.3072093027433
2026-01-31,Plant C,M-04,428.912740131867
2026-01-31,Plant C,M-04,348.568390278866
2026-01-31,Plant C,M-04,467.1425162085893
2026-01-31,Plant C,M-05,543.5376916700939
2026-01-31,Plant C,M-05,369.35596569704796
2026-01-31,Plant C,M-05,418.8600665064625
2026-02-01,Plant A,M-01,429.35271863075593
2026-02-01,Plant A,M-01,605.0355911966467
2026-02-01,Plant A,M-01,349.6632010203804
2026-02-01,Plant A,M-02,392.49832206944706
2026-02-01,Plant A,M-02,401.2107277966427
2026-02-01,Plant A,M-02,343.75535318510725
2026-02-01,Plant A,M-03,844.0779402587177
2026-02-01,Plant A,M-03,522.0063937804483
2026-02-01,Plant A,M-03,755.9411437196046
2026-02-01,Plant A,M-04,441.2682538852907
2026-02-01,Plant A,M-04,587.0845210463832
2026-02-01,Plant A,M-04,633.72847161991
2026-02-01,Plant A,M-05,344.76698297738807
2026-02-01,Plant A,M-05,529.4160964395834
2026-02-01,Plant A,M-05,353.5295129165133
2026-02-01,Plant B,M-01,449.4536302527752
2026-02-01,Plant B,M-01,306.54959212111476
2026-02-01,Plant B,M-01,506.5485520605689
2026-02-01,Plant B,M-02,686.5970792446162
2026-02-01,Plant B,M-02,592.8518312645891
2026-02-01,Plant B,M-02,518.3014222841281
2026-02-01,Plant B,M-03,714.0402983537172
2026-02-01,Plant B,M-03,738.8467593959152
2026-02-01,Plant B,M-03,646.3344729272882
2026-02-01,Plant B,M-04,474.1531776694471
2026-02-01,Plant B,M-04,515.4241876139245
2026-02-01,Plant B,M-04,384.35176867420347
2026-02-01,Plant B,M-05,354.2663578747366
2026-02-01,Plant B,M-05,667.0015725201378
2026-02-01,Plant B,M-05,575.5043103727743
2026-02-01,Plant C,M-01,698.1958213239099
2026-02-01,Plant C,M-01,542.9737166991724
2026-02-01,Plant C,M-01,410.7220275213597
2026-02-01,Plant C,M-02,449.55641080827104
2026-02-01,Plant C,M-02,620.6506139380954
2026-02-01,Plant C,M-02,492.3089883956427
2026-02-01,Plant C,M-03,582.6353517121366
2026-02-01,Plant C,M-03,743.2394083137289
2026-02-01,Plant C,M-03,628.6811802954046
2026-02-01,Plant C,M-04,332.82400298403564
2026-02-01,Plant C,M-04,637.9282843352494
2026-02-01,Plant C,M-04,486.49900441794153
2026-02-01,Plant C,M-05,633.2839655489114
2026-02-01,Plant C,M-05,356.19205388719627
2026-02-01,Plant C,M-05,528.3496763393767
2026-02-02,Plant A,M-01,362.6218365887526
2026-02-02,Plant A,M-01,519.6560865981412
2026-02-02,Plant A,M-01,602.0417533526963
2026-02-02,Plant A,M-02,462.669231820455
2026-02-02,Plant A,M-02,594.0875060146055
2026-02-02,Plant A,M-02,602.5840659675758
2026-02-02,Plant A,M-03,812.9499135784612
2026-02-02,Plant A,M-03,735.0893053296093
2026-02-02,Plant A,M-03,732.1337872271415
2026-02-02,Plant A,M-04,431.06352417878765
2026-02-02,Plant A,M-04,440.8126688252804
2026-02-02,Plant A,M-04,477.84910482040533
2026-02-02,Plant A,M-05,454.41862757511535
2026-02-02,Plant A,M-05,514.6791965622933
2026-02-02,Plant A,M-05,373.14635984554866
2026-02-02,Plant B,M-01,602.1449893079304
2026-02-02,Plant B,M-01,376.7296603265852
2026-02-02,Plant B,M-01,424.5561551808238
2026-02-02,Plant B,M-02,504.9431490519255
2026-02-02,Plant B,M-02,414.8803937566876
2026-02-02,Plant B,M-02,372.61750500042996
2026-02-02,Plant B,M-03,1022.4359011550976
2026-02-02,Plant B,M-03,932.461885168834
2026-02-02,Plant B,M-03,660.3178152067377
2026-02-02,Plant B,M-04,324.99341638240975
2026-02-02,Plant B,M-04,520.1486923031262
2026-02-02,Plant B,M-04,331.69216981760184
2026-02-02,Plant B,M-05,457.749890785605
2026-02-02,Plant B,M-05,338.3647550561183
2026-02-02,Plant B,M-05,417.4060204456825
2026-02-02,Plant C,M-01,610.9180612134116
2026-02-02,Plant C,M-01,471.02497101580536
2026-02-02,Plant C,M-01,417.33009173352053
2026-02-02,Plant C,M-02,421.6024617874092
2026-02-02,Plant C,M-02,574.8601575943759
2026-02-02,Plant C,M-02,545.4565565911066
2026-02-02,Plant C,M-03,779.7779961080943
2026-02-02,Plant C,M-03,527.745792489186
2026-02-02,Plant C,M-03,742.2092228698444
2026-02-02,Plant C,M-04,595.8093109523315
2026-02-02,Plant C,M-04,460.14396457927495
2026-02-02,Plant C,M-04,470.56004584907555
2026-02-02,Plant C,M-05,389.2084084109373
2026-02-02,Plant C,M-05,595.2336122121558
2026-02-02,Plant C,M-05,465.7025029992237
2026-02-03,Plant A,M-01,594.9811816282082
2026-02-03,Plant A,M-01,508.9297114210159
2026-02-03,Plant A,M-01,342.0833496114236
2026-02-03,Plant A,M-02,639.4544777183653
2026-02-03,Plant A,M-02,464.9790712969364
2026-02-03,Plant A,M-02,457.98247002497743
2026-02-03,Plant A,M-03,890.8202188010597
2026-02-03,Plant A,M-03,673.2695945268932
2026-02-03,Plant A,M-03,486.638674558991
2026-02-03,Plant A,M-04,497.4124639196951
2026-02-03,Plant A,M-04,546.0728422932075
2026-02-03,Plant A,M-04,567.1831339072744
2026-02-03,Plant A,M-05,559.2016014101408
2026-02-03,Plant A,M-05,481.4594191424655
2026-02-03,Plant A,M-05,507.1343492208211
2026-02-03,Plant B,M-01,482.8245199720128
2026-02-03,Plant B,M-01,449.176956871416
2026-02-03,Plant B,M-01,476.77571959323313
2026-02-03,Plant B,M-02,679.915827662146
2026-02-03,Plant B,M-02,429.9608137527676
2026-02-03,Plant B,M-02,525.0321137389355
2026-02-03,Plant B,M-03,736.0081481730593
2026-02-03,Plant B,M-03,575.7181935751685
2026-02-03,Plant B,M-03,617.3203339976121
2026-02-03,Plant B,M-04,403.3916274638281
2026-02-03,Plant B,M-04,465.3717115150888
2026-02-03,Plant B,M-04,321.168340527741
2026-02-03,Plant B,M-05,417.0993386204747
2026-02-03,Plant B,M-05,479.1831387122094
2026-02-03,Plant B,M-05,377.9354228811354
2026-02-03,Plant C,M-01,428.75154658197147
2026-02-03,Plant C,M-01,624.9866648701297
2026-02-03,Plant C,M-01,390.65624010175844
2026-02-03,Plant C,M-02,409.01018084733556
2026-02-03,Plant C,M-02,601.1823046361832
2026-02-03,Plant C,M-02,452.59027842782666
2026-02-03,Plant C,M-03,598.3644903424674
2026-02-03,Plant C,M-03,552.2908099480798
2026-02-03,Plant C,M-03,638.8977184821671
2026-02-03,Plant C,M-04,728.5205217315148
2026-02-03,Plant C,M-04,518.7461917316035
2026-02-03,Plant C,M-04,316.1050567242371
2026-02-03,Plant C,M-05,442.3401889735175
2026-02-03,Plant C,M-05,421.9152808744881
2026-02-03,Plant C,M-05,361.5443989766303
2026-02-04,Plant A,M-01,427.10191760548355
2026-02-04,Plant A,M-01,448.9450749564197
2026-02-04,Plant A,M-01,307.14894032616996
2026-02-04,Plant A,M-02,372.1089407683987
2026-02-04,Plant A,M-02,473.97337775286735
2026-02-04,Plant A,M-02,473.7323370120174
2026-02-04,Plant A,M-03,785.2015939031869
2026-02-04,Plant A,M-03,759.5068119530532
2026-02-04,Plant A,M-03,498.0093440663411
2026-02-04,Plant A,M-04,524.977904911539
2026-02-04,Plant A,M-04,600.295605571994
2026-02-04,Plant A,M-04,460.9279472084609
2026-02-04,Plant A,M-05,695.0872834388496
2026-02-04,Plant A,M-05,532.7466279601838
2026-02-04,Plant A,M-05,375.57710673605686
2026-02-04,Plant B,M-01,553.4855697078555
2026-02-04,Plant B,M-01,492.44770059487183
2026-02-04,Plant B,M-01,500.8930154451632
2026-02-04,Plant B,M-02,593.1316964301357
2026-02-04,Plant B,M-02,389.8613652244508
2026-02-04,Plant B,M-02,602.0873609578329
2026-02-04,Plant B,M-03,750.1440503677264
2026-02-04,Plant B,M-03,684.8543069515781
2026-02-04,Plant B,M-03,743.1286639271746
2026-02-04,Plant B,M-04,388.33788258383964
2026-02-04,Plant B,M-04,504.4131691322611
2026-02-04,Plant B,M-04,481.738983064609
2026-02-04,Plant B,M-05,545.734297372411
2026-02-04,Plant B,M-05,518.7833003777449
2026-02-04,Plant B,M-05,371.47148997717085
2026-02-04,Plant C,M-01,573.3191294816537
2026-02-04,Plant C,M-01,512.7517302701655
2026-02-04,Plant C,M-01,557.0996863975352
2026-02-04,Plant C,M-02,403.47789998498337
2026-02-04,Plant C,M-02,579.2714672182924
2026-02-04,Plant C,M-02,491.7998281276746
2026-02-04,Plant C,M-03,573.1077990641887
2026-02-04,Plant C,M-03,688.300262786721
2026-02-04,Plant C,M-03,523.3813455478137
2026-02-04,Plant C,M-04,606.8893232601667
2026-02-04,Plant C,M-04,436.2693798592324
2026-02-04,Plant C,M-04,476.9313488170038
2026-02-04,Plant C,M-05,493.72228119721046
2026-02-04,Plant C,M-05,433.3658243135809
2026-02-04,Plant C,M-05,441.5637971228122
2026-02-05,Plant A,M-01,471.88562920640777
2026-02-05,Plant A,M-01,444.1215782465534
2026-02-05,Plant A,M-01,479.85421602957547
2026-02-05,Plant A,M-02,435.89075445272096
2026-02-05,Plant A,M-02,453.07251405175646
2026-02-05,Plant A,M-02,430.13935283589274
2026-02-05,Plant A,M-03,896.7364408267549
2026-02-05,Plant A,M-03,773.6360274635505
2026-02-05,Plant A,M-03,657.3810504142001
2026-02-05,Plant A,M-04,505.7776198868356
2026-02-05,Plant A,M-04,515.9877875604986
2026-02-05,Plant A,M-04,469.45302200909646
2026-02-05,Plant A,M-05,358.71584352844036
2026-02-05,Plant A,M-05,361.4874178500119
2026-02-05,Plant A,M-05,376.7427102612822
2026-02-05,Plant B,M-01,561.4679848902433
2026-02-05,Plant B,M-01,418.33871660813065
2026-02-05,Plant B,M-01,390.6410379540737
2026-02-05,Plant B,M-02,401.6532418265507
2026-02-05,Plant B,M-02,508.54816096479146
2026-02-05,Plant B,M-02,327.7624058388601
2026-02-05,Plant B,M-03,767.4985315277821
2026-02-05,Plant B,M-03,710.9787424541672
2026-02-05,Plant B,M-03,716.7239516281403
2026-02-05,Plant B,M-04,582.0251824251991
2026-02-05,Plant B,M-04,354.4267651892768
2026-02-05,Plant B,M-04,280.78830728059893
2026-02-05,Plant B,M-05,501.4654074184586
2026-02-05,Plant B,M-05,508.1617870216683
2026-02-05,Plant B,M-05,549.5364064325527
2026-02-05,Plant C,M-01,444.7624820333393
2026-02-05,Plant C,M-01,332.54220421546
2026-02-05,Plant C,M-01,384.49307933896705
2026-02-05,Plant C,M-02,532.8945862434866
2026-02-05,Plant C,M-02,423.7231229269983
2026-02-05,Plant C,M-02,461.21646170498616
2026-02-05,Plant C,M-03,879.0385319582967
2026-02-05,Plant C,M-03,659.0784523081173
2026-02-05,Plant C,M-03,700.9008427961313
2026-02-05,Plant C,M-04,518.1807136857523
2026-02-05,Plant C,M-04,526.5555157439511
2026-02-05,Plant C,M-04,530.1041804816698
2026-02-05,Plant C,M-05,535.7108792086482
2026-02-05,Plant C,M-05,330.2467789943646
2026-02-05,Plant C,M-05,568.7487486539573
2026-02-06,Plant A,M-01,353.8790467682104
2026-02-06,Plant A,M-01,338.71042122219194
2026-02-06,Plant A,M-01,359.65803515207733
2026-02-06,Plant A,M-02,483.06445350503327
2026-02-06,Plant A,M-02,489.624412703491
2026-02-06,Plant A,M-02,394.7584962520892
2026-02-06,Plant A,M-03,731.4612589573933
2026-02-06,Plant A,M-03,617.8144009650466
2026-02-06,Plant A,M-03,770.1587171576008
2026-02-06,Plant A,M-04,496.3417417675712
2026-02-06,Plant A,M-04,527.4698413244356
2026-02-06,Plant A,M-04,511.10701940267313
2026-02-06,Plant A,M-05,665.7006922151616
2026-02-06,Plant A,M-05,403.2906595511592
2026-02-06,Plant A,M-05,588.1904020443961
2026-02-06,Plant B,M-01,401.4532222112497
2026-02-06,Plant B,M-01,501.84441720408023
2026-02-06,Plant B,M-01,428.341915769929
2026-02-06,Plant B,M-02,527.5463854497726
2026-02-06,Plant B,M-02,504.2588871621426
2026-02-06,Plant B,M-02,325.31739707418546
2026-02-06,Plant B,M-03,700.3045252157257
2026-02-06,Plant B,M-03,616.807002889744
2026-02-06,Plant B,M-03,625.640416451842
2026-02-06,Plant B,M-04,386.2531802206655
2026-02-06,Plant B,M-04,422.27665777350757
2026-02-06,Plant B,M-04,401.73607795010594
2026-02-06,Plant B,M-05,436.5747867610827
2026-02-06,Plant B,M-05,488.2293670340526
2026-02-06,Plant B,M-05,541.7572417871138
2026-02-06,Plant C,M-01,655.1164655398833
2026-02-06,Plant C,M-01,492.4233008235669
2026-02-06,Plant C,M-01,439.28073643501256
2026-02-06,Plant C,M-02,322.47397806769936
2026-02-06,Plant C,M-02,460.21010037662853
2026-02-06,Plant C,M-02,439.5263323125642
2026-02-06,Plant C,M-03,807.4581424281173
2026-02-06,Plant C,M-03,822.7470893769232
2026-02-06,Plant C,M-03,683.6455952842898
2026-02-06,Plant C,M-04,481.3873002058446
2026-02-06,Plant C,M-04,437.24785123051134
2026-02-06,Plant C,M-04,499.5035889989247
2026-02-06,Plant C,M-05,327.6025793090907
2026-02-06,Plant C,M-05,509.74729631961645
2026-02-06,Plant C,M-05,303.3423104160298
2026-02-07,Plant A,M-01,545.90208609849
2026-02-07,Plant A,M-01,461.85247297214534
2026-02-07,Plant A,M-01,443.9060145398435
2026-02-07,Plant A,M-02,405.98660124585166
2026-02-07,Plant A,M-02,539.4450701485845
2026-02-07,Plant A,M-02,373.17402486446235
2026-02-07,Plant A,M-03,697.4816338797475
2026-02-07,Plant A,M-03,872.3690865831564
2026-02-07,Plant A,M-03,608.9426780259125
2026-02-07,Plant A,M-04,592.5542657836646
2026-02-07,Plant A,M-04,461.4704123073905
2026-02-07,Plant A,M-04,340.8289155224185
2026-02-07,Plant A,M-05,438.61517515303484
2026-02-07,Plant A,M-05,453.1407623841471
2026-02-07,Plant A,M-05,493.354923925158
2026-02-07,Plant B,M-01,535.111409421537
2026-02-07,Plant B,M-01,355.3780541445737
2026-02-07,Plant B,M-01,496.398272170927
2026-02-07,Plant B,M-02,519.6194109053572
2026-02-07,Plant B,M-02,494.13492799495333
2026-02-07,Plant B,M-02,420.0204181723818
2026-02-07,Plant B,M-03,905.7242366462303
2026-02-07,Plant B,M-03,757.8394354969795
2026-02-07,Plant B,M-03,839.9758645281389
2026-02-07,Plant B,M-04,434.5942040524712
2026-02-07,Plant B,M-04,336.89342261470387
2026-02-07,Plant B,M-04,428.15839856117407
2026-02-07,Plant B,M-05,482.97372301336986
2026-02-07,Plant B,M-05,423.88108093448204
2026-02-07,Plant B,M-05,421.7245057913793
2026-02-07,Plant C,M-01,318.8952766977087
2026-02-07,Plant C,M-01,450.9220950038266
2026-02-07,Plant C,M-01,499.38334043235284
2026-02-07,Plant C,M-02,490.61721858403075
2026-02-07,Plant C,M-02,454.894539311994
2026-02-07,Plant C,M-02,479.3909067237674
2026-02-07,Plant C,M-03,609.3638244784627
2026-02-07,Plant C,M-03,601.4260031121424
2026-02-07,Plant C,M-03,597.5715012360388
2026-02-07,Plant C,M-04,552.605701559245
2026-02-07,Plant C,M-04,520.765287457773
2026-02-07,Plant C,M-04,473.78515875677334
2026-02-07,Plant C,M-05,302.25507980634177
2026-02-07,Plant C,M-05,457.4291068389572
2026-02-07,Plant C,M-05,396.8174742147318
2026-02-08,Plant A,M-01,438.4288862752123
2026-02-08,Plant A,M-01,383.73276022623725
2026-02-08,Plant A,M-01,653.825765502249
2026-02-08,Plant A,M-02,390.68616534916924
2026-02-08,Plant A,M-02,410.09774556756736
2026-02-08,Plant A,M-02,473.9769238196568
2026-02-08,Plant A,M-03,663.2032689501705
2026-02-08,Plant A,M-03,645.1618748488072
2026-02-08,Plant A,M-03,493.9701415303098
2026-02-08,Plant A,M-04,415.25170951936497
2026-02-08,Plant A,M-04,396.7237281531398
2026-02-08,Plant A,M-04,526.1470460091386
2026-02-08,Plant A,M-05,416.8021378983715
2026-02-08,Plant A,M-05,517.4599805092242
2026-02-08,Plant A,M-05,401.58249555912977
2026-02-08,Plant B,M-01,531.579410679974
2026-02-08,Plant B,M-01,521.0642721928485
2026-02-08,Plant B,M-01,392.12063881897234
2026-02-08,Plant B,M-02,545.5847286014139
2026-02-08,Plant B,M-02,331.8091809252329
2026-02-08,Plant B,M-02,358.6909640967944
2026-02-08,Plant B,M-03,673.9314101327936
2026-02-08,Plant B,M-03,729.1540089542835
2026-02-08,Plant B,M-03,871.1452779016465
2026-02-08,Plant B,M-04,603.9039914413712
2026-02-08,Plant B,M-04,605.8768677133725
2026-02-08,Plant B,M-04,362.0362400465009
2026-02-08,Plant B,M-05,472.06059988026266
2026-02-08,Plant B,M-05,436.551058218129
2026-02-08,Plant B,M-05,508.3007910738701
2026-02-08,Plant C,M-01,350.3187432664988
2026-02-08,Plant C,M-01,480.15912018920676
2026-02-08,Plant C,M-01,362.73071280025937
2026-02-08,Plant C,M-02,675.0847907670234
2026-02-08,Plant C,M-02,533.412568766274
2026-02-08,Plant C,M-02,507.8232672549916
2026-02-08,Plant C,M-03,643.9649592735481
2026-02-08,Plant C,M-03,597.8057402066157
2026-02-08,Plant C,M-03,716.6490362484125
2026-02-08,Plant C,M-04,630.2697511819107
2026-02-08,Plant C,M-04,372.9446698664457
2026-02-08,Plant C,M-04,417.5138174700728
2026-02-08,Plant C,M-05,429.4919819847423
2026-02-08,Plant C,M-05,512.0900988753648
2026-02-08,Plant C,M-05,582.0673206772595
2026-02-09,Plant A,M-01,536.1050695373758
2026-02-09,Plant A,M-01,479.53723518347226
2026-02-09,Plant A,M-01,465.8877889665054
2026-02-09,Plant A,M-02,458.02603489854965
2026-02-09,Plant A,M-02,467.579969091021
2026-02-09,Plant A,M-02,364.09878518768
2026-02-09,Plant A,M-03,512.4104557690697
2026-02-09,Plant A,M-03,671.7498228114553
2026-02-09,Plant A,M-03,748.2100962439617
2026-02-09,Plant A,M-04,492.29700157643555
2026-02-09,Plant A,M-04,446.59045122352046
2026-02-09,Plant A,M-04,591.8345077113361
2026-02-09,Plant A,M-05,503.7745939913094
2026-02-09,Plant A,M-05,453.6885044194827
2026-02-09,Plant A,M-05,536.5792991981718
2026-02-09,Plant B,M-01,626.8862575225422
2026-02-09,Plant B,M-01,441.46036015294703
2026-02-09,Plant B,M-01,326.6379853349103
2026-02-09,Plant B,M-02,552.6351555836809
2026-02-09,Plant B,M-02,522.780160125923
2026-02-09,Plant B,M-02,473.75916682832576
2026-02-09,Plant B,M-03,685.7296098471949
2026-02-09,Plant B,M-03,598.3650190938317
2026-02-09,Plant B,M-03,785.0946858827024
2026-02-09,Plant B,M-04,478.2370136228287
2026-02-09,Plant B,M-04,313.09403103959227
2026-02-09,Plant B,M-04,289.33133482375575
2026-02-09,Plant B,M-05,682.9036028181181
2026-02-09,Plant B,M-05,500.5948915592902
2026-02-09,Plant B,M-05,511.9487637095281
2026-02-09,Plant C,M-01,548.3496260481625
2026-02-09,Plant C,M-01,566.168950641881
2026-02-09,Plant C,M-01,467.9049836135742
2026-02-09,Plant C,M-02,622.44644639713
2026-02-09,Plant C,M-02,410.7601433153717
2026-02-09,Plant C,M-02,542.8921480245981
2026-02-09,Plant C,M-03,718.5651875093254
2026-02-09,Plant C,M-03,711.3997152042716
2026-02-09,Plant C,M-03,495.1040665928302
2026-02-09,Plant C,M-04,410.1392156055505
2026-02-09,Plant C,M-04,660.2436642187998
2026-02-09,Plant C,M-04,427.0634381935883
2026-02-09,Plant C,M-05,512.4488883525021
2026-02-09,Plant C,M-05,449.9542995402396
2026-02-09,Plant C,M-05,488.8748652475992
2026-02-10,Plant A,M-01,358.51879838766723
2026-02-10,Plant A,M-01,592.2242978467633
2026-02-10,Plant A,M-01,368.3970958046691
2026-02-10,Plant A,M-02,457.8943160574332
2026-02-10,Plant A,M-02,439.1479384737991
2026-02-10,Plant A,M-02,543.4576014705974
2026-02-10,Plant A,M-03,518.7045873375536
2026-02-10,Plant A,M-03,931.7904289228399
2026-02-10,Plant A,M-03,587.8656367994154
2026-02-10,Plant A,M-04,517.9369347368615
2026-02-10,Plant A,M-04,477.10842588273357
2026-02-10,Plant A,M-04,516.4903107092663
2026-02-10,Plant A,M-05,456.90069587556394
2026-02-10,Plant A,M-05,596.7439479572755
2026-02-10,Plant A,M-05,515.985552208873
2026-02-10,Plant B,M-01,503.22156926004425
2026-02-10,Plant B,M-01,533.58664988312
2026-02-10,Plant B,M-01,498.4341749879697
2026-02-10,Plant B,M-02,525.1127178485441
2026-02-10,Plant B,M-02,431.76785967442396
2026-02-10,Plant B,M-02,561.4731157188528
2026-02-10,Plant B,M-03,636.8308695211923
2026-02-10,Plant B,M-03,895.2164347036927
2026-02-10,Plant B,M-03,468.1752888308342
2026-02-10,Plant B,M-04,483.31241855362714
2026-02-10,Plant B,M-04,356.4325903558438
2026-02-10,Plant B,M-04,234.20976721692406
2026-02-10,Plant B,M-05,437.60426414286457
2026-02-10,Plant B,M-05,702.9649911543286
2026-02-10,Plant B,M-05,392.07670497421867
2026-02-10,Plant C,M-01,385.65628228052844
2026-02-10,Plant C,M-01,435.84643431213345
2026-02-10,Plant C,M-01,617.0708094059254
2026-02-10,Plant C,M-02,422.30065538090685
2026-02-10,Plant C,M-02,414.4530772279807
2026-02-10,Plant C,M-02,328.2097091086037
2026-02-10,Plant C,M-03,624.521562892376
2026-02-10,Plant C,M-03,755.9237699232157
2026-02-10,Plant C,M-03,531.6079038952338
2026-02-10,Plant C,M-04,464.5886353096293
2026-02-10,Plant C,M-04,505.83833805224555
2026-02-10,Plant C,M-04,467.1708947059392
2026-02-10,Plant C,M-05,398.4561293491337
2026-02-10,Plant C,M-05,655.1959018780232
2026-02-10,Plant C,M-05,344.4131376703509
2026-02-11,Plant A,M-01,517.3618727609507
2026-02-11,Plant A,M-01,377.9596347086933
2026-02-11,Plant A,M-01,331.6747231655122
2026-02-11,Plant A,M-02,426.67939220799275
2026-02-11,Plant A,M-02,445.7923247201995
2026-02-11,Plant A,M-02,485.63979996814686
2026-02-11,Plant A,M-03,940.4804980974449
2026-02-11,Plant A,M-03,681.360495433493
2026-02-11,Plant A,M-03,826.6170923711625
2026-02-11,Plant A,M-04,534.5076452119466
2026-02-11,Plant A,M-04,510.62018915530524
2026-02-11,Plant A,M-04,515.8726168777536
2026-02-11,Plant A,M-05,683.8215065726162
2026-02-11,Plant A,M-05,565.1635100883811
2026-02-11,Plant A,M-05,303.19404350137216
2026-02-11,Plant B,M-01,434.65874294412424
2026-02-11,Plant B,M-01,523.4956020774581
2026-02-11,Plant B,M-01,515.1719337161627
2026-02-11,Plant B,M-02,661.7853331646692
2026-02-11,Plant B,M-02,426.47068971011123
2026-02-11,Plant B,M-02,335.4376889723406
2026-02-11,Plant B,M-03,655.3937956576468
2026-02-11,Plant B,M-03,556.9822758130958
2026-02-11,Plant B,M-03,575.7003335967073
2026-02-11,Plant B,M-04,337.0276357393872
2026-02-11,Plant B,M-04,427.9999915214906
2026-02-11,Plant B,M-04,392.91595131857025
2026-02-11,Plant B,M-05,509.35831051841046
2026-02-11,Plant B,M-05,352.96156148873104
2026-02-11,Plant B,M-05,513.4981895513453
2026-02-11,Plant C,M-01,497.70295475278783
2026-02-11,Plant C,M-01,467.34246737197753
2026-02-11,Plant C,M-01,408.1525697035644
2026-02-11,Plant C,M-02,412.14552858552736
2026-02-11,Plant C,M-02,358.6507464985927
2026-02-11,Plant C,M-02,430.18382328611136
2026-02-11,Plant C,M-03,770.895635660036
2026-02-11,Plant C,M-03,591.0662275049498
2026-02-11,Plant C,M-03,627.0549072603078
2026-02-11,Plant C,M-04,698.4400858214943
2026-02-11,Plant C,M-04,510.69266135574185
2026-02-11,Plant C,M-04,560.5485817201851
2026-02-11,Plant C,M-05,460.4433636529363
2026-02-11,Plant C,M-05,485.1149444508417
2026-02-11,Plant C,M-05,603.1648064661609
2026-02-12,Plant A,M-01,467.17657873501054
2026-02-12,Plant A,M-01,449.2300112376058
2026-02-12,Plant A,M-01,349.74577296108157
2026-02-12,Plant A,M-02,425.7791057369123
2026-02-12,Plant A,M-02,524.6097383245427
2026-02-12,Plant A,M-02,477.39277537352433
2026-02-12,Plant A,M-03,766.1049240174888
2026-02-12,Plant A,M-03,758.7921723429779
2026-02-12,Plant A,M-03,768.554685660415
2026-02-12,Plant A,M-04,567.8172366786932
2026-02-12,Plant A,M-04,485.65307058220543
2026-02-12,Plant A,M-04,329.2580304282505
2026-02-12,Plant A,M-05,540.8002805237953
2026-02-12,Plant A,M-05,507.46298819149774
2026-02-12,Plant A,M-05,428.57617346211384
2026-02-12,Plant B,M-01,519.9198785607888
2026-02-12,Plant B,M-01,464.61187202291495
2026-02-12,Plant B,M-01,402.93109488384226
2026-02-12,Plant B,M-02,396.8606253385716
2026-02-12,Plant B,M-02,399.73533561079756
2026-02-12,Plant B,M-02,440.66075903406045
2026-02-12,Plant B,M-03,935.9145674166309
2026-02-12,Plant B,M-03,752.7110487535691
2026-02-12,Plant B,M-03,496.66637549071385
2026-02-12,Plant B,M-04,533.7564369134104
2026-02-12,Plant B,M-04,246.96967051517004
2026-02-12,Plant B,M-04,400.73465385979506
2026-02-12,Plant B,M-05,721.0233871213068
2026-02-12,Plant B,M-05,480.72244852745575
2026-02-12,Plant B,M-05,484.5705302630709
2026-02-12,Plant C,M-01,454.2127895934671
2026-02-12,Plant C,M-01,477.975614043322
2026-02-12,Plant C,M-01,368.929277711956
2026-02-12,Plant C,M-02,454.343070639402
2026-02-12,Plant C,M-02,600.1430306457152
2026-02-12,Plant C,M-02,307.59950424729334
2026-02-12,Plant C,M-03,551.5131696057247
2026-02-12,Plant C,M-03,584.2361093550878
2026-02-12,Plant C,M-03,771.7508501101636
2026-02-12,Plant C,M-04,559.7624013616593
2026-02-12,Plant C,M-04,657.5151927715161
2026-02-12,Plant C,M-04,341.9513387565913
2026-02-12,Plant C,M-05,419.67909176315413
2026-02-12,Plant C,M-05,568.5716880912299
2026-02-12,Plant C,M-05,423.91090984916383
2026-02-13,Plant A,M-01,641.7910841146039
2026-02-13,Plant A,M-01,592.74109190258
2026-02-13,Plant A,M-01,508.5097482507091
2026-02-13,Plant A,M-02,566.7870297635792
2026-02-13,Plant A,M-02,573.6870313573427
2026-02-13,Plant A,M-02,403.3050098241756
2026-02-13,Plant A,M-03,606.2976308910646
2026-02-13,Plant A,M-03,608.1369934683472
2026-02-13,Plant A,M-03,720.1541084358386
2026-02-13,Plant A,M-04,462.06695624536883
2026-02-13,Plant A,M-04,541.3273154132673
2026-02-13,Plant A,M-04,555.887790240037
2026-02-13,Plant A,M-05,463.2085863112254
2026-02-13,Plant A,M-05,419.7674409400419
2026-02-13,Plant A,M-05,462.3367303915603
2026-02-13,Plant B,M-01,457.70214276803847
2026-02-13,Plant B,M-01,412.65089946834604
2026-02-13,Plant B,M-01,503.98746056397766
2026-02-13,Plant B,M-02,577.3214005241325
2026-02-13,Plant B,M-02,600.7848959869009
2026-02-13,Plant B,M-02,397.8918629650244
2026-02-13,Plant B,M-03,674.6174812398995
2026-02-13,Plant B,M-03,626.0929684209957
2026-02-13,Plant B,M-03,579.2027408488153
2026-02-13,Plant B,M-04,338.0416511866039
2026-02-13,Plant B,M-04,481.484511905563
2026-02-13,Plant B,M-04,251.46106038777324
2026-02-13,Plant B,M-05,541.7023375019485
2026-02-13,Plant B,M-05,457.6101152249285
2026-02-13,Plant B,M-05,492.86033533711327
2026-02-13,Plant C,M-01,592.7539126466372
2026-02-13,Plant C,M-01,366.38110807680454
2026-02-13,Plant C,M-01,327.85977795949816
2026-02-13,Plant C,M-02,508.25446828579237
2026-02-13,Plant C,M-02,639.7284558758186
2026-02-13,Plant C,M-02,346.6194433454609
2026-02-13,Plant C,M-03,914.0246128221124
2026-02-13,Plant C,M-03,732.5033181321585
2026-02-13,Plant C,M-03,664.4270870367686
2026-02-13,Plant C,M-04,501.46806132267113
2026-02-13,Plant C,M-04,604.450584698947
2026-02-13,Plant C,M-04,487.9714519551541
2026-02-13,Plant C,M-05,506.17041188805064
2026-02-13,Plant C,M-05,622.5922646775158
2026-02-13,Plant C,M-05,462.2569552691203
2026-02-14,Plant A,M-01,421.48470074910244
2026-02-14,Plant A,M-01,459.4141685474315
2026-02-14,Plant A,M-01,483.40986555378254
2026-02-14,Plant A,M-02,619.4179858122703
2026-02-14,Plant A,M-02,331.88649220341415
2026-02-14,Plant A,M-02,393.73958184937106
2026-02-14,Plant A,M-03,959.1502357234359
2026-02-14,Plant A,M-03,655.969390256234
2026-02-14,Plant A,M-03,742.1625840178394
2026-02-14,Plant A,M-04,382.347241845167
2026-02-14,Plant A,M-04,332.78769820880433
2026-02-14,Plant A,M-04,512.3623522782981
2026-02-14,Plant A,M-05,500.305465423606
2026-02-14,Plant A,M-05,391.37231949883
2026-02-14,Plant A,M-05,404.9569615827952
2026-02-14,Plant B,M-01,551.7781011605077
2026-02-14,Plant B,M-01,321.662558006228
2026-02-14,Plant B,M-01,401.981276895851
2026-02-14,Plant B,M-02,512.4210446009445
2026-02-14,Plant B,M-02,517.8392228332021
2026-02-14,Plant B,M-02,492.2140635510818
2026-02-14,Plant B,M-03,646.531914018005
2026-02-14,Plant B,M-03,718.8699913151032
2026-02-14,Plant B,M-03,521.6291117283049
2026-02-14,Plant B,M-04,403.56431370324896
2026-02-14,Plant B,M-04,311.4596922112358
2026-02-14,Plant B,M-04,335.83372863795125
2026-02-14,Plant B,M-05,578.935687628097
2026-02-14,Plant B,M-05,618.0543672399018
2026-02-14,Plant B,M-05,495.4453067059361
2026-02-14,Plant C,M-01,602.9664051943008
2026-02-14,Plant C,M-01,539.4926085191871
2026-02-14,Plant C,M-01,494.511944764144
2026-02-14,Plant C,M-02,411.4880368035587
2026-02-14,Plant C,M-02,416.6320187255775
2026-02-14,Plant C,M-02,605.9418265783289
2026-02-14,Plant C,M-03,896.1463214401092
2026-02-14,Plant C,M-03,577.8553898079356
2026-02-14,Plant C,M-03,867.767963510673
2026-02-14,Plant C,M-04,537.6922899157155
2026-02-14,Plant C,M-04,462.71229944258346
2026-02-14,Plant C,M-04,574.6153098280694
2026-02-14,Plant C,M-05,424.77886140481377
2026-02-14,Plant C,M-05,575.4564383227362
2026-02-14,Plant C,M-05,379.516901635494
2026-02-15,Plant A,M-01,553.1447418014998
2026-02-15,Plant A,M-01,409.6811201343598
2026-02-15,Plant A,M-01,334.5985320911754
2026-02-15,Plant A,M-02,639.4910366911065
2026-02-15,Plant A,M-02,632.4392058515851
2026-02-15,Plant A,M-02,364.41779270606844
2026-02-15,Plant A,M-03,541.7734071176714
2026-02-15,Plant A,M-03,680.4699779437487
2026-02-15,Plant A,M-03,646.989219355399
2026-02-15,Plant A,M-04,554.5028525301444
2026-02-15,Plant A,M-04,352.07497129664415
2026-02-15,Plant A,M-04,332.33221027622955
2026-02-15,Plant A,M-05,510.7995842933632
2026-02-15,Plant A,M-05,353.4627952542742
2026-02-15,Plant A,M-05,415.7741637308502
2026-02-15,Plant B,M-01,485.7748431736631
2026-02-15,Plant B,M-01,623.618508237209
2026-02-15,Plant B,M-01,318.77697508466156
2026-02-15,Plant B,M-02,694.4485992677205
2026-02-15,Plant B,M-02,556.5544112080066
2026-02-15,Plant B,M-02,468.2626782201393
2026-02-15,Plant B,M-03,848.9563960512585
2026-02-15,Plant B,M-03,864.7000186640325
2026-02-15,Plant B,M-03,595.7529859225326
2026-02-15,Plant B,M-04,369.13459888488944
2026-02-15,Plant B,M-04,503.1663114554806
2026-02-15,Plant B,M-04,288.18160051047863
2026-02-15,Plant B,M-05,660.6089156677003
2026-02-15,Plant B,M-05,433.99036772966275
2026-02-15,Plant B,M-05,391.62367335429747
2026-02-15,Plant C,M-01,439.3613546339824
2026-02-15,Plant C,M-01,499.0804138155842
2026-02-15,Plant C,M-01,344.97404262631557
2026-02-15,Plant C,M-02,486.6233675807425
2026-02-15,Plant C,M-02,540.3117087160638
2026-02-15,Plant C,M-02,508.5556041127047
2026-02-15,Plant C,M-03,662.5752911429081
2026-02-15,Plant C,M-03,626.4217151720532
2026-02-15,Plant C,M-03,782.6295216849671
2026-02-15,Plant C,M-04,524.0975959428289
2026-02-15,Plant C,M-04,553.2615728342334
2026-02-15,Plant C,M-04,574.590548308949
2026-02-15,Plant C,M-05,513.9704162490676
2026-02-15,Plant C,M-05,485.9552032247756
2026-02-15,Plant C,M-05,407.55189817283036
2026-02-16,Plant A,M-01,321.59692123630697
2026-02-16,Plant A,M-01,614.1486733602493
2026-02-16,Plant A,M-01,389.15379120286974
2026-02-16,Plant A,M-02,478.9264781216512
2026-02-16,Plant A,M-02,535.6678075619901
2026-02-16,Plant A,M-02,473.29802280005924
2026-02-16,Plant A,M-03,820.69334851445
2026-02-16,Plant A,M-03,517.4994909904512
2026-02-16,Plant A,M-03,779.2077899757392
2026-02-16,Plant A,M-04,536.4632251949919
2026-02-16,Plant A,M-04,433.6568455711807
2026-02-16,Plant A,M-04,439.09536549069287
2026-02-16,Plant A,M-05,625.0176906609533
2026-02-16,Plant A,M-05,460.41362910989847
2026-02-16,Plant A,M-05,385.10826772921126
2026-02-16,Plant B,M-01,489.7782287206534
2026-02-16,Plant B,M-01,580.1446572493776
2026-02-16,Plant B,M-01,318.8055679478739
2026-02-16,Plant B,M-02,407.6640257180882
2026-02-16,Plant B,M-02,325.3400515584528
2026-02-16,Plant B,M-02,477.63560613530814
2026-02-16,Plant B,M-03,686.2928026914616
2026-02-16,Plant B,M-03,579.4946003588456
2026-02-16,Plant B,M-03,839.4550921491062
2026-02-16,Plant B,M-04,298.16665648769475
2026-02-16,Plant B,M-04,453.74635667244263
2026-02-16,Plant B,M-04,244.8718685067862
2026-02-16,Plant B,M-05,401.4687615376364
2026-02-16,Plant B,M-05,305.16019192425074
2026-02-16,Plant B,M-05,534.8129274191004
2026-02-16,Plant C,M-01,385.0358561999783
2026-02-16,Plant C,M-01,384.1855664324032
2026-02-16,Plant C,M-01,526.3019052349935
2026-02-16,Plant C,M-02,723.7883642265535
2026-02-16,Plant C,M-02,662.0980915477913
2026-02-16,Plant C,M-02,331.75184232273926
2026-02-16,Plant C,M-03,1000.8052901347307
2026-02-16,Plant C,M-03,628.8534676411091
2026-02-16,Plant C,M-03,616.6010572310021
2026-02-16,Plant C,M-04,648.7725660943283
2026-02-16,Plant C,M-04,519.7889376579575
2026-02-16,Plant C,M-04,415.3816583765583
2026-02-16,Plant C,M-05,450.09547221823516
2026-02-16,Plant C,M-05,557.9876360717346
2026-02-16,Plant C,M-05,475.4959150947562
2026-02-17,Plant A,M-01,503.87164949925767
2026-02-17,Plant A,M-01,522.4417662656776
2026-02-17,Plant A,M-01,464.55225898060354
2026-02-17,Plant A,M-02,572.8148309494817
2026-02-17,Plant A,M-02,467.54396364126484
2026-02-17,Plant A,M-02,361.04336898318394
2026-02-17,Plant A,M-03,1028.7486828730782
2026-02-17,Plant A,M-03,865.9559090959713
2026-02-17,Plant A,M-03,416.9926660355924
2026-02-17,Plant A,M-04,519.1650723971841
2026-02-17,Plant A,M-04,422.7874935324356
2026-02-17,Plant A,M-04,417.4159404727508
2026-02-17,Plant A,M-05,359.1902829259428
2026-02-17,Plant A,M-05,578.9314201574767
2026-02-17,Plant A,M-05,490.1035057588563
2026-02-17,Plant B,M-01,443.8996547662692
2026-02-17,Plant B,M-01,358.57874522691696
2026-02-17,Plant B,M-01,589.2480845991327
2026-02-17,Plant B,M-02,489.6461804401899
2026-02-17,Plant B,M-02,361.91748524913936
2026-02-17,Plant B,M-02,465.0624025985795
2026-02-17,Plant B,M-03,743.7328260881451
2026-02-17,Plant B,M-03,535.1336879517173
2026-02-17,Plant B,M-03,681.7329558060474
2026-02-17,Plant B,M-04,513.6757598077032
2026-02-17,Plant B,M-04,350.9605834690532
2026-02-17,Plant B,M-04,414.3156508239388
2026-02-17,Plant B,M-05,474.475402561419
2026-02-17,Plant B,M-05,505.0344880324048
2026-02-17,Plant B,M-05,543.1449508910509
2026-02-17,Plant C,M-01,482.81284308585856
2026-02-17,Plant C,M-01,426.05152442325016
2026-02-17,Plant C,M-01,362.8545722801113
2026-02-17,Plant C,M-02,480.3863056940121
2026-02-17,Plant C,M-02,520.9474407869822
2026-02-17,Plant C,M-02,515.9174491266839
2026-02-17,Plant C,M-03,838.4363835716767
2026-02-17,Plant C,M-03,568.6838129901222
2026-02-17,Plant C,M-03,681.4775371611611
2026-02-17,Plant C,M-04,657.4581731270785
2026-02-17,Plant C,M-04,618.2742593732189
2026-02-17,Plant C,M-04,508.61858799745914
2026-02-17,Plant C,M-05,518.9686017351222
2026-02-17,Plant C,M-05,387.46822490639005
2026-02-17,Plant C,M-05,340.3890268771217
2026-02-18,Plant A,M-01,716.018497278014
2026-02-18,Plant A,M-01,505.88679058195044
2026-02-18,Plant A,M-01,596.6861982065712
2026-02-18,Plant A,M-02,462.564368651056
2026-02-18,Plant A,M-02,417.009363899203
2026-02-18,Plant A,M-02,397.90274467452065
2026-02-18,Plant A,M-03,937.4727237860907
2026-02-18,Plant A,M-03,796.4518884429694
2026-02-18,Plant A,M-03,631.1908487216193
2026-02-18,Plant A,M-04,430.1598311929775
2026-02-18,Plant A,M-04,497.2242484152712
2026-02-18,Plant A,M-04,341.6029947428045
2026-02-18,Plant A,M-05,504.9181605214101
2026-02-18,Plant A,M-05,331.58310776735755
2026-02-18,Plant A,M-05,338.1490791852653
2026-02-18,Plant B,M-01,551.5226275437478
2026-02-18,Plant B,M-01,472.2264890070623
2026-02-18,Plant B,M-01,356.5444124653617
2026-02-18,Plant B,M-02,482.4528580614075
2026-02-18,Plant B,M-02,623.5432196019564
2026-02-18,Plant B,M-02,499.85404779394435
2026-02-18,Plant B,M-03,861.6437229387329
2026-02-18,Plant B,M-03,921.2079866339445
2026-02-18,Plant B,M-03,509.8183411071014
2026-02-18,Plant B,M-04,321.0659331002032
2026-02-18,Plant B,M-04,244.29103937539963
2026-02-18,Plant B,M-04,377.92094941337444
2026-02-18,Plant B,M-05,485.53208552553207
2026-02-18,Plant B,M-05,571.8962896528092
2026-02-18,Plant B,M-05,550.7102336023504
2026-02-18,Plant C,M-01,619.0078586705197
2026-02-18,Plant C,M-01,449.7364741071735
2026-02-18,Plant C,M-01,328.321531261217
2026-02-18,Plant C,M-02,450.9842312733474
2026-02-18,Plant C,M-02,458.27067616304157
2026-02-18,Plant C,M-02,528.7842799797635
2026-02-18,Plant C,M-03,885.1778450687463
2026-02-18,Plant C,M-03,568.8629589339256
2026-02-18,Plant C,M-03,456.1706712932053
2026-02-18,Plant C,M-04,475.35054610390864
2026-02-18,Plant C,M-04,554.190431318404
2026-02-18,Plant C,M-04,450.4933263248082
2026-02-18,Plant C,M-05,506.82094172521215
2026-02-18,Plant C,M-05,468.51577707064286
2026-02-18,Plant C,M-05,383.93694845194955
2026-02-19,Plant A,M-01,557.273814863246
2026-02-19,Plant A,M-01,421.9159845536694
2026-02-19,Plant A,M-01,387.29816767089704
2026-02-19,Plant A,M-02,376.5506603171653
2026-02-19,Plant A,M-02,577.6239898154522
2026-02-19,Plant A,M-02,453.81120231049545
2026-02-19,Plant A,M-03,845.8259943917927
2026-02-19,Plant A,M-03,821.705422647383
2026-02-19,Plant A,M-03,650.7385441434667
2026-02-19,Plant A,M-04,495.55886594647774
2026-02-19,Plant A,M-04,402.4143445319349
2026-02-19,Plant A,M-04,465.6804417423909
2026-02-19,Plant A,M-05,496.27103031017657
2026-02-19,Plant A,M-05,336.6343840188683
2026-02-19,Plant A,M-05,358.8804095256052
2026-02-19,Plant B,M-01,382.4405425516275
2026-02-19,Plant B,M-01,547.637427330446
2026-02-19,Plant B,M-01,417.12336507907804
2026-02-19,Plant B,M-02,504.60826880174744
2026-02-19,Plant B,M-02,446.02584145259686
2026-02-19,Plant B,M-02,278.20060568513964
2026-02-19,Plant B,M-03,616.9568685430683
2026-02-19,Plant B,M-03,878.9662819927112
2026-02-19,Plant B,M-03,860.6542974795769
2026-02-19,Plant B,M-04,381.2720673593159
2026-02-19,Plant B,M-04,203.52789009309842
2026-02-19,Plant B,M-04,324.29854174695544
2026-02-19,Plant B,M-05,374.95118930462826
2026-02-19,Plant B,M-05,593.4295727699474
2026-02-19,Plant B,M-05,376.7769666630964
2026-02-19,Plant C,M-01,501.6466523115476
2026-02-19,Plant C,M-01,554.961769818573
2026-02-19,Plant C,M-01,557.804346409932
2026-02-19,Plant C,M-02,532.887134764863
2026-02-19,Plant C,M-02,598.6138014883667
2026-02-19,Plant C,M-02,517.4823550537056
2026-02-19,Plant C,M-03,798.7642161829752
2026-02-19,Plant C,M-03,848.237515562747
2026-02-19,Plant C,M-03,589.5745943910085
2026-02-19,Plant C,M-04,429.8450459331805
2026-02-19,Plant C,M-04,682.4943178612658
2026-02-19,Plant C,M-04,520.4881507031621
2026-02-19,Plant C,M-05,498.635237384492
2026-02-19,Plant C,M-05,591.2875198821928
2026-02-19,Plant C,M-05,354.6604001841783
2026-02-20,Plant A,M-01,449.31706241269876
2026-02-20,Plant A,M-01,398.7790250466721
2026-02-20,Plant A,M-01,505.5333845382009
2026-02-20,Plant A,M-02,419.2679859169178
2026-02-20,Plant A,M-02,578.3284384686573
2026-02-20,Plant A,M-02,434.3535088260643
2026-02-20,Plant A,M-03,607.7342183233266
2026-02-20,Plant A,M-03,576.0344374942115
2026-02-20,Plant A,M-03,646.4270847712316
2026-02-20,Plant A,M-04,427.54332670661637
2026-02-20,Plant A,M-04,481.46733949423054
2026-02-20,Plant A,M-04,370.3453740629212
2026-02-20,Plant A,M-05,671.5942264518972
2026-02-20,Plant A,M-05,347.9943672719514
2026-02-20,Plant A,M-05,507.76967432060803
2026-02-20,Plant B,M-01,541.5987418307269
2026-02-20,Plant B,M-01,425.6791250982843
2026-02-20,Plant B,M-01,455.9793194408257
2026-02-20,Plant B,M-02,394.3530751609522
2026-02-20,Plant B,M-02,471.7534223321055
2026-02-20,Plant B,M-02,504.99804924113386
2026-02-20,Plant B,M-03,621.5001137628205
2026-02-20,Plant B,M-03,731.1441403575396
2026-02-20,Plant B,M-03,620.0095940212157
2026-02-20,Plant B,M-04,388.0786396919693
2026-02-20,Plant B,M-04,246.51557545182928
2026-02-20,Plant B,M-04,290.67664136873873
2026-02-20,Plant B,M-05,537.8638528278273
2026-02-20,Plant B,M-05,361.78834855412515
2026-02-20,Plant B,M-05,532.3344987214946
2026-02-20,Plant C,M-01,469.7395346818653
2026-02-20,Plant C,M-01,366.7277057261148
2026-02-20,Plant C,M-01,484.59955121748936
2026-02-20,Plant C,M-02,425.36937833864255
2026-02-20,Plant C,M-02,449.0628590403826
2026-02-20,Plant C,M-02,427.89086166496566
2026-02-20,Plant C,M-03,873.859326550965
2026-02-20,Plant C,M-03,751.1848992983897
2026-02-20,Plant C,M-03,803.1430728675077
2026-02-20,Plant C,M-04,501.7326969575958
2026-02-20,Plant C,M-04,631.6925098082932
2026-02-20,Plant C,M-04,561.1213653679073
2026-02-20,Plant C,M-05,429.65195581298264
2026-02-20,Plant C,M-05,561.5959034062122
2026-02-20,Plant C,M-05,407.73716241130046
2026-02-21,Plant A,M-01,297.58795068265204
2026-02-21,Plant A,M-01,505.853773271854
2026-02-21,Plant A,M-01,443.5671021743741
2026-02-21,Plant A,M-02,366.7632479243242
2026-02-21,Plant A,M-02,548.8547917299092
2026-02-21,Plant A,M-02,422.10268171949417
2026-02-21,Plant A,M-03,830.5127996691429
2026-02-21,Plant A,M-03,652.048572336935
2026-02-21,Plant A,M-03,672.4779979977835
2026-02-21,Plant A,M-04,485.2312093572399
2026-02-21,Plant A,M-04,429.1191529516681
2026-02-21,Plant A,M-04,316.65282396032586
2026-02-21,Plant A,M-05,462.7536980298103
2026-02-21,Plant A,M-05,601.9246064678058
2026-02-21,Plant A,M-05,622.8074002809109
2026-02-21,Plant B,M-01,574.0808663380413
2026-02-21,Plant B,M-01,474.6341761376766
2026-02-21,Plant B,M-01,465.5108260480091
2026-02-21,Plant B,M-02,592.4738758080031
2026-02-21,Plant B,M-02,504.51182924218483
2026-02-21,Plant B,M-02,353.75657886793203
2026-02-21,Plant B,M-03,891.2501858442736
2026-02-21,Plant B,M-03,643.6496648928502
2026-02-21,Plant B,M-03,637.200347180337
2026-02-21,Plant B,M-04,420.49557945540414
2026-02-21,Plant B,M-04,398.4703427388103
2026-02-21,Plant B,M-04,337.38883092184693
2026-02-21,Plant B,M-05,380.24407311638106
2026-02-21,Plant B,M-05,328.93879708751354
2026-02-21,Plant B,M-05,381.6521672727336
2026-02-21,Plant C,M-01,409.50757047543135
2026-02-21,Plant C,M-01,689.0136935726517
2026-02-21,Plant C,M-01,366.64038353948797
2026-02-21,Plant C,M-02,353.1409110158393
2026-02-21,Plant C,M-02,461.4677594477281
2026-02-21,Plant C,M-02,502.4526682669373
2026-02-21,Plant C,M-03,729.703812902936
2026-02-21,Plant C,M-03,618.5253918249334
2026-02-21,Plant C,M-03,608.462919330927
2026-02-21,Plant C,M-04,473.19273542519744
2026-02-21,Plant C,M-04,432.47150073234934
2026-02-21,Plant C,M-04,510.8522295965728
2026-02-21,Plant C,M-05,524.0759592946649
2026-02-21,Plant C,M-05,413.42900250655424
2026-02-21,Plant C,M-05,347.7341624142139
2026-02-22,Plant A,M-01,452.51720925352276
2026-02-22,Plant A,M-01,436.912033504607
2026-02-22,Plant A,M-01,330.1360281458972
2026-02-22,Plant A,M-02,479.588754609508
2026-02-22,Plant A,M-02,472.1764646145801
2026-02-22,Plant A,M-02,310.2459834205265
2026-02-22,Plant A,M-03,864.6536842259727
2026-02-22,Plant A,M-03,671.8707221615691
2026-02-22,Plant A,M-03,767.5499884684813
2026-02-22,Plant A,M-04,543.3061205920653
2026-02-22,Plant A,M-04,653.3096446388294
2026-02-22,Plant A,M-04,425.36528181317277
2026-02-22,Plant A,M-05,574.8907405838698
2026-02-22,Plant A,M-05,402.37856656954244
2026-02-22,Plant A,M-05,617.0165974244062
2026-02-22,Plant B,M-01,645.3134091878992
2026-02-22,Plant B,M-01,369.41321347970603
2026-02-22,Plant B,M-01,449.752839527245
2026-02-22,Plant B,M-02,484.2608890627169
2026-02-22,Plant B,M-02,622.684594253072
2026-02-22,Plant B,M-02,438.36277592367054
2026-02-22,Plant B,M-03,826.8966194089281
2026-02-22,Plant B,M-03,588.1923784733219
2026-02-22,Plant B,M-03,705.2859322026931
2026-02-22,Plant B,M-04,400.3473025180087
2026-02-22,Plant B,M-04,211.187753521753
2026-02-22,Plant B,M-04,350.09187432787525
2026-02-22,Plant B,M-05,485.8283540876097
2026-02-22,Plant B,M-05,463.393147788377
2026-02-22,Plant B,M-05,473.4042088630536
2026-02-22,Plant C,M-01,628.408474042101
2026-02-22,Plant C,M-01,433.9780831203707
2026-02-22,Plant C,M-01,472.3426386109039
2026-02-22,Plant C,M-02,594.9965871157343
2026-02-22,Plant C,M-02,449.993532961483
2026-02-22,Plant C,M-02,459.8715553635867
2026-02-22,Plant C,M-03,930.8816827763615
2026-02-22,Plant C,M-03,692.3229006739489
2026-02-22,Plant C,M-03,482.42628014277454
2026-02-22,Plant C,M-04,458.662708864294
2026-02-22,Plant C,M-04,508.377269434301
2026-02-22,Plant C,M-04,370.0153088087704
2026-02-22,Plant C,M-05,502.79481230232483
2026-02-22,Plant C,M-05,541.5074162189148
2026-02-22,Plant C,M-05,381.7447870853836
2026-02-23,Plant A,M-01,475.77546936674906
2026-02-23,Plant A,M-01,419.0344560991779
2026-02-23,Plant A,M-01,569.9928003084749
2026-02-23,Plant A,M-02,411.21648657019665
2026-02-23,Plant A,M-02,467.8880492516267
2026-02-23,Plant A,M-02,535.1449883925422
2026-02-23,Plant A,M-03,507.4592934532462
2026-02-23,Plant A,M-03,554.1598452962594
2026-02-23,Plant A,M-03,565.1547725760156
2026-02-23,Plant A,M-04,637.441222288105
2026-02-23,Plant A,M-04,616.2363088319141
2026-02-23,Plant A,M-04,339.09728835016995
2026-02-23,Plant A,M-05,412.7151220399171
2026-02-23,Plant A,M-05,593.6803282989706
2026-02-23,Plant A,M-05,405.23814316241044
2026-02-23,Plant B,M-01,488.9816313117556
2026-02-23,Plant B,M-01,650.5898559518143
2026-02-23,Plant B,M-01,407.617548849076
2026-02-23,Plant B,M-02,309.7995897746496
2026-02-23,Plant B,M-02,545.8948159130995
2026-02-23,Plant B,M-02,418.7062244968157
2026-02-23,Plant B,M-03,889.4333940618044
2026-02-23,Plant B,M-03,813.2819066697627
2026-02-23,Plant B,M-03,673.983016204445
2026-02-23,Plant B,M-04,290.11892366489053
2026-02-23,Plant B,M-04,395.57315467628246
2026-02-23,Plant B,M-04,350.9022015950091
2026-02-23,Plant B,M-05,485.0485388617025
2026-02-23,Plant B,M-05,479.5057557264877
2026-02-23,Plant B,M-05,437.93967335396695
2026-02-23,Plant C,M-01,446.8845963125928
2026-02-23,Plant C,M-01,541.2862535297224
2026-02-23,Plant C,M-01,400.5156416212571
2026-02-23,Plant C,M-02,318.7342055831524
2026-02-23,Plant C,M-02,564.8377678511312
2026-02-23,Plant C,M-02,356.08951009699143
2026-02-23,Plant C,M-03,852.3444974306232
2026-02-23,Plant C,M-03,616.7171019918536
2026-02-23,Plant C,M-03,715.330260934969
2026-02-23,Plant C,M-04,614.920932958521
2026-02-23,Plant C,M-04,515.0759435524639
2026-02-23,Plant C,M-04,340.10722368154836
2026-02-23,Plant C,M-05,519.264719117887
2026-02-23,Plant C,M-05,391.8229341147011
2026-02-23,Plant C,M-05,615.9558188640979
2026-02-24,Plant A,M-01,605.9702800692315
2026-02-24,Plant A,M-01,556.6185989156235
2026-02-24,Plant A,M-01,588.9591968941311
2026-02-24,Plant A,M-02,512.849440014256
2026-02-24,Plant A,M-02,573.5169868935138
2026-02-24,Plant A,M-02,401.6597525685929
2026-02-24,Plant A,M-03,961.8172788077337
2026-02-24,Plant A,M-03,922.2525474968793
2026-02-24,Plant A,M-03,471.54838697164973
2026-02-24,Plant A,M-04,395.7436636039717
2026-02-24,Plant A,M-04,522.6215234071201
2026-02-24,Plant A,M-04,477.40377375464647
2026-02-24,Plant A,M-05,371.4580177783399
2026-02-24,Plant A,M-05,407.1642829803811
2026-02-24,Plant A,M-05,476.85514459846524
2026-02-24,Plant B,M-01,500.3387847084059
2026-02-24,Plant B,M-01,448.96664989675895
2026-02-24,Plant B,M-01,501.4807358543965
2026-02-24,Plant B,M-02,549.741032514953
2026-02-24,Plant B,M-02,455.61551522430557
2026-02-24,Plant B,M-02,419.6140713107557
2026-02-24,Plant B,M-03,974.8437153744616
2026-02-24,Plant B,M-03,904.0831815662239
2026-02-24,Plant B,M-03,788.4799434329058
2026-02-24,Plant B,M-04,336.3842285102751
2026-02-24,Plant B,M-04,411.8692512183093
2026-02-24,Plant B,M-04,437.4912202661757
2026-02-24,Plant B,M-05,685.9702646806285
2026-02-24,Plant B,M-05,495.6430010144774
2026-02-24,Plant B,M-05,359.7378290781541
2026-02-24,Plant C,M-01,450.5335990082823
2026-02-24,Plant C,M-01,403.9828356162844
2026-02-24,Plant C,M-01,444.1617122721021
2026-02-24,Plant C,M-02,639.4450573164402
2026-02-24,Plant C,M-02,614.6082464805262
2026-02-24,Plant C,M-02,571.0923811822576
2026-02-24,Plant C,M-03,810.0181281356249
2026-02-24,Plant C,M-03,648.1608986338907
2026-02-24,Plant C,M-03,733.0737716933157
2026-02-24,Plant C,M-04,587.9242956114698
2026-02-24,Plant C,M-04,424.26649057397907
2026-02-24,Plant C,M-04,342.22212167708557
2026-02-24,Plant C,M-05,638.3668047878681
2026-02-24,Plant C,M-05,394.7706515503539
2026-02-24,Plant C,M-05,522.1328099237737
2026-02-25,Plant A,M-01,346.76590843917165
2026-02-25,Plant A,M-01,481.2516895937464
2026-02-25,Plant A,M-01,397.33252012858424
2026-02-25,Plant A,M-02,536.5460392777264
2026-02-25,Plant A,M-02,455.89699364202903
2026-02-25,Plant A,M-02,510.70136858291653
2026-02-25,Plant A,M-03,644.3027119837434
2026-02-25,Plant A,M-03,594.7372913264408
2026-02-25,Plant A,M-03,522.4215765501987
2026-02-25,Plant A,M-04,624.0279380364473
2026-02-25,Plant A,M-04,421.14010552298436
2026-02-25,Plant A,M-04,484.8151934611291
2026-02-25,Plant A,M-05,463.0671926017804
2026-02-25,Plant A,M-05,589.8468804989878
2026-02-25,Plant A,M-05,396.29843807751206
2026-02-25,Plant B,M-01,621.4033702130284
2026-02-25,Plant B,M-01,581.0613136608744
2026-02-25,Plant B,M-01,528.5710796199916
2026-02-25,Plant B,M-02,491.0556491980721
2026-02-25,Plant B,M-02,631.0544656118722
2026-02-25,Plant B,M-02,426.7307921884039
2026-02-25,Plant B,M-03,561.3596420301621
2026-02-25,Plant B,M-03,744.7852023946195
2026-02-25,Plant B,M-03,492.64525666550196
2026-02-25,Plant B,M-04,342.0178796455473
2026-02-25,Plant B,M-04,355.5852968570335
2026-02-25,Plant B,M-04,190.51300673715969
2026-02-25,Plant B,M-05,697.1099449707652
2026-02-25,Plant B,M-05,662.9937822004223
2026-02-25,Plant B,M-05,389.4743054725646
2026-02-25,Plant C,M-01,390.99293462845435
2026-02-25,Plant C,M-01,613.3233910746509
2026-02-25,Plant C,M-01,564.356730635165
2026-02-25,Plant C,M-02,644.579278551298
2026-02-25,Plant C,M-02,482.2416557868168
2026-02-25,Plant C,M-02,352.7403302614096
2026-02-25,Plant C,M-03,790.0960689123161
2026-02-25,Plant C,M-03,748.1083766408622
2026-02-25,Plant C,M-03,840.9761604305004
2026-02-25,Plant C,M-04,527.6154113230086
2026-02-25,Plant C,M-04,465.4306391226046
2026-02-25,Plant C,M-04,469.809971354681
2026-02-25,Plant C,M-05,502.499488961993
2026-02-25,Plant C,M-05,538.068918152413
2026-02-25,Plant C,M-05,488.05590876034296
2026-02-26,Plant A,M-01,648.4915209672215
2026-02-26,Plant A,M-01,460.3904419505981
2026-02-26,Plant A,M-01,510.2428102007489
2026-02-26,Plant A,M-02,637.6875687781337
2026-02-26,Plant A,M-02,636.1079453573091
2026-02-26,Plant A,M-02,506.70437418093314
2026-02-26,Plant A,M-03,768.7528152327209
2026-02-26,Plant A,M-03,740.7274251956585
2026-02-26,Plant A,M-03,700.8347966734426
2026-02-26,Plant A,M-04,589.3303013793386
2026-02-26,Plant A,M-04,372.0416333438542
2026-02-26,Plant A,M-04,356.65513810841014
2026-02-26,Plant A,M-05,529.7393141180048
2026-02-26,Plant A,M-05,414.67867591754657
2026-02-26,Plant A,M-05,400.1314241212519
2026-02-26,Plant B,M-01,435.01771254816316
2026-02-26,Plant B,M-01,479.49520698663423
2026-02-26,Plant B,M-01,470.365139879152
2026-02-26,Plant B,M-02,708.1338108604192
2026-02-26,Plant B,M-02,438.38134402413016
2026-02-26,Plant B,M-02,577.884670354109
2026-02-26,Plant B,M-03,879.8044680495213
2026-02-26,Plant B,M-03,739.3911738607192
2026-02-26,Plant B,M-03,759.4606026636767
2026-02-26,Plant B,M-04,513.1291910009631
2026-02-26,Plant B,M-04,534.2019132237878
2026-02-26,Plant B,M-04,286.70725283314255
2026-02-26,Plant B,M-05,528.2025844645649
2026-02-26,Plant B,M-05,321.06408254262084
2026-02-26,Plant B,M-05,432.2312586546918
2026-02-26,Plant C,M-01,636.6519979599648
2026-02-26,Plant C,M-01,657.5106639890872
2026-02-26,Plant C,M-01,376.5498800580294
2026-02-26,Plant C,M-02,575.274819863304
2026-02-26,Plant C,M-02,554.8048829338085
2026-02-26,Plant C,M-02,382.69667344456735
2026-02-26,Plant C,M-03,909.8600147568939
2026-02-26,Plant C,M-03,686.7755107184743
2026-02-26,Plant C,M-03,695.6779876956217
2026-02-26,Plant C,M-04,494.85998114809246
2026-02-26,Plant C,M-04,432.88915822025143
2026-02-26,Plant C,M-04,376.9415827488108
2026-02-26,Plant C,M-05,391.81677046374006
2026-02-26,Plant C,M-05,307.7332550024694
2026-02-26,Plant C,M-05,369.12450095322976
2026-02-27,Plant A,M-01,371.3745370029759
2026-02-27,Plant A,M-01,537.9900246002132
2026-02-27,Plant A,M-01,390.55754219380117
2026-02-27,Plant A,M-02,349.57093420195616
2026-02-27,Plant A,M-02,566.5025501036287
2026-02-27,Plant A,M-02,596.1279544356502
2026-02-27,Plant A,M-03,571.5811221287987
2026-02-27,Plant A,M-03,949.9998971351285
2026-02-27,Plant A,M-03,520.9304442527739
2026-02-27,Plant A,M-04,591.4762623070749
2026-02-27,Plant A,M-04,377.90082495172874
2026-02-27,Plant A,M-04,305.53531165834704
2026-02-27,Plant A,M-05,407.3089652337867
2026-02-27,Plant A,M-05,439.19470388182003
2026-02-27,Plant A,M-05,443.6316926806537
2026-02-27,Plant B,M-01,494.4984245823042
2026-02-27,Plant B,M-01,405.2495407725727
2026-02-27,Plant B,M-01,371.358199855241
2026-02-27,Plant B,M-02,494.0067558566277
2026-02-27,Plant B,M-02,664.411074027429
2026-02-27,Plant B,M-02,511.57768117703057
2026-02-27,Plant B,M-03,704.4192135702482
2026-02-27,Plant B,M-03,598.2803869928031
2026-02-27,Plant B,M-03,754.7518503509419
2026-02-27,Plant B,M-04,435.76618217347556
2026-02-27,Plant B,M-04,458.94842835619465
2026-02-27,Plant B,M-04,359.8958327471404
2026-02-27,Plant B,M-05,604.8952927582443
2026-02-27,Plant B,M-05,497.2102809074897
2026-02-27,Plant B,M-05,515.6901833759777
2026-02-27,Plant C,M-01,453.29286333179255
2026-02-27,Plant C,M-01,584.0778062411164
2026-02-27,Plant C,M-01,413.4981993551481
2026-02-27,Plant C,M-02,522.7952032734584
2026-02-27,Plant C,M-02,488.439812450799
2026-02-27,Plant C,M-02,418.6716923435499
2026-02-27,Plant C,M-03,721.675471996171
2026-02-27,Plant C,M-03,912.5061350384395
2026-02-27,Plant C,M-03,856.3392912338262
2026-02-27,Plant C,M-04,527.7400051323721
2026-02-27,Plant C,M-04,468.40916771137586
2026-02-27,Plant C,M-04,453.3951527995126
2026-02-27,Plant C,M-05,364.2153919513027
2026-02-27,Plant C,M-05,564.7327723809321
2026-02-27,Plant C,M-05,557.8239094183467
2026-02-28,Plant A,M-01,466.82597288884716
2026-02-28,Plant A,M-01,544.8863651531458
2026-02-28,Plant A,M-01,389.4855045851639
2026-02-28,Plant A,M-02,535.2289779350955
2026-02-28,Plant A,M-02,560.6974610427442
2026-02-28,Plant A,M-02,520.4636852875658
2026-02-28,Plant A,M-03,832.052145036075
2026-02-28,Plant A,M-03,717.4405017091481
2026-02-28,Plant A,M-03,622.0476754138119
2026-02-28,Plant A,M-04,526.0909140482953
2026-02-28,Plant A,M-04,517.3704702009887
2026-02-28,Plant A,M-04,424.44040935851024
2026-02-28,Plant A,M-05,508.32554859469224
2026-02-28,Plant A,M-05,550.0735722259192
2026-02-28,Plant A,M-05,511.0813166809637
2026-02-28,Plant B,M-01,485.8502779287592
2026-02-28,Plant B,M-01,295.808888831617
2026-02-28,Plant B,M-01,478.43325604569355
2026-02-28,Plant B,M-02,543.1397995298879
2026-02-28,Plant B,M-02,405.76953639038067
2026-02-28,Plant B,M-02,366.7817556601034
2026-02-28,Plant B,M-03,782.1930101571568
2026-02-28,Plant B,M-03,578.2259350058368
2026-02-28,Plant B,M-03,920.9736087667744
2026-02-28,Plant B,M-04,236.7049081398489
2026-02-28,Plant B,M-04,329.19513057926207
2026-02-28,Plant B,M-04,446.7448627754425
2026-02-28,Plant B,M-05,698.4072265512056
2026-02-28,Plant B,M-05,468.0701413811554
2026-02-28,Plant B,M-05,538.1283519811443
2026-02-28,Plant C,M-01,665.5640977407335
2026-02-28,Plant C,M-01,599.5815479060205
2026-02-28,Plant C,M-01,395.08474212818044
2026-02-28,Plant C,M-02,524.3451984798589
2026-02-28,Plant C,M-02,349.13039333542747
2026-02-28,Plant C,M-02,451.60072384428815
2026-02-28,Plant C,M-03,936.7298812949564
2026-02-28,Plant C,M-03,704.7097960136778
2026-02-28,Plant C,M-03,783.0795506307251
2026-02-28,Plant C,M-04,477.9197342053224
2026-02-28,Plant C,M-04,415.03067486298596
2026-02-28,Plant C,M-04,338.0272378185345
2026-02-28,Plant C,M-05,535.1058003201309
2026-02-28,Plant C,M-05,535.3946536598621
2026-02-28,Plant C,M-05,503.6649463471455
2026-03-01,Plant A,M-01,514.5048705561078
2026-03-01,Plant A,M-01,538.7826629050844
2026-03-01,Plant A,M-01,519.975840498928
2026-03-01,Plant A,M-02,553.9506796912282
2026-03-01,Plant A,M-02,462.7745210699625
2026-03-01,Plant A,M-02,498.15646862733826
2026-03-01,Plant A,M-03,816.3881920668236
2026-03-01,Plant A,M-03,679.9379564366515
2026-03-01,Plant A,M-03,635.2527458526025
2026-03-01,Plant A,M-04,554.2126230979212
2026-03-01,Plant A,M-04,564.0933425988086
2026-03-01,Plant A,M-04,443.25667284140496
2026-03-01,Plant A,M-05,525.5550362526446
2026-03-01,Plant A,M-05,488.80566428860106
2026-03-01,Plant A,M-05,524.1655814756107
2026-03-01,Plant B,M-01,445.0570698471748
2026-03-01,Plant B,M-01,411.7085539488076
2026-03-01,Plant B,M-01,378.15572923094606
2026-03-01,Plant B,M-02,513.6879729609233
2026-03-01,Plant B,M-02,553.4024047106477
2026-03-01,Plant B,M-02,316.86681061447894
2026-03-01,Plant B,M-03,618.1081111466848
2026-03-01,Plant B,M-03,741.9326311765408
2026-03-01,Plant B,M-03,552.9424340074834
2026-03-01,Plant B,M-04,453.73243134834684
2026-03-01,Plant B,M-04,503.05637294547444
2026-03-01,Plant B,M-04,331.8019191342699
2026-03-01,Plant B,M-05,666.3565847404728
2026-03-01,Plant B,M-05,415.94414038213694
2026-03-01,Plant B,M-05,407.7855750975834
2026-03-01,Plant C,M-01,496.01941642528107
2026-03-01,Plant C,M-01,541.9221051387152
2026-03-01,Plant C,M-01,414.89968119397787
2026-03-01,Plant C,M-02,334.32941387943936
2026-03-01,Plant C,M-02,609.9179099243833
2026-03-01,Plant C,M-02,469.76728781218435
2026-03-01,Plant C,M-03,655.525308705891
2026-03-01,Plant C,M-03,837.9929043743123
2026-03-01,Plant C,M-03,632.101066760829
2026-03-01,Plant C,M-04,646.0132264527929
2026-03-01,Plant C,M-04,668.4989319556018
2026-03-01,Plant C,M-04,478.9623692775777
2026-03-01,Plant C,M-05,397.9856541665544
2026-03-01,Plant C,M-05,389.47564246305865
2026-03-01,Plant C,M-05,529.0896147852898
2026-03-02,Plant A,M-01,491.8140485811863
2026-03-02,Plant A,M-01,568.3592303804362
2026-03-02,Plant A,M-01,357.7667109736897
2026-03-02,Plant A,M-02,684.9958829371685
2026-03-02,Plant A,M-02,631.9761541265806
2026-03-02,Plant A,M-02,379.29487631863526
2026-03-02,Plant A,M-03,755.3938395897682
2026-03-02,Plant A,M-03,644.8120458927222
2026-03-02,Plant A,M-03,545.8072465109894
2026-03-02,Plant A,M-04,625.8616059694837
2026-03-02,Plant A,M-04,427.09570686764437
2026-03-02,Plant A,M-04,542.2881146166582
2026-03-02,Plant A,M-05,361.85909706444386
2026-03-02,Plant A,M-05,492.5704938244568
2026-03-02,Plant A,M-05,423.7737026738212
2026-03-02,Plant B,M-01,469.0629431451497
2026-03-02,Plant B,M-01,363.074680476756
2026-03-02,Plant B,M-01,387.0387782172555
2026-03-02,Plant B,M-02,353.0805311233623
2026-03-02,Plant B,M-02,484.19369204317576
2026-03-02,Plant B,M-02,294.92918143835317
2026-03-02,Plant B,M-03,800.3583269725602
2026-03-02,Plant B,M-03,692.5744676030257
2026-03-02,Plant B,M-03,808.2591413678153
2026-03-02,Plant B,M-04,546.2949120731706
2026-03-02,Plant B,M-04,454.4682952762688
2026-03-02,Plant B,M-04,275.14725486737206
2026-03-02,Plant B,M-05,601.4000705054152
2026-03-02,Plant B,M-05,325.93267298154683
2026-03-02,Plant B,M-05,428.4032278898006
2026-03-02,Plant C,M-01,372.68463259971315
2026-03-02,Plant C,M-01,435.971516891719
2026-03-02,Plant C,M-01,481.8354033719541
2026-03-02,Plant C,M-02,474.043514322963
2026-03-02,Plant C,M-02,531.2502830438364
2026-03-02,Plant C,M-02,460.11971064058724
2026-03-02,Plant C,M-03,632.216550222105
2026-03-02,Plant C,M-03,774.5814499005245
2026-03-02,Plant C,M-03,523.8822205089361
2026-03-02,Plant C,M-04,426.69538736144693
2026-03-02,Plant C,M-04,440.6019230626981
2026-03-02,Plant C,M-04,570.3406568440457
2026-03-02,Plant C,M-05,382.6769864654792
2026-03-02,Plant C,M-05,419.7915471577957
2026-03-02,Plant C,M-05,324.38079807197147
2026-03-03,Plant A,M-01,373.7358448103928
2026-03-03,Plant A,M-01,412.51027292977864
2026-03-03,Plant A,M-01,497.3994386110035
2026-03-03,Plant A,M-02,544.2854597888307
2026-03-03,Plant A,M-02,490.6489383306043
2026-03-03,Plant A,M-02,374.58804692956016
2026-03-03,Plant A,M-03,898.9224618686998
2026-03-03,Plant A,M-03,615.1634844012076
2026-03-03,Plant A,M-03,690.7180067468726
2026-03-03,Plant A,M-04,562.8608658179473
2026-03-03,Plant A,M-04,640.7119655248334
2026-03-03,Plant A,M-04,458.63689256649883
2026-03-03,Plant A,M-05,358.82492895200437
2026-03-03,Plant A,M-05,444.7170575949941
2026-03-03,Plant A,M-05,513.9391860042385
2026-03-03,Plant B,M-01,357.7873587746282
2026-03-03,Plant B,M-01,567.9129803034551
2026-03-03,Plant B,M-01,489.78753562768725
2026-03-03,Plant B,M-02,404.5676722028086
2026-03-03,Plant B,M-02,477.0928919991626
2026-03-03,Plant B,M-02,471.0321070829919
2026-03-03,Plant B,M-03,593.2565075943402
2026-03-03,Plant B,M-03,856.0577110214274
2026-03-03,Plant B,M-03,743.6259048940991
2026-03-03,Plant B,M-04,577.7908265563615
2026-03-03,Plant B,M-04,449.99687783261044
2026-03-03,Plant B,M-04,449.1541424133858
2026-03-03,Plant B,M-05,437.64542024928
2026-03-03,Plant B,M-05,404.6021514333436
2026-03-03,Plant B,M-05,475.4507179006022
2026-03-03,Plant C,M-01,553.8590322498518
2026-03-03,Plant C,M-01,513.8893406610521
2026-03-03,Plant C,M-01,406.2477053690597
2026-03-03,Plant C,M-02,542.4160874115031
2026-03-03,Plant C,M-02,561.9128298616433
2026-03-03,Plant C,M-02,500.78131647149013
2026-03-03,Plant C,M-03,845.5156309351167
2026-03-03,Plant C,M-03,617.2381647748905
2026-03-03,Plant C,M-03,874.4925521148997
2026-03-03,Plant C,M-04,430.53389402797086
2026-03-03,Plant C,M-04,394.72199106661714
2026-03-03,Plant C,M-04,537.2276180774962
2026-03-03,Plant C,M-05,526.1236908428519
2026-03-03,Plant C,M-05,551.4296145124982
2026-03-03,Plant C,M-05,464.0171528219248
2026-03-04,Plant A,M-01,443.15823135807506
2026-03-04,Plant A,M-01,465.26677821110826
2026-03-04,Plant A,M-01,340.5266382246448
2026-03-04,Plant A,M-02,498.55904501920327
2026-03-04,Plant A,M-02,499.087507407878
2026-03-04,Plant A,M-02,519.1785251503957
2026-03-04,Plant A,M-03,687.5478891491355
2026-03-04,Plant A,M-03,633.4396040591482
2026-03-04,Plant A,M-03,582.7999773052078
2026-03-04,Plant A,M-04,429.64144774892844
2026-03-04,Plant A,M-04,488.39211202186397
2026-03-04,Plant A,M-04,377.0652822978742
2026-03-04,Plant A,M-05,502.3040303565109
2026-03-04,Plant A,M-05,441.59304329343416
2026-03-04,Plant A,M-05,395.9312275836381
2026-03-04,Plant B,M-01,570.8470150361574
2026-03-04,Plant B,M-01,503.9104167795537
2026-03-04,Plant B,M-01,363.5997156665713
2026-03-04,Plant B,M-02,504.5467125407082
2026-03-04,Plant B,M-02,422.8090549411125
2026-03-04,Plant B,M-02,365.1813429059057
2026-03-04,Plant B,M-03,804.7732680246088
2026-03-04,Plant B,M-03,813.0539019594214
2026-03-04,Plant B,M-03,606.3563922581033
2026-03-04,Plant B,M-04,438.1184365682867
2026-03-04,Plant B,M-04,355.06748992095424
2026-03-04,Plant B,M-04,360.72868115497556
2026-03-04,Plant B,M-05,512.8879004278751
2026-03-04,Plant B,M-05,557.158640214938
2026-03-04,Plant B,M-05,471.94224695146454
2026-03-04,Plant C,M-01,523.4331606212786
2026-03-04,Plant C,M-01,611.3784811497097
2026-03-04,Plant C,M-01,410.75687774134536
2026-03-04,Plant C,M-02,617.5781421432307
2026-03-04,Plant C,M-02,512.2253178444201
2026-03-04,Plant C,M-02,516.2464861686631
2026-03-04,Plant C,M-03,679.6838075008285
2026-03-04,Plant C,M-03,681.5486606921951
2026-03-04,Plant C,M-03,748.485468065135
2026-03-04,Plant C,M-04,578.7508517212623
2026-03-04,Plant C,M-04,438.3072049866239
2026-03-04,Plant C,M-04,488.9194080962351
2026-03-04,Plant C,M-05,449.13233219122793
2026-03-04,Plant C,M-05,507.8713453109041
2026-03-04,Plant C,M-05,527.7500913151564
2026-03-05,Plant A,M-01,478.47131086943796
2026-03-05,Plant A,M-01,431.67794518716846
2026-03-05,Plant A,M-01,317.44783266804956
2026-03-05,Plant A,M-02,393.8369995686054
2026-03-05,Plant A,M-02,517.3235472107987
2026-03-05,Plant A,M-02,337.8102951177512
2026-03-05,Plant A,M-03,653.6216648634565
2026-03-05,Plant A,M-03,709.5305395675665
2026-03-05,Plant A,M-03,681.9599507712348
2026-03-05,Plant A,M-04,728.9131775624938
2026-03-05,Plant A,M-04,553.0139898464796
2026-03-05,Plant A,M-04,471.0465227775583
2026-03-05,Plant A,M-05,452.1080778049155
2026-03-05,Plant A,M-05,377.0122703866454
2026-03-05,Plant A,M-05,386.90828104642907
2026-03-05,Plant B,M-01,569.6758009917269
2026-03-05,Plant B,M-01,589.5485972345671
2026-03-05,Plant B,M-01,493.0644324321149
2026-03-05,Plant B,M-02,536.6567015327586
2026-03-05,Plant B,M-02,526.6839489597629
2026-03-05,Plant B,M-02,416.1319864708177
2026-03-05,Plant B,M-03,597.2487427874208
2026-03-05,Plant B,M-03,533.7856313770824
2026-03-05,Plant B,M-03,499.3139214943875
2026-03-05,Plant B,M-04,565.1200609473285
2026-03-05,Plant B,M-04,495.3928784623144
2026-03-05,Plant B,M-04,420.3830028240724
2026-03-05,Plant B,M-05,707.5986027996768
2026-03-05,Plant B,M-05,464.56428136914604
2026-03-05,Plant B,M-05,490.94576490261585
2026-03-05,Plant C,M-01,528.0377986947495
2026-03-05,Plant C,M-01,456.2733412415127
2026-03-05,Plant C,M-01,301.77140354055996
2026-03-05,Plant C,M-02,389.17808666174574
2026-03-05,Plant C,M-02,430.292770128804
2026-03-05,Plant C,M-02,487.2088829460666
2026-03-05,Plant C,M-03,936.7020399594081
2026-03-05,Plant C,M-03,769.273364316867
2026-03-05,Plant C,M-03,763.1784754678501
2026-03-05,Plant C,M-04,371.1736960791181
2026-03-05,Plant C,M-04,525.7734833889849
2026-03-05,Plant C,M-04,439.32833082611177
2026-03-05,Plant C,M-05,378.6884721413094
2026-03-05,Plant C,M-05,404.99146776570836
2026-03-05,Plant C,M-05,447.8076499298233
2026-03-06,Plant A,M-01,402.2597538343215
2026-03-06,Plant A,M-01,467.833616009833
2026-03-06,Plant A,M-01,461.6167067725975
2026-03-06,Plant A,M-02,557.4921831048766
2026-03-06,Plant A,M-02,351.53345804338596
2026-03-06,Plant A,M-02,465.31523040939965
2026-03-06,Plant A,M-03,713.1876737477817
2026-03-06,Plant A,M-03,644.6750431793467
2026-03-06,Plant A,M-03,713.5432978643702
2026-03-06,Plant A,M-04,552.5583497114275
2026-03-06,Plant A,M-04,449.0095409164255
2026-03-06,Plant A,M-04,382.19319645221594
2026-03-06,Plant A,M-05,494.3189418902409
2026-03-06,Plant A,M-05,417.7554081557158
2026-03-06,Plant A,M-05,498.15050836793415
2026-03-06,Plant B,M-01,441.1442747944611
2026-03-06,Plant B,M-01,536.1395008001916
2026-03-06,Plant B,M-01,495.00418224568904
2026-03-06,Plant B,M-02,528.0674917460068
2026-03-06,Plant B,M-02,391.6052474753054
2026-03-06,Plant B,M-02,285.1886162944155
2026-03-06,Plant B,M-03,624.6882806837881
2026-03-06,Plant B,M-03,658.9912306081173
2026-03-06,Plant B,M-03,746.173583319054
2026-03-06,Plant B,M-04,487.5337965835577
2026-03-06,Plant B,M-04,511.64833146828306
2026-03-06,Plant B,M-04,364.8049899780021
2026-03-06,Plant B,M-05,485.5379429071822
2026-03-06,Plant B,M-05,518.6390126419213
2026-03-06,Plant B,M-05,455.5485421889202
2026-03-06,Plant C,M-01,473.1764887043897
2026-03-06,Plant C,M-01,446.29570310689854
2026-03-06,Plant C,M-01,420.221833796967
2026-03-06,Plant C,M-02,518.1870151924339
2026-03-06,Plant C,M-02,342.8064922930149
2026-03-06,Plant C,M-02,485.3526117222717
2026-03-06,Plant C,M-03,616.9944127802246
2026-03-06,Plant C,M-03,949.8144634786127
2026-03-06,Plant C,M-03,742.0936941015536
2026-03-06,Plant C,M-04,465.45492802624545
2026-03-06,Plant C,M-04,530.0545730253615
2026-03-06,Plant C,M-04,338.84581857319927
2026-03-06,Plant C,M-05,444.1202957898403
2026-03-06,Plant C,M-05,606.4846963881058
2026-03-06,Plant C,M-05,555.990539183995
2026-03-07,Plant A,M-01,456.6882846263696
2026-03-07,Plant A,M-01,453.2203045509153
2026-03-07,Plant A,M-01,346.66606177034
2026-03-07,Plant A,M-02,399.1465823681419
2026-03-07,Plant A,M-02,491.93591017343095
2026-03-07,Plant A,M-02,463.0314855488648
2026-03-07,Plant A,M-03,766.41286257185
2026-03-07,Plant A,M-03,721.1686777494447
2026-03-07,Plant A,M-03,667.3762639781456
2026-03-07,Plant A,M-04,581.3001083607089
2026-03-07,Plant A,M-04,395.65289653918865
2026-03-07,Plant A,M-04,597.5530471615858
2026-03-07,Plant A,M-05,395.27096605904734
2026-03-07,Plant A,M-05,475.95384229199374
2026-03-07,Plant A,M-05,277.82791935209843
2026-03-07,Plant B,M-01,538.3013315261425
2026-03-07,Plant B,M-01,446.1189448157269
2026-03-07,Plant B,M-01,279.9748068576812
2026-03-07,Plant B,M-02,519.0839530328616
2026-03-07,Plant B,M-02,301.6738836286249
2026-03-07,Plant B,M-02,290.10836530304636
2026-03-07,Plant B,M-03,963.6098031399313
2026-03-07,Plant B,M-03,802.1364673041738
2026-03-07,Plant B,M-03,514.2991451375265
2026-03-07,Plant B,M-04,615.8107769561823
2026-03-07,Plant B,M-04,337.7845642552756
2026-03-07,Plant B,M-04,309.3955027187554
2026-03-07,Plant B,M-05,566.4321865755189
2026-03-07,Plant B,M-05,667.2747074815818
2026-03-07,Plant B,M-05,404.446834418383
2026-03-07,Plant C,M-01,522.9575121022133
2026-03-07,Plant C,M-01,495.67518696056686
2026-03-07,Plant C,M-01,523.452136933601
2026-03-07,Plant C,M-02,505.0365937317252
2026-03-07,Plant C,M-02,329.9390468693315
2026-03-07,Plant C,M-02,382.42863348673944
2026-03-07,Plant C,M-03,748.8211617786737
2026-03-07,Plant C,M-03,702.2320638922417
2026-03-07,Plant C,M-03,590.941519871854
2026-03-07,Plant C,M-04,655.0606427836759
2026-03-07,Plant C,M-04,516.3601684602984
2026-03-07,Plant C,M-04,370.49384134959877
2026-03-07,Plant C,M-05,428.5480593069945
2026-03-07,Plant C,M-05,365.88317524312356
2026-03-07,Plant C,M-05,410.34515735673796
2026-03-08,Plant A,M-01,611.9641565746441
2026-03-08,Plant A,M-01,492.7298727065649
2026-03-08,Plant A,M-01,377.4064844843692
2026-03-08,Plant A,M-02,444.21513076951464
2026-03-08,Plant A,M-02,404.6890433556068
2026-03-08,Plant A,M-02,589.6719103980212
2026-03-08,Plant A,M-03,709.1230711348883
2026-03-08,Plant A,M-03,665.0350911662113
2026-03-08,Plant A,M-03,604.1220149902114
2026-03-08,Plant A,M-04,452.05329339233185
2026-03-08,Plant A,M-04,340.3226848983869
2026-03-08,Plant A,M-04,535.4723497709409
2026-03-08,Plant A,M-05,461.7069856046849
2026-03-08,Plant A,M-05,460.8801997201264
2026-03-08,Plant A,M-05,414.2841090718539
2026-03-08,Plant B,M-01,490.12554431787385
2026-03-08,Plant B,M-01,489.8051783832809
2026-03-08,Plant B,M-01,478.6201425464509
2026-03-08,Plant B,M-02,479.42053992063705
2026-03-08,Plant B,M-02,555.2001144905043
2026-03-08,Plant B,M-02,452.27270111825544
2026-03-08,Plant B,M-03,779.5201299282793
2026-03-08,Plant B,M-03,693.1556979703565
2026-03-08,Plant B,M-03,531.7053102005824
2026-03-08,Plant B,M-04,401.20239363241075
2026-03-08,Plant B,M-04,368.26493105961805
2026-03-08,Plant B,M-04,521.7901135855042
2026-03-08,Plant B,M-05,590.804075050855
2026-03-08,Plant B,M-05,520.8334319192678
2026-03-08,Plant B,M-05,395.3484159246432
2026-03-08,Plant C,M-01,672.0864057976926
2026-03-08,Plant C,M-01,569.8015538418872
2026-03-08,Plant C,M-01,418.41528114983197
2026-03-08,Plant C,M-02,658.8784726191492
2026-03-08,Plant C,M-02,447.75910380968577
2026-03-08,Plant C,M-02,451.4162517376888
2026-03-08,Plant C,M-03,524.1293397945798
2026-03-08,Plant C,M-03,783.5110793427389
2026-03-08,Plant C,M-03,705.1901813879267
2026-03-08,Plant C,M-04,625.4983070860958
2026-03-08,Plant C,M-04,649.541693620822
2026-03-08,Plant C,M-04,571.5803041566691
2026-03-08,Plant C,M-05,556.847162096755
2026-03-08,Plant C,M-05,515.8896739397408
2026-03-08,Plant C,M-05,488.7951019148357
2026-03-09,Plant A,M-01,496.8023907618431
2026-03-09,Plant A,M-01,413.05937866370607
2026-03-09,Plant A,M-01,542.5619619786402
2026-03-09,Plant A,M-02,695.1655862463656
2026-03-09,Plant A,M-02,332.77104121142236
2026-03-09,Plant A,M-02,389.5492732186494
2026-03-09,Plant A,M-03,958.0979015601085
2026-03-09,Plant A,M-03,581.7678881474562
2026-03-09,Plant A,M-03,498.7093989954971
2026-03-09,Plant A,M-04,509.0184706087602
2026-03-09,Plant A,M-04,463.5406753457469
2026-03-09,Plant A,M-04,551.0931123981569
2026-03-09,Plant A,M-05,553.8900507925575
2026-03-09,Plant A,M-05,580.43922914
2026-03-09,Plant A,M-05,402.0352588959814
2026-03-09,Plant B,M-01,436.9140540769825
2026-03-09,Plant B,M-01,374.9768374863619
2026-03-09,Plant B,M-01,399.61922261149067
2026-03-09,Plant B,M-02,341.530028075091
2026-03-09,Plant B,M-02,594.2590916415037
2026-03-09,Plant B,M-02,360.56799096622484
2026-03-09,Plant B,M-03,608.0085265438403
2026-03-09,Plant B,M-03,748.088295989634
2026-03-09,Plant B,M-03,732.3958465050813
2026-03-09,Plant B,M-04,383.7320193288009
2026-03-09,Plant B,M-04,539.9563833529602
2026-03-09,Plant B,M-04,280.55997545531824
2026-03-09,Plant B,M-05,437.50612166830746
2026-03-09,Plant B,M-05,611.8896844893669
2026-03-09,Plant B,M-05,369.21393862481466
2026-03-09,Plant C,M-01,694.5447693468254
2026-03-09,Plant C,M-01,472.72194658070674
2026-03-09,Plant C,M-01,372.5934918572964
2026-03-09,Plant C,M-02,576.8092394051281
2026-03-09,Plant C,M-02,422.7279748778069
2026-03-09,Plant C,M-02,446.7992768689198
2026-03-09,Plant C,M-03,802.8661584115437
2026-03-09,Plant C,M-03,618.0178052183949
2026-03-09,Plant C,M-03,640.3143930633302
2026-03-09,Plant C,M-04,537.7940612882586
2026-03-09,Plant C,M-04,588.7158688155334
2026-03-09,Plant C,M-04,502.50985234686226
2026-03-09,Plant C,M-05,394.40901910893945
2026-03-09,Plant C,M-05,525.1403520734855
2026-03-09,Plant C,M-05,462.4792325218218
2026-03-10,Plant A,M-01,601.6749567396072
2026-03-10,Plant A,M-01,668.2300090754063
2026-03-10,Plant A,M-01,359.31495108489275
2026-03-10,Plant A,M-02,545.100111658114
2026-03-10,Plant A,M-02,453.705757295464
2026-03-10,Plant A,M-02,491.310279592677
2026-03-10,Plant A,M-03,842.2250900353637
2026-03-10,Plant A,M-03,773.6034133096595
2026-03-10,Plant A,M-03,771.8783615247896
2026-03-10,Plant A,M-04,417.13370026208946
2026-03-10,Plant A,M-04,530.3121840897554
2026-03-10,Plant A,M-04,512.3065024398187
2026-03-10,Plant A,M-05,540.8189996923519
2026-03-10,Plant A,M-05,586.5480705337402
2026-03-10,Plant A,M-05,390.97369958533733
2026-03-10,Plant B,M-01,499.9735609387571
2026-03-10,Plant B,M-01,457.86115598006035
2026-03-10,Plant B,M-01,502.53341212314564
2026-03-10,Plant B,M-02,434.07426216720745
2026-03-10,Plant B,M-02,489.53369793204627
2026-03-10,Plant B,M-02,304.3778807243589
2026-03-10,Plant B,M-03,756.9623066745003
2026-03-10,Plant B,M-03,798.356571235935
2026-03-10,Plant B,M-03,639.4124468536837
2026-03-10,Plant B,M-04,347.9285479810073
2026-03-10,Plant B,M-04,211.89543748458408
2026-03-10,Plant B,M-04,344.9682981971443
2026-03-10,Plant B,M-05,529.8243484898919
2026-03-10,Plant B,M-05,374.59244459581345
2026-03-10,Plant B,M-05,649.3814986716408
2026-03-10,Plant C,M-01,459.56783634248166
2026-03-10,Plant C,M-01,443.9309651716726
2026-03-10,Plant C,M-01,445.03981687262393
2026-03-10,Plant C,M-02,556.9530512102552
2026-03-10,Plant C,M-02,467.23193529390954
2026-03-10,Plant C,M-02,424.2160012309545
2026-03-10,Plant C,M-03,561.6186836756946
2026-03-10,Plant C,M-03,901.8907822238871
2026-03-10,Plant C,M-03,550.1214319717166
2026-03-10,Plant C,M-04,534.9284597252529
2026-03-10,Plant C,M-04,436.96992670713604
2026-03-10,Plant C,M-04,475.7437180830782
2026-03-10,Plant C,M-05,387.026037541737
2026-03-10,Plant C,M-05,511.5315488790921
2026-03-10,Plant C,M-05,564.2716960819376
2026-03-11,Plant A,M-01,546.0865159609375
2026-03-11,Plant A,M-01,656.2433802866884
2026-03-11,Plant A,M-01,474.8451885807156
2026-03-11,Plant A,M-02,425.026551889364
2026-03-11,Plant A,M-02,351.4910467230631
2026-03-11,Plant A,M-02,397.7895103977504
2026-03-11,Plant A,M-03,761.9576456109363
2026-03-11,Plant A,M-03,606.3101461685043
2026-03-11,Plant A,M-03,807.9865510809831
2026-03-11,Plant A,M-04,505.8973739146155
2026-03-11,Plant A,M-04,516.8100073206884
2026-03-11,Plant A,M-04,433.56075482888195
2026-03-11,Plant A,M-05,503.8039474658322
2026-03-11,Plant A,M-05,485.211853919297
2026-03-11,Plant A,M-05,364.4699499833497
2026-03-11,Plant B,M-01,574.6232087513476
2026-03-11,Plant B,M-01,502.7980015075531
2026-03-11,Plant B,M-01,432.6418527827015
2026-03-11,Plant B,M-02,735.2573983978333
2026-03-11,Plant B,M-02,660.3143907490493
2026-03-11,Plant B,M-02,361.4950520674319
2026-03-11,Plant B,M-03,788.5128648036651
2026-03-11,Plant B,M-03,657.6374954504575
2026-03-11,Plant B,M-03,668.8197778819825
2026-03-11,Plant B,M-04,552.7996465990414
2026-03-11,Plant B,M-04,527.520566192118
2026-03-11,Plant B,M-04,329.10449895559526
2026-03-11,Plant B,M-05,566.2267845304189
2026-03-11,Plant B,M-05,497.01884487540013
2026-03-11,Plant B,M-05,388.12832932258
2026-03-11,Plant C,M-01,606.841743073178
2026-03-11,Plant C,M-01,536.0650779151752
2026-03-11,Plant C,M-01,488.2298612905177
2026-03-11,Plant C,M-02,372.6268217745388
2026-03-11,Plant C,M-02,441.94925360175506
2026-03-11,Plant C,M-02,289.5951187171745
2026-03-11,Plant C,M-03,672.9475706667209
2026-03-11,Plant C,M-03,620.3767416233899
2026-03-11,Plant C,M-03,807.7718713114367
2026-03-11,Plant C,M-04,536.1576169493976
2026-03-11,Plant C,M-04,558.4748514541133
2026-03-11,Plant C,M-04,405.1318287135056
2026-03-11,Plant C,M-05,547.9871670535063
2026-03-11,Plant C,M-05,461.27466794002294
2026-03-11,Plant C,M-05,386.12873366188825
2026-03-12,Plant A,M-01,450.38151500426295
2026-03-12,Plant A,M-01,458.50756497661035
2026-03-12,Plant A,M-01,554.1438317531899
2026-03-12,Plant A,M-02,503.2216989060757
2026-03-12,Plant A,M-02,435.2252080978137
2026-03-12,Plant A,M-02,583.7326782037294
2026-03-12,Plant A,M-03,696.168035951834
2026-03-12,Plant A,M-03,630.1126753797719
2026-03-12,Plant A,M-03,615.4931437128402
2026-03-12,Plant A,M-04,391.91425200927995
2026-03-12,Plant A,M-04,414.8692486351166
2026-03-12,Plant A,M-04,352.5309189303499
2026-03-12,Plant A,M-05,428.1717263789236
2026-03-12,Plant A,M-05,369.6834463117045
2026-03-12,Plant A,M-05,595.3040990713004
2026-03-12,Plant B,M-01,557.5529442846165
2026-03-12,Plant B,M-01,432.2966295683356
2026-03-12,Plant B,M-01,499.7637273585712
2026-03-12,Plant B,M-02,541.6324865744281
2026-03-12,Plant B,M-02,564.9141446323611
2026-03-12,Plant B,M-02,554.4780232720568
2026-03-12,Plant B,M-03,783.4308939631637
2026-03-12,Plant B,M-03,824.5678162957297
2026-03-12,Plant B,M-03,596.0166562056756
2026-03-12,Plant B,M-04,410.50210035210466
2026-03-12,Plant B,M-04,451.10893255712165
2026-03-12,Plant B,M-04,178.2003047674156
2026-03-12,Plant B,M-05,546.8800687979941
2026-03-12,Plant B,M-05,358.4364302033558
2026-03-12,Plant B,M-05,380.03106538520177
2026-03-12,Plant C,M-01,463.8042291648678
2026-03-12,Plant C,M-01,445.01866607366395
2026-03-12,Plant C,M-01,307.1794145732885
2026-03-12,Plant C,M-02,526.3831123903533
2026-03-12,Plant C,M-02,622.1953360620669
2026-03-12,Plant C,M-02,487.5918272122096
2026-03-12,Plant C,M-03,738.1199162737519
2026-03-12,Plant C,M-03,819.9802149768856
2026-03-12,Plant C,M-03,620.050404903808
2026-03-12,Plant C,M-04,594.0853962013605
2026-03-12,Plant C,M-04,551.6947796793949
2026-03-12,Plant C,M-04,396.1552304857511
2026-03-12,Plant C,M-05,488.52301895924046
2026-03-12,Plant C,M-05,408.878425372592
2026-03-12,Plant C,M-05,404.31279758028364
2026-03-13,Plant A,M-01,551.3635787995127
2026-03-13,Plant A,M-01,606.9759818998565
2026-03-13,Plant A,M-01,522.5795177628164
2026-03-13,Plant A,M-02,549.7855733595667
2026-03-13,Plant A,M-02,594.9331589825686
2026-03-13,Plant A,M-02,382.54393185426545
2026-03-13,Plant A,M-03,534.5378228265114
2026-03-13,Plant A,M-03,668.1354100321652
2026-03-13,Plant A,M-03,803.1568276119382
2026-03-13,Plant A,M-04,430.4158686887569
2026-03-13,Plant A,M-04,368.0128274570736
2026-03-13,Plant A,M-04,525.8601082498479
2026-03-13,Plant A,M-05,470.5601887930109
2026-03-13,Plant A,M-05,453.75159166573115
2026-03-13,Plant A,M-05,404.9283958949431
2026-03-13,Plant B,M-01,594.1200675620753
2026-03-13,Plant B,M-01,435.6101845586583
2026-03-13,Plant B,M-01,557.6553163533498
2026-03-13,Plant B,M-02,463.83708915330874
2026-03-13,Plant B,M-02,381.20399712767835
2026-03-13,Plant B,M-02,547.0994868496451
2026-03-13,Plant B,M-03,904.296619222322
2026-03-13,Plant B,M-03,620.7357431451265
2026-03-13,Plant B,M-03,489.20929171379856
2026-03-13,Plant B,M-04,328.1075145601581
2026-03-13,Plant B,M-04,362.86930662740025
2026-03-13,Plant B,M-04,250.36891515906783
2026-03-13,Plant B,M-05,711.9978945184374
2026-03-13,Plant B,M-05,400.47455409328234
2026-03-13,Plant B,M-05,352.03240187997164
2026-03-13,Plant C,M-01,396.1849020512496
2026-03-13,Plant C,M-01,537.2084271864869
2026-03-13,Plant C,M-01,468.42482317062337
2026-03-13,Plant C,M-02,345.90552893755887
2026-03-13,Plant C,M-02,462.35855125320415
2026-03-13,Plant C,M-02,501.60345664060736
2026-03-13,Plant C,M-03,734.4569493424176
2026-03-13,Plant C,M-03,530.2909293973003
2026-03-13,Plant C,M-03,542.5076430233119
2026-03-13,Plant C,M-04,470.1240473051935
2026-03-13,Plant C,M-04,377.7922885537388
2026-03-13,Plant C,M-04,474.12641752168236
2026-03-13,Plant C,M-05,489.76647561811893
2026-03-13,Plant C,M-05,618.301292580166
2026-03-13,Plant C,M-05,473.9703326006867
2026-03-14,Plant A,M-01,479.7673004808465
2026-03-14,Plant A,M-01,495.14615945902375
2026-03-14,Plant A,M-01,390.3795372651921
2026-03-14,Plant A,M-02,463.98109915634274
2026-03-14,Plant A,M-02,452.0331227926276
2026-03-14,Plant A,M-02,497.6309960730843
2026-03-14,Plant A,M-03,826.2564541341485
2026-03-14,Plant A,M-03,653.7291137930777
2026-03-14,Plant A,M-03,487.1925902909949
2026-03-14,Plant A,M-04,488.72814845352576
2026-03-14,Plant A,M-04,529.8196118013016
2026-03-14,Plant A,M-04,461.2566906996029
2026-03-14,Plant A,M-05,361.02011388646696
2026-03-14,Plant A,M-05,660.5371042984467
2026-03-14,Plant A,M-05,441.2621024909622
2026-03-14,Plant B,M-01,448.8849051764022
2026-03-14,Plant B,M-01,510.14193988667495
2026-03-14,Plant B,M-01,481.0079677733872
2026-03-14,Plant B,M-02,540.4961905954542
2026-03-14,Plant B,M-02,556.8712305800517
2026-03-14,Plant B,M-02,464.0781470619214
2026-03-14,Plant B,M-03,690.3348438755432
2026-03-14,Plant B,M-03,607.0982425536668
2026-03-14,Plant B,M-03,771.9961577135707
2026-03-14,Plant B,M-04,384.54861435109495
2026-03-14,Plant B,M-04,555.387048504424
2026-03-14,Plant B,M-04,324.7501540808585
2026-03-14,Plant B,M-05,467.6532305446676
2026-03-14,Plant B,M-05,482.5750946608633
2026-03-14,Plant B,M-05,338.9240686218116
2026-03-14,Plant C,M-01,516.78679326725
2026-03-14,Plant C,M-01,547.5645947118697
2026-03-14,Plant C,M-01,557.9268263758431
2026-03-14,Plant C,M-02,400.33834501356097
2026-03-14,Plant C,M-02,407.06015348608446
2026-03-14,Plant C,M-02,394.4554187632071
2026-03-14,Plant C,M-03,647.1722968183691
2026-03-14,Plant C,M-03,609.3359512525717
2026-03-14,Plant C,M-03,741.001168896077
2026-03-14,Plant C,M-04,551.3377367568881
2026-03-14,Plant C,M-04,604.1387425985004
2026-03-14,Plant C,M-04,484.18483283577626
2026-03-14,Plant C,M-05,455.07966152550125
2026-03-14,Plant C,M-05,609.1902226089503
2026-03-14,Plant C,M-05,376.60066876200995
2026-03-15,Plant A,M-01,498.5910089237257
2026-03-15,Plant A,M-01,396.5546989921992
2026-03-15,Plant A,M-01,608.7819489181752
2026-03-15,Plant A,M-02,397.3212394428507
2026-03-15,Plant A,M-02,639.6287331762251
2026-03-15,Plant A,M-02,504.5599961300284
2026-03-15,Plant A,M-03,757.2678602035578
2026-03-15,Plant A,M-03,633.89007159532
2026-03-15,Plant A,M-03,649.7283765585167
2026-03-15,Plant A,M-04,557.8605631346303
2026-03-15,Plant A,M-04,426.4238799085207
2026-03-15,Plant A,M-04,409.25399278718317
2026-03-15,Plant A,M-05,410.8474295218182
2026-03-15,Plant A,M-05,487.75861613883234
2026-03-15,Plant A,M-05,498.9701073621196
2026-03-15,Plant B,M-01,436.5394789732539
2026-03-15,Plant B,M-01,356.3155658278064
2026-03-15,Plant B,M-01,477.44374713078906
2026-03-15,Plant B,M-02,473.5501609788226
2026-03-15,Plant B,M-02,529.0790501324425
2026-03-15,Plant B,M-02,490.13238007629917
2026-03-15,Plant B,M-03,635.4956970931286
2026-03-15,Plant B,M-03,854.0009139607149
2026-03-15,Plant B,M-03,635.0952780195896
2026-03-15,Plant B,M-04,474.1980260473835
2026-03-15,Plant B,M-04,365.8880418227203
2026-03-15,Plant B,M-04,411.57545624416366
2026-03-15,Plant B,M-05,451.5323250932853
2026-03-15,Plant B,M-05,548.4095860541017
2026-03-15,Plant B,M-05,378.89082607001785
2026-03-15,Plant C,M-01,531.4177778215588
2026-03-15,Plant C,M-01,486.97157025501735
2026-03-15,Plant C,M-01,432.3468726544846
2026-03-15,Plant C,M-02,561.7998997170286
2026-03-15,Plant C,M-02,434.300245832309
2026-03-15,Plant C,M-02,482.4199085883902
2026-03-15,Plant C,M-03,775.5651822521103
2026-03-15,Plant C,M-03,683.5594770781369
2026-03-15,Plant C,M-03,795.0496379832593
2026-03-15,Plant C,M-04,581.6629611429778
2026-03-15,Plant C,M-04,446.6038718499977
2026-03-15,Plant C,M-04,472.21422047508173
2026-03-15,Plant C,M-05,365.6518449138348
2026-03-15,Plant C,M-05,579.9876278693024
2026-03-15,Plant C,M-05,464.20560063092324
2026-03-16,Plant A,M-01,530.8733680546345
2026-03-16,Plant A,M-01,518.3028287502498
2026-03-16,Plant A,M-01,383.5421370629667
2026-03-16,Plant A,M-02,558.6793591870306
2026-03-16,Plant A,M-02,616.4183050457086
2026-03-16,Plant A,M-02,310.7205240192649
2026-03-16,Plant A,M-03,644.3846833868643
2026-03-16,Plant A,M-03,880.1529541564569
2026-03-16,Plant A,M-03,725.1317848217626
2026-03-16,Plant A,M-04,375.6040882560898
2026-03-16,Plant A,M-04,475.0804937208942
2026-03-16,Plant A,M-04,326.6158437560789
2026-03-16,Plant A,M-05,510.52360992227295
2026-03-16,Plant A,M-05,442.51729433215496
2026-03-16,Plant A,M-05,530.7474739599014
2026-03-16,Plant B,M-01,443.3482406165379
2026-03-16,Plant B,M-01,378.0127291018412
2026-03-16,Plant B,M-01,324.4777065366764
2026-03-16,Plant B,M-02,438.45415350043913
2026-03-16,Plant B,M-02,529.1832152186424
2026-03-16,Plant B,M-02,413.43059508800104
2026-03-16,Plant B,M-03,961.0021455426627
2026-03-16,Plant B,M-03,633.4600040745765
2026-03-16,Plant B,M-03,901.1971345668715
2026-03-16,Plant B,M-04,385.92898841962847
2026-03-16,Plant B,M-04,435.6176551128949
2026-03-16,Plant B,M-04,296.9677336073963
2026-03-16,Plant B,M-05,405.11662187970796
2026-03-16,Plant B,M-05,559.8268496050355
2026-03-16,Plant B,M-05,386.0334685139911
2026-03-16,Plant C,M-01,527.3575735968561
2026-03-16,Plant C,M-01,569.2302375518691
2026-03-16,Plant C,M-01,408.8030049766075
2026-03-16,Plant C,M-02,477.5634321203143
2026-03-16,Plant C,M-02,402.3319472918311
2026-03-16,Plant C,M-02,586.239290590461
2026-03-16,Plant C,M-03,496.51606611431595
2026-03-16,Plant C,M-03,854.9918908515309
2026-03-16,Plant C,M-03,556.0487971461963
2026-03-16,Plant C,M-04,408.2858617841249
2026-03-16,Plant C,M-04,550.6944707664924
2026-03-16,Plant C,M-04,355.4716778181191
2026-03-16,Plant C,M-05,391.5916500991868
2026-03-16,Plant C,M-05,621.3084127650264
2026-03-16,Plant C,M-05,500.7192864580911
2026-03-17,Plant A,M-01,449.1982669381239
2026-03-17,Plant A,M-01,337.90534201064906
2026-03-17,Plant A,M-01,535.0819518388417
2026-03-17,Plant A,M-02,657.3105939933337
2026-03-17,Plant A,M-02,676.8259119277635
2026-03-17,Plant A,M-02,356.664754347491
2026-03-17,Plant A,M-03,832.5136444439506
2026-03-17,Plant A,M-03,853.704046361778
2026-03-17,Plant A,M-03,768.1812276674939
2026-03-17,Plant A,M-04,381.92079510786516
2026-03-17,Plant A,M-04,499.0668785678727
2026-03-17,Plant A,M-04,414.9318354466678
2026-03-17,Plant A,M-05,478.7918678835282
2026-03-17,Plant A,M-05,530.333451553487
2026-03-17,Plant A,M-05,397.0196549037464
2026-03-17,Plant B,M-01,645.0826772210308
2026-03-17,Plant B,M-01,549.2925054720499
2026-03-17,Plant B,M-01,297.43295121136055
2026-03-17,Plant B,M-02,453.137255223697
2026-03-17,Plant B,M-02,645.8088414055441
2026-03-17,Plant B,M-02,415.1286975101621
2026-03-17,Plant B,M-03,861.6166197721769
2026-03-17,Plant B,M-03,712.9138391571074
2026-03-17,Plant B,M-03,812.4566882483364
2026-03-17,Plant B,M-04,588.3506726630218
2026-03-17,Plant B,M-04,349.5703742928292
2026-03-17,Plant B,M-04,391.18910249180135
2026-03-17,Plant B,M-05,464.10859558279026
2026-03-17,Plant B,M-05,460.88216589190165
2026-03-17,Plant B,M-05,462.1802039892781
2026-03-17,Plant C,M-01,329.7504126827384
2026-03-17,Plant C,M-01,612.3191268256156
2026-03-17,Plant C,M-01,318.71212812115954
2026-03-17,Plant C,M-02,429.1971007880696
2026-03-17,Plant C,M-02,499.8020978478895
2026-03-17,Plant C,M-02,482.4763764740631
2026-03-17,Plant C,M-03,536.3698720675785
2026-03-17,Plant C,M-03,704.4027094391694
2026-03-17,Plant C,M-03,865.7720494014079
2026-03-17,Plant C,M-04,516.4925132443234
2026-03-17,Plant C,M-04,561.3261935586247
2026-03-17,Plant C,M-04,459.50987885679916
2026-03-17,Plant C,M-05,607.0898909821386
2026-03-17,Plant C,M-05,494.60685476736
2026-03-17,Plant C,M-05,346.7233680344842
2026-03-18,Plant A,M-01,656.7738320632263
2026-03-18,Plant A,M-01,489.4232174753109
2026-03-18,Plant A,M-01,396.7182940801368
2026-03-18,Plant A,M-02,537.8730268653077
2026-03-18,Plant A,M-02,472.8903955500824
2026-03-18,Plant A,M-02,402.6340529542011
2026-03-18,Plant A,M-03,864.8418482285774
2026-03-18,Plant A,M-03,817.3493422137369
2026-03-18,Plant A,M-03,737.3396151279873
2026-03-18,Plant A,M-04,611.1236911978849
2026-03-18,Plant A,M-04,502.8833347117006
2026-03-18,Plant A,M-04,314.15703563707586
2026-03-18,Plant A,M-05,513.2958042101185
2026-03-18,Plant A,M-05,493.5736010108664
2026-03-18,Plant A,M-05,408.3849257911984
2026-03-18,Plant B,M-01,447.1454236933157
2026-03-18,Plant B,M-01,370.91805531198065
2026-03-18,Plant B,M-01,443.6650908041982
2026-03-18,Plant B,M-02,472.6562049880459
2026-03-18,Plant B,M-02,591.4745246620208
2026-03-18,Plant B,M-02,466.2206229506172
2026-03-18,Plant B,M-03,685.4730336088804
2026-03-18,Plant B,M-03,602.757875963932
2026-03-18,Plant B,M-03,563.4339922798437
2026-03-18,Plant B,M-04,392.8481080691155
2026-03-18,Plant B,M-04,228.93833307761003
2026-03-18,Plant B,M-04,235.23104251517555
2026-03-18,Plant B,M-05,528.0450535441249
2026-03-18,Plant B,M-05,510.45164690981215
2026-03-18,Plant B,M-05,557.9930590779991
2026-03-18,Plant C,M-01,500.06193842990393
2026-03-18,Plant C,M-01,633.2121664033584
2026-03-18,Plant C,M-01,332.4355862537166
2026-03-18,Plant C,M-02,431.36661801601554
2026-03-18,Plant C,M-02,414.95325759837414
2026-03-18,Plant C,M-02,351.5539537955107
2026-03-18,Plant C,M-03,834.9487433821533
2026-03-18,Plant C,M-03,647.5239223382047
2026-03-18,Plant C,M-03,539.0168447185282
2026-03-18,Plant C,M-04,600.2075943928577
2026-03-18,Plant C,M-04,441.28129603174756
2026-03-18,Plant C,M-04,346.005234891885
2026-03-18,Plant C,M-05,383.5024532401865
2026-03-18,Plant C,M-05,578.994832246239
2026-03-18,Plant C,M-05,391.80404716989517
2026-03-19,Plant A,M-01,456.02998271072516
2026-03-19,Plant A,M-01,528.7785956065502
2026-03-19,Plant A,M-01,391.72153998479763
2026-03-19,Plant A,M-02,510.41157826799565
2026-03-19,Plant A,M-02,366.0031552599846
2026-03-19,Plant A,M-02,524.3758101683992
2026-03-19,Plant A,M-03,853.8474844919988
2026-03-19,Plant A,M-03,601.4886736166981
2026-03-19,Plant A,M-03,508.4165560704234
2026-03-19,Plant A,M-04,475.4847854397262
2026-03-19,Plant A,M-04,406.5409953733689
2026-03-19,Plant A,M-04,574.9612782774543
2026-03-19,Plant A,M-05,354.1200695052518
2026-03-19,Plant A,M-05,389.7914174064354
2026-03-19,Plant A,M-05,462.2900255843123
2026-03-19,Plant B,M-01,307.58158406015747
2026-03-19,Plant B,M-01,567.744559111357
2026-03-19,Plant B,M-01,472.0682459585394
2026-03-19,Plant B,M-02,468.611304456059
2026-03-19,Plant B,M-02,434.78890282447395
2026-03-19,Plant B,M-02,377.12647718940525
2026-03-19,Plant B,M-03,723.1893305445816
2026-03-19,Plant B,M-03,577.706660804669
2026-03-19,Plant B,M-03,772.3646153601519
2026-03-19,Plant B,M-04,370.4893427128132
2026-03-19,Plant B,M-04,525.1962559540495
2026-03-19,Plant B,M-04,349.7993600661621
2026-03-19,Plant B,M-05,609.3341058618942
2026-03-19,Plant B,M-05,656.7188507602152
2026-03-19,Plant B,M-05,474.69469129728753
2026-03-19,Plant C,M-01,497.8478999168514
2026-03-19,Plant C,M-01,639.4552168019288
2026-03-19,Plant C,M-01,515.9179613456504
2026-03-19,Plant C,M-02,599.5982692102501
2026-03-19,Plant C,M-02,427.67633532059034
2026-03-19,Plant C,M-02,469.1735137626983
2026-03-19,Plant C,M-03,594.5473646345172
2026-03-19,Plant C,M-03,747.5893440574448
2026-03-19,Plant C,M-03,570.7479714265587
2026-03-19,Plant C,M-04,499.79563833733283
2026-03-19,Plant C,M-04,433.458876393263
2026-03-19,Plant C,M-04,452.6334152667924
2026-03-19,Plant C,M-05,348.3800256823333
2026-03-19,Plant C,M-05,512.4775657201054
2026-03-19,Plant C,M-05,401.18388965165803
2026-03-20,Plant A,M-01,522.2410816197546
2026-03-20,Plant A,M-01,555.729844312876
2026-03-20,Plant A,M-01,399.41099417741776
2026-03-20,Plant A,M-02,397.9529818676606
2026-03-20,Plant A,M-02,560.1368506542005
2026-03-20,Plant A,M-02,300.055278884002
2026-03-20,Plant A,M-03,667.6522189998623
2026-03-20,Plant A,M-03,701.2951154779674
2026-03-20,Plant A,M-03,634.9289373369811
2026-03-20,Plant A,M-04,588.5859997834383
2026-03-20,Plant A,M-04,626.2351422770771
2026-03-20,Plant A,M-04,509.91786144873396
2026-03-20,Plant A,M-05,416.56455561028764
2026-03-20,Plant A,M-05,399.6600971604494
2026-03-20,Plant A,M-05,503.51143192640103
2026-03-20,Plant B,M-01,637.7947459106254
2026-03-20,Plant B,M-01,496.105734611731
2026-03-20,Plant B,M-01,456.15218864691514
2026-03-20,Plant B,M-02,568.6868121424831
2026-03-20,Plant B,M-02,380.2656692466613
2026-03-20,Plant B,M-02,291.4114058986105
2026-03-20,Plant B,M-03,828.4083627414053
2026-03-20,Plant B,M-03,779.7097127523175
2026-03-20,Plant B,M-03,546.251627230543
2026-03-20,Plant B,M-04,326.75348668047985
2026-03-20,Plant B,M-04,398.9435728293696
2026-03-20,Plant B,M-04,494.3353453535892
2026-03-20,Plant B,M-05,497.4057881166881
2026-03-20,Plant B,M-05,647.3196069565086
2026-03-20,Plant B,M-05,441.39534825281004
2026-03-20,Plant C,M-01,369.0157537075515
2026-03-20,Plant C,M-01,548.645157537665
2026-03-20,Plant C,M-01,434.03486115286626
2026-03-20,Plant C,M-02,483.33739094778264
2026-03-20,Plant C,M-02,569.8939835918862
2026-03-20,Plant C,M-02,468.0508258108511
2026-03-20,Plant C,M-03,729.139418621496
2026-03-20,Plant C,M-03,546.5888939596542
2026-03-20,Plant C,M-03,675.8712900689342
2026-03-20,Plant C,M-04,447.6399684227361
2026-03-20,Plant C,M-04,465.165808178018
2026-03-20,Plant C,M-04,429.81134356683543
2026-03-20,Plant C,M-05,659.0531330408476
2026-03-20,Plant C,M-05,401.68329073223657
2026-03-20,Plant C,M-05,488.9489309734183
2026-03-21,Plant A,M-01,596.7488240539807
2026-03-21,Plant A,M-01,566.7477894097201
2026-03-21,Plant A,M-01,386.3940610958024
2026-03-21,Plant A,M-02,533.8511084416092
2026-03-21,Plant A,M-02,579.5674708302403
2026-03-21,Plant A,M-02,488.0001708725682
2026-03-21,Plant A,M-03,618.2923988866302
2026-03-21,Plant A,M-03,765.0608610263245
2026-03-21,Plant A,M-03,591.2602588955676
2026-03-21,Plant A,M-04,565.8503682181005
2026-03-21,Plant A,M-04,390.3438574020207
2026-03-21,Plant A,M-04,425.20178420963674
2026-03-21,Plant A,M-05,465.26799293904617
2026-03-21,Plant A,M-05,525.3991255746059
2026-03-21,Plant A,M-05,495.37856792597864
2026-03-21,Plant B,M-01,429.3818930238871
2026-03-21,Plant B,M-01,500.73994237162503
2026-03-21,Plant B,M-01,512.0909634446803
2026-03-21,Plant B,M-02,442.5293562724501
2026-03-21,Plant B,M-02,491.16875107799297
2026-03-21,Plant B,M-02,364.6057434305788
2026-03-21,Plant B,M-03,616.7935775360925
2026-03-21,Plant B,M-03,884.7536623757851
2026-03-21,Plant B,M-03,667.2297294311089
2026-03-21,Plant B,M-04,440.2830419846902
2026-03-21,Plant B,M-04,370.7754266502732
2026-03-21,Plant B,M-04,276.931202822158
2026-03-21,Plant B,M-05,429.96644531197614
2026-03-21,Plant B,M-05,426.79924695771234
2026-03-21,Plant B,M-05,486.1862199969757
2026-03-21,Plant C,M-01,410.3597270290978
2026-03-21,Plant C,M-01,471.1501217464387
2026-03-21,Plant C,M-01,409.87137648935004
2026-03-21,Plant C,M-02,440.78715684383695
2026-03-21,Plant C,M-02,546.8339080686798
2026-03-21,Plant C,M-02,578.8255811839127
2026-03-21,Plant C,M-03,759.8853615011994
2026-03-21,Plant C,M-03,758.1380364727233
2026-03-21,Plant C,M-03,589.1041147357276
2026-03-21,Plant C,M-04,562.86944463969
2026-03-21,Plant C,M-04,502.76408322792406
2026-03-21,Plant C,M-04,365.52799281300196
2026-03-21,Plant C,M-05,444.22666704426234
2026-03-21,Plant C,M-05,447.5208014355505
2026-03-21,Plant C,M-05,307.4792154011761
2026-03-22,Plant A,M-01,633.6095725884492
2026-03-22,Plant A,M-01,657.1689466082029
2026-03-22,Plant A,M-01,346.5008344204269
2026-03-22,Plant A,M-02,470.9977094479713
2026-03-22,Plant A,M-02,690.9366472918242
2026-03-22,Plant A,M-02,570.9953470057739
2026-03-22,Plant A,M-03,768.9363132357137
2026-03-22,Plant A,M-03,812.9915112915788
2026-03-22,Plant A,M-03,537.8374065948901
2026-03-22,Plant A,M-04,572.9240205209733
2026-03-22,Plant A,M-04,449.737960330527
2026-03-22,Plant A,M-04,508.95479237550904
2026-03-22,Plant A,M-05,389.3911665459218
2026-03-22,Plant A,M-05,537.6683905845049
2026-03-22,Plant A,M-05,442.7438295535026
2026-03-22,Plant B,M-01,499.3056373614368
2026-03-22,Plant B,M-01,452.1831545273109
2026-03-22,Plant B,M-01,332.5853079684578
2026-03-22,Plant B,M-02,502.42004179705015
2026-03-22,Plant B,M-02,429.3953358362576
2026-03-22,Plant B,M-02,372.49317342001643
2026-03-22,Plant B,M-03,639.7498115974535
2026-03-22,Plant B,M-03,684.8077701071929
2026-03-22,Plant B,M-03,514.594986487231
2026-03-22,Plant B,M-04,384.67989563586514
2026-03-22,Plant B,M-04,371.0508238025505
2026-03-22,Plant B,M-04,335.99535410015795
2026-03-22,Plant B,M-05,549.0427309070636
2026-03-22,Plant B,M-05,455.2810946506249
2026-03-22,Plant B,M-05,418.90669958069077
2026-03-22,Plant C,M-01,715.6571718764019
2026-03-22,Plant C,M-01,608.4779385525643
2026-03-22,Plant C,M-01,354.8771469100494
2026-03-22,Plant C,M-02,431.5238471538458
2026-03-22,Plant C,M-02,552.4909729806091
2026-03-22,Plant C,M-02,375.3711031572301
2026-03-22,Plant C,M-03,714.9247866763999
2026-03-22,Plant C,M-03,713.2254704285028
2026-03-22,Plant C,M-03,498.2593399633286
2026-03-22,Plant C,M-04,433.30493710239887
2026-03-22,Plant C,M-04,612.8338429669036
2026-03-22,Plant C,M-04,446.94432889903254
2026-03-22,Plant C,M-05,605.5725903057638
2026-03-22,Plant C,M-05,390.81246579184295
2026-03-22,Plant C,M-05,349.6042097690322
2026-03-23,Plant A,M-01,546.1308257601887
2026-03-23,Plant A,M-01,504.3935842063458
2026-03-23,Plant A,M-01,381.07336704793187
2026-03-23,Plant A,M-02,580.57410452742
2026-03-23,Plant A,M-02,609.3604807870114
2026-03-23,Plant A,M-02,567.4212947822076
2026-03-23,Plant A,M-03,838.409577826069
2026-03-23,Plant A,M-03,658.6090785185932
2026-03-23,Plant A,M-03,517.009481891663
2026-03-23,Plant A,M-04,446.4969848021888
2026-03-23,Plant A,M-04,469.9589896610794
2026-03-23,Plant A,M-04,437.2984727187133
2026-03-23,Plant A,M-05,468.57134197280095
2026-03-23,Plant A,M-05,470.0207811003924
2026-03-23,Plant A,M-05,364.97443631449966
2026-03-23,Plant B,M-01,450.57487754252924
2026-03-23,Plant B,M-01,373.2791293580797
2026-03-23,Plant B,M-01,540.0883937472856
2026-03-23,Plant B,M-02,418.0996593367042
2026-03-23,Plant B,M-02,400.3562842826902
2026-03-23,Plant B,M-02,431.1445888743304
2026-03-23,Plant B,M-03,937.023086164845
2026-03-23,Plant B,M-03,907.1767727191975
2026-03-23,Plant B,M-03,704.2603393290033
2026-03-23,Plant B,M-04,478.91071935785624
2026-03-23,Plant B,M-04,596.0726045174513
2026-03-23,Plant B,M-04,368.31204684786064
2026-03-23,Plant B,M-05,670.1909688416167
2026-03-23,Plant B,M-05,481.8393624195976
2026-03-23,Plant B,M-05,373.1837619102957
2026-03-23,Plant C,M-01,421.973048667462
2026-03-23,Plant C,M-01,615.2308151019295
2026-03-23,Plant C,M-01,471.6680163417363
2026-03-23,Plant C,M-02,519.62995219153
2026-03-23,Plant C,M-02,369.7506688050424
2026-03-23,Plant C,M-02,486.2640425399021
2026-03-23,Plant C,M-03,918.6250795402304
2026-03-23,Plant C,M-03,606.2688855811268
2026-03-23,Plant C,M-03,635.3397078331222
2026-03-23,Plant C,M-04,323.2796874817274
2026-03-23,Plant C,M-04,514.4331446904732
2026-03-23,Plant C,M-04,423.84947218076195
2026-03-23,Plant C,M-05,425.31096418768277
2026-03-23,Plant C,M-05,511.9913020315959
2026-03-23,Plant C,M-05,398.88304955250425
2026-03-24,Plant A,M-01,394.8438006071519
2026-03-24,Plant A,M-01,589.4841411292161
2026-03-24,Plant A,M-01,330.68680305069375
2026-03-24,Plant A,M-02,443.96196196418566
2026-03-24,Plant A,M-02,439.7783261366347
2026-03-24,Plant A,M-02,342.3421807328502
2026-03-24,Plant A,M-03,712.7290053816853
2026-03-24,Plant A,M-03,526.4366169708325
2026-03-24,Plant A,M-03,855.6251818581954
2026-03-24,Plant A,M-04,478.43040479235657
2026-03-24,Plant A,M-04,433.55660253831405
2026-03-24,Plant A,M-04,381.70694261802265
2026-03-24,Plant A,M-05,589.944656307082
2026-03-24,Plant A,M-05,500.9092787187102
2026-03-24,Plant A,M-05,537.2804062835555
2026-03-24,Plant B,M-01,713.9736928817457
2026-03-24,Plant B,M-01,379.9610063088188
2026-03-24,Plant B,M-01,349.5451968468035
2026-03-24,Plant B,M-02,408.34867114141446
2026-03-24,Plant B,M-02,511.95317083878575
2026-03-24,Plant B,M-02,553.4814830818414
2026-03-24,Plant B,M-03,559.5942611627144
2026-03-24,Plant B,M-03,723.8598774792274
2026-03-24,Plant B,M-03,806.102273097171
2026-03-24,Plant B,M-04,269.77539910819127
2026-03-24,Plant B,M-04,352.392517362879
2026-03-24,Plant B,M-04,428.3622403109853
2026-03-24,Plant B,M-05,458.98053978423127
2026-03-24,Plant B,M-05,433.56091059904116
2026-03-24,Plant B,M-05,392.5480374802904
2026-03-24,Plant C,M-01,429.4159853478013
2026-03-24,Plant C,M-01,327.2314504169651
2026-03-24,Plant C,M-01,484.81607201721573
2026-03-24,Plant C,M-02,688.2654275707573
2026-03-24,Plant C,M-02,408.6923439940818
2026-03-24,Plant C,M-02,411.4438204190879
2026-03-24,Plant C,M-03,668.3874949195628
2026-03-24,Plant C,M-03,695.8472381684251
2026-03-24,Plant C,M-03,619.7088069760999
2026-03-24,Plant C,M-04,457.9121586096382
2026-03-24,Plant C,M-04,350.54795291036436
2026-03-24,Plant C,M-04,325.7713693552099
2026-03-24,Plant C,M-05,497.8319626619703
2026-03-24,Plant C,M-05,422.80045670898437
2026-03-24,Plant C,M-05,395.8372667568667
2026-03-25,Plant A,M-01,383.37731752575536
2026-03-25,Plant A,M-01,582.5453947169441
2026-03-25,Plant A,M-01,478.6830421377283
2026-03-25,Plant A,M-02,616.578716357725
2026-03-25,Plant A,M-02,396.72657891471306
2026-03-25,Plant A,M-02,568.0609453724618
2026-03-25,Plant A,M-03,731.7244435018389
2026-03-25,Plant A,M-03,746.7058725870479
2026-03-25,Plant A,M-03,501.81003018850186
2026-03-25,Plant A,M-04,554.2660320674312
2026-03-25,Plant A,M-04,560.4262938721242
2026-03-25,Plant A,M-04,572.1560879763905
2026-03-25,Plant A,M-05,462.25244385769844
2026-03-25,Plant A,M-05,544.9691133088016
2026-03-25,Plant A,M-05,341.9077656647252
2026-03-25,Plant B,M-01,518.9131672748658
2026-03-25,Plant B,M-01,580.8389254885404
2026-03-25,Plant B,M-01,341.8483253038291
2026-03-25,Plant B,M-02,466.1612631389109
2026-03-25,Plant B,M-02,509.50627910948697
2026-03-25,Plant B,M-02,476.7824529371959
2026-03-25,Plant B,M-03,784.1182198800328
2026-03-25,Plant B,M-03,710.1196109367332
2026-03-25,Plant B,M-03,476.7052954299923
2026-03-25,Plant B,M-04,343.674757209613
2026-03-25,Plant B,M-04,370.092238379292
2026-03-25,Plant B,M-04,275.06767950623885
2026-03-25,Plant B,M-05,472.9685132342472
2026-03-25,Plant B,M-05,550.5069727537804
2026-03-25,Plant B,M-05,519.5770916331317
2026-03-25,Plant C,M-01,319.10717157801815
2026-03-25,Plant C,M-01,387.896712498762
2026-03-25,Plant C,M-01,478.1931807994935
2026-03-25,Plant C,M-02,521.2351724357115
2026-03-25,Plant C,M-02,688.4214153856303
2026-03-25,Plant C,M-02,390.19377150214245
2026-03-25,Plant C,M-03,822.0913215853399
2026-03-25,Plant C,M-03,633.8974811111876
2026-03-25,Plant C,M-03,736.1426049137317
2026-03-25,Plant C,M-04,469.90059507832666
2026-03-25,Plant C,M-04,510.6296000544038
2026-03-25,Plant C,M-04,306.3857831537853
2026-03-25,Plant C,M-05,362.5048472759157
2026-03-25,Plant C,M-05,651.7392527832401
2026-03-25,Plant C,M-05,502.6082068921973
2026-03-26,Plant A,M-01,435.15272586928916
2026-03-26,Plant A,M-01,548.967141034774
2026-03-26,Plant A,M-01,472.7460923595504
2026-03-26,Plant A,M-02,526.0122495123796
2026-03-26,Plant A,M-02,449.51276682092646
2026-03-26,Plant A,M-02,415.76244365482825
2026-03-26,Plant A,M-03,911.2206759505286
2026-03-26,Plant A,M-03,593.0652753571078
2026-03-26,Plant A,M-03,732.368894595532
2026-03-26,Plant A,M-04,434.7610174877112
2026-03-26,Plant A,M-04,463.09130700909463
2026-03-26,Plant A,M-04,588.8061571688423
2026-03-26,Plant A,M-05,463.3756133079662
2026-03-26,Plant A,M-05,609.880316403995
2026-03-26,Plant A,M-05,485.66346768680904
2026-03-26,Plant B,M-01,580.1665583275067
2026-03-26,Plant B,M-01,369.1299275342301
2026-03-26,Plant B,M-01,514.3114108952789
2026-03-26,Plant B,M-02,485.60652084824295
2026-03-26,Plant B,M-02,525.818624577752
2026-03-26,Plant B,M-02,318.60492341468233
2026-03-26,Plant B,M-03,691.4883644132907
2026-03-26,Plant B,M-03,472.7497023937735
2026-03-26,Plant B,M-03,464.4246838589535
2026-03-26,Plant B,M-04,319.95945446551804
2026-03-26,Plant B,M-04,477.75899653702714
2026-03-26,Plant B,M-04,370.87096661578937
2026-03-26,Plant B,M-05,404.8826403818194
2026-03-26,Plant B,M-05,623.004535676933
2026-03-26,Plant B,M-05,392.29913079667534
2026-03-26,Plant C,M-01,616.4073600023057
2026-03-26,Plant C,M-01,648.869730264401
2026-03-26,Plant C,M-01,476.1314751943594
2026-03-26,Plant C,M-02,523.9821118685478
2026-03-26,Plant C,M-02,448.1131655109684
2026-03-26,Plant C,M-02,571.3024531810092
2026-03-26,Plant C,M-03,899.927224285102
2026-03-26,Plant C,M-03,544.355595041967
2026-03-26,Plant C,M-03,715.9338780318184
2026-03-26,Plant C,M-04,526.092812252025
2026-03-26,Plant C,M-04,400.1150205124885
2026-03-26,Plant C,M-04,487.8916009607807
2026-03-26,Plant C,M-05,519.0527992605203
2026-03-26,Plant C,M-05,512.3906213580044
2026-03-26,Plant C,M-05,527.5360860285069
2026-03-27,Plant A,M-01,590.6515927155481
2026-03-27,Plant A,M-01,583.6496527653528
2026-03-27,Plant A,M-01,321.59602508859956
2026-03-27,Plant A,M-02,613.9303997161138
2026-03-27,Plant A,M-02,380.98181450097513
2026-03-27,Plant A,M-02,568.1543560338802
2026-03-27,Plant A,M-03,810.5015238217936
2026-03-27,Plant A,M-03,671.1988096611723
2026-03-27,Plant A,M-03,695.3022942044056
2026-03-27,Plant A,M-04,356.1658555781209
2026-03-27,Plant A,M-04,353.7252146751932
2026-03-27,Plant A,M-04,399.7002757048797
2026-03-27,Plant A,M-05,538.6797189993656
2026-03-27,Plant A,M-05,448.7117266384827
2026-03-27,Plant A,M-05,340.75081548857054
2026-03-27,Plant B,M-01,563.3619098178347
2026-03-27,Plant B,M-01,491.31662418564616
2026-03-27,Plant B,M-01,307.7680013348407
2026-03-27,Plant B,M-02,331.3502959710527
2026-03-27,Plant B,M-02,427.58037726559866
2026-03-27,Plant B,M-02,348.98486743753375
2026-03-27,Plant B,M-03,990.3632888954002
2026-03-27,Plant B,M-03,653.9108589109283
2026-03-27,Plant B,M-03,607.4595155453181
2026-03-27,Plant B,M-04,450.58072339558873
2026-03-27,Plant B,M-04,367.9798755310963
2026-03-27,Plant B,M-04,522.2586438439728
2026-03-27,Plant B,M-05,561.0218675401193
2026-03-27,Plant B,M-05,375.5073121585997
2026-03-27,Plant B,M-05,620.1647534569893
2026-03-27,Plant C,M-01,534.8979241012444
2026-03-27,Plant C,M-01,401.6633629535834
2026-03-27,Plant C,M-01,487.5312622095797
2026-03-27,Plant C,M-02,409.82256340016534
2026-03-27,Plant C,M-02,492.6814346908837
2026-03-27,Plant C,M-02,373.0131192447242
2026-03-27,Plant C,M-03,763.7269726957503
2026-03-27,Plant C,M-03,675.0807081720507
2026-03-27,Plant C,M-03,557.0143240598884
2026-03-27,Plant C,M-04,615.6754896797665
2026-03-27,Plant C,M-04,390.4748467163259
2026-03-27,Plant C,M-04,462.2144150455993
2026-03-27,Plant C,M-05,333.99325101170024
2026-03-27,Plant C,M-05,700.4249276275253
2026-03-27,Plant C,M-05,479.53680151861505
2026-03-28,Plant A,M-01,466.5249049141322
2026-03-28,Plant A,M-01,526.0762879573984
2026-03-28,Plant A,M-01,452.7655588831268
2026-03-28,Plant A,M-02,437.0256082696449
2026-03-28,Plant A,M-02,453.72565855554353
2026-03-28,Plant A,M-02,419.8857419212568
2026-03-28,Plant A,M-03,589.1495730274557
2026-03-28,Plant A,M-03,786.4659912823059
2026-03-28,Plant A,M-03,481.5667627904934
2026-03-28,Plant A,M-04,564.3992479907611
2026-03-28,Plant A,M-04,402.3239379433609
2026-03-28,Plant A,M-04,529.6761617901776
2026-03-28,Plant A,M-05,364.6117608544675
2026-03-28,Plant A,M-05,519.6810764159721
2026-03-28,Plant A,M-05,318.1124769532124
2026-03-28,Plant B,M-01,570.6855559987061
2026-03-28,Plant B,M-01,458.3227786700046
2026-03-28,Plant B,M-01,370.79973100929584
2026-03-28,Plant B,M-02,529.7195193211968
2026-03-28,Plant B,M-02,355.54430797131977
2026-03-28,Plant B,M-02,329.7725179238978
2026-03-28,Plant B,M-03,851.9261561682993
2026-03-28,Plant B,M-03,790.0046378426675
2026-03-28,Plant B,M-03,571.4182533699878
2026-03-28,Plant B,M-04,268.2688214151359
2026-03-28,Plant B,M-04,468.09252580349244
2026-03-28,Plant B,M-04,296.68132732375926
2026-03-28,Plant B,M-05,562.913822278537
2026-03-28,Plant B,M-05,416.03258150346596
2026-03-28,Plant B,M-05,558.378047616628
2026-03-28,Plant C,M-01,606.0728945583967
2026-03-28,Plant C,M-01,346.14712080423357
2026-03-28,Plant C,M-01,400.5596634334513
2026-03-28,Plant C,M-02,376.9997843656729
2026-03-28,Plant C,M-02,594.8546326564173
2026-03-28,Plant C,M-02,370.3641983808956
2026-03-28,Plant C,M-03,606.0242463858966
2026-03-28,Plant C,M-03,527.8946577666185
2026-03-28,Plant C,M-03,785.1141434036618
2026-03-28,Plant C,M-04,494.97287832780006
2026-03-28,Plant C,M-04,401.2422324092329
2026-03-28,Plant C,M-04,360.78981463767406
2026-03-28,Plant C,M-05,689.4854777739395
2026-03-28,Plant C,M-05,336.7400982917276
2026-03-28,Plant C,M-05,463.049808630118
2026-03-29,Plant A,M-01,468.618734118562
2026-03-29,Plant A,M-01,342.953532327793
2026-03-29,Plant A,M-01,346.65808645521787
2026-03-29,Plant A,M-02,478.7360681330054
2026-03-29,Plant A,M-02,397.2315047714837
2026-03-29,Plant A,M-02,479.05678950117857
2026-03-29,Plant A,M-03,581.2568802489408
2026-03-29,Plant A,M-03,742.4259854932659
2026-03-29,Plant A,M-03,621.0829626104085
2026-03-29,Plant A,M-04,508.591836598086
2026-03-29,Plant A,M-04,371.4037108651698
2026-03-29,Plant A,M-04,339.60615730955374
2026-03-29,Plant A,M-05,434.5978935224887
2026-03-29,Plant A,M-05,444.84815754924415
2026-03-29,Plant A,M-05,474.55535847426404
2026-03-29,Plant B,M-01,450.5605355593925
2026-03-29,Plant B,M-01,542.163863799323
2026-03-29,Plant B,M-01,468.38044146555666
2026-03-29,Plant B,M-02,481.81458153751055
2026-03-29,Plant B,M-02,459.2608804208069
2026-03-29,Plant B,M-02,454.05197672987157
2026-03-29,Plant B,M-03,719.8322816963289
2026-03-29,Plant B,M-03,964.600725439963
2026-03-29,Plant B,M-03,513.9708653338198
2026-03-29,Plant B,M-04,429.66869654378075
2026-03-29,Plant B,M-04,193.58622591100962
2026-03-29,Plant B,M-04,337.29647500239065
2026-03-29,Plant B,M-05,347.8571156350016
2026-03-29,Plant B,M-05,498.52241994464424
2026-03-29,Plant B,M-05,609.6770008868093
2026-03-29,Plant C,M-01,425.3932080389684
2026-03-29,Plant C,M-01,429.01621502930334
2026-03-29,Plant C,M-01,512.2464736607451
2026-03-29,Plant C,M-02,470.9301568192255
2026-03-29,Plant C,M-02,480.91419701340425
2026-03-29,Plant C,M-02,292.96222595297866
2026-03-29,Plant C,M-03,623.0727299859246
2026-03-29,Plant C,M-03,844.9155445393002
2026-03-29,Plant C,M-03,767.0717781267477
2026-03-29,Plant C,M-04,392.8650044434099
2026-03-29,Plant C,M-04,555.1429780742892
2026-03-29,Plant C,M-04,553.9354981667307
2026-03-29,Plant C,M-05,342.68822460400014
2026-03-29,Plant C,M-05,531.8420953303938
2026-03-29,Plant C,M-05,348.8227276642556
2026-03-30,Plant A,M-01,474.3703140838959
2026-03-30,Plant A,M-01,497.83382871489755
2026-03-30,Plant A,M-01,430.7590506368576
2026-03-30,Plant A,M-02,493.731018302789
2026-03-30,Plant A,M-02,533.1041736502225
2026-03-30,Plant A,M-02,345.67486086880916
2026-03-30,Plant A,M-03,712.9164770284543
2026-03-30,Plant A,M-03,679.6912078803346
2026-03-30,Plant A,M-03,433.0841745322689
2026-03-30,Plant A,M-04,428.3086450124763
2026-03-30,Plant A,M-04,409.27009566552374
2026-03-30,Plant A,M-04,397.60078574053455
2026-03-30,Plant A,M-05,383.6623380627786
2026-03-30,Plant A,M-05,439.68095721487015
2026-03-30,Plant A,M-05,513.5753062901173
2026-03-30,Plant B,M-01,450.13033327977814
2026-03-30,Plant B,M-01,612.465384182088
2026-03-30,Plant B,M-01,425.3079428931828
2026-03-30,Plant B,M-02,566.4018885308666
2026-03-30,Plant B,M-02,516.9164965934541
2026-03-30,Plant B,M-02,541.9109574894865
2026-03-30,Plant B,M-03,760.8933170718692
2026-03-30,Plant B,M-03,606.6542785918961
2026-03-30,Plant B,M-03,522.1973314451026
2026-03-30,Plant B,M-04,365.66154550978973
2026-03-30,Plant B,M-04,238.4637220828984
2026-03-30,Plant B,M-04,224.36951445233137
2026-03-30,Plant B,M-05,472.99597432485507
2026-03-30,Plant B,M-05,473.82338389379345
2026-03-30,Plant B,M-05,436.11249111692314
2026-03-30,Plant C,M-01,297.20159504183755
2026-03-30,Plant C,M-01,389.5979062866592
2026-03-30,Plant C,M-01,315.81349727571654
2026-03-30,Plant C,M-02,518.5681209535853
2026-03-30,Plant C,M-02,467.1502633387013
2026-03-30,Plant C,M-02,293.81053449561244
2026-03-30,Plant C,M-03,626.0350829934431
2026-03-30,Plant C,M-03,785.0747695129155
2026-03-30,Plant C,M-03,591.9274072066685
2026-03-30,Plant C,M-04,484.01150326949283
2026-03-30,Plant C,M-04,558.2326494918386
2026-03-30,Plant C,M-04,429.0869188518232
2026-03-30,Plant C,M-05,493.3682294269145
2026-03-30,Plant C,M-05,536.3158529857842
2026-03-30,Plant C,M-05,358.53289739551116
2026-03-31,Plant A,M-01,400.49699687217867
2026-03-31,Plant A,M-01,546.3034140527702
2026-03-31,Plant A,M-01,327.55731052777355
2026-03-31,Plant A,M-02,541.505829335739
2026-03-31,Plant A,M-02,447.9100771511561
2026-03-31,Plant A,M-02,534.7161744699403
2026-03-31,Plant A,M-03,846.6771703111474
2026-03-31,Plant A,M-03,577.108839733841
2026-03-31,Plant A,M-03,559.2369221191743
2026-03-31,Plant A,M-04,619.0557523067888
2026-03-31,Plant A,M-04,564.1693733471009
2026-03-31,Plant A,M-04,439.357351157253
2026-03-31,Plant A,M-05,514.8782126911897
2026-03-31,Plant A,M-05,369.20404757249685
2026-03-31,Plant A,M-05,397.8476122622985
2026-03-31,Plant B,M-01,401.9067055625715
2026-03-31,Plant B,M-01,466.77016675077823
2026-03-31,Plant B,M-01,457.22570374323743
2026-03-31,Plant B,M-02,623.1037271378816
2026-03-31,Plant B,M-02,594.1131708674942
2026-03-31,Plant B,M-02,319.57707548894825
2026-03-31,Plant B,M-03,821.6303566274896
2026-03-31,Plant B,M-03,957.56194713112
2026-03-31,Plant B,M-03,592.7072654373985
2026-03-31,Plant B,M-04,402.0685376676163
2026-03-31,Plant B,M-04,507.36700649063675
2026-03-31,Plant B,M-04,253.64360236131012
2026-03-31,Plant B,M-05,500.52250674976983
2026-03-31,Plant B,M-05,441.42538061603
2026-03-31,Plant B,M-05,512.7799314740789
2026-03-31,Plant C,M-01,447.18092125770903
2026-03-31,Plant C,M-01,365.6364047679999
2026-03-31,Plant C,M-01,471.5595961321136
2026-03-31,Plant C,M-02,440.1201815843618
2026-03-31,Plant C,M-02,486.7306654639885
2026-03-31,Plant C,M-02,465.25839655260523
2026-03-31,Plant C,M-03,823.7742738629988
2026-03-31,Plant C,M-03,636.0059053352329
2026-03-31,Plant C,M-03,691.784037467876
2026-03-31,Plant C,M-04,561.9213003891267
2026-03-31,Plant C,M-04,671.2788894586222
2026-03-31,Plant C,M-04,567.762235941827
2026-03-31,Plant C,M-05,578.3151195198209
2026-03-31,Plant C,M-05,384.8315071833583
2026-03-31,Plant C,M-05,360.0645099696951
2026-04-01,Plant A,M-01,473.78684473964057
2026-04-01,Plant A,M-01,334.63946900798953
2026-04-01,Plant A,M-01,309.68817794848593
2026-04-01,Plant A,M-02,400.15323380574114
2026-04-01,Plant A,M-02,608.6342220700353
2026-04-01,Plant A,M-02,297.67914631486843
2026-04-01,Plant A,M-03,892.9644625688378
2026-04-01,Plant A,M-03,609.0152145194282
2026-04-01,Plant A,M-03,674.0921878978347
2026-04-01,Plant A,M-04,604.7185763287702
2026-04-01,Plant A,M-04,549.9653933957322
2026-04-01,Plant A,M-04,276.3953449030882
2026-04-01,Plant A,M-05,536.0802861705439
2026-04-01,Plant A,M-05,420.8086348303431
2026-04-01,Plant A,M-05,463.11219352862355
2026-04-01,Plant B,M-01,479.10792109855225
2026-04-01,Plant B,M-01,592.3100045398699
2026-04-01,Plant B,M-01,476.08551703472085
2026-04-01,Plant B,M-02,379.9207186110858
2026-04-01,Plant B,M-02,507.44940771743455
2026-04-01,Plant B,M-02,407.0860924734943
2026-04-01,Plant B,M-03,921.9330129500595
2026-04-01,Plant B,M-03,730.2850908623869
2026-04-01,Plant B,M-03,735.0621743135802
2026-04-01,Plant B,M-04,424.0909268290719
2026-04-01,Plant B,M-04,353.2933321278804
2026-04-01,Plant B,M-04,423.6914343271383
2026-04-01,Plant B,M-05,497.20369082166275
2026-04-01,Plant B,M-05,403.9216770633363
2026-04-01,Plant B,M-05,589.3798202677581
2026-04-01,Plant C,M-01,468.0546699358215
2026-04-01,Plant C,M-01,434.88118062835804
2026-04-01,Plant C,M-01,437.05560025725197
2026-04-01,Plant C,M-02,361.4696172908124
2026-04-01,Plant C,M-02,419.5039880263856
2026-04-01,Plant C,M-02,531.7941553010095
2026-04-01,Plant C,M-03,508.56235166446186
2026-04-01,Plant C,M-03,791.5262357972983
2026-04-01,Plant C,M-03,912.6482682976805
2026-04-01,Plant C,M-04,651.1778014166963
2026-04-01,Plant C,M-04,406.35181438441805
2026-04-01,Plant C,M-04,597.4315673915235
2026-04-01,Plant C,M-05,582.4282873845946
2026-04-01,Plant C,M-05,312.01939707323345
2026-04-01,Plant C,M-05,432.7976556239831
2026-04-02,Plant A,M-01,364.7993687083028
2026-04-02,Plant A,M-01,344.2686984327916
2026-04-02,Plant A,M-01,607.3910737352172
2026-04-02,Plant A,M-02,458.3600595742079
2026-04-02,Plant A,M-02,559.1718313038684
2026-04-02,Plant A,M-02,446.37819047684275
2026-04-02,Plant A,M-03,690.6971500806162
2026-04-02,Plant A,M-03,536.5341654843226
2026-04-02,Plant A,M-03,686.9242667298262
2026-04-02,Plant A,M-04,461.11007577215577
2026-04-02,Plant A,M-04,348.60349191063204
2026-04-02,Plant A,M-04,415.585380409147
2026-04-02,Plant A,M-05,515.6321238382252
2026-04-02,Plant A,M-05,672.6730912792526
2026-04-02,Plant A,M-05,432.47430772015434
2026-04-02,Plant B,M-01,487.04891242803564
2026-04-02,Plant B,M-01,400.9719322210867
2026-04-02,Plant B,M-01,373.76546220505645
2026-04-02,Plant B,M-02,593.6020418656897
2026-04-02,Plant B,M-02,426.22293763284193
2026-04-02,Plant B,M-02,544.8471620298071
2026-04-02,Plant B,M-03,765.0752306725361
2026-04-02,Plant B,M-03,765.2662116309365
2026-04-02,Plant B,M-03,502.4284509419636
2026-04-02,Plant B,M-04,286.9211763002967
2026-04-02,Plant B,M-04,387.89319743075947
2026-04-02,Plant B,M-04,401.6766746477752
2026-04-02,Plant B,M-05,609.2467141671777
2026-04-02,Plant B,M-05,509.31548187408555
2026-04-02,Plant B,M-05,470.75313653971
2026-04-02,Plant C,M-01,591.0894846232468
2026-04-02,Plant C,M-01,508.0232506414701
2026-04-02,Plant C,M-01,367.3730648451428
2026-04-02,Plant C,M-02,619.3244135985412
2026-04-02,Plant C,M-02,537.7922592359962
2026-04-02,Plant C,M-02,516.9755445058287
2026-04-02,Plant C,M-03,746.088069654556
2026-04-02,Plant C,M-03,961.4115636116123
2026-04-02,Plant C,M-03,606.0742378920265
2026-04-02,Plant C,M-04,386.8513979251046
2026-04-02,Plant C,M-04,624.283517531598
2026-04-02,Plant C,M-04,346.3143384273832
2026-04-02,Plant C,M-05,445.6416529657272
2026-04-02,Plant C,M-05,479.5426314041275
2026-04-02,Plant C,M-05,410.8700762409807
2026-04-03,Plant A,M-01,461.9369266662098
2026-04-03,Plant A,M-01,488.64201143088815
2026-04-03,Plant A,M-01,559.4269977099299
2026-04-03,Plant A,M-02,481.98288685759144
2026-04-03,Plant A,M-02,512.483085872051
2026-04-03,Plant A,M-02,379.439675078145
2026-04-03,Plant A,M-03,718.5079508317879
2026-04-03,Plant A,M-03,674.6024827613031
2026-04-03,Plant A,M-03,814.722147490968
2026-04-03,Plant A,M-04,455.382096044708
2026-04-03,Plant A,M-04,367.64894156428284
2026-04-03,Plant A,M-04,441.5405923498266
2026-04-03,Plant A,M-05,444.80418418545844
2026-04-03,Plant A,M-05,467.7470686768569
2026-04-03,Plant A,M-05,293.98541756849613
2026-04-03,Plant B,M-01,532.4729060999048
2026-04-03,Plant B,M-01,608.8520902329163
2026-04-03,Plant B,M-01,309.50046672226335
2026-04-03,Plant B,M-02,497.2027863386858
2026-04-03,Plant B,M-02,601.2068316009616
2026-04-03,Plant B,M-02,278.1171971894031
2026-04-03,Plant B,M-03,667.3302964018691
2026-04-03,Plant B,M-03,702.3824804027405
2026-04-03,Plant B,M-03,561.7346549681741
2026-04-03,Plant B,M-04,362.7373170071759
2026-04-03,Plant B,M-04,452.6609737120576
2026-04-03,Plant B,M-04,263.52050538806384
2026-04-03,Plant B,M-05,428.6006539464306
2026-04-03,Plant B,M-05,377.4861565602442
2026-04-03,Plant B,M-05,426.3221710187552
2026-04-03,Plant C,M-01,440.513940383138
2026-04-03,Plant C,M-01,515.9869615306744
2026-04-03,Plant C,M-01,492.50329828429125
2026-04-03,Plant C,M-02,465.28991126471936
2026-04-03,Plant C,M-02,575.5583830608207
2026-04-03,Plant C,M-02,557.0038580292058
2026-04-03,Plant C,M-03,735.6014405254415
2026-04-03,Plant C,M-03,571.344567814006
2026-04-03,Plant C,M-03,782.6926321272001
2026-04-03,Plant C,M-04,430.8632457109074
2026-04-03,Plant C,M-04,475.34517839930805
2026-04-03,Plant C,M-04,430.6589012888829
2026-04-03,Plant C,M-05,508.2621641197906
2026-04-03,Plant C,M-05,355.43393641308387
2026-04-03,Plant C,M-05,393.0804870044288
2026-04-04,Plant A,M-01,654.4701858131506
2026-04-04,Plant A,M-01,538.6257814298194
2026-04-04,Plant A,M-01,514.6831561037051
2026-04-04,Plant A,M-02,410.41023274648796
2026-04-04,Plant A,M-02,465.9966849614409
2026-04-04,Plant A,M-02,391.48628036723073
2026-04-04,Plant A,M-03,504.33700948728364
2026-04-04,Plant A,M-03,622.43461956795
2026-04-04,Plant A,M-03,501.90856856089545
2026-04-04,Plant A,M-04,450.9662589944208
2026-04-04,Plant A,M-04,544.9264772184106
2026-04-04,Plant A,M-04,327.46896104016685
2026-04-04,Plant A,M-05,506.5746941786744
2026-04-04,Plant A,M-05,370.4351503652136
2026-04-04,Plant A,M-05,470.72922784447627
2026-04-04,Plant B,M-01,384.11779983338596
2026-04-04,Plant B,M-01,602.412211449608
2026-04-04,Plant B,M-01,379.5854476754254
2026-04-04,Plant B,M-02,571.566706775683
2026-04-04,Plant B,M-02,424.2084527008179
2026-04-04,Plant B,M-02,390.0559418767716
2026-04-04,Plant B,M-03,623.6948912239887
2026-04-04,Plant B,M-03,766.3235738611912
2026-04-04,Plant B,M-03,797.9953388922125
2026-04-04,Plant B,M-04,352.2663392542459
2026-04-04,Plant B,M-04,260.2599989437385
2026-04-04,Plant B,M-04,460.8194754914121
2026-04-04,Plant B,M-05,454.7751444886045
2026-04-04,Plant B,M-05,650.3438831723904
2026-04-04,Plant B,M-05,521.6867124716276
2026-04-04,Plant C,M-01,660.9009828485135
2026-04-04,Plant C,M-01,388.36613328275587
2026-04-04,Plant C,M-01,414.53260303684914
2026-04-04,Plant C,M-02,501.31620161668195
2026-04-04,Plant C,M-02,348.87668704856287
2026-04-04,Plant C,M-02,604.7276852127434
2026-04-04,Plant C,M-03,905.6717000663444
2026-04-04,Plant C,M-03,967.9743936981255
2026-04-04,Plant C,M-03,647.1121138002503
2026-04-04,Plant C,M-04,610.8882903342851
2026-04-04,Plant C,M-04,628.7072358611404
2026-04-04,Plant C,M-04,417.5936582445483
2026-04-04,Plant C,M-05,588.2562558270884
2026-04-04,Plant C,M-05,430.3033403904067
2026-04-04,Plant C,M-05,434.3452077517014
2026-04-05,Plant A,M-01,559.7720100113279
2026-04-05,Plant A,M-01,302.22279735215676
2026-04-05,Plant A,M-01,473.10192067990334
2026-04-05,Plant A,M-02,472.5635789701082
2026-04-05,Plant A,M-02,346.0489191799033
2026-04-05,Plant A,M-02,454.45828999384156
2026-04-05,Plant A,M-03,621.5684122487311
2026-04-05,Plant A,M-03,787.0812996142619
2026-04-05,Plant A,M-03,746.6262636305312
2026-04-05,Plant A,M-04,428.1637579153765
2026-04-05,Plant A,M-04,530.6231038119919
2026-04-05,Plant A,M-04,418.32989921478696
2026-04-05,Plant A,M-05,548.0538003065801
2026-04-05,Plant A,M-05,716.5761448088952
2026-04-05,Plant A,M-05,353.98314164243493
2026-04-05,Plant B,M-01,386.273768515203
2026-04-05,Plant B,M-01,418.1972615086503
2026-04-05,Plant B,M-01,296.1142147499037
2026-04-05,Plant B,M-02,438.68751088196063
2026-04-05,Plant B,M-02,528.3036312072892
2026-04-05,Plant B,M-02,401.75079824726043
2026-04-05,Plant B,M-03,791.1569519200425
2026-04-05,Plant B,M-03,881.0336969740241
2026-04-05,Plant B,M-03,687.3735855447526
2026-04-05,Plant B,M-04,408.5609361025343
2026-04-05,Plant B,M-04,544.0787821306205
2026-04-05,Plant B,M-04,484.12396004059275
2026-04-05,Plant B,M-05,524.7579553824532
2026-04-05,Plant B,M-05,408.83212268554877
2026-04-05,Plant B,M-05,449.83875913425413
2026-04-05,Plant C,M-01,515.6859913696147
2026-04-05,Plant C,M-01,563.9851716561428
2026-04-05,Plant C,M-01,396.7984283250951
2026-04-05,Plant C,M-02,501.2391705046354
2026-04-05,Plant C,M-02,491.4231464074575
2026-04-05,Plant C,M-02,480.0340936413397
2026-04-05,Plant C,M-03,736.5391761949237
2026-04-05,Plant C,M-03,727.2336757158357
2026-04-05,Plant C,M-03,794.5003327761833
2026-04-05,Plant C,M-04,630.8762150720333
2026-04-05,Plant C,M-04,627.0712079186416
2026-04-05,Plant C,M-04,444.4041224207857
2026-04-05,Plant C,M-05,494.6608215500036
2026-04-05,Plant C,M-05,489.21406037199796
2026-04-05,Plant C,M-05,486.2609553512356
2026-04-06,Plant A,M-01,406.5677745299779
2026-04-06,Plant A,M-01,494.0018587157194
2026-04-06,Plant A,M-01,586.3112457520654
2026-04-06,Plant A,M-02,443.95735360517233
2026-04-06,Plant A,M-02,392.85770127975826
2026-04-06,Plant A,M-02,407.7130589261168
2026-04-06,Plant A,M-03,552.83417272969
2026-04-06,Plant A,M-03,892.3746754661204
2026-04-06,Plant A,M-03,610.8321026486756
2026-04-06,Plant A,M-04,342.8627983859224
2026-04-06,Plant A,M-04,451.9391803594085
2026-04-06,Plant A,M-04,423.3692543696973
2026-04-06,Plant A,M-05,691.5448940494907
2026-04-06,Plant A,M-05,632.8446544253862
2026-04-06,Plant A,M-05,399.4864027265173
2026-04-06,Plant B,M-01,597.5049966483633
2026-04-06,Plant B,M-01,450.83156948925256
2026-04-06,Plant B,M-01,338.1992000642366
2026-04-06,Plant B,M-02,495.9424159045959
2026-04-06,Plant B,M-02,677.9566263018573
2026-04-06,Plant B,M-02,550.9027829305377
2026-04-06,Plant B,M-03,985.2444056573784
2026-04-06,Plant B,M-03,759.6992839304825
2026-04-06,Plant B,M-03,522.523446528075
2026-04-06,Plant B,M-04,230.31445396631756
2026-04-06,Plant B,M-04,648.050509656794
2026-04-06,Plant B,M-04,353.16157985156696
2026-04-06,Plant B,M-05,382.4489477546842
2026-04-06,Plant B,M-05,448.42670303274076
2026-04-06,Plant B,M-05,391.28963112404807
2026-04-06,Plant C,M-01,394.1049599368716
2026-04-06,Plant C,M-01,414.4753352583087
2026-04-06,Plant C,M-01,384.95157708387296
2026-04-06,Plant C,M-02,399.1889835386102
2026-04-06,Plant C,M-02,535.5217109913856
2026-04-06,Plant C,M-02,420.2720254962018
2026-04-06,Plant C,M-03,811.2352490539049
2026-04-06,Plant C,M-03,700.136615717449
2026-04-06,Plant C,M-03,643.1326871196733
2026-04-06,Plant C,M-04,522.0535902854471
2026-04-06,Plant C,M-04,544.6153382011307
2026-04-06,Plant C,M-04,497.7767110228926
2026-04-06,Plant C,M-05,749.1630695165161
2026-04-06,Plant C,M-05,413.45059094706494
2026-04-06,Plant C,M-05,412.7623820670199
2026-04-07,Plant A,M-01,344.3573952688524
2026-04-07,Plant A,M-01,386.60023445166394
2026-04-07,Plant A,M-01,494.0887134304393
2026-04-07,Plant A,M-02,425.57225280861707
2026-04-07,Plant A,M-02,550.9942780244207
2026-04-07,Plant A,M-02,460.15068977044626
2026-04-07,Plant A,M-03,916.203241668014
2026-04-07,Plant A,M-03,736.126778233841
2026-04-07,Plant A,M-03,679.177412418604
2026-04-07,Plant A,M-04,487.27543843942385
2026-04-07,Plant A,M-04,316.62822904593713
2026-04-07,Plant A,M-04,409.95386257594873
2026-04-07,Plant A,M-05,333.1314882598543
2026-04-07,Plant A,M-05,388.79116652527273
2026-04-07,Plant A,M-05,538.7252824793986
2026-04-07,Plant B,M-01,403.1602055894962
2026-04-07,Plant B,M-01,587.4232109296682
2026-04-07,Plant B,M-01,541.9527142386441
2026-04-07,Plant B,M-02,399.54033493952693
2026-04-07,Plant B,M-02,401.8784277233459
2026-04-07,Plant B,M-02,440.00416077532077
2026-04-07,Plant B,M-03,721.6693126842302
2026-04-07,Plant B,M-03,636.3303760750944
2026-04-07,Plant B,M-03,524.69656424261
2026-04-07,Plant B,M-04,377.74758340467844
2026-04-07,Plant B,M-04,379.99107735593213
2026-04-07,Plant B,M-04,408.91469752098504
2026-04-07,Plant B,M-05,461.2695661355585
2026-04-07,Plant B,M-05,346.93371149880574
2026-04-07,Plant B,M-05,526.5608470052028
2026-04-07,Plant C,M-01,489.46113017245096
2026-04-07,Plant C,M-01,609.8101458815505
2026-04-07,Plant C,M-01,455.56330088806806
2026-04-07,Plant C,M-02,387.10896408449184
2026-04-07,Plant C,M-02,410.21045774052646
2026-04-07,Plant C,M-02,438.757559042041
2026-04-07,Plant C,M-03,894.6074371936121
2026-04-07,Plant C,M-03,669.5236377534827
2026-04-07,Plant C,M-03,631.8958350809494
2026-04-07,Plant C,M-04,590.4746679697846
2026-04-07,Plant C,M-04,504.9687490200409
2026-04-07,Plant C,M-04,398.90856326747644
2026-04-07,Plant C,M-05,512.2589169700752
2026-04-07,Plant C,M-05,474.82292457077006
2026-04-07,Plant C,M-05,387.92649290285294
2026-04-08,Plant A,M-01,521.4639842044762
2026-04-08,Plant A,M-01,460.1628247864063
2026-04-08,Plant A,M-01,353.1388315954141
2026-04-08,Plant A,M-02,423.7963552327574
2026-04-08,Plant A,M-02,385.18576743869636
2026-04-08,Plant A,M-02,402.16251503668894
2026-04-08,Plant A,M-03,920.8795466890002
2026-04-08,Plant A,M-03,634.2710601251597
2026-04-08,Plant A,M-03,707.3139827628328
2026-04-08,Plant A,M-04,499.3059286334102
2026-04-08,Plant A,M-04,464.66970987029504
2026-04-08,Plant A,M-04,398.7549709264781
2026-04-08,Plant A,M-05,404.3963513856129
2026-04-08,Plant A,M-05,423.25250370972725
2026-04-08,Plant A,M-05,418.38572492817417
2026-04-08,Plant B,M-01,607.8698937307649
2026-04-08,Plant B,M-01,499.2735301422352
2026-04-08,Plant B,M-01,558.9384527224803
2026-04-08,Plant B,M-02,630.9788629139737
2026-04-08,Plant B,M-02,473.95538749392665
2026-04-08,Plant B,M-02,457.4350326728758
2026-04-08,Plant B,M-03,845.579423138702
2026-04-08,Plant B,M-03,625.8681146339574
2026-04-08,Plant B,M-03,542.0251132069261
2026-04-08,Plant B,M-04,282.6970032316979
2026-04-08,Plant B,M-04,470.8950272929703
2026-04-08,Plant B,M-04,444.065289748006
2026-04-08,Plant B,M-05,584.1386077412968
2026-04-08,Plant B,M-05,425.03479509317975
2026-04-08,Plant B,M-05,562.4909926085709
2026-04-08,Plant C,M-01,334.4945153517617
2026-04-08,Plant C,M-01,384.01204075550555
2026-04-08,Plant C,M-01,344.6126388021233
2026-04-08,Plant C,M-02,604.7747331273088
2026-04-08,Plant C,M-02,374.88444356372327
2026-04-08,Plant C,M-02,340.9187134778275
2026-04-08,Plant C,M-03,585.879384744965
2026-04-08,Plant C,M-03,639.3252862362106
2026-04-08,Plant C,M-03,522.4488293248456
2026-04-08,Plant C,M-04,522.6782935316743
2026-04-08,Plant C,M-04,300.6290443330716
2026-04-08,Plant C,M-04,298.87553794939794
2026-04-08,Plant C,M-05,439.81534351842083
2026-04-08,Plant C,M-05,429.93135081985287
2026-04-08,Plant C,M-05,407.44066581016847
2026-04-09,Plant A,M-01,493.9646557896171
2026-04-09,Plant A,M-01,533.1556822679826
2026-04-09,Plant A,M-01,543.2543539977706
2026-04-09,Plant A,M-02,448.49875541345875
2026-04-09,Plant A,M-02,458.1781130100828
2026-04-09,Plant A,M-02,464.0803941868293
2026-04-09,Plant A,M-03,970.6262630808999
2026-04-09,Plant A,M-03,515.4690008445832
2026-04-09,Plant A,M-03,564.9105711362427
2026-04-09,Plant A,M-04,316.11500003968587
2026-04-09,Plant A,M-04,559.2409987035477
2026-04-09,Plant A,M-04,427.2280749091196
2026-04-09,Plant A,M-05,694.0962347435814
2026-04-09,Plant A,M-05,399.46657256426187
2026-04-09,Plant A,M-05,531.957137620314
2026-04-09,Plant B,M-01,490.7053047915317
2026-04-09,Plant B,M-01,466.7906350277552
2026-04-09,Plant B,M-01,334.5566637222595
2026-04-09,Plant B,M-02,565.3471702322664
2026-04-09,Plant B,M-02,506.9441334738599
2026-04-09,Plant B,M-02,523.1457078188555
2026-04-09,Plant B,M-03,790.3271408157326
2026-04-09,Plant B,M-03,653.0294511867763
2026-04-09,Plant B,M-03,624.2536247693703
2026-04-09,Plant B,M-04,405.3894574996882
2026-04-09,Plant B,M-04,315.0308750140335
2026-04-09,Plant B,M-04,393.99932870704816
2026-04-09,Plant B,M-05,471.49246883821695
2026-04-09,Plant B,M-05,393.0164316372887
2026-04-09,Plant B,M-05,361.50072337721537
2026-04-09,Plant C,M-01,438.59017475869797
2026-04-09,Plant C,M-01,365.37855656582366
2026-04-09,Plant C,M-01,308.8020585661742
2026-04-09,Plant C,M-02,328.47789177725826
2026-04-09,Plant C,M-02,499.9858263910592
2026-04-09,Plant C,M-02,438.3980791362915
2026-04-09,Plant C,M-03,1010.1136727616838
2026-04-09,Plant C,M-03,609.3985464393262
2026-04-09,Plant C,M-03,491.8468787970323
2026-04-09,Plant C,M-04,567.7016690581388
2026-04-09,Plant C,M-04,425.5331373545368
2026-04-09,Plant C,M-04,321.8110793834297
2026-04-09,Plant C,M-05,429.34413247640447
2026-04-09,Plant C,M-05,441.159074165912
2026-04-09,Plant C,M-05,405.4425938443125
2026-04-10,Plant A,M-01,497.7301914670809
2026-04-10,Plant A,M-01,545.2095123420694
2026-04-10,Plant A,M-01,337.85137316866144
2026-04-10,Plant A,M-02,420.270988171017
2026-04-10,Plant A,M-02,320.13771874297396
2026-04-10,Plant A,M-02,499.38641129556703
2026-04-10,Plant A,M-03,516.7449966549559
2026-04-10,Plant A,M-03,708.8194828332714
2026-04-10,Plant A,M-03,703.7069394895098
2026-04-10,Plant A,M-04,492.3899868840914
2026-04-10,Plant A,M-04,527.9675812869758
2026-04-10,Plant A,M-04,353.66017039536837
2026-04-10,Plant A,M-05,565.4307938837293
2026-04-10,Plant A,M-05,678.7148192077917
2026-04-10,Plant A,M-05,402.5744967305948
2026-04-10,Plant B,M-01,473.88932627966744
2026-04-10,Plant B,M-01,702.6202790214131
2026-04-10,Plant B,M-01,579.6851867451195
2026-04-10,Plant B,M-02,390.90807664671
2026-04-10,Plant B,M-02,579.474333726133
2026-04-10,Plant B,M-02,365.3846348747796
2026-04-10,Plant B,M-03,566.8831588769783
2026-04-10,Plant B,M-03,732.6274318044977
2026-04-10,Plant B,M-03,809.7474485478849
2026-04-10,Plant B,M-04,461.472680079285
2026-04-10,Plant B,M-04,412.0985368402086
2026-04-10,Plant B,M-04,373.9984195988162
2026-04-10,Plant B,M-05,643.3209631806333
2026-04-10,Plant B,M-05,482.80163888361955
2026-04-10,Plant B,M-05,445.9970318825618
2026-04-10,Plant C,M-01,493.8899588622261
2026-04-10,Plant C,M-01,393.08407588147924
2026-04-10,Plant C,M-01,417.18412003714224
2026-04-10,Plant C,M-02,415.66631166923617
2026-04-10,Plant C,M-02,501.4007068791669
2026-04-10,Plant C,M-02,356.26801496318416
2026-04-10,Plant C,M-03,842.4224917257201
2026-04-10,Plant C,M-03,788.354225697842
2026-04-10,Plant C,M-03,739.696999052714
2026-04-10,Plant C,M-04,423.5559636141776
2026-04-10,Plant C,M-04,404.76166334274825
2026-04-10,Plant C,M-04,497.68609905579797
2026-04-10,Plant C,M-05,458.24782696771575
2026-04-10,Plant C,M-05,368.82505828135237
2026-04-10,Plant C,M-05,414.7197261221088
2026-04-11,Plant A,M-01,415.13865435677224
2026-04-11,Plant A,M-01,321.6780463105211
2026-04-11,Plant A,M-01,413.34633230516874
2026-04-11,Plant A,M-02,345.46802172445604
2026-04-11,Plant A,M-02,499.8753659029855
2026-04-11,Plant A,M-02,516.0331765284856
2026-04-11,Plant A,M-03,727.7704616565964
2026-04-11,Plant A,M-03,691.4493553856461
2026-04-11,Plant A,M-03,432.16973519014374
2026-04-11,Plant A,M-04,580.6835754131039
2026-04-11,Plant A,M-04,422.65671265290445
2026-04-11,Plant A,M-04,422.94166997177774
2026-04-11,Plant A,M-05,397.07444598465094
2026-04-11,Plant A,M-05,517.7328302729271
2026-04-11,Plant A,M-05,402.1455673832106
2026-04-11,Plant B,M-01,720.6914683925467
2026-04-11,Plant B,M-01,450.070632078985
2026-04-11,Plant B,M-01,379.03317253744916
2026-04-11,Plant B,M-02,611.9307777724503
2026-04-11,Plant B,M-02,391.4683892146796
2026-04-11,Plant B,M-02,288.28476601353236
2026-04-11,Plant B,M-03,652.6725377080146
2026-04-11,Plant B,M-03,641.5862192961323
2026-04-11,Plant B,M-03,647.8200179337514
2026-04-11,Plant B,M-04,324.53846906077206
2026-04-11,Plant B,M-04,521.2254332939814
2026-04-11,Plant B,M-04,448.97873646633644
2026-04-11,Plant B,M-05,558.5148907359464
2026-04-11,Plant B,M-05,562.9099356279713
2026-04-11,Plant B,M-05,405.1278221687492
2026-04-11,Plant C,M-01,651.1344788296764
2026-04-11,Plant C,M-01,600.4578330113397
2026-04-11,Plant C,M-01,372.5685955266846
2026-04-11,Plant C,M-02,459.69530615952556
2026-04-11,Plant C,M-02,580.8889533207694
2026-04-11,Plant C,M-02,352.5661309016856
2026-04-11,Plant C,M-03,688.5042943628556
2026-04-11,Plant C,M-03,914.134676620057
2026-04-11,Plant C,M-03,622.7982560272676
2026-04-11,Plant C,M-04,493.08985406401763
2026-04-11,Plant C,M-04,489.571395024853
2026-04-11,Plant C,M-04,280.51642914915453
2026-04-11,Plant C,M-05,411.43232918404004
2026-04-11,Plant C,M-05,360.08424662240617
2026-04-11,Plant C,M-05,372.71894858646755
2026-04-12,Plant A,M-01,440.1321789688012
2026-04-12,Plant A,M-01,489.45564208936406
2026-04-12,Plant A,M-01,452.4149347249691
2026-04-12,Plant A,M-02,692.2600811041167
2026-04-12,Plant A,M-02,403.3841224446367
2026-04-12,Plant A,M-02,440.79475749284853
2026-04-12,Plant A,M-03,810.7940939703445
2026-04-12,Plant A,M-03,917.8006616832478
2026-04-12,Plant A,M-03,540.7076516714245
2026-04-12,Plant A,M-04,726.1402792827793
2026-04-12,Plant A,M-04,659.8663869612869
2026-04-12,Plant A,M-04,344.7156834709598
2026-04-12,Plant A,M-05,433.0476475936673
2026-04-12,Plant A,M-05,465.59558850152854
2026-04-12,Plant A,M-05,423.1395452472407
2026-04-12,Plant B,M-01,462.38178625965344
2026-04-12,Plant B,M-01,739.1418488876045
2026-04-12,Plant B,M-01,350.88199335388913
2026-04-12,Plant B,M-02,365.79334702083355
2026-04-12,Plant B,M-02,484.08956206755244
2026-04-12,Plant B,M-02,376.6084612018758
2026-04-12,Plant B,M-03,812.7267194754914
2026-04-12,Plant B,M-03,751.4649205333789
2026-04-12,Plant B,M-03,619.9564586765493
2026-04-12,Plant B,M-04,396.79370437613557
2026-04-12,Plant B,M-04,378.28678239370043
2026-04-12,Plant B,M-04,304.32739356909167
2026-04-12,Plant B,M-05,580.4803111107318
2026-04-12,Plant B,M-05,564.5551594332256
2026-04-12,Plant B,M-05,269.4689762400701
2026-04-12,Plant C,M-01,566.1742408135757
2026-04-12,Plant C,M-01,650.2084552172347
2026-04-12,Plant C,M-01,366.92059081304905
2026-04-12,Plant C,M-02,602.8830715969929
2026-04-12,Plant C,M-02,400.2195626773036
2026-04-12,Plant C,M-02,453.3023308455671
2026-04-12,Plant C,M-03,824.2200276964902
2026-04-12,Plant C,M-03,653.2745938805822
2026-04-12,Plant C,M-03,699.2749274707272
2026-04-12,Plant C,M-04,492.15588694304216
2026-04-12,Plant C,M-04,427.8081020178927
2026-04-12,Plant C,M-04,545.1546847657851
2026-04-12,Plant C,M-05,500.4673318975863
2026-04-12,Plant C,M-05,479.65730432742527
2026-04-12,Plant C,M-05,415.146696440719
2026-04-13,Plant A,M-01,501.6341180867868
2026-04-13,Plant A,M-01,590.8681022764565
2026-04-13,Plant A,M-01,462.79913999041
2026-04-13,Plant A,M-02,452.5093835430827
2026-04-13,Plant A,M-02,653.1219545672451
2026-04-13,Plant A,M-02,543.581436135994
2026-04-13,Plant A,M-03,960.8973020107537
2026-04-13,Plant A,M-03,799.1132266862007
2026-04-13,Plant A,M-03,595.5803316260714
2026-04-13,Plant A,M-04,492.893069529455
2026-04-13,Plant A,M-04,403.6252882139323
2026-04-13,Plant A,M-04,554.0521830030362
2026-04-13,Plant A,M-05,395.30139791017024
2026-04-13,Plant A,M-05,582.0322165745741
2026-04-13,Plant A,M-05,487.33615459913096
2026-04-13,Plant B,M-01,496.63812362623605
2026-04-13,Plant B,M-01,521.3159077290352
2026-04-13,Plant B,M-01,425.5848651772153
2026-04-13,Plant B,M-02,482.52524740901276
2026-04-13,Plant B,M-02,569.430362410599
2026-04-13,Plant B,M-02,436.99354359276765
2026-04-13,Plant B,M-03,942.5375765363949
2026-04-13,Plant B,M-03,783.235176174275
2026-04-13,Plant B,M-03,476.96977540685833
2026-04-13,Plant B,M-04,273.3772203957179
2026-04-13,Plant B,M-04,431.43249388029403
2026-04-13,Plant B,M-04,253.0070149055293
2026-04-13,Plant B,M-05,332.6047202701555
2026-04-13,Plant B,M-05,476.00815240742276
2026-04-13,Plant B,M-05,431.24857903050025
2026-04-13,Plant C,M-01,542.4842148816277
2026-04-13,Plant C,M-01,311.11670654388087
2026-04-13,Plant C,M-01,329.5186024901368
2026-04-13,Plant C,M-02,504.95900526191576
2026-04-13,Plant C,M-02,390.70465854410014
2026-04-13,Plant C,M-02,383.2731744180341
2026-04-13,Plant C,M-03,561.115474106689
2026-04-13,Plant C,M-03,660.0290799780781
2026-04-13,Plant C,M-03,631.4208697977209
2026-04-13,Plant C,M-04,569.7674632986805
2026-04-13,Plant C,M-04,563.607028338298
2026-04-13,Plant C,M-04,413.892349601332
2026-04-13,Plant C,M-05,407.9417387834721
2026-04-13,Plant C,M-05,607.9934543236275
2026-04-13,Plant C,M-05,475.5686558322977
2026-04-14,Plant A,M-01,494.6617667593859
2026-04-14,Plant A,M-01,632.5084085461924
2026-04-14,Plant A,M-01,432.5792159833971
2026-04-14,Plant A,M-02,431.842820682758
2026-04-14,Plant A,M-02,659.8090571787316
2026-04-14,Plant A,M-02,592.8666614125804
2026-04-14,Plant A,M-03,775.6265919428758
2026-04-14,Plant A,M-03,859.9568327260322
2026-04-14,Plant A,M-03,743.8616543107382
2026-04-14,Plant A,M-04,681.7570855201184
2026-04-14,Plant A,M-04,348.86036022169526
2026-04-14,Plant A,M-04,452.6778165422817
2026-04-14,Plant A,M-05,587.521151299522
2026-04-14,Plant A,M-05,546.4943348061511
2026-04-14,Plant A,M-05,442.7528426064555
2026-04-14,Plant B,M-01,555.4254021298179
2026-04-14,Plant B,M-01,469.67000338157214
2026-04-14,Plant B,M-01,448.40138621712197
2026-04-14,Plant B,M-02,514.011550112214
2026-04-14,Plant B,M-02,417.37597061962134
2026-04-14,Plant B,M-02,311.8642908935376
2026-04-14,Plant B,M-03,652.8693924767047
2026-04-14,Plant B,M-03,920.4469630071729
2026-04-14,Plant B,M-03,545.614632509466
2026-04-14,Plant B,M-04,320.6033989624315
2026-04-14,Plant B,M-04,470.8113330543265
2026-04-14,Plant B,M-04,356.2383028628528
2026-04-14,Plant B,M-05,432.67450080256566
2026-04-14,Plant B,M-05,350.1550138701921
2026-04-14,Plant B,M-05,453.7492877328685
2026-04-14,Plant C,M-01,664.0752962771583
2026-04-14,Plant C,M-01,524.11621771324
2026-04-14,Plant C,M-01,318.6137559277492
2026-04-14,Plant C,M-02,323.94683745505944
2026-04-14,Plant C,M-02,639.0910228283045
2026-04-14,Plant C,M-02,396.49250791489203
2026-04-14,Plant C,M-03,582.5375923909808
2026-04-14,Plant C,M-03,716.6164651721751
2026-04-14,Plant C,M-03,662.5883124123119
2026-04-14,Plant C,M-04,614.8681671743312
2026-04-14,Plant C,M-04,582.3204516595208
2026-04-14,Plant C,M-04,512.2635296243847
2026-04-14,Plant C,M-05,568.5697237592748
2026-04-14,Plant C,M-05,509.12229089615147
2026-04-14,Plant C,M-05,533.6273732031495
2026-04-15,Plant A,M-01,457.0184755985854
2026-04-15,Plant A,M-01,495.1991744477274
2026-04-15,Plant A,M-01,371.52169494746977
2026-04-15,Plant A,M-02,489.985863334952
2026-04-15,Plant A,M-02,565.2038360064973
2026-04-15,Plant A,M-02,350.2936348964142
2026-04-15,Plant A,M-03,610.8002858489425
2026-04-15,Plant A,M-03,818.0796470358272
2026-04-15,Plant A,M-03,538.7412869787258
2026-04-15,Plant A,M-04,434.4450513320416
2026-04-15,Plant A,M-04,556.935396230652
2026-04-15,Plant A,M-04,378.66782431448314
2026-04-15,Plant A,M-05,343.1204691484637
2026-04-15,Plant A,M-05,575.5834151097041
2026-04-15,Plant A,M-05,400.70933210110474
2026-04-15,Plant B,M-01,555.8952877070058
2026-04-15,Plant B,M-01,400.860113499461
2026-04-15,Plant B,M-01,376.198655193231
2026-04-15,Plant B,M-02,515.1869205912997
2026-04-15,Plant B,M-02,513.0896403246571
2026-04-15,Plant B,M-02,445.46522794464767
2026-04-15,Plant B,M-03,585.5589031790508
2026-04-15,Plant B,M-03,782.3871673836924
2026-04-15,Plant B,M-03,784.542135135611
2026-04-15,Plant B,M-04,512.2115731095453
2026-04-15,Plant B,M-04,366.59125786270283
2026-04-15,Plant B,M-04,355.85438836507853
2026-04-15,Plant B,M-05,382.42916283928247
2026-04-15,Plant B,M-05,533.7115681167069
2026-04-15,Plant B,M-05,642.5385204005835
2026-04-15,Plant C,M-01,558.3877043445523
2026-04-15,Plant C,M-01,522.5412719684446
2026-04-15,Plant C,M-01,431.79111415214777
2026-04-15,Plant C,M-02,522.2689702050703
2026-04-15,Plant C,M-02,500.418740421088
2026-04-15,Plant C,M-02,335.85929729912624
2026-04-15,Plant C,M-03,712.4022743206544
2026-04-15,Plant C,M-03,658.1545725687723
2026-04-15,Plant C,M-03,779.3567878932747
2026-04-15,Plant C,M-04,564.7622593268339
2026-04-15,Plant C,M-04,401.0155403316342
2026-04-15,Plant C,M-04,538.8419336262588
2026-04-15,Plant C,M-05,469.602405007939
2026-04-15,Plant C,M-05,645.5013397027383
2026-04-15,Plant C,M-05,366.06579271125867
2026-04-16,Plant A,M-01,513.2258959742499
2026-04-16,Plant A,M-01,484.89515166472097
2026-04-16,Plant A,M-01,339.6379010578858
2026-04-16,Plant A,M-02,615.3490545852625
2026-04-16,Plant A,M-02,550.844412039777
2026-04-16,Plant A,M-02,270.87348663471204
2026-04-16,Plant A,M-03,894.5977049976523
2026-04-16,Plant A,M-03,782.9952910322907
2026-04-16,Plant A,M-03,699.0572578905562
2026-04-16,Plant A,M-04,517.8112578270236
2026-04-16,Plant A,M-04,663.124459461806
2026-04-16,Plant A,M-04,412.4620668340514
2026-04-16,Plant A,M-05,385.4644947805816
2026-04-16,Plant A,M-05,458.8452636075927
2026-04-16,Plant A,M-05,422.19683522798186
2026-04-16,Plant B,M-01,705.3530575986903
2026-04-16,Plant B,M-01,654.1625519554046
2026-04-16,Plant B,M-01,356.4156417593801
2026-04-16,Plant B,M-02,537.9096046342431
2026-04-16,Plant B,M-02,469.8655947463174
2026-04-16,Plant B,M-02,400.10735729887466
2026-04-16,Plant B,M-03,717.6656324136426
2026-04-16,Plant B,M-03,760.3927317872341
2026-04-16,Plant B,M-03,658.4529073103769
2026-04-16,Plant B,M-04,474.7863451473563
2026-04-16,Plant B,M-04,376.77320797488215
2026-04-16,Plant B,M-04,395.10452343543307
2026-04-16,Plant B,M-05,382.8746872641478
2026-04-16,Plant B,M-05,413.1353896741007
2026-04-16,Plant B,M-05,287.48957837307034
2026-04-16,Plant C,M-01,369.18274406406533
2026-04-16,Plant C,M-01,535.7745509957183
2026-04-16,Plant C,M-01,233.7487000168018
2026-04-16,Plant C,M-02,352.53664758189996
2026-04-16,Plant C,M-02,621.6173446124978
2026-04-16,Plant C,M-02,351.54401237035984
2026-04-16,Plant C,M-03,659.468025367245
2026-04-16,Plant C,M-03,736.9129391658719
2026-04-16,Plant C,M-03,596.1640083286946
2026-04-16,Plant C,M-04,308.6949450191028
2026-04-16,Plant C,M-04,521.3966165420219
2026-04-16,Plant C,M-04,342.4110348968228
2026-04-16,Plant C,M-05,458.58418509013364
2026-04-16,Plant C,M-05,393.18617239480585
2026-04-16,Plant C,M-05,343.26712461580627
2026-04-17,Plant A,M-01,504.3885681278408
2026-04-17,Plant A,M-01,587.8943218290193
2026-04-17,Plant A,M-01,412.45651620375037
2026-04-17,Plant A,M-02,414.8347983383668
2026-04-17,Plant A,M-02,389.7505066133345
2026-04-17,Plant A,M-02,588.7803317972247
2026-04-17,Plant A,M-03,657.44907896719
2026-04-17,Plant A,M-03,639.226611074253
2026-04-17,Plant A,M-03,753.5460953727908
2026-04-17,Plant A,M-04,348.6408411684565
2026-04-17,Plant A,M-04,511.2277930999565
2026-04-17,Plant A,M-04,430.0818278627314
2026-04-17,Plant A,M-05,505.4973473150538
2026-04-17,Plant A,M-05,401.29121857001155
2026-04-17,Plant A,M-05,456.87618259608274
2026-04-17,Plant B,M-01,487.3043913517277
2026-04-17,Plant B,M-01,507.3230603699128
2026-04-17,Plant B,M-01,561.4159374150993
2026-04-17,Plant B,M-02,382.8343305337853
2026-04-17,Plant B,M-02,588.3031285192943
2026-04-17,Plant B,M-02,521.3714099838464
2026-04-17,Plant B,M-03,843.0672106760626
2026-04-17,Plant B,M-03,858.061942488221
2026-04-17,Plant B,M-03,668.1810315172144
2026-04-17,Plant B,M-04,468.5741332663117
2026-04-17,Plant B,M-04,373.34163648108404
2026-04-17,Plant B,M-04,362.48379827146033
2026-04-17,Plant B,M-05,464.7757507318904
2026-04-17,Plant B,M-05,388.200313666823
2026-04-17,Plant B,M-05,317.3506085369921
2026-04-17,Plant C,M-01,602.6548461685658
2026-04-17,Plant C,M-01,416.4682244961922
2026-04-17,Plant C,M-01,622.582693186792
2026-04-17,Plant C,M-02,654.023470398815
2026-04-17,Plant C,M-02,441.25469008476443
2026-04-17,Plant C,M-02,532.9636032723504
2026-04-17,Plant C,M-03,635.6064121450988
2026-04-17,Plant C,M-03,552.0754037653063
2026-04-17,Plant C,M-03,510.11999037387324
2026-04-17,Plant C,M-04,370.17885143347604
2026-04-17,Plant C,M-04,435.44279991334867
2026-04-17,Plant C,M-04,365.31926177483234
2026-04-17,Plant C,M-05,474.23519748973814
2026-04-17,Plant C,M-05,556.8578998312568
2026-04-17,Plant C,M-05,474.2745629304499
2026-04-18,Plant A,M-01,698.847987689234
2026-04-18,Plant A,M-01,494.9727308078277
2026-04-18,Plant A,M-01,293.56006003179857
2026-04-18,Plant A,M-02,475.3410612707614
2026-04-18,Plant A,M-02,353.21579515707447
2026-04-18,Plant A,M-02,393.28959653364006
2026-04-18,Plant A,M-03,850.0905767234688
2026-04-18,Plant A,M-03,644.5806392477925
2026-04-18,Plant A,M-03,720.5150377354852
2026-04-18,Plant A,M-04,524.1342002507491
2026-04-18,Plant A,M-04,349.3518547613873
2026-04-18,Plant A,M-04,416.0420992457616
2026-04-18,Plant A,M-05,498.453726801886
2026-04-18,Plant A,M-05,491.27880763505465
2026-04-18,Plant A,M-05,332.7864665243695
2026-04-18,Plant B,M-01,504.18337317809693
2026-04-18,Plant B,M-01,524.3232598072053
2026-04-18,Plant B,M-01,498.9068709199671
2026-04-18,Plant B,M-02,444.2339248255192
2026-04-18,Plant B,M-02,557.7636837484941
2026-04-18,Plant B,M-02,424.27128681920084
2026-04-18,Plant B,M-03,649.3244575423719
2026-04-18,Plant B,M-03,571.9349471607986
2026-04-18,Plant B,M-03,704.3339505776078
2026-04-18,Plant B,M-04,327.04775469669306
2026-04-18,Plant B,M-04,415.6192590289856
2026-04-18,Plant B,M-04,256.30846750976906
2026-04-18,Plant B,M-05,712.3612589272508
2026-04-18,Plant B,M-05,343.9705205314319
2026-04-18,Plant B,M-05,484.127633249429
2026-04-18,Plant C,M-01,372.8083644872891
2026-04-18,Plant C,M-01,519.3652232112356
2026-04-18,Plant C,M-01,422.7152333217459
2026-04-18,Plant C,M-02,556.5398127944735
2026-04-18,Plant C,M-02,565.8969510878773
2026-04-18,Plant C,M-02,503.0236572993279
2026-04-18,Plant C,M-03,628.6416994446619
2026-04-18,Plant C,M-03,622.9639519098544
2026-04-18,Plant C,M-03,709.2931687046755
2026-04-18,Plant C,M-04,445.75896782890567
2026-04-18,Plant C,M-04,471.1877810745407
2026-04-18,Plant C,M-04,419.4312633894581
2026-04-18,Plant C,M-05,646.0567641554079
2026-04-18,Plant C,M-05,431.42851350920927
2026-04-18,Plant C,M-05,346.79742097317956
2026-04-19,Plant A,M-01,669.96643019313
2026-04-19,Plant A,M-01,631.8774114619026
2026-04-19,Plant A,M-01,368.8588921194359
2026-04-19,Plant A,M-02,487.93735441800766
2026-04-19,Plant A,M-02,538.383715249553
2026-04-19,Plant A,M-02,372.20789407170633
2026-04-19,Plant A,M-03,547.4212655686272
2026-04-19,Plant A,M-03,784.2168973212035
2026-04-19,Plant A,M-03,630.4813814207988
2026-04-19,Plant A,M-04,413.57574899547666
2026-04-19,Plant A,M-04,648.2688392607379
2026-04-19,Plant A,M-04,469.52901865726216
2026-04-19,Plant A,M-05,572.5005448606762
2026-04-19,Plant A,M-05,655.8984384153908
2026-04-19,Plant A,M-05,486.92396520995106
2026-04-19,Plant B,M-01,355.3876722209721
2026-04-19,Plant B,M-01,409.70153786933497
2026-04-19,Plant B,M-01,421.6968545110469
2026-04-19,Plant B,M-02,535.0357928093805
2026-04-19,Plant B,M-02,552.1525902151776
2026-04-19,Plant B,M-02,488.07245755887857
2026-04-19,Plant B,M-03,740.2241301053098
2026-04-19,Plant B,M-03,671.8386146439149
2026-04-19,Plant B,M-03,663.4236476264394
2026-04-19,Plant B,M-04,485.37086877747436
2026-04-19,Plant B,M-04,264.1545900953134
2026-04-19,Plant B,M-04,335.96714544591543
2026-04-19,Plant B,M-05,499.3506419062354
2026-04-19,Plant B,M-05,299.7711821988421
2026-04-19,Plant B,M-05,326.4705454347933
2026-04-19,Plant C,M-01,426.62563890400713
2026-04-19,Plant C,M-01,580.7019796125335
2026-04-19,Plant C,M-01,403.2788214983023
2026-04-19,Plant C,M-02,634.6522644985341
2026-04-19,Plant C,M-02,379.85454125056896
2026-04-19,Plant C,M-02,509.66803418837344
2026-04-19,Plant C,M-03,657.689665769571
2026-04-19,Plant C,M-03,673.7566860487178
2026-04-19,Plant C,M-03,622.5349066615788
2026-04-19,Plant C,M-04,452.5227989160654
2026-04-19,Plant C,M-04,497.42353499761316
2026-04-19,Plant C,M-04,435.08014457494284
2026-04-19,Plant C,M-05,416.61914517624604
2026-04-19,Plant C,M-05,362.2974991587987
2026-04-19,Plant C,M-05,442.9590381328606
2026-04-20,Plant A,M-01,553.6985813627768
2026-04-20,Plant A,M-01,449.5210912666738
2026-04-20,Plant A,M-01,460.5886319005218
2026-04-20,Plant A,M-02,547.2884332079658
2026-04-20,Plant A,M-02,659.5312165255627
2026-04-20,Plant A,M-02,296.25624649727075
2026-04-20,Plant A,M-03,943.8018260997403
2026-04-20,Plant A,M-03,749.1105617540707
2026-04-20,Plant A,M-03,547.1067000233517
2026-04-20,Plant A,M-04,510.2875627269054
2026-04-20,Plant A,M-04,464.0005162411073
2026-04-20,Plant A,M-04,493.9956645646796
2026-04-20,Plant A,M-05,509.58121232864676
2026-04-20,Plant A,M-05,434.6869631852751
2026-04-20,Plant A,M-05,512.8866401225196
2026-04-20,Plant B,M-01,585.156849021058
2026-04-20,Plant B,M-01,703.0882202502286
2026-04-20,Plant B,M-01,586.9306360089552
2026-04-20,Plant B,M-02,637.2343957954594
2026-04-20,Plant B,M-02,585.5241393485782
2026-04-20,Plant B,M-02,483.0633956277481
2026-04-20,Plant B,M-03,996.4735822982392
2026-04-20,Plant B,M-03,802.5451731395862
2026-04-20,Plant B,M-03,536.1997679076525
2026-04-20,Plant B,M-04,564.2254541842321
2026-04-20,Plant B,M-04,294.8899470757194
2026-04-20,Plant B,M-04,286.8891777314875
2026-04-20,Plant B,M-05,472.58616632585125
2026-04-20,Plant B,M-05,531.9263111352291
2026-04-20,Plant B,M-05,308.9381047181543
2026-04-20,Plant C,M-01,370.36830231125845
2026-04-20,Plant C,M-01,400.81560591725497
2026-04-20,Plant C,M-01,416.3082727731547
2026-04-20,Plant C,M-02,584.2993650196956
2026-04-20,Plant C,M-02,365.8151094118277
2026-04-20,Plant C,M-02,467.6392865476454
2026-04-20,Plant C,M-03,715.9968368501125
2026-04-20,Plant C,M-03,804.4001582096969
2026-04-20,Plant C,M-03,748.7906724444047
2026-04-20,Plant C,M-04,438.858406658329
2026-04-20,Plant C,M-04,565.4375860823717
2026-04-20,Plant C,M-04,367.98306763855135
2026-04-20,Plant C,M-05,356.8453464448233
2026-04-20,Plant C,M-05,464.4744846303556
2026-04-20,Plant C,M-05,324.48571883683235
2026-04-21,Plant A,M-01,534.5105232270863
2026-04-21,Plant A,M-01,438.473375401347
2026-04-21,Plant A,M-01,349.7052531219469
2026-04-21,Plant A,M-02,438.13547600517234
2026-04-21,Plant A,M-02,498.17036358801187
2026-04-21,Plant A,M-02,524.5229549589455
2026-04-21,Plant A,M-03,822.9677092153765
2026-04-21,Plant A,M-03,755.5775279173367
2026-04-21,Plant A,M-03,522.3938751375879
2026-04-21,Plant A,M-04,536.870008936068
2026-04-21,Plant A,M-04,546.4612825843369
2026-04-21,Plant A,M-04,287.44193242450115
2026-04-21,Plant A,M-05,507.142160682567
2026-04-21,Plant A,M-05,466.6583853116904
2026-04-21,Plant A,M-05,409.1233935799158
2026-04-21,Plant B,M-01,674.473152667406
2026-04-21,Plant B,M-01,560.2286998827512
2026-04-21,Plant B,M-01,473.3546622217724
2026-04-21,Plant B,M-02,478.340067979109
2026-04-21,Plant B,M-02,454.2639066429273
2026-04-21,Plant B,M-02,443.6665042629824
2026-04-21,Plant B,M-03,640.602500679097
2026-04-21,Plant B,M-03,543.581046678112
2026-04-21,Plant B,M-03,622.7402812680431
2026-04-21,Plant B,M-04,472.3531261431711
2026-04-21,Plant B,M-04,376.6362921385213
2026-04-21,Plant B,M-04,249.73454052898893
2026-04-21,Plant B,M-05,437.4877191795187
2026-04-21,Plant B,M-05,554.3695438321305
2026-04-21,Plant B,M-05,364.10349364926077
2026-04-21,Plant C,M-01,627.1486384508532
2026-04-21,Plant C,M-01,610.9370909610521
2026-04-21,Plant C,M-01,409.2181921147351
2026-04-21,Plant C,M-02,623.2855111484486
2026-04-21,Plant C,M-02,388.5886826169321
2026-04-21,Plant C,M-02,396.74660486606706
2026-04-21,Plant C,M-03,804.3162223562316
2026-04-21,Plant C,M-03,854.1748888255421
2026-04-21,Plant C,M-03,525.4150476605541
2026-04-21,Plant C,M-04,433.47977355589046
2026-04-21,Plant C,M-04,492.6484119504766
2026-04-21,Plant C,M-04,346.35616939631285
2026-04-21,Plant C,M-05,551.4770856676009
2026-04-21,Plant C,M-05,567.8144935959654
2026-04-21,Plant C,M-05,424.19208633438416
2026-04-22,Plant A,M-01,489.69791451518427
2026-04-22,Plant A,M-01,409.27892693051746
2026-04-22,Plant A,M-01,366.77145703594897
2026-04-22,Plant A,M-02,567.7827523331698
2026-04-22,Plant A,M-02,324.341682687136
2026-04-22,Plant A,M-02,385.9222536831534
2026-04-22,Plant A,M-03,675.1098666737525
2026-04-22,Plant A,M-03,699.2081753365883
2026-04-22,Plant A,M-03,764.0397633677331
2026-04-22,Plant A,M-04,627.4484920202798
2026-04-22,Plant A,M-04,441.94443267389613
2026-04-22,Plant A,M-04,421.14454326095085
2026-04-22,Plant A,M-05,678.6061450473574
2026-04-22,Plant A,M-05,542.8768809751967
2026-04-22,Plant A,M-05,326.8738042708675
2026-04-22,Plant B,M-01,509.5170958996483
2026-04-22,Plant B,M-01,443.52745649972957
2026-04-22,Plant B,M-01,504.43858064199986
2026-04-22,Plant B,M-02,534.5353569026628
2026-04-22,Plant B,M-02,478.97961864114194
2026-04-22,Plant B,M-02,460.1990387923559
2026-04-22,Plant B,M-03,964.304613977802
2026-04-22,Plant B,M-03,700.8953621110804
2026-04-22,Plant B,M-03,833.8226073944735
2026-04-22,Plant B,M-04,494.1932576848939
2026-04-22,Plant B,M-04,397.90935277530264
2026-04-22,Plant B,M-04,244.8884619137758
2026-04-22,Plant B,M-05,468.4737971797027
2026-04-22,Plant B,M-05,413.5959900791716
2026-04-22,Plant B,M-05,378.4674598202816
2026-04-22,Plant C,M-01,376.98698614844625
2026-04-22,Plant C,M-01,448.5824979828087
2026-04-22,Plant C,M-01,279.7409983804909
2026-04-22,Plant C,M-02,465.57475855803006
2026-04-22,Plant C,M-02,607.8361518393838
2026-04-22,Plant C,M-02,577.3785298247363
2026-04-22,Plant C,M-03,576.7414457434792
2026-04-22,Plant C,M-03,862.9122034752646
2026-04-22,Plant C,M-03,788.6464707345077
2026-04-22,Plant C,M-04,652.5617715317895
2026-04-22,Plant C,M-04,467.31586634854307
2026-04-22,Plant C,M-04,453.1985911157618
2026-04-22,Plant C,M-05,347.4593605249769
2026-04-22,Plant C,M-05,341.38359025997806
2026-04-22,Plant C,M-05,439.11036189241213
2026-04-23,Plant A,M-01,427.1656439166739
2026-04-23,Plant A,M-01,512.6007722983925
2026-04-23,Plant A,M-01,521.8230887178266
2026-04-23,Plant A,M-02,409.9425039329881
2026-04-23,Plant A,M-02,474.63893903497416
2026-04-23,Plant A,M-02,355.5139391914963
2026-04-23,Plant A,M-03,851.1732194315921
2026-04-23,Plant A,M-03,683.0281718301031
2026-04-23,Plant A,M-03,784.1768337419134
2026-04-23,Plant A,M-04,471.99430889173834
2026-04-23,Plant A,M-04,397.336617928347
2026-04-23,Plant A,M-04,556.4014205835178
2026-04-23,Plant A,M-05,697.5918578008137
2026-04-23,Plant A,M-05,494.5011206702251
2026-04-23,Plant A,M-05,502.7731336362541
2026-04-23,Plant B,M-01,436.98884129783175
2026-04-23,Plant B,M-01,444.0717013373997
2026-04-23,Plant B,M-01,478.2762433927382
2026-04-23,Plant B,M-02,627.9907071431817
2026-04-23,Plant B,M-02,473.8788664604661
2026-04-23,Plant B,M-02,348.7813303298772
2026-04-23,Plant B,M-03,768.3981366517606
2026-04-23,Plant B,M-03,798.9616081513858
2026-04-23,Plant B,M-03,614.0186115245052
2026-04-23,Plant B,M-04,340.1003972232504
2026-04-23,Plant B,M-04,362.60801346095684
2026-04-23,Plant B,M-04,457.54614549985007
2026-04-23,Plant B,M-05,672.5829953675271
2026-04-23,Plant B,M-05,464.44024804277683
2026-04-23,Plant B,M-05,566.5015630079674
2026-04-23,Plant C,M-01,458.7335073836709
2026-04-23,Plant C,M-01,548.0154683430667
2026-04-23,Plant C,M-01,300.4856372194864
2026-04-23,Plant C,M-02,631.6946136617526
2026-04-23,Plant C,M-02,572.9734992581031
2026-04-23,Plant C,M-02,304.1470735962697
2026-04-23,Plant C,M-03,610.2492336544004
2026-04-23,Plant C,M-03,762.5039898845416
2026-04-23,Plant C,M-03,454.9826727719542
2026-04-23,Plant C,M-04,487.68353606875473
2026-04-23,Plant C,M-04,539.3991508001245
2026-04-23,Plant C,M-04,499.3720842679277
2026-04-23,Plant C,M-05,342.7301641980464
2026-04-23,Plant C,M-05,457.2589535057884
2026-04-23,Plant C,M-05,500.12802023606565
2026-04-24,Plant A,M-01,432.7838659737498
2026-04-24,Plant A,M-01,475.1716758185293
2026-04-24,Plant A,M-01,418.5877878340713
2026-04-24,Plant A,M-02,569.3858776041209
2026-04-24,Plant A,M-02,396.40788108515557
2026-04-24,Plant A,M-02,406.16298477703356
2026-04-24,Plant A,M-03,660.961960104764
2026-04-24,Plant A,M-03,919.5158017298004
2026-04-24,Plant A,M-03,569.5980300120426
2026-04-24,Plant A,M-04,399.3189989991156
2026-04-24,Plant A,M-04,308.7020069695888
2026-04-24,Plant A,M-04,466.19697211359755
2026-04-24,Plant A,M-05,544.5384817218707
2026-04-24,Plant A,M-05,540.7359271650753
2026-04-24,Plant A,M-05,516.5234566664492
2026-04-24,Plant B,M-01,490.26783688299855
2026-04-24,Plant B,M-01,478.18865837820954
2026-04-24,Plant B,M-01,427.5612394259132
2026-04-24,Plant B,M-02,512.3862945041207
2026-04-24,Plant B,M-02,405.4514186363254
2026-04-24,Plant B,M-02,363.2034739052511
2026-04-24,Plant B,M-03,844.226738837798
2026-04-24,Plant B,M-03,614.9976166003275
2026-04-24,Plant B,M-03,587.0688556593144
2026-04-24,Plant B,M-04,274.69600630596744
2026-04-24,Plant B,M-04,505.2658770488817
2026-04-24,Plant B,M-04,274.8585298083856
2026-04-24,Plant B,M-05,431.00785251414055
2026-04-24,Plant B,M-05,541.2701818407083
2026-04-24,Plant B,M-05,556.4922510064278
2026-04-24,Plant C,M-01,632.1936743271507
2026-04-24,Plant C,M-01,393.13962967205106
2026-04-24,Plant C,M-01,349.5196504248257
2026-04-24,Plant C,M-02,534.1685146792919
2026-04-24,Plant C,M-02,438.5924017083142
2026-04-24,Plant C,M-02,414.6686204859772
2026-04-24,Plant C,M-03,508.6394186372153
2026-04-24,Plant C,M-03,526.1483334407784
2026-04-24,Plant C,M-03,607.5438072159501
2026-04-24,Plant C,M-04,347.7881377168269
2026-04-24,Plant C,M-04,497.04732664157405
2026-04-24,Plant C,M-04,453.03598925209263
2026-04-24,Plant C,M-05,472.1155360060354
2026-04-24,Plant C,M-05,443.6781795963647
2026-04-24,Plant C,M-05,347.7416398942649
2026-04-25,Plant A,M-01,613.0439372862285
2026-04-25,Plant A,M-01,528.4538261732757
2026-04-25,Plant A,M-01,551.0135291843675
2026-04-25,Plant A,M-02,410.50800905036766
2026-04-25,Plant A,M-02,539.8563218709329
2026-04-25,Plant A,M-02,502.86490341449394
2026-04-25,Plant A,M-03,548.3436452714792
2026-04-25,Plant A,M-03,796.3022561544519
2026-04-25,Plant A,M-03,597.7114177725268
2026-04-25,Plant A,M-04,658.1783496179235
2026-04-25,Plant A,M-04,656.4194801331489
2026-04-25,Plant A,M-04,525.7931093018095
2026-04-25,Plant A,M-05,498.8256948172317
2026-04-25,Plant A,M-05,499.8623286029304
2026-04-25,Plant A,M-05,507.67643631825837
2026-04-25,Plant B,M-01,606.9467330461289
2026-04-25,Plant B,M-01,626.0275240447139
2026-04-25,Plant B,M-01,518.2056818431781
2026-04-25,Plant B,M-02,384.62206175630286
2026-04-25,Plant B,M-02,536.0511487175372
2026-04-25,Plant B,M-02,324.51614260531005
2026-04-25,Plant B,M-03,769.660972919011
2026-04-25,Plant B,M-03,776.1730558580208
2026-04-25,Plant B,M-03,786.351094299574
2026-04-25,Plant B,M-04,701.8042504195338
2026-04-25,Plant B,M-04,510.9244478203967
2026-04-25,Plant B,M-04,396.40354924511666
2026-04-25,Plant B,M-05,457.5813212083716
2026-04-25,Plant B,M-05,550.4226531433125
2026-04-25,Plant B,M-05,450.64777611483294
2026-04-25,Plant C,M-01,556.8471740129336
2026-04-25,Plant C,M-01,473.9202441769194
2026-04-25,Plant C,M-01,378.4017804100449
2026-04-25,Plant C,M-02,706.662732652444
2026-04-25,Plant C,M-02,498.0515976844909
2026-04-25,Plant C,M-02,300.36981179609876
2026-04-25,Plant C,M-03,807.9963168508035
2026-04-25,Plant C,M-03,603.7779465135299
2026-04-25,Plant C,M-03,785.0836242160133
2026-04-25,Plant C,M-04,400.99410124439333
2026-04-25,Plant C,M-04,468.30304909994675
2026-04-25,Plant C,M-04,397.6715624612228
2026-04-25,Plant C,M-05,455.1210271906455
2026-04-25,Plant C,M-05,481.2192364149134
2026-04-25,Plant C,M-05,618.1885304195713
2026-04-26,Plant A,M-01,571.952683738821
2026-04-26,Plant A,M-01,496.30235747897774
2026-04-26,Plant A,M-01,299.95586212969266
2026-04-26,Plant A,M-02,588.7607068889844
2026-04-26,Plant A,M-02,482.03870158385445
2026-04-26,Plant A,M-02,348.836227359369
2026-04-26,Plant A,M-03,802.1739014316994
2026-04-26,Plant A,M-03,721.2484269574446
2026-04-26,Plant A,M-03,606.6206627554841
2026-04-26,Plant A,M-04,413.61304676761523
2026-04-26,Plant A,M-04,627.6193154535588
2026-04-26,Plant A,M-04,402.2523955043402
2026-04-26,Plant A,M-05,622.6120516002462
2026-04-26,Plant A,M-05,388.8393782482105
2026-04-26,Plant A,M-05,308.29379016171464
2026-04-26,Plant B,M-01,487.16528378238183
2026-04-26,Plant B,M-01,466.09422756086406
2026-04-26,Plant B,M-01,539.4134619805441
2026-04-26,Plant B,M-02,571.1938758928256
2026-04-26,Plant B,M-02,507.7712661747636
2026-04-26,Plant B,M-02,394.1991213777313
2026-04-26,Plant B,M-03,680.7775574427192
2026-04-26,Plant B,M-03,861.3365080327028
2026-04-26,Plant B,M-03,781.1705182451246
2026-04-26,Plant B,M-04,370.0569489482893
2026-04-26,Plant B,M-04,410.94701601815575
2026-04-26,Plant B,M-04,302.32581764736324
2026-04-26,Plant B,M-05,438.648162794162
2026-04-26,Plant B,M-05,541.821276413761
2026-04-26,Plant B,M-05,434.7997945917753
2026-04-26,Plant C,M-01,450.7522439691014
2026-04-26,Plant C,M-01,427.6899558375755
2026-04-26,Plant C,M-01,605.8744684954776
2026-04-26,Plant C,M-02,452.87240645114065
2026-04-26,Plant C,M-02,401.0729388094516
2026-04-26,Plant C,M-02,457.27149447132507
2026-04-26,Plant C,M-03,481.6899424797307
2026-04-26,Plant C,M-03,758.3030504935647
2026-04-26,Plant C,M-03,723.1269157375364
2026-04-26,Plant C,M-04,460.55428560508346
2026-04-26,Plant C,M-04,538.0981692925957
2026-04-26,Plant C,M-04,318.0753403379009
2026-04-26,Plant C,M-05,664.9307145312099
2026-04-26,Plant C,M-05,506.76056216426883
2026-04-26,Plant C,M-05,422.21848457665897
2026-04-27,Plant A,M-01,584.7498314402472
2026-04-27,Plant A,M-01,547.490858386893
2026-04-27,Plant A,M-01,314.6969741925825
2026-04-27,Plant A,M-02,479.7336028780396
2026-04-27,Plant A,M-02,504.71207318359893
2026-04-27,Plant A,M-02,309.71961508299216
2026-04-27,Plant A,M-03,898.0495734981331
2026-04-27,Plant A,M-03,633.8649023174631
2026-04-27,Plant A,M-03,700.3428571214357
2026-04-27,Plant A,M-04,471.5662826747213
2026-04-27,Plant A,M-04,503.78377576501714
2026-04-27,Plant A,M-04,382.3767679492845
2026-04-27,Plant A,M-05,512.9330911304027
2026-04-27,Plant A,M-05,506.3039051931073
2026-04-27,Plant A,M-05,441.5001519682855
2026-04-27,Plant B,M-01,432.28870671017813
2026-04-27,Plant B,M-01,452.42364696045746
2026-04-27,Plant B,M-01,552.8950795856318
2026-04-27,Plant B,M-02,537.5294940802347
2026-04-27,Plant B,M-02,535.0341113644156
2026-04-27,Plant B,M-02,288.4489154317689
2026-04-27,Plant B,M-03,698.4076568268081
2026-04-27,Plant B,M-03,638.9916381023448
2026-04-27,Plant B,M-03,494.1572119483749
2026-04-27,Plant B,M-04,533.4084074412881
2026-04-27,Plant B,M-04,341.72404832642707
2026-04-27,Plant B,M-04,512.9869277435607
2026-04-27,Plant B,M-05,505.8994710510882
2026-04-27,Plant B,M-05,407.9988711323142
2026-04-27,Plant B,M-05,341.45654119946107
2026-04-27,Plant C,M-01,340.81848899423954
2026-04-27,Plant C,M-01,426.2680006422188
2026-04-27,Plant C,M-01,376.2464505093165
2026-04-27,Plant C,M-02,554.7446752899548
2026-04-27,Plant C,M-02,539.8848100288503
2026-04-27,Plant C,M-02,476.66862364704144
2026-04-27,Plant C,M-03,636.1472657473121
2026-04-27,Plant C,M-03,566.137537724363
2026-04-27,Plant C,M-03,592.0392517855208
2026-04-27,Plant C,M-04,481.48291628885727
2026-04-27,Plant C,M-04,583.2164834941077
2026-04-27,Plant C,M-04,317.14723852343843
2026-04-27,Plant C,M-05,503.1945830970138
2026-04-27,Plant C,M-05,549.8772947441446
2026-04-27,Plant C,M-05,233.31262089300225
2026-04-28,Plant A,M-01,429.84408158008233
2026-04-28,Plant A,M-01,491.14097994746356
2026-04-28,Plant A,M-01,553.956420598543
2026-04-28,Plant A,M-02,526.0133864447994
2026-04-28,Plant A,M-02,506.5688568312916
2026-04-28,Plant A,M-02,453.98088634097604
2026-04-28,Plant A,M-03,555.9547683711917
2026-04-28,Plant A,M-03,615.3088709761954
2026-04-28,Plant A,M-03,676.5250872423914
2026-04-28,Plant A,M-04,541.0866255381542
2026-04-28,Plant A,M-04,443.1826741020553
2026-04-28,Plant A,M-04,439.41221389513714
2026-04-28,Plant A,M-05,445.9109950421393
2026-04-28,Plant A,M-05,433.653377866474
2026-04-28,Plant A,M-05,582.1530980374342
2026-04-28,Plant B,M-01,410.8716606797387
2026-04-28,Plant B,M-01,413.00094065211874
2026-04-28,Plant B,M-01,511.2965907262807
2026-04-28,Plant B,M-02,464.9784078579792
2026-04-28,Plant B,M-02,524.802650819103
2026-04-28,Plant B,M-02,471.98457609514145
2026-04-28,Plant B,M-03,588.0944697794412
2026-04-28,Plant B,M-03,710.3261804070844
2026-04-28,Plant B,M-03,807.4258367703711
2026-04-28,Plant B,M-04,433.5552632185401
2026-04-28,Plant B,M-04,515.1612410009632
2026-04-28,Plant B,M-04,395.0703002905029
2026-04-28,Plant B,M-05,491.1219159937768
2026-04-28,Plant B,M-05,340.12516580523993
2026-04-28,Plant B,M-05,517.6550600495798
2026-04-28,Plant C,M-01,413.67719875784303
2026-04-28,Plant C,M-01,362.352659652581
2026-04-28,Plant C,M-01,300.97643562304046
2026-04-28,Plant C,M-02,422.01450003896036
2026-04-28,Plant C,M-02,403.5296330735015
2026-04-28,Plant C,M-02,429.63822626431937
2026-04-28,Plant C,M-03,849.9799825183412
2026-04-28,Plant C,M-03,717.7670147628231
2026-04-28,Plant C,M-03,639.2723048323845
2026-04-28,Plant C,M-04,546.139043747423
2026-04-28,Plant C,M-04,488.37587675180026
2026-04-28,Plant C,M-04,443.85416735463497
2026-04-28,Plant C,M-05,404.45194458404916
2026-04-28,Plant C,M-05,432.98732125223853
2026-04-28,Plant C,M-05,375.5396553830816
2026-04-29,Plant A,M-01,478.26821406376746
2026-04-29,Plant A,M-01,555.6499439477501
2026-04-29,Plant A,M-01,437.30318233093453
2026-04-29,Plant A,M-02,425.70976679099283
2026-04-29,Plant A,M-02,673.9129298870793
2026-04-29,Plant A,M-02,387.21771854196294
2026-04-29,Plant A,M-03,625.9763309532608
2026-04-29,Plant A,M-03,429.32237252831453
2026-04-29,Plant A,M-03,789.344343877999
2026-04-29,Plant A,M-04,643.4727186594009
2026-04-29,Plant A,M-04,295.0041576452024
2026-04-29,Plant A,M-04,554.6185453589571
2026-04-29,Plant A,M-05,498.03221626431775
2026-04-29,Plant A,M-05,281.3155367725519
2026-04-29,Plant A,M-05,423.05524578701295
2026-04-29,Plant B,M-01,429.62277396097863
2026-04-29,Plant B,M-01,364.0549143773694
2026-04-29,Plant B,M-01,432.6428564657156
2026-04-29,Plant B,M-02,527.1585797531766
2026-04-29,Plant B,M-02,444.67697808373396
2026-04-29,Plant B,M-02,437.62800983733547
2026-04-29,Plant B,M-03,651.4124620127246
2026-04-29,Plant B,M-03,763.4398775290034
2026-04-29,Plant B,M-03,731.4722549848411
2026-04-29,Plant B,M-04,621.3979598334378
2026-04-29,Plant B,M-04,476.3890548236695
2026-04-29,Plant B,M-04,441.7951884493454
2026-04-29,Plant B,M-05,430.9999450722798
2026-04-29,Plant B,M-05,374.50567806922754
2026-04-29,Plant B,M-05,456.8478683785797
2026-04-29,Plant C,M-01,502.1019469443358
2026-04-29,Plant C,M-01,614.615526483564
2026-04-29,Plant C,M-01,297.5399993226377
2026-04-29,Plant C,M-02,430.63448204639894
2026-04-29,Plant C,M-02,390.52149549047283
2026-04-29,Plant C,M-02,440.5325646750435
2026-04-29,Plant C,M-03,873.3793174044412
2026-04-29,Plant C,M-03,626.7774642587527
2026-04-29,Plant C,M-03,666.3987468081746
2026-04-29,Plant C,M-04,506.53008221126635
2026-04-29,Plant C,M-04,354.25822347222993
2026-04-29,Plant C,M-04,397.2854962933593
2026-04-29,Plant C,M-05,498.8942527055681
2026-04-29,Plant C,M-05,390.8661263087125
2026-04-29,Plant C,M-05,442.0407104999634
2026-04-30,Plant A,M-01,635.7428595658042
2026-04-30,Plant A,M-01,560.0174043228345
2026-04-30,Plant A,M-01,588.1795710953272
2026-04-30,Plant A,M-02,473.2464640214847
2026-04-30,Plant A,M-02,450.3695560819296
2026-04-30,Plant A,M-02,467.34426370466457
2026-04-30,Plant A,M-03,504.8928655381118
2026-04-30,Plant A,M-03,569.3490149482653
2026-04-30,Plant A,M-03,397.0667626652707
2026-04-30,Plant A,M-04,473.68218402658397
2026-04-30,Plant A,M-04,422.0980751350555
2026-04-30,Plant A,M-04,358.1380036958915
2026-04-30,Plant A,M-05,446.9217473607234
2026-04-30,Plant A,M-05,607.2778761488689
2026-04-30,Plant A,M-05,325.7355971033922
2026-04-30,Plant B,M-01,475.0188586988255
2026-04-30,Plant B,M-01,475.06069814255545
2026-04-30,Plant B,M-01,477.22877176484786
2026-04-30,Plant B,M-02,673.4563567338517
2026-04-30,Plant B,M-02,686.9374019471582
2026-04-30,Plant B,M-02,430.05320726399407
2026-04-30,Plant B,M-03,973.6591370187612
2026-04-30,Plant B,M-03,655.5995289295064
2026-04-30,Plant B,M-03,789.3776669056305
2026-04-30,Plant B,M-04,300.5479428120812
2026-04-30,Plant B,M-04,392.58915577032826
2026-04-30,Plant B,M-04,311.5715169241522
2026-04-30,Plant B,M-05,618.8777938400498
2026-04-30,Plant B,M-05,562.8488514976506
2026-04-30,Plant B,M-05,490.2051589624301
2026-04-30,Plant C,M-01,465.68090160346776
2026-04-30,Plant C,M-01,494.3924314305066
2026-04-30,Plant C,M-01,334.7149204994642
2026-04-30,Plant C,M-02,408.0788892598917
2026-04-30,Plant C,M-02,539.3003043837352
2026-04-30,Plant C,M-02,421.84417517322015
2026-04-30,Plant C,M-03,903.5010619400512
2026-04-30,Plant C,M-03,551.3288291808572
2026-04-30,Plant C,M-03,750.3891234160391
2026-04-30,Plant C,M-04,494.7584555348119
2026-04-30,Plant C,M-04,582.0481473917248
2026-04-30,Plant C,M-04,339.45120669979826
2026-04-30,Plant C,M-05,570.229506435107
2026-04-30,Plant C,M-05,567.4397815978092
2026-04-30,Plant C,M-05,353.80216882389317
2026-05-01,Plant A,M-01,421.6168250898205
2026-05-01,Plant A,M-01,494.8083630425614
2026-05-01,Plant A,M-01,446.46981282807354
2026-05-01,Plant A,M-02,563.2143332752621
2026-05-01,Plant A,M-02,508.95589930689334
2026-05-01,Plant A,M-02,411.0661842122342
2026-05-01,Plant A,M-03,821.91970655705
2026-05-01,Plant A,M-03,783.3596078358562
2026-05-01,Plant A,M-03,880.9976031947676
2026-05-01,Plant A,M-04,554.4640912321529
2026-05-01,Plant A,M-04,501.0767925222015
2026-05-01,Plant A,M-04,308.3483200767752
2026-05-01,Plant A,M-05,453.6831430144899
2026-05-01,Plant A,M-05,411.31406652727344
2026-05-01,Plant A,M-05,343.3791781668355
2026-05-01,Plant B,M-01,340.00076279430147
2026-05-01,Plant B,M-01,533.8344154771896
2026-05-01,Plant B,M-01,491.35466504588925
2026-05-01,Plant B,M-02,522.7816762138735
2026-05-01,Plant B,M-02,546.6267774660618
2026-05-01,Plant B,M-02,387.17601167544933
2026-05-01,Plant B,M-03,610.1576544793678
2026-05-01,Plant B,M-03,868.1932719744779
2026-05-01,Plant B,M-03,839.6599229186936
2026-05-01,Plant B,M-04,326.82359249914003
2026-05-01,Plant B,M-04,313.7859626499787
2026-05-01,Plant B,M-04,505.84227085221795
2026-05-01,Plant B,M-05,410.891092018878
2026-05-01,Plant B,M-05,566.7208917580532
2026-05-01,Plant B,M-05,352.5026222859069
2026-05-01,Plant C,M-01,614.5891223947895
2026-05-01,Plant C,M-01,429.4456231581468
2026-05-01,Plant C,M-01,430.0745747366162
2026-05-01,Plant C,M-02,512.6889260091737
2026-05-01,Plant C,M-02,470.7226733525636
2026-05-01,Plant C,M-02,466.0448895017653
2026-05-01,Plant C,M-03,762.7973785413818
2026-05-01,Plant C,M-03,599.598311689013
2026-05-01,Plant C,M-03,583.0573427150647
2026-05-01,Plant C,M-04,517.8581346746419
2026-05-01,Plant C,M-04,363.85466419975535
2026-05-01,Plant C,M-04,315.08886130745
2026-05-01,Plant C,M-05,560.1262588812162
2026-05-01,Plant C,M-05,518.4324260537417
2026-05-01,Plant C,M-05,473.7034861012992
2026-05-02,Plant A,M-01,357.11389592561085
2026-05-02,Plant A,M-01,527.5114969018487
2026-05-02,Plant A,M-01,519.788583583677
2026-05-02,Plant A,M-02,437.65351130245404
2026-05-02,Plant A,M-02,434.686983943929
2026-05-02,Plant A,M-02,501.03703962864256
2026-05-02,Plant A,M-03,836.2122253285564
2026-05-02,Plant A,M-03,528.6745816404604
2026-05-02,Plant A,M-03,783.4833587729629
2026-05-02,Plant A,M-04,395.16093252914067
2026-05-02,Plant A,M-04,607.7489948709324
2026-05-02,Plant A,M-04,292.3472604970412
2026-05-02,Plant A,M-05,671.3865244421893
2026-05-02,Plant A,M-05,579.3462390185208
2026-05-02,Plant A,M-05,456.6418617344073
2026-05-02,Plant B,M-01,558.7721722925569
2026-05-02,Plant B,M-01,473.5139019593771
2026-05-02,Plant B,M-01,374.4416918749374
2026-05-02,Plant B,M-02,416.5568382610017
2026-05-02,Plant B,M-02,571.9763491251391
2026-05-02,Plant B,M-02,434.146992805821
2026-05-02,Plant B,M-03,930.7405865830541
2026-05-02,Plant B,M-03,780.8011074982335
2026-05-02,Plant B,M-03,576.0888137715136
2026-05-02,Plant B,M-04,401.6981333685921
2026-05-02,Plant B,M-04,438.13885876772025
2026-05-02,Plant B,M-04,383.4507225219457
2026-05-02,Plant B,M-05,674.6335711182433
2026-05-02,Plant B,M-05,416.55652387547315
2026-05-02,Plant B,M-05,537.0184974135337
2026-05-02,Plant C,M-01,506.7988911911883
2026-05-02,Plant C,M-01,547.6428570084195
2026-05-02,Plant C,M-01,425.3219205309163
2026-05-02,Plant C,M-02,564.1131928771044
2026-05-02,Plant C,M-02,321.7488890401966
2026-05-02,Plant C,M-02,416.2205292876844
2026-05-02,Plant C,M-03,668.9424284062587
2026-05-02,Plant C,M-03,636.4174454721351
2026-05-02,Plant C,M-03,757.4358191229628
2026-05-02,Plant C,M-04,568.8353362764602
2026-05-02,Plant C,M-04,469.3689815510216
2026-05-02,Plant C,M-04,490.56409262045406
2026-05-02,Plant C,M-05,309.8234685221269
2026-05-02,Plant C,M-05,473.37771525944555
2026-05-02,Plant C,M-05,420.5766726613022
2026-05-03,Plant A,M-01,405.9424304557275
2026-05-03,Plant A,M-01,602.3216994603923
2026-05-03,Plant A,M-01,613.9216634345221
2026-05-03,Plant A,M-02,518.9270078057792
2026-05-03,Plant A,M-02,405.38901516076777
2026-05-03,Plant A,M-02,320.4971900529874
2026-05-03,Plant A,M-03,624.9442421997536
2026-05-03,Plant A,M-03,789.8309779182507
2026-05-03,Plant A,M-03,676.2367999343751
2026-05-03,Plant A,M-04,386.2795181100789
2026-05-03,Plant A,M-04,620.8882099346288
2026-05-03,Plant A,M-04,506.76872470781734
2026-05-03,Plant A,M-05,428.19277156064805
2026-05-03,Plant A,M-05,527.1326972791138
2026-05-03,Plant A,M-05,542.2016462763428
2026-05-03,Plant B,M-01,518.9247102801497
2026-05-03,Plant B,M-01,404.4392752289705
2026-05-03,Plant B,M-01,360.4743152370716
2026-05-03,Plant B,M-02,465.3683906915518
2026-05-03,Plant B,M-02,562.8838032832367
2026-05-03,Plant B,M-02,415.0595935206224
2026-05-03,Plant B,M-03,932.427320688398
2026-05-03,Plant B,M-03,786.1199136936553
2026-05-03,Plant B,M-03,610.8591774921832
2026-05-03,Plant B,M-04,384.4796390787853
2026-05-03,Plant B,M-04,427.83697263745916
2026-05-03,Plant B,M-04,274.06697186917137
2026-05-03,Plant B,M-05,366.9179797827786
2026-05-03,Plant B,M-05,325.79174716624135
2026-05-03,Plant B,M-05,328.44287129836
2026-05-03,Plant C,M-01,436.01131779067356
2026-05-03,Plant C,M-01,550.3531353990361
2026-05-03,Plant C,M-01,413.6080476761538
2026-05-03,Plant C,M-02,495.4263548261465
2026-05-03,Plant C,M-02,711.1309795043154
2026-05-03,Plant C,M-02,440.77089585139646
2026-05-03,Plant C,M-03,609.6116883572879
2026-05-03,Plant C,M-03,910.0019718789006
2026-05-03,Plant C,M-03,694.9043233461292
2026-05-03,Plant C,M-04,353.0466800126351
2026-05-03,Plant C,M-04,552.1330723417407
2026-05-03,Plant C,M-04,434.944603993684
2026-05-03,Plant C,M-05,455.75852459041926
2026-05-03,Plant C,M-05,578.3456984012088
2026-05-03,Plant C,M-05,370.5206479843581
2026-05-04,Plant A,M-01,528.9980087686557
2026-05-04,Plant A,M-01,574.4055415216195
2026-05-04,Plant A,M-01,498.4252191088903
2026-05-04,Plant A,M-02,534.6133960907769
2026-05-04,Plant A,M-02,393.2865530310283
2026-05-04,Plant A,M-02,386.3932970294917
2026-05-04,Plant A,M-03,828.6750345876446
2026-05-04,Plant A,M-03,695.7527265037627
2026-05-04,Plant A,M-03,875.5984221701593
2026-05-04,Plant A,M-04,576.631573288932
2026-05-04,Plant A,M-04,589.6608196419423
2026-05-04,Plant A,M-04,397.740330709574
2026-05-04,Plant A,M-05,569.8065533599708
2026-05-04,Plant A,M-05,395.30698752591195
2026-05-04,Plant A,M-05,385.8115579964495
2026-05-04,Plant B,M-01,397.29178088036764
2026-05-04,Plant B,M-01,344.37382171253097
2026-05-04,Plant B,M-01,329.30404362441493
2026-05-04,Plant B,M-02,496.50016934603667
2026-05-04,Plant B,M-02,562.1651932364329
2026-05-04,Plant B,M-02,462.250064227431
2026-05-04,Plant B,M-03,689.453538317849
2026-05-04,Plant B,M-03,664.3776892890825
2026-05-04,Plant B,M-03,602.6073236963057
2026-05-04,Plant B,M-04,398.4481951186997
2026-05-04,Plant B,M-04,464.2162297198893
2026-05-04,Plant B,M-04,360.7847255240709
2026-05-04,Plant B,M-05,449.03114271963284
2026-05-04,Plant B,M-05,466.3302636701001
2026-05-04,Plant B,M-05,426.18130273645613
2026-05-04,Plant C,M-01,478.0195090418002
2026-05-04,Plant C,M-01,569.204080730813
2026-05-04,Plant C,M-01,347.87402154654853
2026-05-04,Plant C,M-02,560.0907973342868
2026-05-04,Plant C,M-02,381.6826201118552
2026-05-04,Plant C,M-02,321.08681871579074
2026-05-04,Plant C,M-03,1018.5037081887708
2026-05-04,Plant C,M-03,635.6692688803414
2026-05-04,Plant C,M-03,638.4551882399837
2026-05-04,Plant C,M-04,504.58879421561005
2026-05-04,Plant C,M-04,492.85149098693364
2026-05-04,Plant C,M-04,401.3298436734917
2026-05-04,Plant C,M-05,451.8752296466056
2026-05-04,Plant C,M-05,516.462286275574
2026-05-04,Plant C,M-05,448.1912374208282
2026-05-05,Plant A,M-01,625.4569311367978
2026-05-05,Plant A,M-01,480.721228556541
2026-05-05,Plant A,M-01,484.4272173666892
2026-05-05,Plant A,M-02,346.65376086013055
2026-05-05,Plant A,M-02,408.632592496368
2026-05-05,Plant A,M-02,588.4176106274379
2026-05-05,Plant A,M-03,863.9895741584446
2026-05-05,Plant A,M-03,851.9950636008349
2026-05-05,Plant A,M-03,657.5108203266518
2026-05-05,Plant A,M-04,314.5699541963958
2026-05-05,Plant A,M-04,575.4600702379896
2026-05-05,Plant A,M-04,428.5021430148752
2026-05-05,Plant A,M-05,341.19669412396087
2026-05-05,Plant A,M-05,314.40770534632344
2026-05-05,Plant A,M-05,415.59092375956016
2026-05-05,Plant B,M-01,444.315888163834
2026-05-05,Plant B,M-01,560.5817109730805
2026-05-05,Plant B,M-01,428.59173306410935
2026-05-05,Plant B,M-02,375.785239485956
2026-05-05,Plant B,M-02,622.3623734792827
2026-05-05,Plant B,M-02,318.53386289265796
2026-05-05,Plant B,M-03,821.5450447704955
2026-05-05,Plant B,M-03,636.6332001731963
2026-05-05,Plant B,M-03,924.966241909208
2026-05-05,Plant B,M-04,605.6060709174725
2026-05-05,Plant B,M-04,423.7330464339289
2026-05-05,Plant B,M-04,429.7286997211281
2026-05-05,Plant B,M-05,445.67650497926445
2026-05-05,Plant B,M-05,525.2882570466273
2026-05-05,Plant B,M-05,513.6881005888214
2026-05-05,Plant C,M-01,608.1270726205329
2026-05-05,Plant C,M-01,436.54537323171184
2026-05-05,Plant C,M-01,333.3845916819241
2026-05-05,Plant C,M-02,707.9707066880471
2026-05-05,Plant C,M-02,426.3517389132472
2026-05-05,Plant C,M-02,461.4533302363977
2026-05-05,Plant C,M-03,615.2843095665595
2026-05-05,Plant C,M-03,611.4574086071285
2026-05-05,Plant C,M-03,830.3507799395088
2026-05-05,Plant C,M-04,384.21841717601205
2026-05-05,Plant C,M-04,439.2224014406288
2026-05-05,Plant C,M-04,472.7231199699718
2026-05-05,Plant C,M-05,677.5465016870179
2026-05-05,Plant C,M-05,534.6391650536418
2026-05-05,Plant C,M-05,624.1492847479574
2026-05-06,Plant A,M-01,537.6859811307974
2026-05-06,Plant A,M-01,491.9467835622739
2026-05-06,Plant A,M-01,287.8838626045038
2026-05-06,Plant A,M-02,488.27890534440854
2026-05-06,Plant A,M-02,457.96920441554124
2026-05-06,Plant A,M-02,262.6764932951921
2026-05-06,Plant A,M-03,758.9562373035052
2026-05-06,Plant A,M-03,681.1761915391829
2026-05-06,Plant A,M-03,508.45603507341957
2026-05-06,Plant A,M-04,377.2643857060071
2026-05-06,Plant A,M-04,411.8947591274448
2026-05-06,Plant A,M-04,595.9082709555648
2026-05-06,Plant A,M-05,498.16376288426096
2026-05-06,Plant A,M-05,481.90810561473035
2026-05-06,Plant A,M-05,446.9809015570285
2026-05-06,Plant B,M-01,482.91700007567573
2026-05-06,Plant B,M-01,404.960175339026
2026-05-06,Plant B,M-01,404.45508769659307
2026-05-06,Plant B,M-02,685.4699979493502
2026-05-06,Plant B,M-02,327.8848671244996
2026-05-06,Plant B,M-02,538.0140563438417
2026-05-06,Plant B,M-03,721.411361012269
2026-05-06,Plant B,M-03,533.8709275187458
2026-05-06,Plant B,M-03,603.4435219496606
2026-05-06,Plant B,M-04,434.1139898722659
2026-05-06,Plant B,M-04,365.459385134959
2026-05-06,Plant B,M-04,246.68853279445742
2026-05-06,Plant B,M-05,467.92656061843996
2026-05-06,Plant B,M-05,555.5286761857616
2026-05-06,Plant B,M-05,410.82249464876816
2026-05-06,Plant C,M-01,564.331074884601
2026-05-06,Plant C,M-01,391.8694212549507
2026-05-06,Plant C,M-01,394.68587329053065
2026-05-06,Plant C,M-02,662.3279818226277
2026-05-06,Plant C,M-02,347.0363778727435
2026-05-06,Plant C,M-02,365.4815738059118
2026-05-06,Plant C,M-03,854.1724324652287
2026-05-06,Plant C,M-03,642.2157509091245
2026-05-06,Plant C,M-03,828.9616567782379
2026-05-06,Plant C,M-04,430.67771883660566
2026-05-06,Plant C,M-04,520.5813228372017
2026-05-06,Plant C,M-04,401.23074321700074
2026-05-06,Plant C,M-05,398.85688282106844
2026-05-06,Plant C,M-05,560.5410144758213
2026-05-06,Plant C,M-05,340.26027027891996
2026-05-07,Plant A,M-01,451.25488363252936
2026-05-07,Plant A,M-01,429.82584483969043
2026-05-07,Plant A,M-01,493.5993679633539
2026-05-07,Plant A,M-02,542.434289771571
2026-05-07,Plant A,M-02,542.9288713870304
2026-05-07,Plant A,M-02,341.8516452055165
2026-05-07,Plant A,M-03,836.0927188422081
2026-05-07,Plant A,M-03,848.3660082392282
2026-05-07,Plant A,M-03,663.004973351166
2026-05-07,Plant A,M-04,433.78426057210396
2026-05-07,Plant A,M-04,557.5809825229261
2026-05-07,Plant A,M-04,548.1426139766413
2026-05-07,Plant A,M-05,428.0051516962808
2026-05-07,Plant A,M-05,489.4350674315669
2026-05-07,Plant A,M-05,401.3369352112549
2026-05-07,Plant B,M-01,465.5399315884697
2026-05-07,Plant B,M-01,468.6975707674632
2026-05-07,Plant B,M-01,372.51816168938933
2026-05-07,Plant B,M-02,631.587507731871
2026-05-07,Plant B,M-02,385.83877059008677
2026-05-07,Plant B,M-02,420.7546511194831
2026-05-07,Plant B,M-03,818.5919545429493
2026-05-07,Plant B,M-03,622.6860223521043
2026-05-07,Plant B,M-03,913.2653273320899
2026-05-07,Plant B,M-04,448.4686965810875
2026-05-07,Plant B,M-04,337.97011851677206
2026-05-07,Plant B,M-04,355.3422452549514
2026-05-07,Plant B,M-05,533.6961168286534
2026-05-07,Plant B,M-05,323.36591782596065
2026-05-07,Plant B,M-05,329.7547533267209
2026-05-07,Plant C,M-01,507.17267988594296
2026-05-07,Plant C,M-01,428.3462949182601
2026-05-07,Plant C,M-01,556.6836070223665
2026-05-07,Plant C,M-02,446.05678491996053
2026-05-07,Plant C,M-02,341.47577725904216
2026-05-07,Plant C,M-02,480.14529830137855
2026-05-07,Plant C,M-03,693.8119981147943
2026-05-07,Plant C,M-03,707.6755739625215
2026-05-07,Plant C,M-03,768.8176479830091
2026-05-07,Plant C,M-04,491.72095728040324
2026-05-07,Plant C,M-04,295.3308955906074
2026-05-07,Plant C,M-04,441.76914603208144
2026-05-07,Plant C,M-05,428.98119245372294
2026-05-07,Plant C,M-05,546.1460661995326
2026-05-07,Plant C,M-05,419.26256355029204
2026-05-08,Plant A,M-01,571.0220772391498
2026-05-08,Plant A,M-01,554.3807072308701
2026-05-08,Plant A,M-01,622.1294762277342
2026-05-08,Plant A,M-02,428.2534527563367
2026-05-08,Plant A,M-02,361.92887152901983
2026-05-08,Plant A,M-02,349.9014914416686
2026-05-08,Plant A,M-03,926.8485233656166
2026-05-08,Plant A,M-03,889.8347764730236
2026-05-08,Plant A,M-03,485.07873224327847
2026-05-08,Plant A,M-04,378.7185307585767
2026-05-08,Plant A,M-04,450.4702671701812
2026-05-08,Plant A,M-04,564.460839242605
2026-05-08,Plant A,M-05,520.8624628485209
2026-05-08,Plant A,M-05,474.57487551733374
2026-05-08,Plant A,M-05,522.7892980468398
2026-05-08,Plant B,M-01,369.90494163614125
2026-05-08,Plant B,M-01,437.59302810957564
2026-05-08,Plant B,M-01,450.646127756404
2026-05-08,Plant B,M-02,397.706138872266
2026-05-08,Plant B,M-02,455.6315526666103
2026-05-08,Plant B,M-02,334.5977170859017
2026-05-08,Plant B,M-03,776.7616542772436
2026-05-08,Plant B,M-03,660.2141315454322
2026-05-08,Plant B,M-03,570.5973780307528
2026-05-08,Plant B,M-04,408.83335536320044
2026-05-08,Plant B,M-04,379.5793065285043
2026-05-08,Plant B,M-04,276.4133801528363
2026-05-08,Plant B,M-05,413.11359682512307
2026-05-08,Plant B,M-05,383.2352466573426
2026-05-08,Plant B,M-05,339.82599571529215
2026-05-08,Plant C,M-01,401.63201990627743
2026-05-08,Plant C,M-01,477.30693704900466
2026-05-08,Plant C,M-01,443.2910427326607
2026-05-08,Plant C,M-02,500.8196678219028
2026-05-08,Plant C,M-02,418.94731434125055
2026-05-08,Plant C,M-02,340.0723118518816
2026-05-08,Plant C,M-03,769.2082438320895
2026-05-08,Plant C,M-03,795.073270892169
2026-05-08,Plant C,M-03,560.1759696864915
2026-05-08,Plant C,M-04,556.4481338531888
2026-05-08,Plant C,M-04,478.15110553405907
2026-05-08,Plant C,M-04,317.525757299609
2026-05-08,Plant C,M-05,646.9987662588662
2026-05-08,Plant C,M-05,404.38179170922825
2026-05-08,Plant C,M-05,310.9645609063195
2026-05-09,Plant A,M-01,411.62588603956226
2026-05-09,Plant A,M-01,565.9123527750982
2026-05-09,Plant A,M-01,459.9160249128604
2026-05-09,Plant A,M-02,400.1135842634089
2026-05-09,Plant A,M-02,377.5346565814399
2026-05-09,Plant A,M-02,440.0345384606449
2026-05-09,Plant A,M-03,820.6926213489184
2026-05-09,Plant A,M-03,889.2892165119896
2026-05-09,Plant A,M-03,508.91633723104303
2026-05-09,Plant A,M-04,583.8028447447106
2026-05-09,Plant A,M-04,524.842431800801
2026-05-09,Plant A,M-04,460.64423277897737
2026-05-09,Plant A,M-05,471.9865309255996
2026-05-09,Plant A,M-05,494.7429572560382
2026-05-09,Plant A,M-05,400.56480895525607
2026-05-09,Plant B,M-01,493.7064475063137
2026-05-09,Plant B,M-01,421.17123787405234
2026-05-09,Plant B,M-01,290.62854940838713
2026-05-09,Plant B,M-02,559.3711185631527
2026-05-09,Plant B,M-02,438.73899433225773
2026-05-09,Plant B,M-02,529.7577873012863
2026-05-09,Plant B,M-03,741.6237236363525
2026-05-09,Plant B,M-03,711.4793543712768
2026-05-09,Plant B,M-03,662.4834377687996
2026-05-09,Plant B,M-04,567.1876626504221
2026-05-09,Plant B,M-04,366.68874145332154
2026-05-09,Plant B,M-04,392.8227209402868
2026-05-09,Plant B,M-05,509.7633054909621
2026-05-09,Plant B,M-05,475.72380838776564
2026-05-09,Plant B,M-05,340.99766312516226
2026-05-09,Plant C,M-01,551.7513142908653
2026-05-09,Plant C,M-01,544.0978491634829
2026-05-09,Plant C,M-01,372.90191152111987
2026-05-09,Plant C,M-02,564.6726467559427
2026-05-09,Plant C,M-02,561.4767851555971
2026-05-09,Plant C,M-02,392.6088764299084
2026-05-09,Plant C,M-03,795.820733112939
2026-05-09,Plant C,M-03,752.3075526391779
2026-05-09,Plant C,M-03,768.5268695395188
2026-05-09,Plant C,M-04,591.1674419965511
2026-05-09,Plant C,M-04,547.1515742201327
2026-05-09,Plant C,M-04,332.29752633139407
2026-05-09,Plant C,M-05,465.459225336695
2026-05-09,Plant C,M-05,398.2603668143816
2026-05-09,Plant C,M-05,521.5797551940633
2026-05-10,Plant A,M-01,650.1575339518558
2026-05-10,Plant A,M-01,362.0007567501209
2026-05-10,Plant A,M-01,419.6549581111315
2026-05-10,Plant A,M-02,619.9916441320054
2026-05-10,Plant A,M-02,337.7844904984608
2026-05-10,Plant A,M-02,333.79012599375153
2026-05-10,Plant A,M-03,774.2574046268106
2026-05-10,Plant A,M-03,727.3476640816598
2026-05-10,Plant A,M-03,542.8797150728453
2026-05-10,Plant A,M-04,362.4035455901515
2026-05-10,Plant A,M-04,402.2446306829996
2026-05-10,Plant A,M-04,543.9687965988395
2026-05-10,Plant A,M-05,695.7260322447834
2026-05-10,Plant A,M-05,431.8821846533285
2026-05-10,Plant A,M-05,549.7261065488183
2026-05-10,Plant B,M-01,462.418389736997
2026-05-10,Plant B,M-01,358.81603477563743
2026-05-10,Plant B,M-01,436.2620165373596
2026-05-10,Plant B,M-02,612.8420837852979
2026-05-10,Plant B,M-02,532.3422426595481
2026-05-10,Plant B,M-02,409.36944783712306
2026-05-10,Plant B,M-03,700.1763432226956
2026-05-10,Plant B,M-03,936.9068794884349
2026-05-10,Plant B,M-03,756.5678956957603
2026-05-10,Plant B,M-04,296.641704141519
2026-05-10,Plant B,M-04,358.5827779566305
2026-05-10,Plant B,M-04,539.478570052209
2026-05-10,Plant B,M-05,340.4717177286292
2026-05-10,Plant B,M-05,384.1182763198583
2026-05-10,Plant B,M-05,435.08807954104435
2026-05-10,Plant C,M-01,454.6408987541365
2026-05-10,Plant C,M-01,401.4810202231844
2026-05-10,Plant C,M-01,603.1643088111716
2026-05-10,Plant C,M-02,651.4998869743556
2026-05-10,Plant C,M-02,470.58161975342307
2026-05-10,Plant C,M-02,313.1818507506351
2026-05-10,Plant C,M-03,619.9170717065
2026-05-10,Plant C,M-03,608.8186308165152
2026-05-10,Plant C,M-03,607.0244346870633
2026-05-10,Plant C,M-04,591.1609463615832
2026-05-10,Plant C,M-04,612.0800321379105
2026-05-10,Plant C,M-04,502.5292350342801
2026-05-10,Plant C,M-05,459.0191566045725
2026-05-10,Plant C,M-05,426.2284539882908
2026-05-10,Plant C,M-05,488.8493402407226
2026-05-11,Plant A,M-01,491.5896659439092
2026-05-11,Plant A,M-01,581.6129883468058
2026-05-11,Plant A,M-01,405.7845692381747
2026-05-11,Plant A,M-02,700.6052258586102
2026-05-11,Plant A,M-02,337.95375223535075
2026-05-11,Plant A,M-02,335.0394515749659
2026-05-11,Plant A,M-03,605.3999110508015
2026-05-11,Plant A,M-03,782.5294382188451
2026-05-11,Plant A,M-03,555.9238033191948
2026-05-11,Plant A,M-04,459.63807274099577
2026-05-11,Plant A,M-04,604.3151389404129
2026-05-11,Plant A,M-04,397.2740305367561
2026-05-11,Plant A,M-05,467.01133981296215
2026-05-11,Plant A,M-05,490.402856153548
2026-05-11,Plant A,M-05,496.8605506809504
2026-05-11,Plant B,M-01,657.0244436619407
2026-05-11,Plant B,M-01,550.4333111824685
2026-05-11,Plant B,M-01,336.3846862847216
2026-05-11,Plant B,M-02,478.03993350448565
2026-05-11,Plant B,M-02,433.78525986172787
2026-05-11,Plant B,M-02,401.9107669756061
2026-05-11,Plant B,M-03,827.4491864454058
2026-05-11,Plant B,M-03,742.801372707007
2026-05-11,Plant B,M-03,671.6111325666693
2026-05-11,Plant B,M-04,318.86582457282475
2026-05-11,Plant B,M-04,359.08584326749417
2026-05-11,Plant B,M-04,456.43153231638274
2026-05-11,Plant B,M-05,471.7496138275243
2026-05-11,Plant B,M-05,495.4371116110495
2026-05-11,Plant B,M-05,474.5652581541992
2026-05-11,Plant C,M-01,478.42063374280616
2026-05-11,Plant C,M-01,317.12396003639657
2026-05-11,Plant C,M-01,400.85423559634995
2026-05-11,Plant C,M-02,555.58294065427
2026-05-11,Plant C,M-02,482.06195612829066
2026-05-11,Plant C,M-02,331.90239400892216
2026-05-11,Plant C,M-03,681.9004646174951
2026-05-11,Plant C,M-03,782.4208971395063
2026-05-11,Plant C,M-03,699.7526581289252
2026-05-11,Plant C,M-04,555.5887309983146
2026-05-11,Plant C,M-04,459.5446313639274
2026-05-11,Plant C,M-04,439.6699131207607
2026-05-11,Plant C,M-05,528.5176199220889
2026-05-11,Plant C,M-05,533.4834012030464
2026-05-11,Plant C,M-05,493.011824421533
2026-05-12,Plant A,M-01,709.5262940033492
2026-05-12,Plant A,M-01,472.12253981818645
2026-05-12,Plant A,M-01,378.6950769254343
2026-05-12,Plant A,M-02,478.45467251799636
2026-05-12,Plant A,M-02,505.6100336813819
2026-05-12,Plant A,M-02,365.88598996707816
2026-05-12,Plant A,M-03,904.0690584226114
2026-05-12,Plant A,M-03,864.9036188864379
2026-05-12,Plant A,M-03,631.1231496579877
2026-05-12,Plant A,M-04,614.3344305107174
2026-05-12,Plant A,M-04,546.2316545037033
2026-05-12,Plant A,M-04,396.50675429501973
2026-05-12,Plant A,M-05,530.360182351636
2026-05-12,Plant A,M-05,592.9457742725685
2026-05-12,Plant A,M-05,370.1214578265652
2026-05-12,Plant B,M-01,509.0991720090631
2026-05-12,Plant B,M-01,534.0367733266158
2026-05-12,Plant B,M-01,473.2187317561197
2026-05-12,Plant B,M-02,444.7400111803995
2026-05-12,Plant B,M-02,439.1968596497439
2026-05-12,Plant B,M-02,304.12127154957034
2026-05-12,Plant B,M-03,726.8458918228645
2026-05-12,Plant B,M-03,539.4374916951746
2026-05-12,Plant B,M-03,761.2809898029413
2026-05-12,Plant B,M-04,395.356489707347
2026-05-12,Plant B,M-04,448.6412182229392
2026-05-12,Plant B,M-04,513.1257217274672
2026-05-12,Plant B,M-05,479.9417814913971
2026-05-12,Plant B,M-05,441.4897741481865
2026-05-12,Plant B,M-05,451.1524500340957
2026-05-12,Plant C,M-01,445.772355478933
2026-05-12,Plant C,M-01,554.0385514722655
2026-05-12,Plant C,M-01,476.79424632629656
2026-05-12,Plant C,M-02,749.0730194384256
2026-05-12,Plant C,M-02,468.12785102337335
2026-05-12,Plant C,M-02,533.0843743625782
2026-05-12,Plant C,M-03,1021.6612492240614
2026-05-12,Plant C,M-03,514.6278071176711
2026-05-12,Plant C,M-03,759.9878562861746
2026-05-12,Plant C,M-04,598.6952284922113
2026-05-12,Plant C,M-04,527.7443862995839
2026-05-12,Plant C,M-04,338.7182205098266
2026-05-12,Plant C,M-05,480.7703270533621
2026-05-12,Plant C,M-05,360.7229071342243
2026-05-12,Plant C,M-05,356.06442474213856
2026-05-13,Plant A,M-01,592.5467851178724
2026-05-13,Plant A,M-01,620.3807266421114
2026-05-13,Plant A,M-01,501.37805629896343
2026-05-13,Plant A,M-02,459.7468607301237
2026-05-13,Plant A,M-02,634.5573372257985
2026-05-13,Plant A,M-02,378.82341953682703
2026-05-13,Plant A,M-03,640.163340819083
2026-05-13,Plant A,M-03,742.5922843298328
2026-05-13,Plant A,M-03,602.8382003178375
2026-05-13,Plant A,M-04,421.21280658325077
2026-05-13,Plant A,M-04,480.4204566887132
2026-05-13,Plant A,M-04,470.0109948369708
2026-05-13,Plant A,M-05,462.6153244224613
2026-05-13,Plant A,M-05,422.5687860617653
2026-05-13,Plant A,M-05,423.604921787051
2026-05-13,Plant B,M-01,498.1641946271252
2026-05-13,Plant B,M-01,495.1265298838048
2026-05-13,Plant B,M-01,366.24372911572993
2026-05-13,Plant B,M-02,599.2959668491491
2026-05-13,Plant B,M-02,550.7104743813169
2026-05-13,Plant B,M-02,412.206486144354
2026-05-13,Plant B,M-03,572.7003863146634
2026-05-13,Plant B,M-03,566.9124229970585
2026-05-13,Plant B,M-03,717.609259656974
2026-05-13,Plant B,M-04,479.7766544329211
2026-05-13,Plant B,M-04,326.88360288927385
2026-05-13,Plant B,M-04,234.93864998813618
2026-05-13,Plant B,M-05,575.1121355084026
2026-05-13,Plant B,M-05,337.263043841842
2026-05-13,Plant B,M-05,435.7177918937455
2026-05-13,Plant C,M-01,695.3938491027625
2026-05-13,Plant C,M-01,633.2806134791828
2026-05-13,Plant C,M-01,410.3373009690473
2026-05-13,Plant C,M-02,524.5765826035387
2026-05-13,Plant C,M-02,546.9162618144214
2026-05-13,Plant C,M-02,461.08900138050967
2026-05-13,Plant C,M-03,729.4789874636363
2026-05-13,Plant C,M-03,733.2348843047037
2026-05-13,Plant C,M-03,523.9714106175699
2026-05-13,Plant C,M-04,472.6936548651558
2026-05-13,Plant C,M-04,374.24355606415475
2026-05-13,Plant C,M-04,354.85228249592484
2026-05-13,Plant C,M-05,632.1476536019151
2026-05-13,Plant C,M-05,463.7321433336074
2026-05-13,Plant C,M-05,372.3578027165854
2026-05-14,Plant A,M-01,394.35572741323404
2026-05-14,Plant A,M-01,320.66460898282145
2026-05-14,Plant A,M-01,495.9037723119685
2026-05-14,Plant A,M-02,605.6260872764286
2026-05-14,Plant A,M-02,437.7022810435986
2026-05-14,Plant A,M-02,681.8985234429008
2026-05-14,Plant A,M-03,556.2977141665525
2026-05-14,Plant A,M-03,812.7510740119037
2026-05-14,Plant A,M-03,539.7877820437842
2026-05-14,Plant A,M-04,401.7156821479242
2026-05-14,Plant A,M-04,371.6996209574815
2026-05-14,Plant A,M-04,355.782135563427
2026-05-14,Plant A,M-05,582.280181399996
2026-05-14,Plant A,M-05,455.4538728929689
2026-05-14,Plant A,M-05,480.49081168700974
2026-05-14,Plant B,M-01,535.1682303822834
2026-05-14,Plant B,M-01,714.0318383125579
2026-05-14,Plant B,M-01,403.24895953238
2026-05-14,Plant B,M-02,606.9912768995913
2026-05-14,Plant B,M-02,511.7256514866758
2026-05-14,Plant B,M-02,293.023004214024
2026-05-14,Plant B,M-03,762.8694734938817
2026-05-14,Plant B,M-03,873.5235195787832
2026-05-14,Plant B,M-03,759.7406775343304
2026-05-14,Plant B,M-04,347.33763503412825
2026-05-14,Plant B,M-04,307.7296581214587
2026-05-14,Plant B,M-04,363.55234128158526
2026-05-14,Plant B,M-05,389.7989136183859
2026-05-14,Plant B,M-05,577.1467677300507
2026-05-14,Plant B,M-05,394.54635429419625
2026-05-14,Plant C,M-01,489.0348970928228
2026-05-14,Plant C,M-01,587.0253800738094
2026-05-14,Plant C,M-01,376.4254205648445
2026-05-14,Plant C,M-02,506.93402064194055
2026-05-14,Plant C,M-02,437.855484628393
2026-05-14,Plant C,M-02,400.3837413676274
2026-05-14,Plant C,M-03,846.456939253995
2026-05-14,Plant C,M-03,564.0378465603249
2026-05-14,Plant C,M-03,668.7437761833431
2026-05-14,Plant C,M-04,619.3801310889949
2026-05-14,Plant C,M-04,395.7493990461879
2026-05-14,Plant C,M-04,357.14870832999287
2026-05-14,Plant C,M-05,475.64858023319846
2026-05-14,Plant C,M-05,391.3406967774712
2026-05-14,Plant C,M-05,532.6662317887566
2026-05-15,Plant A,M-01,641.7982155930491
2026-05-15,Plant A,M-01,351.7962740739568
2026-05-15,Plant A,M-01,347.54846981776075
2026-05-15,Plant A,M-02,483.0354338238991
2026-05-15,Plant A,M-02,434.60695529192975
2026-05-15,Plant A,M-02,364.6259592869139
2026-05-15,Plant A,M-03,803.948579215228
2026-05-15,Plant A,M-03,569.4341017172223
2026-05-15,Plant A,M-03,687.9156033069768
2026-05-15,Plant A,M-04,420.1689118541042
2026-05-15,Plant A,M-04,404.1536559556133
2026-05-15,Plant A,M-04,314.0118281896864
2026-05-15,Plant A,M-05,620.8597853183168
2026-05-15,Plant A,M-05,452.50276290686725
2026-05-15,Plant A,M-05,465.3935899902499
2026-05-15,Plant B,M-01,459.60603055237164
2026-05-15,Plant B,M-01,330.6105124258399
2026-05-15,Plant B,M-01,555.4007967622795
2026-05-15,Plant B,M-02,540.6391639882228
2026-05-15,Plant B,M-02,376.601270701647
2026-05-15,Plant B,M-02,384.7877494769948
2026-05-15,Plant B,M-03,790.974243698516
2026-05-15,Plant B,M-03,725.9743621913009
2026-05-15,Plant B,M-03,731.5997182568768
2026-05-15,Plant B,M-04,327.54781089440075
2026-05-15,Plant B,M-04,469.75611348508636
2026-05-15,Plant B,M-04,270.7442344062781
2026-05-15,Plant B,M-05,489.4894612142033
2026-05-15,Plant B,M-05,378.14482039373536
2026-05-15,Plant B,M-05,486.7168817884174
2026-05-15,Plant C,M-01,610.2955158258193
2026-05-15,Plant C,M-01,352.77751549376086
2026-05-15,Plant C,M-01,463.4749951430357
2026-05-15,Plant C,M-02,503.9758182565291
2026-05-15,Plant C,M-02,583.2486400737238
2026-05-15,Plant C,M-02,386.5002817450615
2026-05-15,Plant C,M-03,623.4141754732054
2026-05-15,Plant C,M-03,705.8419607924716
2026-05-15,Plant C,M-03,689.7854451482343
2026-05-15,Plant C,M-04,466.7005802774023
2026-05-15,Plant C,M-04,445.24488739259033
2026-05-15,Plant C,M-04,482.2899663848075
2026-05-15,Plant C,M-05,525.8842782900349
2026-05-15,Plant C,M-05,569.1202862630431
2026-05-15,Plant C,M-05,295.8497765066489
2026-05-16,Plant A,M-01,441.3201795941883
2026-05-16,Plant A,M-01,583.7201170545521
2026-05-16,Plant A,M-01,372.8761228954085
2026-05-16,Plant A,M-02,466.67902803886733
2026-05-16,Plant A,M-02,489.7725450332176
2026-05-16,Plant A,M-02,356.49435193987483
2026-05-16,Plant A,M-03,698.3439382995671
2026-05-16,Plant A,M-03,705.9280658699366
2026-05-16,Plant A,M-03,602.558010780309
2026-05-16,Plant A,M-04,366.8442218142789
2026-05-16,Plant A,M-04,442.88963703727063
2026-05-16,Plant A,M-04,477.3481946861263
2026-05-16,Plant A,M-05,518.4556597570635
2026-05-16,Plant A,M-05,542.6478694504721
2026-05-16,Plant A,M-05,445.99168591610095
2026-05-16,Plant B,M-01,605.5990324260936
2026-05-16,Plant B,M-01,428.6341668085717
2026-05-16,Plant B,M-01,433.47937232492075
2026-05-16,Plant B,M-02,634.3683459950489
2026-05-16,Plant B,M-02,650.5076887266181
2026-05-16,Plant B,M-02,463.53541717597733
2026-05-16,Plant B,M-03,923.2315345411998
2026-05-16,Plant B,M-03,741.8532133375287
2026-05-16,Plant B,M-03,602.5632573284538
2026-05-16,Plant B,M-04,361.5242462969028
2026-05-16,Plant B,M-04,489.57201453011146
2026-05-16,Plant B,M-04,398.94736996227806
2026-05-16,Plant B,M-05,487.2724743546796
2026-05-16,Plant B,M-05,399.0198994694755
2026-05-16,Plant B,M-05,495.09179368501674
2026-05-16,Plant C,M-01,653.3867148199677
2026-05-16,Plant C,M-01,424.7559468913736
2026-05-16,Plant C,M-01,401.79408624570266
2026-05-16,Plant C,M-02,520.189891792005
2026-05-16,Plant C,M-02,561.8718647228825
2026-05-16,Plant C,M-02,429.6505176402263
2026-05-16,Plant C,M-03,900.2166526906343
2026-05-16,Plant C,M-03,850.3423125814177
2026-05-16,Plant C,M-03,763.5993206826955
2026-05-16,Plant C,M-04,375.8200597183335
2026-05-16,Plant C,M-04,429.0803474592893
2026-05-16,Plant C,M-04,517.2440943965116
2026-05-16,Plant C,M-05,405.4403782847989
2026-05-16,Plant C,M-05,424.1871984130089
2026-05-16,Plant C,M-05,423.9744649118116
2026-05-17,Plant A,M-01,667.7391049593015
2026-05-17,Plant A,M-01,499.07978114179855
2026-05-17,Plant A,M-01,516.5019272678194
2026-05-17,Plant A,M-02,507.2968983786551
2026-05-17,Plant A,M-02,524.2809320325272
2026-05-17,Plant A,M-02,438.03446588677
2026-05-17,Plant A,M-03,899.1382570169252
2026-05-17,Plant A,M-03,755.7158250943878
2026-05-17,Plant A,M-03,639.2379679615829
2026-05-17,Plant A,M-04,477.2196582592918
2026-05-17,Plant A,M-04,367.39543306142366
2026-05-17,Plant A,M-04,420.28884502234433
2026-05-17,Plant A,M-05,303.48735554578167
2026-05-17,Plant A,M-05,489.4664230637352
2026-05-17,Plant A,M-05,466.28785180612897
2026-05-17,Plant B,M-01,554.0607421346173
2026-05-17,Plant B,M-01,343.5929741392359
2026-05-17,Plant B,M-01,583.4012964010853
2026-05-17,Plant B,M-02,414.56647772316757
2026-05-17,Plant B,M-02,661.7746922978479
2026-05-17,Plant B,M-02,423.45782695245157
2026-05-17,Plant B,M-03,1017.3660781958455
2026-05-17,Plant B,M-03,506.5253094078956
2026-05-17,Plant B,M-03,565.8011908495329
2026-05-17,Plant B,M-04,449.2142170803458
2026-05-17,Plant B,M-04,342.95582127042826
2026-05-17,Plant B,M-04,323.1749423920732
2026-05-17,Plant B,M-05,518.0798509461765
2026-05-17,Plant B,M-05,574.4988123702598
2026-05-17,Plant B,M-05,370.4198441178456
2026-05-17,Plant C,M-01,447.2191947544334
2026-05-17,Plant C,M-01,379.7902221442144
2026-05-17,Plant C,M-01,392.7810101955013
2026-05-17,Plant C,M-02,387.0421964383043
2026-05-17,Plant C,M-02,594.2146023263618
2026-05-17,Plant C,M-02,423.65126051115357
2026-05-17,Plant C,M-03,505.97135848786536
2026-05-17,Plant C,M-03,694.0824155870589
2026-05-17,Plant C,M-03,726.0088895476365
2026-05-17,Plant C,M-04,483.01833954187913
2026-05-17,Plant C,M-04,356.0184883571154
2026-05-17,Plant C,M-04,400.13580236075467
2026-05-17,Plant C,M-05,581.4789101305802
2026-05-17,Plant C,M-05,372.22436246473904
2026-05-17,Plant C,M-05,319.127045724083
2026-05-18,Plant A,M-01,601.7168450830907
2026-05-18,Plant A,M-01,508.7228188643945
2026-05-18,Plant A,M-01,487.5268419794063
2026-05-18,Plant A,M-02,491.90824817573883
2026-05-18,Plant A,M-02,480.94858315834773
2026-05-18,Plant A,M-02,422.16208539962065
2026-05-18,Plant A,M-03,618.6217755353579
2026-05-18,Plant A,M-03,587.9098088303639
2026-05-18,Plant A,M-03,512.0608856655979
2026-05-18,Plant A,M-04,559.339670160674
2026-05-18,Plant A,M-04,361.7840891923029
2026-05-18,Plant A,M-04,385.39908290369186
2026-05-18,Plant A,M-05,584.6112057747791
2026-05-18,Plant A,M-05,473.20238723281295
2026-05-18,Plant A,M-05,628.6995415660477
2026-05-18,Plant B,M-01,356.2247346173259
2026-05-18,Plant B,M-01,498.8263160926308
2026-05-18,Plant B,M-01,378.9476728301372
2026-05-18,Plant B,M-02,450.4256381402585
2026-05-18,Plant B,M-02,422.55241979081563
2026-05-18,Plant B,M-02,391.9418154223004
2026-05-18,Plant B,M-03,865.8245375502945
2026-05-18,Plant B,M-03,844.9759195807392
2026-05-18,Plant B,M-03,517.281417809224
2026-05-18,Plant B,M-04,470.54981322840763
2026-05-18,Plant B,M-04,388.12798208025504
2026-05-18,Plant B,M-04,310.8477334820546
2026-05-18,Plant B,M-05,386.4699184830718
2026-05-18,Plant B,M-05,442.5382139037592
2026-05-18,Plant B,M-05,509.32690050955864
2026-05-18,Plant C,M-01,647.9444386324477
2026-05-18,Plant C,M-01,397.7202048840316
2026-05-18,Plant C,M-01,415.7770574882647
2026-05-18,Plant C,M-02,421.46792735215035
2026-05-18,Plant C,M-02,585.9838928283067
2026-05-18,Plant C,M-02,412.3329564101968
2026-05-18,Plant C,M-03,681.9211844117435
2026-05-18,Plant C,M-03,641.6414271863437
2026-05-18,Plant C,M-03,643.4539168124909
2026-05-18,Plant C,M-04,468.4504810166623
2026-05-18,Plant C,M-04,416.28049562236265
2026-05-18,Plant C,M-04,433.4549045311352
2026-05-18,Plant C,M-05,575.7370983648915
2026-05-18,Plant C,M-05,597.3599857683278
2026-05-18,Plant C,M-05,435.65337582411803
2026-05-19,Plant A,M-01,654.7407085361849
2026-05-19,Plant A,M-01,504.8774990931413
2026-05-19,Plant A,M-01,418.79119527747247
2026-05-19,Plant A,M-02,673.5762276418037
2026-05-19,Plant A,M-02,556.230066589019
2026-05-19,Plant A,M-02,310.1412027524415
2026-05-19,Plant A,M-03,872.290691508402
2026-05-19,Plant A,M-03,626.4347269666036
2026-05-19,Plant A,M-03,529.0026867574543
2026-05-19,Plant A,M-04,521.7797515630405
2026-05-19,Plant A,M-04,427.96256492451664
2026-05-19,Plant A,M-04,298.9517395858884
2026-05-19,Plant A,M-05,487.4061695079161
2026-05-19,Plant A,M-05,590.6962380826217
2026-05-19,Plant A,M-05,368.3256796350038
2026-05-19,Plant B,M-01,524.7745646547856
2026-05-19,Plant B,M-01,416.2184165013326
2026-05-19,Plant B,M-01,437.27745048533063
2026-05-19,Plant B,M-02,629.258627865829
2026-05-19,Plant B,M-02,551.4312761121959
2026-05-19,Plant B,M-02,382.29602868913184
2026-05-19,Plant B,M-03,569.175835751305
2026-05-19,Plant B,M-03,960.6495183575516
2026-05-19,Plant B,M-03,619.743366480037
2026-05-19,Plant B,M-04,315.7966483498244
2026-05-19,Plant B,M-04,488.77239038376746
2026-05-19,Plant B,M-04,425.33598118276996
2026-05-19,Plant B,M-05,383.3463251639963
2026-05-19,Plant B,M-05,535.3692580992039
2026-05-19,Plant B,M-05,272.88005349354324
2026-05-19,Plant C,M-01,429.9782429112092
2026-05-19,Plant C,M-01,433.7475875691324
2026-05-19,Plant C,M-01,412.66237298590056
2026-05-19,Plant C,M-02,449.56984637795
2026-05-19,Plant C,M-02,385.4201595706513
2026-05-19,Plant C,M-02,492.90622532833686
2026-05-19,Plant C,M-03,860.4356488106729
2026-05-19,Plant C,M-03,775.2347266463187
2026-05-19,Plant C,M-03,529.4367758723703
2026-05-19,Plant C,M-04,567.650479627556
2026-05-19,Plant C,M-04,521.4737222078578
2026-05-19,Plant C,M-04,393.28639078019154
2026-05-19,Plant C,M-05,462.38332518187246
2026-05-19,Plant C,M-05,395.4016500742316
2026-05-19,Plant C,M-05,444.1185533744427
2026-05-20,Plant A,M-01,440.5882666219362
2026-05-20,Plant A,M-01,424.2025086686102
2026-05-20,Plant A,M-01,481.34528808929286
2026-05-20,Plant A,M-02,524.7520942833082
2026-05-20,Plant A,M-02,484.54824839632437
2026-05-20,Plant A,M-02,486.05124102795503
2026-05-20,Plant A,M-03,618.3013507956163
2026-05-20,Plant A,M-03,626.417275637341
2026-05-20,Plant A,M-03,704.6861101454058
2026-05-20,Plant A,M-04,502.5903238980511
2026-05-20,Plant A,M-04,451.36893759893144
2026-05-20,Plant A,M-04,531.1394387820986
2026-05-20,Plant A,M-05,606.4596548490312
2026-05-20,Plant A,M-05,507.40715221222547
2026-05-20,Plant A,M-05,322.5304897441009
2026-05-20,Plant B,M-01,675.0181719422981
2026-05-20,Plant B,M-01,427.1883582334037
2026-05-20,Plant B,M-01,463.95537040905054
2026-05-20,Plant B,M-02,556.125188095878
2026-05-20,Plant B,M-02,582.5431354920681
2026-05-20,Plant B,M-02,493.903068159923
2026-05-20,Plant B,M-03,559.4292807705039
2026-05-20,Plant B,M-03,755.7336352537083
2026-05-20,Plant B,M-03,623.1136043569464
2026-05-20,Plant B,M-04,346.30922776200157
2026-05-20,Plant B,M-04,366.8931705540333
2026-05-20,Plant B,M-04,333.87531364587835
2026-05-20,Plant B,M-05,497.06065761939544
2026-05-20,Plant B,M-05,456.03496928874586
2026-05-20,Plant B,M-05,356.46534534111356
2026-05-20,Plant C,M-01,400.6241596138386
2026-05-20,Plant C,M-01,421.11727262865753
2026-05-20,Plant C,M-01,366.55249971497676
2026-05-20,Plant C,M-02,405.3489274125908
2026-05-20,Plant C,M-02,536.4653360288236
2026-05-20,Plant C,M-02,375.0276214024981
2026-05-20,Plant C,M-03,736.6874538886186
2026-05-20,Plant C,M-03,904.0864159369296
2026-05-20,Plant C,M-03,642.1844515101768
2026-05-20,Plant C,M-04,548.7484908277262
2026-05-20,Plant C,M-04,490.8833197498225
2026-05-20,Plant C,M-04,335.3019210184714
2026-05-20,Plant C,M-05,521.9495549854328
2026-05-20,Plant C,M-05,511.2714698623062
2026-05-20,Plant C,M-05,498.5968585358429
2026-05-21,Plant A,M-01,513.5180109970872
2026-05-21,Plant A,M-01,545.6594933013363
2026-05-21,Plant A,M-01,384.14200904486256
2026-05-21,Plant A,M-02,394.87138624436164
2026-05-21,Plant A,M-02,557.6584823767445
2026-05-21,Plant A,M-02,448.330963805841
2026-05-21,Plant A,M-03,616.4767135420465
2026-05-21,Plant A,M-03,899.6586464069429
2026-05-21,Plant A,M-03,436.7856038466227
2026-05-21,Plant A,M-04,396.36652674443155
2026-05-21,Plant A,M-04,613.4485285215617
2026-05-21,Plant A,M-04,542.9831434575082
2026-05-21,Plant A,M-05,451.93877165109916
2026-05-21,Plant A,M-05,490.4445657005875
2026-05-21,Plant A,M-05,523.2178489767016
2026-05-21,Plant B,M-01,534.0491784950659
2026-05-21,Plant B,M-01,672.2099866452041
2026-05-21,Plant B,M-01,386.6703441495551
2026-05-21,Plant B,M-02,486.52743273611156
2026-05-21,Plant B,M-02,589.4906061325735
2026-05-21,Plant B,M-02,413.6168173945923
2026-05-21,Plant B,M-03,692.1004100278604
2026-05-21,Plant B,M-03,803.698389955872
2026-05-21,Plant B,M-03,537.8894931476257
2026-05-21,Plant B,M-04,304.76851221017415
2026-05-21,Plant B,M-04,509.351046389038
2026-05-21,Plant B,M-04,536.6108575659252
2026-05-21,Plant B,M-05,445.4177308059556
2026-05-21,Plant B,M-05,558.6365058681597
2026-05-21,Plant B,M-05,534.4073787098059
2026-05-21,Plant C,M-01,402.2860734872749
2026-05-21,Plant C,M-01,416.57206970113737
2026-05-21,Plant C,M-01,448.8665234921193
2026-05-21,Plant C,M-02,669.1296098246493
2026-05-21,Plant C,M-02,397.4354520090471
2026-05-21,Plant C,M-02,543.2233955614188
2026-05-21,Plant C,M-03,680.9533928007605
2026-05-21,Plant C,M-03,773.2271945030284
2026-05-21,Plant C,M-03,487.414368732383
2026-05-21,Plant C,M-04,626.8573101669606
2026-05-21,Plant C,M-04,617.4901671855345
2026-05-21,Plant C,M-04,580.0503018479903
2026-05-21,Plant C,M-05,437.8404742009668
2026-05-21,Plant C,M-05,649.3066554729212
2026-05-21,Plant C,M-05,331.32946749992635
2026-05-22,Plant A,M-01,541.4975883811586
2026-05-22,Plant A,M-01,416.2443439178383
2026-05-22,Plant A,M-01,512.8018633972457
2026-05-22,Plant A,M-02,345.32128723350786
2026-05-22,Plant A,M-02,481.77922760181303
2026-05-22,Plant A,M-02,377.9363504633789
2026-05-22,Plant A,M-03,646.3368229102025
2026-05-22,Plant A,M-03,598.7551656122455
2026-05-22,Plant A,M-03,718.4549191240806
2026-05-22,Plant A,M-04,491.7616651713859
2026-05-22,Plant A,M-04,485.7157570583345
2026-05-22,Plant A,M-04,376.2417870821984
2026-05-22,Plant A,M-05,440.2545567972175
2026-05-22,Plant A,M-05,478.1699629908913
2026-05-22,Plant A,M-05,686.5176209947061
2026-05-22,Plant B,M-01,505.5339189144031
2026-05-22,Plant B,M-01,348.30297349165136
2026-05-22,Plant B,M-01,505.2476347951047
2026-05-22,Plant B,M-02,581.5650415585683
2026-05-22,Plant B,M-02,417.3861177923012
2026-05-22,Plant B,M-02,461.3400292106056
2026-05-22,Plant B,M-03,707.9738863724164
2026-05-22,Plant B,M-03,776.2258682069764
2026-05-22,Plant B,M-03,712.9320828786069
2026-05-22,Plant B,M-04,336.6805799876468
2026-05-22,Plant B,M-04,252.204971538199
2026-05-22,Plant B,M-04,281.1997957215674
2026-05-22,Plant B,M-05,474.9505296322641
2026-05-22,Plant B,M-05,358.0201756231611
2026-05-22,Plant B,M-05,429.1457704718278
2026-05-22,Plant C,M-01,454.64996746242514
2026-05-22,Plant C,M-01,593.1383718270247
2026-05-22,Plant C,M-01,393.836932823707
2026-05-22,Plant C,M-02,614.9443838008581
2026-05-22,Plant C,M-02,534.2742109090603
2026-05-22,Plant C,M-02,443.60871218591467
2026-05-22,Plant C,M-03,866.3777121463779
2026-05-22,Plant C,M-03,498.195579576314
2026-05-22,Plant C,M-03,740.4927539635887
2026-05-22,Plant C,M-04,487.46716417673446
2026-05-22,Plant C,M-04,621.4166344381478
2026-05-22,Plant C,M-04,408.89737369045764
2026-05-22,Plant C,M-05,571.2311882765847
2026-05-22,Plant C,M-05,597.9138507162354
2026-05-22,Plant C,M-05,646.6707562267572
2026-05-23,Plant A,M-01,587.7610440115808
2026-05-23,Plant A,M-01,527.6305846845887
2026-05-23,Plant A,M-01,324.26562142908557
2026-05-23,Plant A,M-02,619.9938894247329
2026-05-23,Plant A,M-02,472.57173034317344
2026-05-23,Plant A,M-02,519.677469313738
2026-05-23,Plant A,M-03,853.8311174767368
2026-05-23,Plant A,M-03,659.359358590602
2026-05-23,Plant A,M-03,640.6218302726616
2026-05-23,Plant A,M-04,438.8509019900219
2026-05-23,Plant A,M-04,413.11037986283117
2026-05-23,Plant A,M-04,426.17584324455913
2026-05-23,Plant A,M-05,359.3712497253129
2026-05-23,Plant A,M-05,556.8856262719115
2026-05-23,Plant A,M-05,401.31822858233414
2026-05-23,Plant B,M-01,553.8982626103378
2026-05-23,Plant B,M-01,348.74281035594163
2026-05-23,Plant B,M-01,470.4548532935157
2026-05-23,Plant B,M-02,479.4620370426916
2026-05-23,Plant B,M-02,392.05147256373823
2026-05-23,Plant B,M-02,333.1582445642465
2026-05-23,Plant B,M-03,1001.2243890749204
2026-05-23,Plant B,M-03,833.8226456457254
2026-05-23,Plant B,M-03,779.8746794966056
2026-05-23,Plant B,M-04,270.82084069909905
2026-05-23,Plant B,M-04,477.92477168070843
2026-05-23,Plant B,M-04,333.84050346736325
2026-05-23,Plant B,M-05,457.6134791227176
2026-05-23,Plant B,M-05,550.2566776215336
2026-05-23,Plant B,M-05,277.51604429248357
2026-05-23,Plant C,M-01,647.2910246119018
2026-05-23,Plant C,M-01,336.9276699016067
2026-05-23,Plant C,M-01,350.26320171025867
2026-05-23,Plant C,M-02,355.75772944906413
2026-05-23,Plant C,M-02,651.0037328997815
2026-05-23,Plant C,M-02,467.3729968012079
2026-05-23,Plant C,M-03,760.1147211781871
2026-05-23,Plant C,M-03,640.502726949545
2026-05-23,Plant C,M-03,754.0349549163416
2026-05-23,Plant C,M-04,378.89153989785035
2026-05-23,Plant C,M-04,341.3076587417561
2026-05-23,Plant C,M-04,359.2893639062394
2026-05-23,Plant C,M-05,531.3077515562866
2026-05-23,Plant C,M-05,538.6875849881676
2026-05-23,Plant C,M-05,382.6335771189955
2026-05-24,Plant A,M-01,492.13359237390085
2026-05-24,Plant A,M-01,578.2965346815889
2026-05-24,Plant A,M-01,396.7670341508379
2026-05-24,Plant A,M-02,542.3581707258866
2026-05-24,Plant A,M-02,549.4725661618497
2026-05-24,Plant A,M-02,396.8469176120198
2026-05-24,Plant A,M-03,652.4674630048403
2026-05-24,Plant A,M-03,638.9009983536452
2026-05-24,Plant A,M-03,602.7479879659412
2026-05-24,Plant A,M-04,569.2562531574836
2026-05-24,Plant A,M-04,536.1816927486032
2026-05-24,Plant A,M-04,435.6817835988333
2026-05-24,Plant A,M-05,468.3452736440788
2026-05-24,Plant A,M-05,394.4361796556762
2026-05-24,Plant A,M-05,510.0829068071032
2026-05-24,Plant B,M-01,466.6466892711174
2026-05-24,Plant B,M-01,579.2004124480953
2026-05-24,Plant B,M-01,503.10435257058003
2026-05-24,Plant B,M-02,503.1487266476852
2026-05-24,Plant B,M-02,595.4998418006398
2026-05-24,Plant B,M-02,520.0143726789753
2026-05-24,Plant B,M-03,801.1884942839804
2026-05-24,Plant B,M-03,720.0388166304394
2026-05-24,Plant B,M-03,606.0792240525464
2026-05-24,Plant B,M-04,645.2703536578998
2026-05-24,Plant B,M-04,422.54236392942784
2026-05-24,Plant B,M-04,401.1972285809089
2026-05-24,Plant B,M-05,498.3048667007931
2026-05-24,Plant B,M-05,507.4953402036134
2026-05-24,Plant B,M-05,395.93868379812415
2026-05-24,Plant C,M-01,653.0922824522528
2026-05-24,Plant C,M-01,425.71446908940914
2026-05-24,Plant C,M-01,525.294685981276
2026-05-24,Plant C,M-02,407.6923137008734
2026-05-24,Plant C,M-02,493.76811101713804
2026-05-24,Plant C,M-02,595.5600334067958
2026-05-24,Plant C,M-03,772.8223191252008
2026-05-24,Plant C,M-03,694.6255605976639
2026-05-24,Plant C,M-03,767.725991249851
2026-05-24,Plant C,M-04,486.79524064506813
2026-05-24,Plant C,M-04,353.0609333724761
2026-05-24,Plant C,M-04,459.87529508410137
2026-05-24,Plant C,M-05,346.96469625739337
2026-05-24,Plant C,M-05,661.884054604576
2026-05-24,Plant C,M-05,369.2900515433229
2026-05-25,Plant A,M-01,422.87913285917523
2026-05-25,Plant A,M-01,430.04385487191945
2026-05-25,Plant A,M-01,495.5132969641487
2026-05-25,Plant A,M-02,454.3892494546626
2026-05-25,Plant A,M-02,490.4362943422999
2026-05-25,Plant A,M-02,331.9921673749816
2026-05-25,Plant A,M-03,860.9303145739474
2026-05-25,Plant A,M-03,834.2771162788545
2026-05-25,Plant A,M-03,715.4759893956389
2026-05-25,Plant A,M-04,509.35501672103186
2026-05-25,Plant A,M-04,487.8384823731443
2026-05-25,Plant A,M-04,412.03280235715306
2026-05-25,Plant A,M-05,553.0131003696624
2026-05-25,Plant A,M-05,486.3123201589392
2026-05-25,Plant A,M-05,572.8965674618054
2026-05-25,Plant B,M-01,613.0130152963602
2026-05-25,Plant B,M-01,371.1488620102259
2026-05-25,Plant B,M-01,462.02633154041825
2026-05-25,Plant B,M-02,434.67047861255554
2026-05-25,Plant B,M-02,484.48268417095557
2026-05-25,Plant B,M-02,431.99547063458124
2026-05-25,Plant B,M-03,657.1308440006086
2026-05-25,Plant B,M-03,703.7167251934186
2026-05-25,Plant B,M-03,585.815364277686
2026-05-25,Plant B,M-04,321.4623748648923
2026-05-25,Plant B,M-04,330.0651349924626
2026-05-25,Plant B,M-04,208.69725101223636
2026-05-25,Plant B,M-05,410.48508315748245
2026-05-25,Plant B,M-05,563.4713092640765
2026-05-25,Plant B,M-05,353.1887278022498
2026-05-25,Plant C,M-01,610.5881973905144
2026-05-25,Plant C,M-01,410.35459224272864
2026-05-25,Plant C,M-01,577.1280794992156
2026-05-25,Plant C,M-02,437.10885108330467
2026-05-25,Plant C,M-02,434.2303845768313
2026-05-25,Plant C,M-02,430.24265098034806
2026-05-25,Plant C,M-03,871.0521435353627
2026-05-25,Plant C,M-03,671.258991983518
2026-05-25,Plant C,M-03,670.0503407198014
2026-05-25,Plant C,M-04,412.2637662983893
2026-05-25,Plant C,M-04,520.7717062455866
2026-05-25,Plant C,M-04,290.72899520248455
2026-05-25,Plant C,M-05,454.5017519359326
2026-05-25,Plant C,M-05,433.2212548714445
2026-05-25,Plant C,M-05,362.83982441880335
2026-05-26,Plant A,M-01,571.8266165175112
2026-05-26,Plant A,M-01,513.259831131364
2026-05-26,Plant A,M-01,284.58666999798766
2026-05-26,Plant A,M-02,482.3109195578715
2026-05-26,Plant A,M-02,360.7997472819359
2026-05-26,Plant A,M-02,406.7167154573869
2026-05-26,Plant A,M-03,826.3678395959818
2026-05-26,Plant A,M-03,823.3947696678168
2026-05-26,Plant A,M-03,676.5666066810561
2026-05-26,Plant A,M-04,538.6040181558036
2026-05-26,Plant A,M-04,464.45728841163395
2026-05-26,Plant A,M-04,394.3616131548723
2026-05-26,Plant A,M-05,422.5764232455117
2026-05-26,Plant A,M-05,482.4055511009534
2026-05-26,Plant A,M-05,547.5045967801886
2026-05-26,Plant B,M-01,581.0267805882853
2026-05-26,Plant B,M-01,443.0413981574955
2026-05-26,Plant B,M-01,410.4221449231771
2026-05-26,Plant B,M-02,588.7345370860445
2026-05-26,Plant B,M-02,604.3290559126467
2026-05-26,Plant B,M-02,469.97313405252254
2026-05-26,Plant B,M-03,821.7744316771627
2026-05-26,Plant B,M-03,741.6788748947137
2026-05-26,Plant B,M-03,628.8730618400858
2026-05-26,Plant B,M-04,586.8579863553812
2026-05-26,Plant B,M-04,323.096184324772
2026-05-26,Plant B,M-04,402.6281971237578
2026-05-26,Plant B,M-05,500.0142033837901
2026-05-26,Plant B,M-05,393.9302772571299
2026-05-26,Plant B,M-05,341.85956267886274
2026-05-26,Plant C,M-01,505.6587185493486
2026-05-26,Plant C,M-01,522.7807023260342
2026-05-26,Plant C,M-01,487.54197145209497
2026-05-26,Plant C,M-02,700.7635250242051
2026-05-26,Plant C,M-02,417.36775552749026
2026-05-26,Plant C,M-02,507.99843098061126
2026-05-26,Plant C,M-03,584.9066830511099
2026-05-26,Plant C,M-03,845.6045197379871
2026-05-26,Plant C,M-03,616.208205082435
2026-05-26,Plant C,M-04,468.69847816723757
2026-05-26,Plant C,M-04,452.6492572498744
2026-05-26,Plant C,M-04,413.8961522237072
2026-05-26,Plant C,M-05,677.6845114501155
2026-05-26,Plant C,M-05,449.2965591682493
2026-05-26,Plant C,M-05,477.3782982877655
2026-05-27,Plant A,M-01,324.749500304715
2026-05-27,Plant A,M-01,654.9113452750553
2026-05-27,Plant A,M-01,424.5553989938861
2026-05-27,Plant A,M-02,404.3880435384864
2026-05-27,Plant A,M-02,406.4415134315948
2026-05-27,Plant A,M-02,434.0745358519486
2026-05-27,Plant A,M-03,718.6430590893902
2026-05-27,Plant A,M-03,737.9256302903427
2026-05-27,Plant A,M-03,807.8474352217105
2026-05-27,Plant A,M-04,446.0868171770349
2026-05-27,Plant A,M-04,521.8704064809683
2026-05-27,Plant A,M-04,469.5466391178907
2026-05-27,Plant A,M-05,465.70530295457814
2026-05-27,Plant A,M-05,591.7305491956529
2026-05-27,Plant A,M-05,610.3072652835284
2026-05-27,Plant B,M-01,567.5719162078667
2026-05-27,Plant B,M-01,613.9938194430683
2026-05-27,Plant B,M-01,439.2384950997574
2026-05-27,Plant B,M-02,363.6885689353072
2026-05-27,Plant B,M-02,337.03530752981726
2026-05-27,Plant B,M-02,565.4716168488217
2026-05-27,Plant B,M-03,714.500239773131
2026-05-27,Plant B,M-03,751.5117454615561
2026-05-27,Plant B,M-03,742.7857356791964
2026-05-27,Plant B,M-04,442.27879012736213
2026-05-27,Plant B,M-04,287.62892149706033
2026-05-27,Plant B,M-04,449.45195911137466
2026-05-27,Plant B,M-05,391.18122905850356
2026-05-27,Plant B,M-05,487.5554628139162
2026-05-27,Plant B,M-05,402.43981362537033
2026-05-27,Plant C,M-01,607.886214819428
2026-05-27,Plant C,M-01,496.14860396882943
2026-05-27,Plant C,M-01,398.32791794935895
2026-05-27,Plant C,M-02,612.9532898613776
2026-05-27,Plant C,M-02,518.5641962755302
2026-05-27,Plant C,M-02,481.33569408223
2026-05-27,Plant C,M-03,729.0277179077486
2026-05-27,Plant C,M-03,799.3388422496893
2026-05-27,Plant C,M-03,707.5254042186142
2026-05-27,Plant C,M-04,656.1645616649276
2026-05-27,Plant C,M-04,612.6594108675321
2026-05-27,Plant C,M-04,597.857660237497
2026-05-27,Plant C,M-05,546.6418433244943
2026-05-27,Plant C,M-05,521.730382621944
2026-05-27,Plant C,M-05,454.6547763419092
2026-05-28,Plant A,M-01,505.5740174985324
2026-05-28,Plant A,M-01,553.0460885927572
2026-05-28,Plant A,M-01,426.93831877132146
2026-05-28,Plant A,M-02,463.5486564524165
2026-05-28,Plant A,M-02,520.4254992383829
2026-05-28,Plant A,M-02,405.43466852463837
2026-05-28,Plant A,M-03,646.343122462204
2026-05-28,Plant A,M-03,697.239134557012
2026-05-28,Plant A,M-03,609.3642567297456
2026-05-28,Plant A,M-04,464.62556661832554
2026-05-28,Plant A,M-04,520.1467214411084
2026-05-28,Plant A,M-04,330.53932578110255
2026-05-28,Plant A,M-05,497.88457014237275
2026-05-28,Plant A,M-05,539.4860243411209
2026-05-28,Plant A,M-05,453.97800518208464
2026-05-28,Plant B,M-01,541.3638486742659
2026-05-28,Plant B,M-01,564.9592416926979
2026-05-28,Plant B,M-01,471.3650561376818
2026-05-28,Plant B,M-02,428.9409009211512
2026-05-28,Plant B,M-02,448.64628136123673
2026-05-28,Plant B,M-02,558.0411460429516
2026-05-28,Plant B,M-03,816.7575930918922
2026-05-28,Plant B,M-03,659.8998274375435
2026-05-28,Plant B,M-03,629.7212878236155
2026-05-28,Plant B,M-04,484.46377070988865
2026-05-28,Plant B,M-04,421.8266668965459
2026-05-28,Plant B,M-04,397.81537514487496
2026-05-28,Plant B,M-05,385.20971551088525
2026-05-28,Plant B,M-05,415.86922850359775
2026-05-28,Plant B,M-05,527.0681722956031
2026-05-28,Plant C,M-01,460.2885800488006
2026-05-28,Plant C,M-01,449.16935481473513
2026-05-28,Plant C,M-01,404.7913889861191
2026-05-28,Plant C,M-02,550.0409968884093
2026-05-28,Plant C,M-02,439.2593662309116
2026-05-28,Plant C,M-02,461.75393187610894
2026-05-28,Plant C,M-03,867.2798433133078
2026-05-28,Plant C,M-03,613.734831410628
2026-05-28,Plant C,M-03,661.4503925791889
2026-05-28,Plant C,M-04,590.5494448564517
2026-05-28,Plant C,M-04,461.26836468166067
2026-05-28,Plant C,M-04,305.02191771807844
2026-05-28,Plant C,M-05,494.9128843889732
2026-05-28,Plant C,M-05,518.4069711306948
2026-05-28,Plant C,M-05,456.75840717026244
2026-05-29,Plant A,M-01,438.1422868986109
2026-05-29,Plant A,M-01,328.38784031724987
2026-05-29,Plant A,M-01,552.4446221689875
2026-05-29,Plant A,M-02,631.4540728991075
2026-05-29,Plant A,M-02,603.5288605788949
2026-05-29,Plant A,M-02,328.6412498592578
2026-05-29,Plant A,M-03,575.4938759783723
2026-05-29,Plant A,M-03,532.7767712123231
2026-05-29,Plant A,M-03,505.3718519865386
2026-05-29,Plant A,M-04,441.352160533772
2026-05-29,Plant A,M-04,438.9565586693971
2026-05-29,Plant A,M-04,503.79173863451473
2026-05-29,Plant A,M-05,620.9839450022553
2026-05-29,Plant A,M-05,445.5550526472817
2026-05-29,Plant A,M-05,511.5006372058043
2026-05-29,Plant B,M-01,532.0271336643791
2026-05-29,Plant B,M-01,536.9255734090848
2026-05-29,Plant B,M-01,548.9273257260579
2026-05-29,Plant B,M-02,573.2482728967224
2026-05-29,Plant B,M-02,612.2674534836717
2026-05-29,Plant B,M-02,591.2870686771907
2026-05-29,Plant B,M-03,663.9223726076681
2026-05-29,Plant B,M-03,603.100408171359
2026-05-29,Plant B,M-03,556.9772885290106
2026-05-29,Plant B,M-04,278.9496280886245
2026-05-29,Plant B,M-04,404.05843903510277
2026-05-29,Plant B,M-04,527.6898412384393
2026-05-29,Plant B,M-05,457.3171649052885
2026-05-29,Plant B,M-05,440.67797681047665
2026-05-29,Plant B,M-05,466.27694092945023
2026-05-29,Plant C,M-01,459.04924864970525
2026-05-29,Plant C,M-01,619.055354960325
2026-05-29,Plant C,M-01,542.2763771806092
2026-05-29,Plant C,M-02,516.2606073883168
2026-05-29,Plant C,M-02,548.1853017571011
2026-05-29,Plant C,M-02,427.12651955606276
2026-05-29,Plant C,M-03,654.3423903062354
2026-05-29,Plant C,M-03,641.1122449344508
2026-05-29,Plant C,M-03,648.7864064836119
2026-05-29,Plant C,M-04,560.5156170173599
2026-05-29,Plant C,M-04,505.3427521381056
2026-05-29,Plant C,M-04,447.91060982385017
2026-05-29,Plant C,M-05,513.5439711897533
2026-05-29,Plant C,M-05,417.8590235462302
2026-05-29,Plant C,M-05,415.70533787686367
2026-05-30,Plant A,M-01,346.2151119642891
2026-05-30,Plant A,M-01,482.77728171831694
2026-05-30,Plant A,M-01,450.7822266255906
2026-05-30,Plant A,M-02,461.8606068797162
2026-05-30,Plant A,M-02,548.7801930300568
2026-05-30,Plant A,M-02,436.7876652135184
2026-05-30,Plant A,M-03,551.4778771048167
2026-05-30,Plant A,M-03,862.3841930836318
2026-05-30,Plant A,M-03,581.1129311930379
2026-05-30,Plant A,M-04,482.2242648232284
2026-05-30,Plant A,M-04,421.52452165558987
2026-05-30,Plant A,M-04,422.8122119305827
2026-05-30,Plant A,M-05,466.0407721602842
2026-05-30,Plant A,M-05,516.0420041106735
2026-05-30,Plant A,M-05,437.92467583610437
2026-05-30,Plant B,M-01,351.38298294204697
2026-05-30,Plant B,M-01,556.6399956323731
2026-05-30,Plant B,M-01,588.4206432648716
2026-05-30,Plant B,M-02,614.1629849182287
2026-05-30,Plant B,M-02,494.8127847321774
2026-05-30,Plant B,M-02,426.1064332263094
2026-05-30,Plant B,M-03,846.4236395529527
2026-05-30,Plant B,M-03,742.7866539425137
2026-05-30,Plant B,M-03,564.6705116645704
2026-05-30,Plant B,M-04,467.5946796606415
2026-05-30,Plant B,M-04,296.0090641329407
2026-05-30,Plant B,M-04,278.5567931755679
2026-05-30,Plant B,M-05,401.94012717754237
2026-05-30,Plant B,M-05,516.5583362469919
2026-05-30,Plant B,M-05,375.7936167777596
2026-05-30,Plant C,M-01,578.2250441673974
2026-05-30,Plant C,M-01,464.0519488431629
2026-05-30,Plant C,M-01,390.3942582547882
2026-05-30,Plant C,M-02,384.1256765346706
2026-05-30,Plant C,M-02,341.2312380289432
2026-05-30,Plant C,M-02,393.21810585793844
2026-05-30,Plant C,M-03,885.7837488329013
2026-05-30,Plant C,M-03,773.8072611178218
2026-05-30,Plant C,M-03,722.6755457505807
2026-05-30,Plant C,M-04,533.297337169624
2026-05-30,Plant C,M-04,341.4408803362187
2026-05-30,Plant C,M-04,402.19828793085173
2026-05-30,Plant C,M-05,560.9503424867019
2026-05-30,Plant C,M-05,531.8700051167287
2026-05-30,Plant C,M-05,499.8416525740432
2026-05-31,Plant A,M-01,560.2211413638099
2026-05-31,Plant A,M-01,389.24719098192196
2026-05-31,Plant A,M-01,392.2781637885243
2026-05-31,Plant A,M-02,454.4862431293774
2026-05-31,Plant A,M-02,447.5220556551094
2026-05-31,Plant A,M-02,561.8096695166065
2026-05-31,Plant A,M-03,956.9864502645083
2026-05-31,Plant A,M-03,796.0006224213209
2026-05-31,Plant A,M-03,568.0099714375555
2026-05-31,Plant A,M-04,461.627023504943
2026-05-31,Plant A,M-04,676.488982019139
2026-05-31,Plant A,M-04,426.60105864415647
2026-05-31,Plant A,M-05,516.9035259845908
2026-05-31,Plant A,M-05,675.301782784552
2026-05-31,Plant A,M-05,324.88752993714405
2026-05-31,Plant B,M-01,558.7645347814006
2026-05-31,Plant B,M-01,503.2250567099152
2026-05-31,Plant B,M-01,440.3379392347589
2026-05-31,Plant B,M-02,466.22974416250304
2026-05-31,Plant B,M-02,519.9381608491166
2026-05-31,Plant B,M-02,445.68223986816764
2026-05-31,Plant B,M-03,839.2190321320165
2026-05-31,Plant B,M-03,628.2078151120787
2026-05-31,Plant B,M-03,702.9536832739032
2026-05-31,Plant B,M-04,413.52256216561534
2026-05-31,Plant B,M-04,446.3685101776536
2026-05-31,Plant B,M-04,339.3839016314438
2026-05-31,Plant B,M-05,451.88547279219057
2026-05-31,Plant B,M-05,510.95554060668866
2026-05-31,Plant B,M-05,358.89371821207277
2026-05-31,Plant C,M-01,580.4244424277413
2026-05-31,Plant C,M-01,490.57265239407553
2026-05-31,Plant C,M-01,493.6926267580656
2026-05-31,Plant C,M-02,730.4960875144699
2026-05-31,Plant C,M-02,504.65202880004495
2026-05-31,Plant C,M-02,380.91152344075147
2026-05-31,Plant C,M-03,757.0347349336272
2026-05-31,Plant C,M-03,597.0190094765164
2026-05-31,Plant C,M-03,632.1536255849722
2026-05-31,Plant C,M-04,439.90120876103043
2026-05-31,Plant C,M-04,577.7282247187029
2026-05-31,Plant C,M-04,344.50967753791065
2026-05-31,Plant C,M-05,762.988784372928
2026-05-31,Plant C,M-05,497.1729156674776
2026-05-31,Plant C,M-05,389.5948138294425
2026-06-01,Plant A,M-01,649.1393300964968
2026-06-01,Plant A,M-01,452.19865058626414
2026-06-01,Plant A,M-01,445.61435618412946
2026-06-01,Plant A,M-02,504.8790874941638
2026-06-01,Plant A,M-02,709.4031927638122
2026-06-01,Plant A,M-02,544.6019324533946
2026-06-01,Plant A,M-03,636.3504114633068
2026-06-01,Plant A,M-03,594.1049901464571
2026-06-01,Plant A,M-03,490.1624463308292
2026-06-01,Plant A,M-04,509.8838249032623
2026-06-01,Plant A,M-04,391.2119056798058
2026-06-01,Plant A,M-04,319.63579420118987
2026-06-01,Plant A,M-05,687.0960384988753
2026-06-01,Plant A,M-05,536.6686323094528
2026-06-01,Plant A,M-05,349.88129326728415
2026-06-01,Plant B,M-01,376.72036179965625
2026-06-01,Plant B,M-01,674.6446205821036
2026-06-01,Plant B,M-01,405.08932558670574
2026-06-01,Plant B,M-02,365.51946506788033
2026-06-01,Plant B,M-02,401.8745063391315
2026-06-01,Plant B,M-02,411.13662674217085
2026-06-01,Plant B,M-03,488.570050440558
2026-06-01,Plant B,M-03,770.4274922079356
2026-06-01,Plant B,M-03,664.5662045327523
2026-06-01,Plant B,M-04,519.2095166440047
2026-06-01,Plant B,M-04,347.476070325575
2026-06-01,Plant B,M-04,256.70596894346664
2026-06-01,Plant B,M-05,462.8390718872557
2026-06-01,Plant B,M-05,501.96316500655
2026-06-01,Plant B,M-05,524.3331125953886
2026-06-01,Plant C,M-01,614.7062125674269
2026-06-01,Plant C,M-01,468.07706931688523
2026-06-01,Plant C,M-01,538.4389485316148
2026-06-01,Plant C,M-02,369.8098979221133
2026-06-01,Plant C,M-02,508.5985139361423
2026-06-01,Plant C,M-02,659.8780080044097
2026-06-01,Plant C,M-03,776.9554923848366
2026-06-01,Plant C,M-03,560.2859486749752
2026-06-01,Plant C,M-03,962.0733341985574
2026-06-01,Plant C,M-04,579.0201766402892
2026-06-01,Plant C,M-04,353.5675916707834
2026-06-01,Plant C,M-04,590.4978347843003
2026-06-01,Plant C,M-05,405.26999374766535
2026-06-01,Plant C,M-05,667.0647955480567
2026-06-01,Plant C,M-05,364.7925550968554
2026-06-02,Plant A,M-01,461.1088877459777
2026-06-02,Plant A,M-01,531.8479022693332
2026-06-02,Plant A,M-01,340.7485294730344
2026-06-02,Plant A,M-02,395.1113380110377
2026-06-02,Plant A,M-02,474.4916235917269
2026-06-02,Plant A,M-02,446.12112213813106
2026-06-02,Plant A,M-03,793.1374170537192
2026-06-02,Plant A,M-03,654.9774653682582
2026-06-02,Plant A,M-03,665.3086169939289
2026-06-02,Plant A,M-04,418.17564364044745
2026-06-02,Plant A,M-04,566.0707741607665
2026-06-02,Plant A,M-04,345.75807860992296
2026-06-02,Plant A,M-05,403.53523689416267
2026-06-02,Plant A,M-05,447.27812007730824
2026-06-02,Plant A,M-05,316.6188557311989
2026-06-02,Plant B,M-01,564.0292547387502
2026-06-02,Plant B,M-01,642.3519391621919
2026-06-02,Plant B,M-01,448.1025907886114
2026-06-02,Plant B,M-02,497.6471287165664
2026-06-02,Plant B,M-02,409.07856724945583
2026-06-02,Plant B,M-02,409.88326903644037
2026-06-02,Plant B,M-03,872.8132574848755
2026-06-02,Plant B,M-03,645.7460651802228
2026-06-02,Plant B,M-03,767.4547813286779
2026-06-02,Plant B,M-04,584.8585642484552
2026-06-02,Plant B,M-04,447.803390818499
2026-06-02,Plant B,M-04,287.87446019556967
2026-06-02,Plant B,M-05,459.88585016889294
2026-06-02,Plant B,M-05,554.2245710753937
2026-06-02,Plant B,M-05,386.23853391513927
2026-06-02,Plant C,M-01,446.75284697791034
2026-06-02,Plant C,M-01,538.1379982830957
2026-06-02,Plant C,M-01,484.937603743937
2026-06-02,Plant C,M-02,428.01369332454175
2026-06-02,Plant C,M-02,374.71327684485306
2026-06-02,Plant C,M-02,563.7718820230035
2026-06-02,Plant C,M-03,803.8155428461027
2026-06-02,Plant C,M-03,577.2811145911188
2026-06-02,Plant C,M-03,758.1073540807743
2026-06-02,Plant C,M-04,714.2908539142705
2026-06-02,Plant C,M-04,455.9320825821689
2026-06-02,Plant C,M-04,366.21776533325095
2026-06-02,Plant C,M-05,438.1729022005377
2026-06-02,Plant C,M-05,426.88216475774993
2026-06-02,Plant C,M-05,504.0428466002232
2026-06-03,Plant A,M-01,530.7701588341097
2026-06-03,Plant A,M-01,522.5194877053715
2026-06-03,Plant A,M-01,302.9169386061504
2026-06-03,Plant A,M-02,520.4252578577491
2026-06-03,Plant A,M-02,367.16105007538897
2026-06-03,Plant A,M-02,431.20932608870737
2026-06-03,Plant A,M-03,946.5486490259702
2026-06-03,Plant A,M-03,552.5689507714811
2026-06-03,Plant A,M-03,466.9775032859114
2026-06-03,Plant A,M-04,523.3388008715763
2026-06-03,Plant A,M-04,446.37884514519516
2026-06-03,Plant A,M-04,405.69331419299846
2026-06-03,Plant A,M-05,351.00770866140203
2026-06-03,Plant A,M-05,494.82291031641296
2026-06-03,Plant A,M-05,398.7380644766915
2026-06-03,Plant B,M-01,374.691073447457
2026-06-03,Plant B,M-01,540.6809736804934
2026-06-03,Plant B,M-01,462.36804181842035
2026-06-03,Plant B,M-02,533.568761270636
2026-06-03,Plant B,M-02,500.1253037675179
2026-06-03,Plant B,M-02,516.7987485857095
2026-06-03,Plant B,M-03,705.9170559847852
2026-06-03,Plant B,M-03,649.4162409776447
2026-06-03,Plant B,M-03,663.0870234623035
2026-06-03,Plant B,M-04,391.69135164930566
2026-06-03,Plant B,M-04,357.3959272062421
2026-06-03,Plant B,M-04,235.7255086589662
2026-06-03,Plant B,M-05,570.7589311906295
2026-06-03,Plant B,M-05,378.461047277615
2026-06-03,Plant B,M-05,431.1856585415408
2026-06-03,Plant C,M-01,436.7638436530052
2026-06-03,Plant C,M-01,407.465404474731
2026-06-03,Plant C,M-01,423.733684814641
2026-06-03,Plant C,M-02,599.5889905360062
2026-06-03,Plant C,M-02,501.4083838898228
2026-06-03,Plant C,M-02,491.08949404127833
2026-06-03,Plant C,M-03,795.4067605231088
2026-06-03,Plant C,M-03,799.0618576826645
2026-06-03,Plant C,M-03,454.3893069040215
2026-06-03,Plant C,M-04,567.5895345628705
2026-06-03,Plant C,M-04,466.04534901875246
2026-06-03,Plant C,M-04,325.6302811225565
2026-06-03,Plant C,M-05,432.978599366575
2026-06-03,Plant C,M-05,510.1139122902919
2026-06-03,Plant C,M-05,313.78879014803954
2026-06-04,Plant A,M-01,514.4616769924049
2026-06-04,Plant A,M-01,587.6117432328892
2026-06-04,Plant A,M-01,399.1509082604263
2026-06-04,Plant A,M-02,478.25460552702924
2026-06-04,Plant A,M-02,562.3255699964002
2026-06-04,Plant A,M-02,409.5785026840626
2026-06-04,Plant A,M-03,788.76944967706
2026-06-04,Plant A,M-03,578.2868419711626
2026-06-04,Plant A,M-03,653.5508516455586
2026-06-04,Plant A,M-04,427.94858169143737
2026-06-04,Plant A,M-04,354.41673327049216
2026-06-04,Plant A,M-04,359.53375662725244
2026-06-04,Plant A,M-05,334.61952673937276
2026-06-04,Plant A,M-05,480.3887769500505
2026-06-04,Plant A,M-05,433.9791935626407
2026-06-04,Plant B,M-01,464.0683297038679
2026-06-04,Plant B,M-01,488.0462620671805
2026-06-04,Plant B,M-01,568.4503626107278
2026-06-04,Plant B,M-02,458.56694714761824
2026-06-04,Plant B,M-02,397.7376001933511
2026-06-04,Plant B,M-02,431.85870202168326
2026-06-04,Plant B,M-03,711.2311488156174
2026-06-04,Plant B,M-03,622.973233900615
2026-06-04,Plant B,M-03,556.949284025584
2026-06-04,Plant B,M-04,328.9932313137186
2026-06-04,Plant B,M-04,393.1686929978213
2026-06-04,Plant B,M-04,421.12892099448146
2026-06-04,Plant B,M-05,697.6360360874032
2026-06-04,Plant B,M-05,448.22579818811926
2026-06-04,Plant B,M-05,339.6327881662433
2026-06-04,Plant C,M-01,590.1843633453935
2026-06-04,Plant C,M-01,669.5337971645524
2026-06-04,Plant C,M-01,497.3702712863275
2026-06-04,Plant C,M-02,343.8002228219385
2026-06-04,Plant C,M-02,387.946228957192
2026-06-04,Plant C,M-02,477.15955170069253
2026-06-04,Plant C,M-03,794.6184778429707
2026-06-04,Plant C,M-03,812.5242819204186
2026-06-04,Plant C,M-03,782.5979663307961
2026-06-04,Plant C,M-04,373.05279956877655
2026-06-04,Plant C,M-04,480.41404527596785
2026-06-04,Plant C,M-04,450.00643880196355
2026-06-04,Plant C,M-05,474.1341382126946
2026-06-04,Plant C,M-05,571.7387667368444
2026-06-04,Plant C,M-05,495.57854259153135
2026-06-05,Plant A,M-01,391.0884799409132
2026-06-05,Plant A,M-01,453.26995540979794
2026-06-05,Plant A,M-01,371.3095053544408
2026-06-05,Plant A,M-02,344.65213505803194
2026-06-05,Plant A,M-02,525.812573770726
2026-06-05,Plant A,M-02,288.79476183845793
2026-06-05,Plant A,M-03,757.0759000051765
2026-06-05,Plant A,M-03,646.9819263475656
2026-06-05,Plant A,M-03,589.1773489779854
2026-06-05,Plant A,M-04,502.6757897675558
2026-06-05,Plant A,M-04,397.83922523337424
2026-06-05,Plant A,M-04,357.433598647363
2026-06-05,Plant A,M-05,571.4045453285873
2026-06-05,Plant A,M-05,582.8412944050368
2026-06-05,Plant A,M-05,516.6053121980488
2026-06-05,Plant B,M-01,450.64446081008714
2026-06-05,Plant B,M-01,634.2913366864631
2026-06-05,Plant B,M-01,528.8225714128815
2026-06-05,Plant B,M-02,369.0896275644685
2026-06-05,Plant B,M-02,417.1053778737203
2026-06-05,Plant B,M-02,493.53748304703936
2026-06-05,Plant B,M-03,630.6063646548319
2026-06-05,Plant B,M-03,667.0411991829612
2026-06-05,Plant B,M-03,722.9678401086942
2026-06-05,Plant B,M-04,377.19999117100923
2026-06-05,Plant B,M-04,261.9036038267847
2026-06-05,Plant B,M-04,357.95021873714114
2026-06-05,Plant B,M-05,623.3786526003605
2026-06-05,Plant B,M-05,642.5964470463089
2026-06-05,Plant B,M-05,538.300269394437
2026-06-05,Plant C,M-01,439.8413417096871
2026-06-05,Plant C,M-01,547.9369548037832
2026-06-05,Plant C,M-01,374.4752064386179
2026-06-05,Plant C,M-02,421.7899366365729
2026-06-05,Plant C,M-02,481.3190029789914
2026-06-05,Plant C,M-02,376.3661572247985
2026-06-05,Plant C,M-03,820.5880131325646
2026-06-05,Plant C,M-03,842.4727600289098
2026-06-05,Plant C,M-03,583.0687485330047
2026-06-05,Plant C,M-04,475.0519498523287
2026-06-05,Plant C,M-04,327.87911503578414
2026-06-05,Plant C,M-04,433.3210447914476
2026-06-05,Plant C,M-05,532.4818294431182
2026-06-05,Plant C,M-05,333.4006508780866
2026-06-05,Plant C,M-05,366.16798239532756
2026-06-06,Plant A,M-01,539.1862275255945
2026-06-06,Plant A,M-01,419.4402122560632
2026-06-06,Plant A,M-01,459.7507633851759
2026-06-06,Plant A,M-02,553.2509989712888
2026-06-06,Plant A,M-02,468.20248856784
2026-06-06,Plant A,M-02,544.8216960054383
2026-06-06,Plant A,M-03,763.6707953191317
2026-06-06,Plant A,M-03,698.6124668143193
2026-06-06,Plant A,M-03,585.8251016004771
2026-06-06,Plant A,M-04,661.343787406839
2026-06-06,Plant A,M-04,492.9925961234534
2026-06-06,Plant A,M-04,305.1247174256429
2026-06-06,Plant A,M-05,532.0302404460324
2026-06-06,Plant A,M-05,515.1717296515662
2026-06-06,Plant A,M-05,511.90928780594555
2026-06-06,Plant B,M-01,405.00503492971995
2026-06-06,Plant B,M-01,358.3576077455711
2026-06-06,Plant B,M-01,353.76157243700914
2026-06-06,Plant B,M-02,532.9237083768735
2026-06-06,Plant B,M-02,541.5903444143084
2026-06-06,Plant B,M-02,359.7395135143965
2026-06-06,Plant B,M-03,693.9107703387883
2026-06-06,Plant B,M-03,788.2633045219266
2026-06-06,Plant B,M-03,797.9902484672441
2026-06-06,Plant B,M-04,528.6191928935685
2026-06-06,Plant B,M-04,460.31050855067684
2026-06-06,Plant B,M-04,395.46505510754264
2026-06-06,Plant B,M-05,357.454329362096
2026-06-06,Plant B,M-05,402.8225165038457
2026-06-06,Plant B,M-05,476.38685821738994
2026-06-06,Plant C,M-01,490.72250667948504
2026-06-06,Plant C,M-01,601.2784970296735
2026-06-06,Plant C,M-01,431.9699332359639
2026-06-06,Plant C,M-02,377.82805720957833
2026-06-06,Plant C,M-02,604.0986594849712
2026-06-06,Plant C,M-02,401.2725688642035
2026-06-06,Plant C,M-03,862.0782425678624
2026-06-06,Plant C,M-03,901.535352798181
2026-06-06,Plant C,M-03,663.5640012805227
2026-06-06,Plant C,M-04,507.8510325040625
2026-06-06,Plant C,M-04,476.3659923369542
2026-06-06,Plant C,M-04,573.6311974443382
2026-06-06,Plant C,M-05,520.8123025879131
2026-06-06,Plant C,M-05,490.5908819485668
2026-06-06,Plant C,M-05,259.4460144947291
2026-06-07,Plant A,M-01,579.9411004758718
2026-06-07,Plant A,M-01,498.30188345779675
2026-06-07,Plant A,M-01,378.2103577841942
2026-06-07,Plant A,M-02,406.78774212525235
2026-06-07,Plant A,M-02,391.9618553670147
2026-06-07,Plant A,M-02,523.8317758885976
2026-06-07,Plant A,M-03,841.5274864839812
2026-06-07,Plant A,M-03,736.6263694368364
2026-06-07,Plant A,M-03,672.3156002819709
2026-06-07,Plant A,M-04,407.7617049648928
2026-06-07,Plant A,M-04,544.0743287968032
2026-06-07,Plant A,M-04,416.520540687213
2026-06-07,Plant A,M-05,527.3015689783367
2026-06-07,Plant A,M-05,377.7394656446368
2026-06-07,Plant A,M-05,412.4392274032438
2026-06-07,Plant B,M-01,679.9583063752845
2026-06-07,Plant B,M-01,501.6152393698116
2026-06-07,Plant B,M-01,329.3287839844548
2026-06-07,Plant B,M-02,397.9673016543207
2026-06-07,Plant B,M-02,467.6686213142074
2026-06-07,Plant B,M-02,579.7995382005647
2026-06-07,Plant B,M-03,672.924818921001
2026-06-07,Plant B,M-03,406.42211064231395
2026-06-07,Plant B,M-03,794.9565996893397
2026-06-07,Plant B,M-04,355.2600021712587
2026-06-07,Plant B,M-04,518.2886815225106
2026-06-07,Plant B,M-04,263.3608542680877
2026-06-07,Plant B,M-05,459.80922301907356
2026-06-07,Plant B,M-05,364.51085509332444
2026-06-07,Plant B,M-05,466.26615890690215
2026-06-07,Plant C,M-01,657.7131658530006
2026-06-07,Plant C,M-01,534.0557292399197
2026-06-07,Plant C,M-01,413.0913419895119
2026-06-07,Plant C,M-02,434.7560921268768
2026-06-07,Plant C,M-02,547.8535958652681
2026-06-07,Plant C,M-02,517.2038419791735
2026-06-07,Plant C,M-03,684.9149322771499
2026-06-07,Plant C,M-03,685.5957466784273
2026-06-07,Plant C,M-03,709.6065803912812
2026-06-07,Plant C,M-04,486.11513967214125
2026-06-07,Plant C,M-04,388.37657824431915
2026-06-07,Plant C,M-04,345.272652055765
2026-06-07,Plant C,M-05,455.4463215003797
2026-06-07,Plant C,M-05,500.4069345726351
2026-06-07,Plant C,M-05,533.065600792891
2026-06-08,Plant A,M-01,525.1724589112995
2026-06-08,Plant A,M-01,422.78887107865216
2026-06-08,Plant A,M-01,480.47266017932776
2026-06-08,Plant A,M-02,611.6389636972137
2026-06-08,Plant A,M-02,364.11876102178263
2026-06-08,Plant A,M-02,302.9275636707062
2026-06-08,Plant A,M-03,822.7652920856294
2026-06-08,Plant A,M-03,696.967008425722
2026-06-08,Plant A,M-03,469.79922812474484
2026-06-08,Plant A,M-04,441.7417335061143
2026-06-08,Plant A,M-04,408.3389079701562
2026-06-08,Plant A,M-04,409.23172238521664
2026-06-08,Plant A,M-05,574.9474111869164
2026-06-08,Plant A,M-05,473.0328496488848
2026-06-08,Plant A,M-05,363.71767223784497
2026-06-08,Plant B,M-01,524.1544492793877
2026-06-08,Plant B,M-01,551.1034895597293
2026-06-08,Plant B,M-01,369.72994217225767
2026-06-08,Plant B,M-02,526.4827629206004
2026-06-08,Plant B,M-02,428.21778558305914
2026-06-08,Plant B,M-02,316.21248382045206
2026-06-08,Plant B,M-03,842.8329688004455
2026-06-08,Plant B,M-03,740.4046917607232
2026-06-08,Plant B,M-03,586.8110682773623
2026-06-08,Plant B,M-04,589.3234833942684
2026-06-08,Plant B,M-04,196.08922309186974
2026-06-08,Plant B,M-04,292.3481106336474
2026-06-08,Plant B,M-05,519.9943722474493
2026-06-08,Plant B,M-05,415.9217145624385
2026-06-08,Plant B,M-05,438.5977259973241
2026-06-08,Plant C,M-01,335.57451632942133
2026-06-08,Plant C,M-01,484.27960519447237
2026-06-08,Plant C,M-01,404.37372722093016
2026-06-08,Plant C,M-02,344.1789728571935
2026-06-08,Plant C,M-02,378.2133148656548
2026-06-08,Plant C,M-02,382.7587597571061
2026-06-08,Plant C,M-03,702.0970170688132
2026-06-08,Plant C,M-03,658.4449841629738
2026-06-08,Plant C,M-03,676.6417106084375
2026-06-08,Plant C,M-04,559.0467682263419
2026-06-08,Plant C,M-04,417.5280546303375
2026-06-08,Plant C,M-04,393.76644094984425
2026-06-08,Plant C,M-05,550.4852883200159
2026-06-08,Plant C,M-05,513.0392741382456
2026-06-08,Plant C,M-05,362.23983571740945
2026-06-09,Plant A,M-01,463.0455508484487
2026-06-09,Plant A,M-01,378.8610868040694
2026-06-09,Plant A,M-01,328.4805344305243
2026-06-09,Plant A,M-02,456.8908409430339
2026-06-09,Plant A,M-02,586.0167592950198
2026-06-09,Plant A,M-02,365.165386454505
2026-06-09,Plant A,M-03,748.1649517507856
2026-06-09,Plant A,M-03,721.07711194315
2026-06-09,Plant A,M-03,524.7848214989748
2026-06-09,Plant A,M-04,480.56373838037354
2026-06-09,Plant A,M-04,566.6029247835918
2026-06-09,Plant A,M-04,406.40553541286016
2026-06-09,Plant A,M-05,605.7695148245549
2026-06-09,Plant A,M-05,573.0914949161132
2026-06-09,Plant A,M-05,420.5294642844311
2026-06-09,Plant B,M-01,537.0594991257359
2026-06-09,Plant B,M-01,585.8968828483827
2026-06-09,Plant B,M-01,364.5460261670029
2026-06-09,Plant B,M-02,472.1467253775596
2026-06-09,Plant B,M-02,374.6338791857568
2026-06-09,Plant B,M-02,426.6439748520069
2026-06-09,Plant B,M-03,771.1450130732337
2026-06-09,Plant B,M-03,669.5810991773078
2026-06-09,Plant B,M-03,449.3090141229875
2026-06-09,Plant B,M-04,356.86210112382685
2026-06-09,Plant B,M-04,386.61147373137504
2026-06-09,Plant B,M-04,461.63509475115484
2026-06-09,Plant B,M-05,506.0181344273933
2026-06-09,Plant B,M-05,481.22444338286846
2026-06-09,Plant B,M-05,341.37145428572734
2026-06-09,Plant C,M-01,563.7127064867097
2026-06-09,Plant C,M-01,602.5224572431075
2026-06-09,Plant C,M-01,488.4379818887861
2026-06-09,Plant C,M-02,478.29600843485724
2026-06-09,Plant C,M-02,600.2722576701337
2026-06-09,Plant C,M-02,395.1142247524117
2026-06-09,Plant C,M-03,754.0407190127756
2026-06-09,Plant C,M-03,790.5984685901979
2026-06-09,Plant C,M-03,883.2850518683074
2026-06-09,Plant C,M-04,638.8837956640787
2026-06-09,Plant C,M-04,472.0374612648279
2026-06-09,Plant C,M-04,545.7938865714821
2026-06-09,Plant C,M-05,541.9206912280985
2026-06-09,Plant C,M-05,432.0141739906818
2026-06-09,Plant C,M-05,407.5115598071101
2026-06-10,Plant A,M-01,466.6102467552552
2026-06-10,Plant A,M-01,312.6708953172196
2026-06-10,Plant A,M-01,374.87820226445996
2026-06-10,Plant A,M-02,508.2282196497596
2026-06-10,Plant A,M-02,496.74532582190244
2026-06-10,Plant A,M-02,322.2782026130974
2026-06-10,Plant A,M-03,978.5436902143708
2026-06-10,Plant A,M-03,732.9163238248351
2026-06-10,Plant A,M-03,594.6964654933925
2026-06-10,Plant A,M-04,406.2672347307936
2026-06-10,Plant A,M-04,575.5447129763432
2026-06-10,Plant A,M-04,372.1678600693867
2026-06-10,Plant A,M-05,388.59697838614363
2026-06-10,Plant A,M-05,536.6885865406232
2026-06-10,Plant A,M-05,332.5313228819773
2026-06-10,Plant B,M-01,373.8421893971193
2026-06-10,Plant B,M-01,672.3590970713528
2026-06-10,Plant B,M-01,281.3234663003891
2026-06-10,Plant B,M-02,409.90654464326053
2026-06-10,Plant B,M-02,514.2706050370623
2026-06-10,Plant B,M-02,414.91555603570725
2026-06-10,Plant B,M-03,905.6938384538889
2026-06-10,Plant B,M-03,735.7303849552018
2026-06-10,Plant B,M-03,578.3813920976712
2026-06-10,Plant B,M-04,364.0644185718398
2026-06-10,Plant B,M-04,591.6585966851911
2026-06-10,Plant B,M-04,303.9540708131843
2026-06-10,Plant B,M-05,466.6231700533303
2026-06-10,Plant B,M-05,512.1998844972239
2026-06-10,Plant B,M-05,426.90501889564433
2026-06-10,Plant C,M-01,401.31212773313257
2026-06-10,Plant C,M-01,453.3959651107284
2026-06-10,Plant C,M-01,599.8892524697186
2026-06-10,Plant C,M-02,438.71078156943435
2026-06-10,Plant C,M-02,604.6303404153344
2026-06-10,Plant C,M-02,417.90343378630257
2026-06-10,Plant C,M-03,660.2141121332522
2026-06-10,Plant C,M-03,676.8502890604818
2026-06-10,Plant C,M-03,784.3492654095991
2026-06-10,Plant C,M-04,560.2031121456058
2026-06-10,Plant C,M-04,439.79885705722296
2026-06-10,Plant C,M-04,303.01658223056
2026-06-10,Plant C,M-05,493.0398015048506
2026-06-10,Plant C,M-05,413.6358676220111
2026-06-10,Plant C,M-05,306.8072137922389
2026-06-11,Plant A,M-01,703.0578313106607
2026-06-11,Plant A,M-01,482.32924793214625
2026-06-11,Plant A,M-01,480.28630376969454
2026-06-11,Plant A,M-02,552.900912571514
2026-06-11,Plant A,M-02,613.2760238322902
2026-06-11,Plant A,M-02,305.49077253061756
2026-06-11,Plant A,M-03,947.6619635062918
2026-06-11,Plant A,M-03,658.5289839481804
2026-06-11,Plant A,M-03,762.0056939906842
2026-06-11,Plant A,M-04,500.7295712101827
2026-06-11,Plant A,M-04,480.94419194963507
2026-06-11,Plant A,M-04,541.3526964913063
2026-06-11,Plant A,M-05,557.2462799652653
2026-06-11,Plant A,M-05,309.8350421325106
2026-06-11,Plant A,M-05,341.915185451249
2026-06-11,Plant B,M-01,563.2880957659896
2026-06-11,Plant B,M-01,480.15764204083956
2026-06-11,Plant B,M-01,421.5592111970988
2026-06-11,Plant B,M-02,512.636690533924
2026-06-11,Plant B,M-02,442.94232206666544
2026-06-11,Plant B,M-02,378.70059696566875
2026-06-11,Plant B,M-03,640.3191187977452
2026-06-11,Plant B,M-03,869.3708858183734
2026-06-11,Plant B,M-03,738.5791297676826
2026-06-11,Plant B,M-04,527.1553727490041
2026-06-11,Plant B,M-04,557.8646420954469
2026-06-11,Plant B,M-04,377.5890832709
2026-06-11,Plant B,M-05,511.41527135975457
2026-06-11,Plant B,M-05,507.86334471095745
2026-06-11,Plant B,M-05,499.9635961226255
2026-06-11,Plant C,M-01,580.8131429509716
2026-06-11,Plant C,M-01,444.15401797325904
2026-06-11,Plant C,M-01,414.64260979413103
2026-06-11,Plant C,M-02,624.5175446839633
2026-06-11,Plant C,M-02,475.0176718474567
2026-06-11,Plant C,M-02,544.332406012137
2026-06-11,Plant C,M-03,842.6379998888353
2026-06-11,Plant C,M-03,614.3332575529988
2026-06-11,Plant C,M-03,701.3810588661199
2026-06-11,Plant C,M-04,463.39347820455487
2026-06-11,Plant C,M-04,557.9034895645193
2026-06-11,Plant C,M-04,423.63257537316446
2026-06-11,Plant C,M-05,743.8750818664067
2026-06-11,Plant C,M-05,497.8135985775355
2026-06-11,Plant C,M-05,449.639786184656
2026-06-12,Plant A,M-01,418.5140473668421
2026-06-12,Plant A,M-01,486.9532585206091
2026-06-12,Plant A,M-01,457.5234882401945
2026-06-12,Plant A,M-02,486.2584993796225
2026-06-12,Plant A,M-02,404.7557806666813
2026-06-12,Plant A,M-02,450.3540043554155
2026-06-12,Plant A,M-03,628.9318450947677
2026-06-12,Plant A,M-03,596.896386481719
2026-06-12,Plant A,M-03,652.9748423033279
2026-06-12,Plant A,M-04,485.9380933178308
2026-06-12,Plant A,M-04,502.69474933984
2026-06-12,Plant A,M-04,488.62576899827195
2026-06-12,Plant A,M-05,571.6835854915597
2026-06-12,Plant A,M-05,563.7808188524633
2026-06-12,Plant A,M-05,413.8678743923884
2026-06-12,Plant B,M-01,565.8552547869091
2026-06-12,Plant B,M-01,420.91912278996415
2026-06-12,Plant B,M-01,378.68147775134935
2026-06-12,Plant B,M-02,420.3583785684391
2026-06-12,Plant B,M-02,611.0374724243022
2026-06-12,Plant B,M-02,300.90984084125597
2026-06-12,Plant B,M-03,777.8901030437598
2026-06-12,Plant B,M-03,654.1030280177947
2026-06-12,Plant B,M-03,710.1814227529516
2026-06-12,Plant B,M-04,512.3676190081485
2026-06-12,Plant B,M-04,509.95531671608103
2026-06-12,Plant B,M-04,428.69441908283727
2026-06-12,Plant B,M-05,583.1194562056207
2026-06-12,Plant B,M-05,549.9297566971633
2026-06-12,Plant B,M-05,346.1649514365696
2026-06-12,Plant C,M-01,557.3825804390498
2026-06-12,Plant C,M-01,435.35025843367004
2026-06-12,Plant C,M-01,356.0215997914237
2026-06-12,Plant C,M-02,444.3373792313468
2026-06-12,Plant C,M-02,347.18951705670713
2026-06-12,Plant C,M-02,501.7811934930518
2026-06-12,Plant C,M-03,641.0948136020571
2026-06-12,Plant C,M-03,645.2895990086665
2026-06-12,Plant C,M-03,729.7397517014477
2026-06-12,Plant C,M-04,531.0585685293439
2026-06-12,Plant C,M-04,434.64420409793195
2026-06-12,Plant C,M-04,436.9789542282103
2026-06-12,Plant C,M-05,420.66708894286074
2026-06-12,Plant C,M-05,525.3755636418156
2026-06-12,Plant C,M-05,458.88659557879254
2026-06-13,Plant A,M-01,568.1433844711945
2026-06-13,Plant A,M-01,408.8243976781941
2026-06-13,Plant A,M-01,457.0933139522001
2026-06-13,Plant A,M-02,466.85752677093984
2026-06-13,Plant A,M-02,499.1970813595248
2026-06-13,Plant A,M-02,540.7852229112623
2026-06-13,Plant A,M-03,554.959053626233
2026-06-13,Plant A,M-03,792.567645104314
2026-06-13,Plant A,M-03,643.0756915136034
2026-06-13,Plant A,M-04,515.3001064103133
2026-06-13,Plant A,M-04,369.429934515768
2026-06-13,Plant A,M-04,418.4839619650439
2026-06-13,Plant A,M-05,430.6770026062353
2026-06-13,Plant A,M-05,368.19040114715665
2026-06-13,Plant A,M-05,393.6187908861826
2026-06-13,Plant B,M-01,547.7994359765432
2026-06-13,Plant B,M-01,321.07217248083805
2026-06-13,Plant B,M-01,588.76258492444
2026-06-13,Plant B,M-02,382.7814638389005
2026-06-13,Plant B,M-02,429.7976965930764
2026-06-13,Plant B,M-02,479.4101245386694
2026-06-13,Plant B,M-03,662.1844025062932
2026-06-13,Plant B,M-03,498.56143939370236
2026-06-13,Plant B,M-03,726.8530727958282
2026-06-13,Plant B,M-04,357.3839660107879
2026-06-13,Plant B,M-04,459.6565463695922
2026-06-13,Plant B,M-04,221.77392562099496
2026-06-13,Plant B,M-05,478.3053383109736
2026-06-13,Plant B,M-05,318.8901132976395
2026-06-13,Plant B,M-05,402.08125749326456
2026-06-13,Plant C,M-01,512.9706685476365
2026-06-13,Plant C,M-01,387.869732442695
2026-06-13,Plant C,M-01,350.9981318413726
2026-06-13,Plant C,M-02,419.17956192344127
2026-06-13,Plant C,M-02,469.9345797818998
2026-06-13,Plant C,M-02,473.9740538585631
2026-06-13,Plant C,M-03,632.6160256789085
2026-06-13,Plant C,M-03,747.874047212217
2026-06-13,Plant C,M-03,625.6169532498241
2026-06-13,Plant C,M-04,609.4270662727805
2026-06-13,Plant C,M-04,496.2103560788816
2026-06-13,Plant C,M-04,376.2391713065307
2026-06-13,Plant C,M-05,396.0907339880784
2026-06-13,Plant C,M-05,423.481476215807
2026-06-13,Plant C,M-05,367.9417653275524
2026-06-14,Plant A,M-01,504.63704200372723
2026-06-14,Plant A,M-01,517.2343138003878
2026-06-14,Plant A,M-01,665.1995569765222
2026-06-14,Plant A,M-02,487.1978803820438
2026-06-14,Plant A,M-02,331.46502919467525
2026-06-14,Plant A,M-02,458.17895539890014
2026-06-14,Plant A,M-03,798.5805924806622
2026-06-14,Plant A,M-03,710.8328754669444
2026-06-14,Plant A,M-03,655.1882512096423
2026-06-14,Plant A,M-04,387.8104598782072
2026-06-14,Plant A,M-04,544.3982331740599
2026-06-14,Plant A,M-04,476.052338484513
2026-06-14,Plant A,M-05,549.5460939760945
2026-06-14,Plant A,M-05,563.0881185600822
2026-06-14,Plant A,M-05,554.3942370972267
2026-06-14,Plant B,M-01,459.9242931638396
2026-06-14,Plant B,M-01,519.8131347508084
2026-06-14,Plant B,M-01,331.42151542375234
2026-06-14,Plant B,M-02,529.1174210917836
2026-06-14,Plant B,M-02,627.2437040198517
2026-06-14,Plant B,M-02,391.947293934093
2026-06-14,Plant B,M-03,788.9986450102442
2026-06-14,Plant B,M-03,701.3200234959684
2026-06-14,Plant B,M-03,661.1074374047657
2026-06-14,Plant B,M-04,481.71349037336125
2026-06-14,Plant B,M-04,215.33206144476776
2026-06-14,Plant B,M-04,415.86527272318966
2026-06-14,Plant B,M-05,484.2486941857286
2026-06-14,Plant B,M-05,587.8196015561301
2026-06-14,Plant B,M-05,311.0977581384607
2026-06-14,Plant C,M-01,420.46875962650506
2026-06-14,Plant C,M-01,418.7883490127042
2026-06-14,Plant C,M-01,476.7779671440812
2026-06-14,Plant C,M-02,442.15337939722104
2026-06-14,Plant C,M-02,505.9350007534257
2026-06-14,Plant C,M-02,492.204767745698
2026-06-14,Plant C,M-03,620.4960414842812
2026-06-14,Plant C,M-03,681.6382314166051
2026-06-14,Plant C,M-03,518.6247652179311
2026-06-14,Plant C,M-04,431.03484162239624
2026-06-14,Plant C,M-04,676.4477632303111
2026-06-14,Plant C,M-04,380.87344019050056
2026-06-14,Plant C,M-05,610.4310848055936
2026-06-14,Plant C,M-05,400.0763736114396
2026-06-14,Plant C,M-05,486.92817590807385
2026-06-15,Plant A,M-01,502.7591755756796
2026-06-15,Plant A,M-01,489.5672382480421
2026-06-15,Plant A,M-01,461.10847898695323
2026-06-15,Plant A,M-02,588.4564091487896
2026-06-15,Plant A,M-02,522.5454121018588
2026-06-15,Plant A,M-02,638.8622153802172
2026-06-15,Plant A,M-03,691.7766603190618
2026-06-15,Plant A,M-03,771.5685316569104
2026-06-15,Plant A,M-03,683.8599615834506
2026-06-15,Plant A,M-04,568.9180123751777
2026-06-15,Plant A,M-04,626.052744081748
2026-06-15,Plant A,M-04,350.6043805653321
2026-06-15,Plant A,M-05,545.1487608041087
2026-06-15,Plant A,M-05,395.2888141850848
2026-06-15,Plant A,M-05,446.3424466364507
2026-06-15,Plant B,M-01,595.2390411563073
2026-06-15,Plant B,M-01,556.9026872500697
2026-06-15,Plant B,M-01,387.8868382834518
2026-06-15,Plant B,M-02,529.1035557324604
2026-06-15,Plant B,M-02,486.0501182940241
2026-06-15,Plant B,M-02,564.6359377721342
2026-06-15,Plant B,M-03,909.2300468304398
2026-06-15,Plant B,M-03,716.1741314745617
2026-06-15,Plant B,M-03,560.4729089855273
2026-06-15,Plant B,M-04,320.13483242842074
2026-06-15,Plant B,M-04,442.3896926974698
2026-06-15,Plant B,M-04,437.815468144556
2026-06-15,Plant B,M-05,358.0880681185481
2026-06-15,Plant B,M-05,472.6619447804685
2026-06-15,Plant B,M-05,306.55945706438786
2026-06-15,Plant C,M-01,581.8435749581992
2026-06-15,Plant C,M-01,488.3384015042282
2026-06-15,Plant C,M-01,505.8164893212589
2026-06-15,Plant C,M-02,543.6041572510848
2026-06-15,Plant C,M-02,343.8235804738007
2026-06-15,Plant C,M-02,509.7246842646023
2026-06-15,Plant C,M-03,957.3797312062868
2026-06-15,Plant C,M-03,775.9029722510635
2026-06-15,Plant C,M-03,763.2879381576801
2026-06-15,Plant C,M-04,428.53223222235647
2026-06-15,Plant C,M-04,451.22527903463975
2026-06-15,Plant C,M-04,445.2927623545534
2026-06-15,Plant C,M-05,480.2645763436172
2026-06-15,Plant C,M-05,459.74741543483873
2026-06-15,Plant C,M-05,458.7135924053191
2026-06-16,Plant A,M-01,519.8385929719171
2026-06-16,Plant A,M-01,577.5145011336737
2026-06-16,Plant A,M-01,322.6519492090857
2026-06-16,Plant A,M-02,447.2821014106972
2026-06-16,Plant A,M-02,441.2759809670759
2026-06-16,Plant A,M-02,388.0067260775388
2026-06-16,Plant A,M-03,755.6885124396052
2026-06-16,Plant A,M-03,638.519538231333
2026-06-16,Plant A,M-03,612.9354486036632
2026-06-16,Plant A,M-04,516.4109818752363
2026-06-16,Plant A,M-04,470.4672933797899
2026-06-16,Plant A,M-04,361.52096036842585
2026-06-16,Plant A,M-05,461.9945550238062
2026-06-16,Plant A,M-05,380.22156139053016
2026-06-16,Plant A,M-05,512.9331075080529
2026-06-16,Plant B,M-01,385.798138017668
2026-06-16,Plant B,M-01,441.33859177173645
2026-06-16,Plant B,M-01,431.53424479712544
2026-06-16,Plant B,M-02,678.7868475868383
2026-06-16,Plant B,M-02,308.82314717227194
2026-06-16,Plant B,M-02,463.7014563749303
2026-06-16,Plant B,M-03,899.6398235406638
2026-06-16,Plant B,M-03,733.3792716521187
2026-06-16,Plant B,M-03,710.9796343803353
2026-06-16,Plant B,M-04,395.30887030480056
2026-06-16,Plant B,M-04,355.6041991497439
2026-06-16,Plant B,M-04,474.4306688479621
2026-06-16,Plant B,M-05,550.0821543267273
2026-06-16,Plant B,M-05,315.5330447250962
2026-06-16,Plant B,M-05,578.6439835856742
2026-06-16,Plant C,M-01,498.6091238406088
2026-06-16,Plant C,M-01,421.1418982150248
2026-06-16,Plant C,M-01,506.36394858834205
2026-06-16,Plant C,M-02,373.2371171146142
2026-06-16,Plant C,M-02,400.55160183325586
2026-06-16,Plant C,M-02,376.5720758235958
2026-06-16,Plant C,M-03,568.7770135428152
2026-06-16,Plant C,M-03,864.6429033460065
2026-06-16,Plant C,M-03,655.453127635783
2026-06-16,Plant C,M-04,438.5512385809705
2026-06-16,Plant C,M-04,378.45823551139443
2026-06-16,Plant C,M-04,431.6675427480278
2026-06-16,Plant C,M-05,426.1400377104035
2026-06-16,Plant C,M-05,516.4503493981948
2026-06-16,Plant C,M-05,435.4923390557882
2026-06-17,Plant A,M-01,373.05407123921367
2026-06-17,Plant A,M-01,480.52155261657776
2026-06-17,Plant A,M-01,406.5723503276526
2026-06-17,Plant A,M-02,352.1997279482777
2026-06-17,Plant A,M-02,596.9351107435771
2026-06-17,Plant A,M-02,400.15117210693705
2026-06-17,Plant A,M-03,743.0869922637343
2026-06-17,Plant A,M-03,757.089627362559
2026-06-17,Plant A,M-03,626.5226944504061
2026-06-17,Plant A,M-04,351.00960213980414
2026-06-17,Plant A,M-04,426.51361987950315
2026-06-17,Plant A,M-04,419.4097061727421
2026-06-17,Plant A,M-05,302.16321845360545
2026-06-17,Plant A,M-05,441.25025383904386
2026-06-17,Plant A,M-05,296.3478125837551
2026-06-17,Plant B,M-01,567.4848843905071
2026-06-17,Plant B,M-01,397.8114807267056
2026-06-17,Plant B,M-01,315.3261491236652
2026-06-17,Plant B,M-02,535.8457595368499
2026-06-17,Plant B,M-02,464.3643526565588
2026-06-17,Plant B,M-02,408.2130200990679
2026-06-17,Plant B,M-03,784.4816192104122
2026-06-17,Plant B,M-03,511.0808268834174
2026-06-17,Plant B,M-03,594.8742460059992
2026-06-17,Plant B,M-04,379.09193096687767
2026-06-17,Plant B,M-04,435.97681860142325
2026-06-17,Plant B,M-04,357.4077905169349
2026-06-17,Plant B,M-05,516.8380977878301
2026-06-17,Plant B,M-05,518.2998426710627
2026-06-17,Plant B,M-05,543.4978968412454
2026-06-17,Plant C,M-01,455.97085651706885
2026-06-17,Plant C,M-01,491.73813522137095
2026-06-17,Plant C,M-01,304.45601801746096
2026-06-17,Plant C,M-02,417.1749573680306
2026-06-17,Plant C,M-02,358.21230246565864
2026-06-17,Plant C,M-02,450.4020528114571
2026-06-17,Plant C,M-03,640.4424378629043
2026-06-17,Plant C,M-03,728.4073847683164
2026-06-17,Plant C,M-03,859.8674387193304
2026-06-17,Plant C,M-04,432.3759771540724
2026-06-17,Plant C,M-04,343.190209489526
2026-06-17,Plant C,M-04,497.25908590382426
2026-06-17,Plant C,M-05,486.7296993071139
2026-06-17,Plant C,M-05,439.9004889829004
2026-06-17,Plant C,M-05,530.7223431258658
2026-06-18,Plant A,M-01,558.139337625002
2026-06-18,Plant A,M-01,500.42455005622116
2026-06-18,Plant A,M-01,383.08844167955573
2026-06-18,Plant A,M-02,418.0947097023694
2026-06-18,Plant A,M-02,491.9963000921759
2026-06-18,Plant A,M-02,494.96886005538425
2026-06-18,Plant A,M-03,484.0759424982197
2026-06-18,Plant A,M-03,858.6169908247417
2026-06-18,Plant A,M-03,494.54697844158926
2026-06-18,Plant A,M-04,590.8729939776853
2026-06-18,Plant A,M-04,557.3300065045656
2026-06-18,Plant A,M-04,314.600911408705
2026-06-18,Plant A,M-05,506.8223036678832
2026-06-18,Plant A,M-05,566.6686410033003
2026-06-18,Plant A,M-05,355.19406830902733
2026-06-18,Plant B,M-01,415.75886957691097
2026-06-18,Plant B,M-01,484.2671225291976
2026-06-18,Plant B,M-01,461.72665214113897
2026-06-18,Plant B,M-02,422.622209905714
2026-06-18,Plant B,M-02,564.1873782058633
2026-06-18,Plant B,M-02,482.49916083654324
2026-06-18,Plant B,M-03,779.9277666520454
2026-06-18,Plant B,M-03,811.8827485842697
2026-06-18,Plant B,M-03,698.9585676672267
2026-06-18,Plant B,M-04,405.8035292070942
2026-06-18,Plant B,M-04,389.3062918323886
2026-06-18,Plant B,M-04,391.80503062889954
2026-06-18,Plant B,M-05,477.2099095597407
2026-06-18,Plant B,M-05,474.6738741251308
2026-06-18,Plant B,M-05,598.1939800234976
2026-06-18,Plant C,M-01,485.7988573868265
2026-06-18,Plant C,M-01,377.22698644434547
2026-06-18,Plant C,M-01,449.71913494446454
2026-06-18,Plant C,M-02,411.54387155378697
2026-06-18,Plant C,M-02,570.7224232020582
2026-06-18,Plant C,M-02,427.6424679096077
2026-06-18,Plant C,M-03,672.5567538016292
2026-06-18,Plant C,M-03,701.1299025297666
2026-06-18,Plant C,M-03,555.055431648327
2026-06-18,Plant C,M-04,481.1280934213719
2026-06-18,Plant C,M-04,407.683980793922
2026-06-18,Plant C,M-04,351.7197611863111
2026-06-18,Plant C,M-05,533.9057985262921
2026-06-18,Plant C,M-05,426.4634142333704
2026-06-18,Plant C,M-05,532.8182986194985
2026-06-19,Plant A,M-01,586.2988396079921
2026-06-19,Plant A,M-01,510.2468906532838
2026-06-19,Plant A,M-01,443.76148512329473
2026-06-19,Plant A,M-02,381.6575328922522
2026-06-19,Plant A,M-02,471.7071289949106
2026-06-19,Plant A,M-02,590.5531978174686
2026-06-19,Plant A,M-03,885.8821021375834
2026-06-19,Plant A,M-03,658.913519871082
2026-06-19,Plant A,M-03,554.9242051398797
2026-06-19,Plant A,M-04,716.9477685758982
2026-06-19,Plant A,M-04,383.9359181721842
2026-06-19,Plant A,M-04,472.39561780791234
2026-06-19,Plant A,M-05,437.24701606156094
2026-06-19,Plant A,M-05,566.716302032563
2026-06-19,Plant A,M-05,441.58606841188373
2026-06-19,Plant B,M-01,627.5076378695852
2026-06-19,Plant B,M-01,549.208314798889
2026-06-19,Plant B,M-01,353.3558675555609
2026-06-19,Plant B,M-02,542.2895895955264
2026-06-19,Plant B,M-02,512.680055822754
2026-06-19,Plant B,M-02,270.07938736427064
2026-06-19,Plant B,M-03,642.5619650689183
2026-06-19,Plant B,M-03,565.723654653079
2026-06-19,Plant B,M-03,604.5291767122029
2026-06-19,Plant B,M-04,346.36694856068567
2026-06-19,Plant B,M-04,314.3287391414422
2026-06-19,Plant B,M-04,503.78316091297563
2026-06-19,Plant B,M-05,611.3446924132286
2026-06-19,Plant B,M-05,443.7543428181089
2026-06-19,Plant B,M-05,300.2989045809479
2026-06-19,Plant C,M-01,598.1603269623947
2026-06-19,Plant C,M-01,417.42925293785515
2026-06-19,Plant C,M-01,534.082164562327
2026-06-19,Plant C,M-02,400.14717802608146
2026-06-19,Plant C,M-02,560.4917833623207
2026-06-19,Plant C,M-02,345.1744584966311
2026-06-19,Plant C,M-03,733.7394341737285
2026-06-19,Plant C,M-03,763.1989659000087
2026-06-19,Plant C,M-03,849.5509384769318
2026-06-19,Plant C,M-04,373.96351155434974
2026-06-19,Plant C,M-04,615.7950331740561
2026-06-19,Plant C,M-04,379.8193948424902
2026-06-19,Plant C,M-05,560.9708481479785
2026-06-19,Plant C,M-05,437.87700825444875
2026-06-19,Plant C,M-05,454.1410828177654
2026-06-20,Plant A,M-01,472.88271551746953
2026-06-20,Plant A,M-01,356.4084897506508
2026-06-20,Plant A,M-01,417.54540305088653
2026-06-20,Plant A,M-02,594.9528392374694
2026-06-20,Plant A,M-02,361.208120488319
2026-06-20,Plant A,M-02,439.75606692635347
2026-06-20,Plant A,M-03,685.1357282835345
2026-06-20,Plant A,M-03,879.3562507572103
2026-06-20,Plant A,M-03,539.1936151990216
2026-06-20,Plant A,M-04,537.4183635504572
2026-06-20,Plant A,M-04,455.55104673638635
2026-06-20,Plant A,M-04,262.098081642731
2026-06-20,Plant A,M-05,473.6677740757176
2026-06-20,Plant A,M-05,365.9143156250089
2026-06-20,Plant A,M-05,431.9881200576716
2026-06-20,Plant B,M-01,495.7253256085627
2026-06-20,Plant B,M-01,458.7637527396124
2026-06-20,Plant B,M-01,432.21905122797875
2026-06-20,Plant B,M-02,529.8238751967713
2026-06-20,Plant B,M-02,327.14661373395677
2026-06-20,Plant B,M-02,405.93922865955
2026-06-20,Plant B,M-03,942.6411055435898
2026-06-20,Plant B,M-03,545.9784999674685
2026-06-20,Plant B,M-03,601.4247417922817
2026-06-20,Plant B,M-04,380.77277679569704
2026-06-20,Plant B,M-04,257.4625553073642
2026-06-20,Plant B,M-04,387.2527028994615
2026-06-20,Plant B,M-05,707.1084142154567
2026-06-20,Plant B,M-05,632.699767220808
2026-06-20,Plant B,M-05,472.7932038061227
2026-06-20,Plant C,M-01,525.2853849908621
2026-06-20,Plant C,M-01,384.48608366611205
2026-06-20,Plant C,M-01,406.9567363145329
2026-06-20,Plant C,M-02,440.25103362302525
2026-06-20,Plant C,M-02,313.60137421085665
2026-06-20,Plant C,M-02,384.2484476344158
2026-06-20,Plant C,M-03,617.8539876659976
2026-06-20,Plant C,M-03,913.9538246795843
2026-06-20,Plant C,M-03,594.5421997904762
2026-06-20,Plant C,M-04,578.809523588865
2026-06-20,Plant C,M-04,480.87789340482414
2026-06-20,Plant C,M-04,557.7187774751563
2026-06-20,Plant C,M-05,376.8724931784728
2026-06-20,Plant C,M-05,505.2056843755829
2026-06-20,Plant C,M-05,429.37979319757767
2026-06-21,Plant A,M-01,602.6245832233445
2026-06-21,Plant A,M-01,497.5193331516118
2026-06-21,Plant A,M-01,368.6252166300092
2026-06-21,Plant A,M-02,467.32072476212943
2026-06-21,Plant A,M-02,538.0704316012432
2026-06-21,Plant A,M-02,384.02619762190176
2026-06-21,Plant A,M-03,711.1559569484119
2026-06-21,Plant A,M-03,665.6175186574953
2026-06-21,Plant A,M-03,567.1218762390776
2026-06-21,Plant A,M-04,553.4571857013885
2026-06-21,Plant A,M-04,411.54490964856336
2026-06-21,Plant A,M-04,364.6391527264088
2026-06-21,Plant A,M-05,445.5596117613206
2026-06-21,Plant A,M-05,496.4321368634678
2026-06-21,Plant A,M-05,418.12232714559116
2026-06-21,Plant B,M-01,364.7900299593921
2026-06-21,Plant B,M-01,670.0337305610145
2026-06-21,Plant B,M-01,435.1306160080947
2026-06-21,Plant B,M-02,565.7075398218257
2026-06-21,Plant B,M-02,520.0987907018747
2026-06-21,Plant B,M-02,551.9410995681548
2026-06-21,Plant B,M-03,904.4192220724824
2026-06-21,Plant B,M-03,590.6235103881353
2026-06-21,Plant B,M-03,621.555353438505
2026-06-21,Plant B,M-04,294.9900575496872
2026-06-21,Plant B,M-04,352.64576637185684
2026-06-21,Plant B,M-04,296.9415627750369
2026-06-21,Plant B,M-05,521.4675822949937
2026-06-21,Plant B,M-05,547.7717952601366
2026-06-21,Plant B,M-05,352.0645057895053
2026-06-21,Plant C,M-01,413.54951258804977
2026-06-21,Plant C,M-01,597.1239004387196
2026-06-21,Plant C,M-01,368.552191708171
2026-06-21,Plant C,M-02,513.1442260540211
2026-06-21,Plant C,M-02,422.53163725206366
2026-06-21,Plant C,M-02,488.3624952244102
2026-06-21,Plant C,M-03,623.773206505879
2026-06-21,Plant C,M-03,835.6947453079968
2026-06-21,Plant C,M-03,580.4844558917384
2026-06-21,Plant C,M-04,373.08728962857145
2026-06-21,Plant C,M-04,451.88810304692333
2026-06-21,Plant C,M-04,609.4872468637656
2026-06-21,Plant C,M-05,507.12046610804725
2026-06-21,Plant C,M-05,465.50984517208803
2026-06-21,Plant C,M-05,401.92733130973613
2026-06-22,Plant A,M-01,362.8591992329099
2026-06-22,Plant A,M-01,449.7015657717459
2026-06-22,Plant A,M-01,425.6717071441253
2026-06-22,Plant A,M-02,601.378593761749
2026-06-22,Plant A,M-02,415.0642346204171
2026-06-22,Plant A,M-02,495.4032317010842
2026-06-22,Plant A,M-03,966.5997724603711
2026-06-22,Plant A,M-03,690.045735643921
2026-06-22,Plant A,M-03,654.0350293830649
2026-06-22,Plant A,M-04,677.8464942383769
2026-06-22,Plant A,M-04,402.2878290543481
2026-06-22,Plant A,M-04,414.8211366600424
2026-06-22,Plant A,M-05,463.0269727993589
2026-06-22,Plant A,M-05,578.2392988716756
2026-06-22,Plant A,M-05,450.90610067099925
2026-06-22,Plant B,M-01,382.5346074998992
2026-06-22,Plant B,M-01,645.8129406996143
2026-06-22,Plant B,M-01,571.88746060857
2026-06-22,Plant B,M-02,535.6932457761792
2026-06-22,Plant B,M-02,590.7763413854411
2026-06-22,Plant B,M-02,526.7010537454521
2026-06-22,Plant B,M-03,808.4899949164561
2026-06-22,Plant B,M-03,861.7940666386809
2026-06-22,Plant B,M-03,621.4225865139399
2026-06-22,Plant B,M-04,385.97046443080046
2026-06-22,Plant B,M-04,451.8398354449444
2026-06-22,Plant B,M-04,327.9601479390073
2026-06-22,Plant B,M-05,432.2681010564191
2026-06-22,Plant B,M-05,450.76548155710947
2026-06-22,Plant B,M-05,401.9465664698562
2026-06-22,Plant C,M-01,481.67242137634184
2026-06-22,Plant C,M-01,315.46117105032204
2026-06-22,Plant C,M-01,487.1450637286625
2026-06-22,Plant C,M-02,499.8345766536458
2026-06-22,Plant C,M-02,418.5892779403598
2026-06-22,Plant C,M-02,564.2626999310802
2026-06-22,Plant C,M-03,707.9523887976987
2026-06-22,Plant C,M-03,577.8313960061164
2026-06-22,Plant C,M-03,720.8177201983309
2026-06-22,Plant C,M-04,420.4090096480904
2026-06-22,Plant C,M-04,501.1649736867575
2026-06-22,Plant C,M-04,471.04517557251074
2026-06-22,Plant C,M-05,511.5296418839557
2026-06-22,Plant C,M-05,484.61166081636503
2026-06-22,Plant C,M-05,377.47055807149627
2026-06-23,Plant A,M-01,633.9294649825404
2026-06-23,Plant A,M-01,381.5741690147761
2026-06-23,Plant A,M-01,439.6085796087726
2026-06-23,Plant A,M-02,692.9781443348335
2026-06-23,Plant A,M-02,487.6686378044626
2026-06-23,Plant A,M-02,452.4039094859626
2026-06-23,Plant A,M-03,603.7046103012814
2026-06-23,Plant A,M-03,722.6762592588982
2026-06-23,Plant A,M-03,649.2497884581481
2026-06-23,Plant A,M-04,582.3967557175882
2026-06-23,Plant A,M-04,444.0253075183205
2026-06-23,Plant A,M-04,389.64500704390673
2026-06-23,Plant A,M-05,600.6120942328369
2026-06-23,Plant A,M-05,541.7643691993037
2026-06-23,Plant A,M-05,327.83832679796944
2026-06-23,Plant B,M-01,400.87340857969895
2026-06-23,Plant B,M-01,566.8215013832454
2026-06-23,Plant B,M-01,353.6198154840369
2026-06-23,Plant B,M-02,440.88797871234993
2026-06-23,Plant B,M-02,422.2572205812746
2026-06-23,Plant B,M-02,354.01042887397864
2026-06-23,Plant B,M-03,697.4524458780753
2026-06-23,Plant B,M-03,546.7347575339363
2026-06-23,Plant B,M-03,826.6699963818668
2026-06-23,Plant B,M-04,675.9636664149268
2026-06-23,Plant B,M-04,333.0209643758871
2026-06-23,Plant B,M-04,470.91263737351585
2026-06-23,Plant B,M-05,440.69183609071695
2026-06-23,Plant B,M-05,590.3329469660092
2026-06-23,Plant B,M-05,383.19244279954194
2026-06-23,Plant C,M-01,469.5253297015172
2026-06-23,Plant C,M-01,566.1003280665323
2026-06-23,Plant C,M-01,390.0134448883103
2026-06-23,Plant C,M-02,547.904464554312
2026-06-23,Plant C,M-02,469.6895979250299
2026-06-23,Plant C,M-02,451.70165348954583
2026-06-23,Plant C,M-03,947.5981334327308
2026-06-23,Plant C,M-03,551.0616545630766
2026-06-23,Plant C,M-03,535.2167178905966
2026-06-23,Plant C,M-04,519.3760050433119
2026-06-23,Plant C,M-04,430.24325319786817
2026-06-23,Plant C,M-04,316.07578356290577
2026-06-23,Plant C,M-05,498.5253479435155
2026-06-23,Plant C,M-05,603.4885987752108
2026-06-23,Plant C,M-05,428.1306579424504
2026-06-24,Plant A,M-01,604.3813295189241
2026-06-24,Plant A,M-01,502.2298564268931
2026-06-24,Plant A,M-01,407.417158088702
2026-06-24,Plant A,M-02,410.3810645459752
2026-06-24,Plant A,M-02,406.8619959792921
2026-06-24,Plant A,M-02,379.82902291882135
2026-06-24,Plant A,M-03,567.8074985224875
2026-06-24,Plant A,M-03,870.2733044074577
2026-06-24,Plant A,M-03,685.3154625860495
2026-06-24,Plant A,M-04,407.4666305658784
2026-06-24,Plant A,M-04,573.3449026152065
2026-06-24,Plant A,M-04,441.8681323973739
2026-06-24,Plant A,M-05,390.35224290347617
2026-06-24,Plant A,M-05,502.12579866396493
2026-06-24,Plant A,M-05,429.546599210064
2026-06-24,Plant B,M-01,383.3234593875506
2026-06-24,Plant B,M-01,356.0254975778515
2026-06-24,Plant B,M-01,376.4697310339162
2026-06-24,Plant B,M-02,482.3846234763476
2026-06-24,Plant B,M-02,367.99483910325455
2026-06-24,Plant B,M-02,565.7022046822653
2026-06-24,Plant B,M-03,734.5862097934074
2026-06-24,Plant B,M-03,629.4936583639644
2026-06-24,Plant B,M-03,670.2542838081679
2026-06-24,Plant B,M-04,383.66490921763153
2026-06-24,Plant B,M-04,245.18568332718286
2026-06-24,Plant B,M-04,465.5076879300362
2026-06-24,Plant B,M-05,374.6991044653777
2026-06-24,Plant B,M-05,417.915419914655
2026-06-24,Plant B,M-05,498.5476282217134
2026-06-24,Plant C,M-01,537.9665541869816
2026-06-24,Plant C,M-01,495.2255730397695
2026-06-24,Plant C,M-01,529.0585197862401
2026-06-24,Plant C,M-02,455.14697074659705
2026-06-24,Plant C,M-02,418.6755925257933
2026-06-24,Plant C,M-02,499.7715398470207
2026-06-24,Plant C,M-03,664.7036848712283
2026-06-24,Plant C,M-03,544.8801228830345
2026-06-24,Plant C,M-03,627.4561108967023
2026-06-24,Plant C,M-04,499.6681853204177
2026-06-24,Plant C,M-04,505.90234571134
2026-06-24,Plant C,M-04,394.75855677859437
2026-06-24,Plant C,M-05,529.2796722394244
2026-06-24,Plant C,M-05,507.4256018133423
2026-06-24,Plant C,M-05,583.6324826289789
2026-06-25,Plant A,M-01,503.2047950816984
2026-06-25,Plant A,M-01,538.9285622324417
2026-06-25,Plant A,M-01,443.46190560369956
2026-06-25,Plant A,M-02,755.0198413029027
2026-06-25,Plant A,M-02,600.6390622655068
2026-06-25,Plant A,M-02,442.6657332434351
2026-06-25,Plant A,M-03,720.7079992418703
2026-06-25,Plant A,M-03,925.3113414062072
2026-06-25,Plant A,M-03,650.245317219032
2026-06-25,Plant A,M-04,329.14532104017695
2026-06-25,Plant A,M-04,644.7780734076574
2026-06-25,Plant A,M-04,511.40756689280147
2026-06-25,Plant A,M-05,609.5742410263119
2026-06-25,Plant A,M-05,477.2136181505381
2026-06-25,Plant A,M-05,518.4822394619856
2026-06-25,Plant B,M-01,535.9194330233305
2026-06-25,Plant B,M-01,457.9211993884146
2026-06-25,Plant B,M-01,538.5499694602083
2026-06-25,Plant B,M-02,377.9594928342259
2026-06-25,Plant B,M-02,354.5991118956981
2026-06-25,Plant B,M-02,528.3207612297305
2026-06-25,Plant B,M-03,677.1140286798872
2026-06-25,Plant B,M-03,703.456533569462
2026-06-25,Plant B,M-03,536.4234150687703
2026-06-25,Plant B,M-04,516.9547849379212
2026-06-25,Plant B,M-04,333.8100433532575
2026-06-25,Plant B,M-04,504.3241979227451
2026-06-25,Plant B,M-05,681.5563955178864
2026-06-25,Plant B,M-05,424.9919282778766
2026-06-25,Plant B,M-05,423.999804342411
2026-06-25,Plant C,M-01,461.748620789113
2026-06-25,Plant C,M-01,393.5945869950777
2026-06-25,Plant C,M-01,548.7409309284883
2026-06-25,Plant C,M-02,456.1305109945365
2026-06-25,Plant C,M-02,421.52229985213853
2026-06-25,Plant C,M-02,364.558092810857
2026-06-25,Plant C,M-03,946.4266488124129
2026-06-25,Plant C,M-03,977.6130304923506
2026-06-25,Plant C,M-03,468.6003070054812
2026-06-25,Plant C,M-04,557.469851631875
2026-06-25,Plant C,M-04,530.369567553345
2026-06-25,Plant C,M-04,571.2840029185126
2026-06-25,Plant C,M-05,392.07852772769866
2026-06-25,Plant C,M-05,525.9792497478396
2026-06-25,Plant C,M-05,328.1241731970429
2026-06-26,Plant A,M-01,510.32849606041447
2026-06-26,Plant A,M-01,697.9465480495886
2026-06-26,Plant A,M-01,375.754736064676
2026-06-26,Plant A,M-02,477.91595693597907
2026-06-26,Plant A,M-02,546.3880661480009
2026-06-26,Plant A,M-02,534.0714946283713
2026-06-26,Plant A,M-03,968.253045344558
2026-06-26,Plant A,M-03,784.6976911304675
2026-06-26,Plant A,M-03,607.5267352824494
2026-06-26,Plant A,M-04,580.3659610763008
2026-06-26,Plant A,M-04,420.64708868064434
2026-06-26,Plant A,M-04,416.41772884720996
2026-06-26,Plant A,M-05,470.92631848862186
2026-06-26,Plant A,M-05,332.8148047418201
2026-06-26,Plant A,M-05,587.6048127918209
2026-06-26,Plant B,M-01,423.85963559388654
2026-06-26,Plant B,M-01,349.2122620670171
2026-06-26,Plant B,M-01,313.03177334174086
2026-06-26,Plant B,M-02,605.1594593959518
2026-06-26,Plant B,M-02,372.4154880632218
2026-06-26,Plant B,M-02,380.86563948274414
2026-06-26,Plant B,M-03,839.1888854123441
2026-06-26,Plant B,M-03,755.0247255267406
2026-06-26,Plant B,M-03,778.1235859114646
2026-06-26,Plant B,M-04,389.9755983502086
2026-06-26,Plant B,M-04,222.93763663120552
2026-06-26,Plant B,M-04,411.9559787646045
2026-06-26,Plant B,M-05,519.1920737480165
2026-06-26,Plant B,M-05,440.62411072207067
2026-06-26,Plant B,M-05,417.36650767882486
2026-06-26,Plant C,M-01,527.0815310015063
2026-06-26,Plant C,M-01,423.1233469022219
2026-06-26,Plant C,M-01,518.9339148326917
2026-06-26,Plant C,M-02,432.20487218615625
2026-06-26,Plant C,M-02,516.7166561018557
2026-06-26,Plant C,M-02,494.19898171304567
2026-06-26,Plant C,M-03,918.0142839010377
2026-06-26,Plant C,M-03,897.0214922282104
2026-06-26,Plant C,M-03,524.4568391898603
2026-06-26,Plant C,M-04,394.695915446926
2026-06-26,Plant C,M-04,596.963949504064
2026-06-26,Plant C,M-04,322.4396289980447
2026-06-26,Plant C,M-05,313.01331303328254
2026-06-26,Plant C,M-05,463.8842859411956
2026-06-26,Plant C,M-05,411.3435206489498
2026-06-27,Plant A,M-01,553.1922583315662
2026-06-27,Plant A,M-01,370.81804915402563
2026-06-27,Plant A,M-01,357.90461065538517
2026-06-27,Plant A,M-02,514.2021173569807
2026-06-27,Plant A,M-02,440.14979367898576
2026-06-27,Plant A,M-02,477.673153447146
2026-06-27,Plant A,M-03,979.4232108866737
2026-06-27,Plant A,M-03,612.212611368923
2026-06-27,Plant A,M-03,739.5955673076246
2026-06-27,Plant A,M-04,588.2889132150893
2026-06-27,Plant A,M-04,512.2180390981955
2026-06-27,Plant A,M-04,490.0522966062446
2026-06-27,Plant A,M-05,566.8269494978775
2026-06-27,Plant A,M-05,454.81600066349915
2026-06-27,Plant A,M-05,382.1921203273075
2026-06-27,Plant B,M-01,567.2555245866248
2026-06-27,Plant B,M-01,574.4133553468506
2026-06-27,Plant B,M-01,398.41136836560696
2026-06-27,Plant B,M-02,727.4933401953335
2026-06-27,Plant B,M-02,416.0719737864691
2026-06-27,Plant B,M-02,384.70449909306564
2026-06-27,Plant B,M-03,707.6323724853532
2026-06-27,Plant B,M-03,679.2341670380929
2026-06-27,Plant B,M-03,463.423839228476
2026-06-27,Plant B,M-04,413.2849237118032
2026-06-27,Plant B,M-04,249.57403395292124
2026-06-27,Plant B,M-04,459.54342181709455
2026-06-27,Plant B,M-05,502.5969734081132
2026-06-27,Plant B,M-05,521.2406284568883
2026-06-27,Plant B,M-05,573.264665020199
2026-06-27,Plant C,M-01,449.09155823407013
2026-06-27,Plant C,M-01,629.147032206146
2026-06-27,Plant C,M-01,537.463800469442
2026-06-27,Plant C,M-02,641.932045471971
2026-06-27,Plant C,M-02,465.98092003180506
2026-06-27,Plant C,M-02,438.97143869204143
2026-06-27,Plant C,M-03,484.7290486233514
2026-06-27,Plant C,M-03,623.21904269353
2026-06-27,Plant C,M-03,867.5910307197561
2026-06-27,Plant C,M-04,511.80390054475004
2026-06-27,Plant C,M-04,584.3783207538426
2026-06-27,Plant C,M-04,356.9258258701641
2026-06-27,Plant C,M-05,472.97129148692187
2026-06-27,Plant C,M-05,496.9323202945493
2026-06-27,Plant C,M-05,432.5546230114592
2026-06-28,Plant A,M-01,528.0398581235688
2026-06-28,Plant A,M-01,509.0402182493694
2026-06-28,Plant A,M-01,434.0933244525172
2026-06-28,Plant A,M-02,439.02832225225393
2026-06-28,Plant A,M-02,425.4099926244911
2026-06-28,Plant A,M-02,467.90319808272176
2026-06-28,Plant A,M-03,711.9068731534687
2026-06-28,Plant A,M-03,623.99269008106
2026-06-28,Plant A,M-03,596.1203120228915
2026-06-28,Plant A,M-04,584.2810798677266
2026-06-28,Plant A,M-04,509.84067046692996
2026-06-28,Plant A,M-04,411.24931897067376
2026-06-28,Plant A,M-05,543.0839751867378
2026-06-28,Plant A,M-05,448.7821559759114
2026-06-28,Plant A,M-05,342.5682948891135
2026-06-28,Plant B,M-01,517.2611156994044
2026-06-28,Plant B,M-01,575.3208415688662
2026-06-28,Plant B,M-01,389.23994850573945
2026-06-28,Plant B,M-02,387.14290405831
2026-06-28,Plant B,M-02,404.76917017119297
2026-06-28,Plant B,M-02,590.1293418206413
2026-06-28,Plant B,M-03,909.8881070787943
2026-06-28,Plant B,M-03,677.251320372157
2026-06-28,Plant B,M-03,478.5509380213572
2026-06-28,Plant B,M-04,543.807817692524
2026-06-28,Plant B,M-04,353.65958060690593
2026-06-28,Plant B,M-04,237.3163409627112
2026-06-28,Plant B,M-05,493.9591771642083
2026-06-28,Plant B,M-05,523.2760815670566
2026-06-28,Plant B,M-05,583.6184191648234
2026-06-28,Plant C,M-01,475.55788046108603
2026-06-28,Plant C,M-01,687.8721588563925
2026-06-28,Plant C,M-01,494.9464511940834
2026-06-28,Plant C,M-02,469.2951168874995
2026-06-28,Plant C,M-02,630.7031523913497
2026-06-28,Plant C,M-02,402.3105739977377
2026-06-28,Plant C,M-03,700.531664980442
2026-06-28,Plant C,M-03,754.2647477817125
2026-06-28,Plant C,M-03,616.0095030472986
2026-06-28,Plant C,M-04,482.6946365520393
2026-06-28,Plant C,M-04,514.963046312979
2026-06-28,Plant C,M-04,412.93170329376954
2026-06-28,Plant C,M-05,509.8466531866194
2026-06-28,Plant C,M-05,580.5275349966448
2026-06-28,Plant C,M-05,470.0573213525065
2026-06-29,Plant A,M-01,518.3775771788762
2026-06-29,Plant A,M-01,546.0100747277708
2026-06-29,Plant A,M-01,430.2165441695
2026-06-29,Plant A,M-02,395.66835433065546
2026-06-29,Plant A,M-02,622.5128989352836
2026-06-29,Plant A,M-02,328.51148016366756
2026-06-29,Plant A,M-03,691.6760759033781
2026-06-29,Plant A,M-03,948.6545835668176
2026-06-29,Plant A,M-03,625.9033656052662
2026-06-29,Plant A,M-04,493.3919990983134
2026-06-29,Plant A,M-04,466.11822412273386
2026-06-29,Plant A,M-04,580.9107652442173
2026-06-29,Plant A,M-05,536.4160941368821
2026-06-29,Plant A,M-05,492.90568698889484
2026-06-29,Plant A,M-05,395.6362244292248
2026-06-29,Plant B,M-01,656.6195161582621
2026-06-29,Plant B,M-01,485.85161026840564
2026-06-29,Plant B,M-01,393.5749959494123
2026-06-29,Plant B,M-02,523.6119716999026
2026-06-29,Plant B,M-02,458.4554738250653
2026-06-29,Plant B,M-02,455.23716899364996
2026-06-29,Plant B,M-03,723.4584791462335
2026-06-29,Plant B,M-03,658.4915128697421
2026-06-29,Plant B,M-03,622.1971328873592
2026-06-29,Plant B,M-04,439.9749553217248
2026-06-29,Plant B,M-04,381.15240411817064
2026-06-29,Plant B,M-04,309.11843004834975
2026-06-29,Plant B,M-05,351.74709162127374
2026-06-29,Plant B,M-05,445.00099821922146
2026-06-29,Plant B,M-05,493.4891326075281
2026-06-29,Plant C,M-01,601.8018012831383
2026-06-29,Plant C,M-01,546.059898361338
2026-06-29,Plant C,M-01,507.42472400659193
2026-06-29,Plant C,M-02,377.4058997299284
2026-06-29,Plant C,M-02,374.2719998232994
2026-06-29,Plant C,M-02,556.0455893605729
2026-06-29,Plant C,M-03,644.8368020540478
2026-06-29,Plant C,M-03,728.6791435629564
2026-06-29,Plant C,M-03,606.6835880495723
2026-06-29,Plant C,M-04,501.9344316150696
2026-06-29,Plant C,M-04,309.7679482877032
2026-06-29,Plant C,M-04,505.45359996894666
2026-06-29,Plant C,M-05,435.0708511947792
2026-06-29,Plant C,M-05,339.1718187529179
2026-06-29,Plant C,M-05,435.79069443128344
2026-06-30,Plant A,M-01,496.6707696461496
2026-06-30,Plant A,M-01,435.19637330822366
2026-06-30,Plant A,M-01,329.3063669152527
2026-06-30,Plant A,M-02,460.5829374575237
2026-06-30,Plant A,M-02,601.3397429047797
2026-06-30,Plant A,M-02,305.1814860330461
2026-06-30,Plant A,M-03,707.0353931084371
2026-06-30,Plant A,M-03,644.0515898566323
2026-06-30,Plant A,M-03,621.2521324284063
2026-06-30,Plant A,M-04,460.21137637582433
2026-06-30,Plant A,M-04,534.1902019558653
2026-06-30,Plant A,M-04,427.04019355567766
2026-06-30,Plant A,M-05,543.451239754448
2026-06-30,Plant A,M-05,518.815186773791
2026-06-30,Plant A,M-05,531.3451009895905
2026-06-30,Plant B,M-01,466.835460443232
2026-06-30,Plant B,M-01,429.5201150693907
2026-06-30,Plant B,M-01,539.5371606405851
2026-06-30,Plant B,M-02,474.0562216373127
2026-06-30,Plant B,M-02,540.3769481942492
2026-06-30,Plant B,M-02,476.1772382824241
2026-06-30,Plant B,M-03,867.99171289012
2026-06-30,Plant B,M-03,610.7299729789795
2026-06-30,Plant B,M-03,575.618969480129
2026-06-30,Plant B,M-04,379.9635736527335
2026-06-30,Plant B,M-04,276.38589377399455
2026-06-30,Plant B,M-04,448.0336430463858
2026-06-30,Plant B,M-05,412.0003918207014
2026-06-30,Plant B,M-05,466.0490034307008
2026-06-30,Plant B,M-05,438.9495328557175
2026-06-30,Plant C,M-01,389.2818835145729
2026-06-30,Plant C,M-01,521.3328113687382
2026-06-30,Plant C,M-01,478.98966771851906
2026-06-30,Plant C,M-02,595.1885647573174
2026-06-30,Plant C,M-02,554.1791353604665
2026-06-30,Plant C,M-02,433.80830247131
2026-06-30,Plant C,M-03,944.0738212582837
2026-06-30,Plant C,M-03,915.3282647340482
2026-06-30,Plant C,M-03,612.7297715869804
2026-06-30,Plant C,M-04,573.0947415208542
2026-06-30,Plant C,M-04,638.6490456115124
2026-06-30,Plant C,M-04,486.8113186282858
2026-06-30,Plant C,M-05,572.7525928429545
2026-06-30,Plant C,M-05,441.8683460175997
2026-06-30,Plant C,M-05,447.54939169069746
