Date,Plant,Machine,Product,Shift,Target_Production,Actual_Production
2026-01-01,Plant A,M-01,P-04,Morning,1098,1035
2026-01-01,Plant A,M-01,P-03,Evening,899,901
2026-01-01,Plant A,M-01,P-05,Night,910,714
2026-01-01,Plant A,M-02,P-04,Morning,1020,936
2026-01-01,Plant A,M-02,P-01,Evening,880,720
2026-01-01,Plant A,M-02,P-01,Night,1095,942
2026-01-01,Plant A,M-03,P-03,Morning,955,901
2026-01-01,Plant A,M-03,P-02,Evening,967,911
2026-01-01,Plant A,M-03,P-06,Night,964,775
2026-01-01,Plant A,M-04,P-04,Morning,1129,1111
2026-01-01,Plant A,M-04,P-01,Evening,885,866
2026-01-01,Plant A,M-04,P-02,Night,790,583
2026-01-01,Plant A,M-05,P-06,Morning,965,888
2026-01-01,Plant A,M-05,P-01,Evening,754,598
2026-01-01,Plant A,M-05,P-02,Night,1129,943
2026-01-01,Plant B,M-01,P-05,Morning,892,838
2026-01-01,Plant B,M-01,P-02,Evening,794,693
2026-01-01,Plant B,M-01,P-02,Night,1097,900
2026-01-01,Plant B,M-02,P-04,Morning,982,915
2026-01-01,Plant B,M-02,P-03,Evening,1123,1118
2026-01-01,Plant B,M-02,P-04,Night,1017,832
2026-01-01,Plant B,M-03,P-04,Morning,803,768
2026-01-01,Plant B,M-03,P-04,Evening,967,853
2026-01-01,Plant B,M-03,P-05,Night,1121,891
2026-01-01,Plant B,M-04,P-05,Morning,1008,762
2026-01-01,Plant B,M-04,P-01,Evening,1173,874
2026-01-01,Plant B,M-04,P-06,Night,1047,734
2026-01-01,Plant B,M-05,P-04,Morning,786,729
2026-01-01,Plant B,M-05,P-03,Evening,1153,962
2026-01-01,Plant B,M-05,P-03,Night,861,743
2026-01-01,Plant C,M-01,P-02,Morning,1059,950
2026-01-01,Plant C,M-01,P-04,Evening,1192,1100
2026-01-01,Plant C,M-01,P-03,Night,1187,969
2026-01-01,Plant C,M-02,P-03,Morning,753,708
2026-01-01,Plant C,M-02,P-06,Evening,1122,949
2026-01-01,Plant C,M-02,P-01,Night,865,731
2026-01-01,Plant C,M-03,P-01,Morning,972,813
2026-01-01,Plant C,M-03,P-01,Evening,1142,1049
2026-01-01,Plant C,M-03,P-02,Night,1158,946
2026-01-01,Plant C,M-04,P-02,Morning,1037,979
2026-01-01,Plant C,M-04,P-06,Evening,1063,879
2026-01-01,Plant C,M-04,P-04,Night,1011,887
2026-01-01,Plant C,M-05,P-05,Morning,1119,1042
2026-01-01,Plant C,M-05,P-02,Evening,866,836
2026-01-01,Plant C,M-05,P-01,Night,988,856
2026-01-02,Plant A,M-01,P-05,Morning,1027,990
2026-01-02,Plant A,M-01,P-01,Evening,1034,971
2026-01-02,Plant A,M-01,P-04,Night,1038,894
2026-01-02,Plant A,M-02,P-02,Morning,929,904
2026-01-02,Plant A,M-02,P-02,Evening,1133,993
2026-01-02,Plant A,M-02,P-01,Night,1194,974
2026-01-02,Plant A,M-03,P-04,Morning,844,804
2026-01-02,Plant A,M-03,P-05,Evening,1159,1034
2026-01-02,Plant A,M-03,P-05,Night,1125,839
2026-01-02,Plant A,M-04,P-03,Morning,926,866
2026-01-02,Plant A,M-04,P-05,Evening,1028,875
2026-01-02,Plant A,M-04,P-01,Night,1091,917
2026-01-02,Plant A,M-05,P-03,Morning,1116,1127
2026-01-02,Plant A,M-05,P-04,Evening,802,654
2026-01-02,Plant A,M-05,P-05,Night,984,731
2026-01-02,Plant B,M-01,P-05,Morning,979,948
2026-01-02,Plant B,M-01,P-05,Evening,1070,940
2026-01-02,Plant B,M-01,P-04,Night,1164,940
2026-01-02,Plant B,M-02,P-05,Morning,991,966
2026-01-02,Plant B,M-02,P-01,Evening,1136,960
2026-01-02,Plant B,M-02,P-04,Night,922,702
2026-01-02,Plant B,M-03,P-04,Morning,978,920
2026-01-02,Plant B,M-03,P-01,Evening,761,618
2026-01-02,Plant B,M-03,P-02,Night,1097,869
2026-01-02,Plant B,M-04,P-06,Morning,1196,982
2026-01-02,Plant B,M-04,P-06,Evening,784,450
2026-01-02,Plant B,M-04,P-05,Night,754,566
2026-01-02,Plant B,M-05,P-05,Morning,1031,973
2026-01-02,Plant B,M-05,P-05,Evening,1060,898
2026-01-02,Plant B,M-05,P-05,Night,802,558
2026-01-02,Plant C,M-01,P-04,Morning,1195,1030
2026-01-02,Plant C,M-01,P-02,Evening,999,910
2026-01-02,Plant C,M-01,P-03,Night,1062,861
2026-01-02,Plant C,M-02,P-03,Morning,852,862
2026-01-02,Plant C,M-02,P-02,Evening,1057,902
2026-01-02,Plant C,M-02,P-01,Night,882,690
2026-01-02,Plant C,M-03,P-05,Morning,1199,1165
2026-01-02,Plant C,M-03,P-03,Evening,1123,987
2026-01-02,Plant C,M-03,P-05,Night,871,769
2026-01-02,Plant C,M-04,P-05,Morning,1075,1040
2026-01-02,Plant C,M-04,P-02,Evening,998,858
2026-01-02,Plant C,M-04,P-01,Night,775,604
2026-01-02,Plant C,M-05,P-06,Morning,965,898
2026-01-02,Plant C,M-05,P-06,Evening,1112,1052
2026-01-02,Plant C,M-05,P-01,Night,1022,809
2026-01-03,Plant A,M-01,P-01,Morning,817,829
2026-01-03,Plant A,M-01,P-01,Evening,985,910
2026-01-03,Plant A,M-01,P-03,Night,1189,972
2026-01-03,Plant A,M-02,P-06,Morning,844,796
2026-01-03,Plant A,M-02,P-04,Evening,1157,1077
2026-01-03,Plant A,M-02,P-03,Night,1141,948
2026-01-03,Plant A,M-03,P-03,Morning,961,911
2026-01-03,Plant A,M-03,P-04,Evening,1082,965
2026-01-03,Plant A,M-03,P-02,Night,921,836
2026-01-03,Plant A,M-04,P-06,Morning,1193,1084
2026-01-03,Plant A,M-04,P-03,Evening,750,620
2026-01-03,Plant A,M-04,P-03,Night,962,825
2026-01-03,Plant A,M-05,P-05,Morning,791,678
2026-01-03,Plant A,M-05,P-01,Evening,902,795
2026-01-03,Plant A,M-05,P-03,Night,788,630
2026-01-03,Plant B,M-01,P-04,Morning,980,914
2026-01-03,Plant B,M-01,P-01,Evening,1003,969
2026-01-03,Plant B,M-01,P-04,Night,1114,958
2026-01-03,Plant B,M-02,P-04,Morning,1081,1044
2026-01-03,Plant B,M-02,P-03,Evening,1003,895
2026-01-03,Plant B,M-02,P-05,Night,853,683
2026-01-03,Plant B,M-03,P-02,Morning,841,821
2026-01-03,Plant B,M-03,P-06,Evening,1016,930
2026-01-03,Plant B,M-03,P-02,Night,1185,966
2026-01-03,Plant B,M-04,P-03,Morning,1043,862
2026-01-03,Plant B,M-04,P-01,Evening,929,687
2026-01-03,Plant B,M-04,P-04,Night,1119,774
2026-01-03,Plant B,M-05,P-05,Morning,964,893
2026-01-03,Plant B,M-05,P-05,Evening,1035,910
2026-01-03,Plant B,M-05,P-02,Night,971,771
2026-01-03,Plant C,M-01,P-03,Morning,1037,1025
2026-01-03,Plant C,M-01,P-01,Evening,1062,995
2026-01-03,Plant C,M-01,P-01,Night,988,823
2026-01-03,Plant C,M-02,P-06,Morning,1149,1102
2026-01-03,Plant C,M-02,P-02,Evening,756,643
2026-01-03,Plant C,M-02,P-04,Night,760,656
2026-01-03,Plant C,M-03,P-06,Morning,1142,1115
2026-01-03,Plant C,M-03,P-01,Evening,789,673
2026-01-03,Plant C,M-03,P-04,Night,903,698
2026-01-03,Plant C,M-04,P-04,Morning,836,834
2026-01-03,Plant C,M-04,P-02,Evening,1017,926
2026-01-03,Plant C,M-04,P-02,Night,1059,868
2026-01-03,Plant C,M-05,P-03,Morning,1045,992
2026-01-03,Plant C,M-05,P-06,Evening,1155,1069
2026-01-03,Plant C,M-05,P-04,Night,1086,916
2026-01-04,Plant A,M-01,P-01,Morning,966,855
2026-01-04,Plant A,M-01,P-05,Evening,857,702
2026-01-04,Plant A,M-01,P-01,Night,1079,890
2026-01-04,Plant A,M-02,P-05,Morning,830,726
2026-01-04,Plant A,M-02,P-01,Evening,1114,1022
2026-01-04,Plant A,M-02,P-02,Night,1140,1002
2026-01-04,Plant A,M-03,P-06,Morning,1121,1021
2026-01-04,Plant A,M-03,P-03,Evening,857,780
2026-01-04,Plant A,M-03,P-04,Night,1098,903
2026-01-04,Plant A,M-04,P-06,Morning,1199,1204
2026-01-04,Plant A,M-04,P-05,Evening,1195,1135
2026-01-04,Plant A,M-04,P-01,Night,1015,920
2026-01-04,Plant A,M-05,P-06,Morning,1073,983
2026-01-04,Plant A,M-05,P-01,Evening,1126,1005
2026-01-04,Plant A,M-05,P-02,Night,902,703
2026-01-04,Plant B,M-01,P-03,Morning,1115,1071
2026-01-04,Plant B,M-01,P-06,Evening,796,717
2026-01-04,Plant B,M-01,P-02,Night,1168,931
2026-01-04,Plant B,M-02,P-01,Morning,1078,935
2026-01-04,Plant B,M-02,P-04,Evening,778,615
2026-01-04,Plant B,M-02,P-04,Night,787,659
2026-01-04,Plant B,M-03,P-05,Morning,1033,927
2026-01-04,Plant B,M-03,P-02,Evening,789,672
2026-01-04,Plant B,M-03,P-04,Night,1102,920
2026-01-04,Plant B,M-04,P-06,Morning,937,720
2026-01-04,Plant B,M-04,P-02,Evening,909,668
2026-01-04,Plant B,M-04,P-05,Night,795,497
2026-01-04,Plant B,M-05,P-05,Morning,912,891
2026-01-04,Plant B,M-05,P-06,Evening,786,722
2026-01-04,Plant B,M-05,P-01,Night,761,684
2026-01-04,Plant C,M-01,P-05,Morning,953,841
2026-01-04,Plant C,M-01,P-01,Evening,883,785
2026-01-04,Plant C,M-01,P-05,Night,906,717
2026-01-04,Plant C,M-02,P-03,Morning,1086,1010
2026-01-04,Plant C,M-02,P-01,Evening,1136,1058
2026-01-04,Plant C,M-02,P-01,Night,1030,876
2026-01-04,Plant C,M-03,P-05,Morning,757,600
2026-01-04,Plant C,M-03,P-04,Evening,930,746
2026-01-04,Plant C,M-03,P-04,Night,1089,877
2026-01-04,Plant C,M-04,P-05,Morning,866,842
2026-01-04,Plant C,M-04,P-03,Evening,1050,879
2026-01-04,Plant C,M-04,P-01,Night,1150,992
2026-01-04,Plant C,M-05,P-02,Morning,1102,1041
2026-01-04,Plant C,M-05,P-02,Evening,1155,1068
2026-01-04,Plant C,M-05,P-03,Night,1066,848
2026-01-05,Plant A,M-01,P-01,Morning,1119,1006
2026-01-05,Plant A,M-01,P-04,Evening,1139,1008
2026-01-05,Plant A,M-01,P-06,Night,761,633
2026-01-05,Plant A,M-02,P-05,Morning,932,932
2026-01-05,Plant A,M-02,P-01,Evening,808,695
2026-01-05,Plant A,M-02,P-05,Night,908,738
2026-01-05,Plant A,M-03,P-04,Morning,1193,1139
2026-01-05,Plant A,M-03,P-02,Evening,1169,1123
2026-01-05,Plant A,M-03,P-03,Night,986,813
2026-01-05,Plant A,M-04,P-04,Morning,763,647
2026-01-05,Plant A,M-04,P-06,Evening,1065,1011
2026-01-05,Plant A,M-04,P-04,Night,815,662
2026-01-05,Plant A,M-05,P-05,Morning,1156,1053
2026-01-05,Plant A,M-05,P-03,Evening,750,693
2026-01-05,Plant A,M-05,P-05,Night,953,773
2026-01-05,Plant B,M-01,P-02,Morning,1083,1101
2026-01-05,Plant B,M-01,P-03,Evening,947,892
2026-01-05,Plant B,M-01,P-03,Night,1048,891
2026-01-05,Plant B,M-02,P-03,Morning,927,861
2026-01-05,Plant B,M-02,P-06,Evening,754,634
2026-01-05,Plant B,M-02,P-02,Night,1163,959
2026-01-05,Plant B,M-03,P-04,Morning,1038,968
2026-01-05,Plant B,M-03,P-02,Evening,1195,1065
2026-01-05,Plant B,M-03,P-03,Night,1073,843
2026-01-05,Plant B,M-04,P-02,Morning,1146,899
2026-01-05,Plant B,M-04,P-04,Evening,948,709
2026-01-05,Plant B,M-04,P-03,Night,1177,897
2026-01-05,Plant B,M-05,P-02,Morning,1161,1125
2026-01-05,Plant B,M-05,P-04,Evening,977,863
2026-01-05,Plant B,M-05,P-03,Night,1085,875
2026-01-05,Plant C,M-01,P-04,Morning,1026,984
2026-01-05,Plant C,M-01,P-04,Evening,1040,913
2026-01-05,Plant C,M-01,P-04,Night,839,696
2026-01-05,Plant C,M-02,P-01,Morning,1175,1153
2026-01-05,Plant C,M-02,P-01,Evening,921,874
2026-01-05,Plant C,M-02,P-02,Night,758,614
2026-01-05,Plant C,M-03,P-01,Morning,903,887
2026-01-05,Plant C,M-03,P-02,Evening,1188,1091
2026-01-05,Plant C,M-03,P-05,Night,899,804
2026-01-05,Plant C,M-04,P-01,Morning,1003,1037
2026-01-05,Plant C,M-04,P-05,Evening,916,839
2026-01-05,Plant C,M-04,P-05,Night,785,657
2026-01-05,Plant C,M-05,P-06,Morning,1174,1110
2026-01-05,Plant C,M-05,P-06,Evening,949,851
2026-01-05,Plant C,M-05,P-02,Night,964,801
2026-01-06,Plant A,M-01,P-04,Morning,1082,992
2026-01-06,Plant A,M-01,P-04,Evening,894,746
2026-01-06,Plant A,M-01,P-04,Night,1109,881
2026-01-06,Plant A,M-02,P-02,Morning,980,835
2026-01-06,Plant A,M-02,P-02,Evening,986,910
2026-01-06,Plant A,M-02,P-03,Night,929,777
2026-01-06,Plant A,M-03,P-01,Morning,791,751
2026-01-06,Plant A,M-03,P-06,Evening,816,691
2026-01-06,Plant A,M-03,P-06,Night,1025,791
2026-01-06,Plant A,M-04,P-04,Morning,844,760
2026-01-06,Plant A,M-04,P-05,Evening,866,823
2026-01-06,Plant A,M-04,P-04,Night,761,557
2026-01-06,Plant A,M-05,P-05,Morning,792,657
2026-01-06,Plant A,M-05,P-02,Evening,1015,959
2026-01-06,Plant A,M-05,P-05,Night,1078,898
2026-01-06,Plant B,M-01,P-01,Morning,850,793
2026-01-06,Plant B,M-01,P-06,Evening,1005,994
2026-01-06,Plant B,M-01,P-05,Night,835,627
2026-01-06,Plant B,M-02,P-02,Morning,1125,1041
2026-01-06,Plant B,M-02,P-05,Evening,1087,998
2026-01-06,Plant B,M-02,P-05,Night,1031,862
2026-01-06,Plant B,M-03,P-05,Morning,1185,1092
2026-01-06,Plant B,M-03,P-05,Evening,846,717
2026-01-06,Plant B,M-03,P-02,Night,1013,756
2026-01-06,Plant B,M-04,P-01,Morning,836,666
2026-01-06,Plant B,M-04,P-03,Evening,901,700
2026-01-06,Plant B,M-04,P-03,Night,777,446
2026-01-06,Plant B,M-05,P-02,Morning,787,774
2026-01-06,Plant B,M-05,P-03,Evening,798,740
2026-01-06,Plant B,M-05,P-06,Night,1004,780
2026-01-06,Plant C,M-01,P-01,Morning,1173,1159
2026-01-06,Plant C,M-01,P-02,Evening,1027,936
2026-01-06,Plant C,M-01,P-06,Night,868,721
2026-01-06,Plant C,M-02,P-06,Morning,1141,1072
2026-01-06,Plant C,M-02,P-02,Evening,1007,921
2026-01-06,Plant C,M-02,P-04,Night,1027,783
2026-01-06,Plant C,M-03,P-04,Morning,1116,1013
2026-01-06,Plant C,M-03,P-04,Evening,1010,880
2026-01-06,Plant C,M-03,P-06,Night,980,771
2026-01-06,Plant C,M-04,P-02,Morning,839,734
2026-01-06,Plant C,M-04,P-03,Evening,850,824
2026-01-06,Plant C,M-04,P-03,Night,903,706
2026-01-06,Plant C,M-05,P-04,Morning,970,940
2026-01-06,Plant C,M-05,P-06,Evening,773,661
2026-01-06,Plant C,M-05,P-05,Night,825,602
2026-01-07,Plant A,M-01,P-04,Morning,1099,1053
2026-01-07,Plant A,M-01,P-01,Evening,867,751
2026-01-07,Plant A,M-01,P-06,Night,796,650
2026-01-07,Plant A,M-02,P-03,Morning,856,882
2026-01-07,Plant A,M-02,P-03,Evening,994,923
2026-01-07,Plant A,M-02,P-05,Night,1105,922
2026-01-07,Plant A,M-03,P-04,Morning,1075,1056
2026-01-07,Plant A,M-03,P-06,Evening,1157,1073
2026-01-07,Plant A,M-03,P-06,Night,869,682
2026-01-07,Plant A,M-04,P-03,Morning,833,745
2026-01-07,Plant A,M-04,P-06,Evening,876,775
2026-01-07,Plant A,M-04,P-06,Night,1062,856
2026-01-07,Plant A,M-05,P-01,Morning,1152,1077
2026-01-07,Plant A,M-05,P-05,Evening,810,653
2026-01-07,Plant A,M-05,P-02,Night,947,742
2026-01-07,Plant B,M-01,P-03,Morning,874,769
2026-01-07,Plant B,M-01,P-03,Evening,1068,969
2026-01-07,Plant B,M-01,P-05,Night,828,623
2026-01-07,Plant B,M-02,P-04,Morning,775,694
2026-01-07,Plant B,M-02,P-06,Evening,916,763
2026-01-07,Plant B,M-02,P-03,Night,1017,844
2026-01-07,Plant B,M-03,P-06,Morning,853,822
2026-01-07,Plant B,M-03,P-03,Evening,1114,958
2026-01-07,Plant B,M-03,P-05,Night,1009,749
2026-01-07,Plant B,M-04,P-06,Morning,1124,834
2026-01-07,Plant B,M-04,P-03,Evening,1074,819
2026-01-07,Plant B,M-04,P-05,Night,976,662
2026-01-07,Plant B,M-05,P-04,Morning,1113,1108
2026-01-07,Plant B,M-05,P-02,Evening,1026,954
2026-01-07,Plant B,M-05,P-02,Night,824,678
2026-01-07,Plant C,M-01,P-06,Morning,1020,981
2026-01-07,Plant C,M-01,P-06,Evening,950,813
2026-01-07,Plant C,M-01,P-06,Night,892,787
2026-01-07,Plant C,M-02,P-01,Morning,1104,1054
2026-01-07,Plant C,M-02,P-03,Evening,840,743
2026-01-07,Plant C,M-02,P-06,Night,833,691
2026-01-07,Plant C,M-03,P-01,Morning,832,711
2026-01-07,Plant C,M-03,P-03,Evening,873,760
2026-01-07,Plant C,M-03,P-05,Night,913,787
2026-01-07,Plant C,M-04,P-01,Morning,1192,1087
2026-01-07,Plant C,M-04,P-01,Evening,874,764
2026-01-07,Plant C,M-04,P-06,Night,799,607
2026-01-07,Plant C,M-05,P-05,Morning,950,843
2026-01-07,Plant C,M-05,P-01,Evening,896,820
2026-01-07,Plant C,M-05,P-05,Night,928,775
2026-01-08,Plant A,M-01,P-02,Morning,1096,981
2026-01-08,Plant A,M-01,P-01,Evening,810,721
2026-01-08,Plant A,M-01,P-03,Night,1173,955
2026-01-08,Plant A,M-02,P-06,Morning,798,818
2026-01-08,Plant A,M-02,P-06,Evening,1131,1025
2026-01-08,Plant A,M-02,P-03,Night,808,678
2026-01-08,Plant A,M-03,P-05,Morning,750,689
2026-01-08,Plant A,M-03,P-01,Evening,1050,911
2026-01-08,Plant A,M-03,P-01,Night,924,730
2026-01-08,Plant A,M-04,P-02,Morning,896,812
2026-01-08,Plant A,M-04,P-05,Evening,854,741
2026-01-08,Plant A,M-04,P-06,Night,950,726
2026-01-08,Plant A,M-05,P-06,Morning,1045,940
2026-01-08,Plant A,M-05,P-05,Evening,1106,1071
2026-01-08,Plant A,M-05,P-03,Night,895,725
2026-01-08,Plant B,M-01,P-04,Morning,1113,950
2026-01-08,Plant B,M-01,P-04,Evening,1166,1033
2026-01-08,Plant B,M-01,P-01,Night,942,664
2026-01-08,Plant B,M-02,P-06,Morning,1144,1105
2026-01-08,Plant B,M-02,P-04,Evening,1070,1012
2026-01-08,Plant B,M-02,P-06,Night,1112,947
2026-01-08,Plant B,M-03,P-05,Morning,779,717
2026-01-08,Plant B,M-03,P-04,Evening,950,769
2026-01-08,Plant B,M-03,P-06,Night,817,568
2026-01-08,Plant B,M-04,P-02,Morning,1103,960
2026-01-08,Plant B,M-04,P-04,Evening,888,626
2026-01-08,Plant B,M-04,P-03,Night,1022,690
2026-01-08,Plant B,M-05,P-05,Morning,757,707
2026-01-08,Plant B,M-05,P-05,Evening,796,685
2026-01-08,Plant B,M-05,P-04,Night,1174,894
2026-01-08,Plant C,M-01,P-02,Morning,977,914
2026-01-08,Plant C,M-01,P-02,Evening,928,836
2026-01-08,Plant C,M-01,P-01,Night,1077,816
2026-01-08,Plant C,M-02,P-06,Morning,1072,1029
2026-01-08,Plant C,M-02,P-03,Evening,1072,965
2026-01-08,Plant C,M-02,P-01,Night,901,696
2026-01-08,Plant C,M-03,P-05,Morning,937,832
2026-01-08,Plant C,M-03,P-01,Evening,1039,965
2026-01-08,Plant C,M-03,P-05,Night,922,744
2026-01-08,Plant C,M-04,P-01,Morning,1124,1005
2026-01-08,Plant C,M-04,P-04,Evening,1039,949
2026-01-08,Plant C,M-04,P-06,Night,970,727
2026-01-08,Plant C,M-05,P-01,Morning,1030,1010
2026-01-08,Plant C,M-05,P-06,Evening,801,648
2026-01-08,Plant C,M-05,P-04,Night,954,706
2026-01-09,Plant A,M-01,P-02,Morning,997,917
2026-01-09,Plant A,M-01,P-06,Evening,1043,913
2026-01-09,Plant A,M-01,P-05,Night,905,797
2026-01-09,Plant A,M-02,P-03,Morning,890,825
2026-01-09,Plant A,M-02,P-02,Evening,1162,1072
2026-01-09,Plant A,M-02,P-03,Night,1022,772
2026-01-09,Plant A,M-03,P-04,Morning,1042,1030
2026-01-09,Plant A,M-03,P-06,Evening,976,914
2026-01-09,Plant A,M-03,P-04,Night,780,612
2026-01-09,Plant A,M-04,P-05,Morning,986,969
2026-01-09,Plant A,M-04,P-04,Evening,1177,1075
2026-01-09,Plant A,M-04,P-01,Night,867,659
2026-01-09,Plant A,M-05,P-06,Morning,1029,891
2026-01-09,Plant A,M-05,P-03,Evening,1158,1021
2026-01-09,Plant A,M-05,P-01,Night,853,704
2026-01-09,Plant B,M-01,P-05,Morning,902,808
2026-01-09,Plant B,M-01,P-03,Evening,1122,977
2026-01-09,Plant B,M-01,P-03,Night,881,657
2026-01-09,Plant B,M-02,P-04,Morning,1177,1160
2026-01-09,Plant B,M-02,P-02,Evening,948,890
2026-01-09,Plant B,M-02,P-05,Night,930,745
2026-01-09,Plant B,M-03,P-06,Morning,937,859
2026-01-09,Plant B,M-03,P-05,Evening,833,682
2026-01-09,Plant B,M-03,P-06,Night,1043,791
2026-01-09,Plant B,M-04,P-06,Morning,752,605
2026-01-09,Plant B,M-04,P-03,Evening,1001,657
2026-01-09,Plant B,M-04,P-01,Night,1023,735
2026-01-09,Plant B,M-05,P-02,Morning,1022,903
2026-01-09,Plant B,M-05,P-02,Evening,757,634
2026-01-09,Plant B,M-05,P-06,Night,842,655
2026-01-09,Plant C,M-01,P-04,Morning,1175,1088
2026-01-09,Plant C,M-01,P-05,Evening,1113,1014
2026-01-09,Plant C,M-01,P-02,Night,878,725
2026-01-09,Plant C,M-02,P-03,Morning,1095,998
2026-01-09,Plant C,M-02,P-02,Evening,1073,881
2026-01-09,Plant C,M-02,P-05,Night,1174,929
2026-01-09,Plant C,M-03,P-04,Morning,1031,970
2026-01-09,Plant C,M-03,P-04,Evening,1028,921
2026-01-09,Plant C,M-03,P-03,Night,861,669
2026-01-09,Plant C,M-04,P-05,Morning,913,830
2026-01-09,Plant C,M-04,P-01,Evening,930,872
2026-01-09,Plant C,M-04,P-06,Night,834,634
2026-01-09,Plant C,M-05,P-04,Morning,787,725
2026-01-09,Plant C,M-05,P-01,Evening,861,731
2026-01-09,Plant C,M-05,P-04,Night,788,626
2026-01-10,Plant A,M-01,P-03,Morning,911,812
2026-01-10,Plant A,M-01,P-01,Evening,1073,908
2026-01-10,Plant A,M-01,P-04,Night,830,567
2026-01-10,Plant A,M-02,P-02,Morning,916,810
2026-01-10,Plant A,M-02,P-01,Evening,825,699
2026-01-10,Plant A,M-02,P-04,Night,781,629
2026-01-10,Plant A,M-03,P-04,Morning,965,852
2026-01-10,Plant A,M-03,P-05,Evening,942,872
2026-01-10,Plant A,M-03,P-02,Night,1125,881
2026-01-10,Plant A,M-04,P-03,Morning,928,920
2026-01-10,Plant A,M-04,P-04,Evening,1150,977
2026-01-10,Plant A,M-04,P-03,Night,782,621
2026-01-10,Plant A,M-05,P-01,Morning,890,810
2026-01-10,Plant A,M-05,P-05,Evening,997,847
2026-01-10,Plant A,M-05,P-05,Night,1161,954
2026-01-10,Plant B,M-01,P-01,Morning,953,979
2026-01-10,Plant B,M-01,P-06,Evening,903,811
2026-01-10,Plant B,M-01,P-01,Night,1187,962
2026-01-10,Plant B,M-02,P-03,Morning,1015,928
2026-01-10,Plant B,M-02,P-04,Evening,1007,826
2026-01-10,Plant B,M-02,P-05,Night,1033,841
2026-01-10,Plant B,M-03,P-02,Morning,1169,1051
2026-01-10,Plant B,M-03,P-06,Evening,927,887
2026-01-10,Plant B,M-03,P-05,Night,1128,971
2026-01-10,Plant B,M-04,P-05,Morning,917,677
2026-01-10,Plant B,M-04,P-01,Evening,1115,916
2026-01-10,Plant B,M-04,P-02,Night,843,397
2026-01-10,Plant B,M-05,P-05,Morning,923,894
2026-01-10,Plant B,M-05,P-01,Evening,1044,948
2026-01-10,Plant B,M-05,P-03,Night,1090,919
2026-01-10,Plant C,M-01,P-04,Morning,767,687
2026-01-10,Plant C,M-01,P-06,Evening,1005,936
2026-01-10,Plant C,M-01,P-06,Night,1090,914
2026-01-10,Plant C,M-02,P-03,Morning,858,756
2026-01-10,Plant C,M-02,P-02,Evening,801,660
2026-01-10,Plant C,M-02,P-04,Night,859,702
2026-01-10,Plant C,M-03,P-01,Morning,867,725
2026-01-10,Plant C,M-03,P-01,Evening,1132,999
2026-01-10,Plant C,M-03,P-05,Night,1150,913
2026-01-10,Plant C,M-04,P-06,Morning,995,965
2026-01-10,Plant C,M-04,P-02,Evening,777,679
2026-01-10,Plant C,M-04,P-06,Night,1161,965
2026-01-10,Plant C,M-05,P-02,Morning,1198,1157
2026-01-10,Plant C,M-05,P-05,Evening,797,682
2026-01-10,Plant C,M-05,P-02,Night,1054,818
2026-01-11,Plant A,M-01,P-03,Morning,774,687
2026-01-11,Plant A,M-01,P-04,Evening,822,716
2026-01-11,Plant A,M-01,P-04,Night,1184,1034
2026-01-11,Plant A,M-02,P-05,Morning,1179,1119
2026-01-11,Plant A,M-02,P-06,Evening,755,656
2026-01-11,Plant A,M-02,P-04,Night,1197,973
2026-01-11,Plant A,M-03,P-03,Morning,1188,1161
2026-01-11,Plant A,M-03,P-02,Evening,811,713
2026-01-11,Plant A,M-03,P-01,Night,1169,946
2026-01-11,Plant A,M-04,P-03,Morning,941,877
2026-01-11,Plant A,M-04,P-05,Evening,1191,1057
2026-01-11,Plant A,M-04,P-06,Night,1175,1020
2026-01-11,Plant A,M-05,P-03,Morning,1062,1054
2026-01-11,Plant A,M-05,P-02,Evening,751,695
2026-01-11,Plant A,M-05,P-06,Night,1043,823
2026-01-11,Plant B,M-01,P-02,Morning,859,843
2026-01-11,Plant B,M-01,P-04,Evening,1028,865
2026-01-11,Plant B,M-01,P-06,Night,819,673
2026-01-11,Plant B,M-02,P-06,Morning,966,847
2026-01-11,Plant B,M-02,P-03,Evening,931,774
2026-01-11,Plant B,M-02,P-03,Night,810,551
2026-01-11,Plant B,M-03,P-06,Morning,1163,1109
2026-01-11,Plant B,M-03,P-02,Evening,1182,1074
2026-01-11,Plant B,M-03,P-05,Night,887,768
2026-01-11,Plant B,M-04,P-02,Morning,810,663
2026-01-11,Plant B,M-04,P-03,Evening,1138,740
2026-01-11,Plant B,M-04,P-01,Night,763,557
2026-01-11,Plant B,M-05,P-05,Morning,1092,1024
2026-01-11,Plant B,M-05,P-01,Evening,813,651
2026-01-11,Plant B,M-05,P-01,Night,1124,1018
2026-01-11,Plant C,M-01,P-04,Morning,933,819
2026-01-11,Plant C,M-01,P-04,Evening,1173,1049
2026-01-11,Plant C,M-01,P-04,Night,865,722
2026-01-11,Plant C,M-02,P-05,Morning,964,981
2026-01-11,Plant C,M-02,P-01,Evening,988,857
2026-01-11,Plant C,M-02,P-02,Night,1099,901
2026-01-11,Plant C,M-03,P-02,Morning,1000,904
2026-01-11,Plant C,M-03,P-06,Evening,805,742
2026-01-11,Plant C,M-03,P-04,Night,850,736
2026-01-11,Plant C,M-04,P-06,Morning,1157,1125
2026-01-11,Plant C,M-04,P-02,Evening,1062,912
2026-01-11,Plant C,M-04,P-01,Night,1148,975
2026-01-11,Plant C,M-05,P-04,Morning,967,936
2026-01-11,Plant C,M-05,P-01,Evening,976,901
2026-01-11,Plant C,M-05,P-05,Night,1114,932
2026-01-12,Plant A,M-01,P-04,Morning,788,698
2026-01-12,Plant A,M-01,P-04,Evening,802,748
2026-01-12,Plant A,M-01,P-06,Night,934,727
2026-01-12,Plant A,M-02,P-01,Morning,1064,954
2026-01-12,Plant A,M-02,P-04,Evening,1132,1035
2026-01-12,Plant A,M-02,P-05,Night,1086,913
2026-01-12,Plant A,M-03,P-06,Morning,1077,1044
2026-01-12,Plant A,M-03,P-04,Evening,938,924
2026-01-12,Plant A,M-03,P-06,Night,1087,901
2026-01-12,Plant A,M-04,P-03,Morning,865,771
2026-01-12,Plant A,M-04,P-01,Evening,931,758
2026-01-12,Plant A,M-04,P-04,Night,986,826
2026-01-12,Plant A,M-05,P-03,Morning,888,795
2026-01-12,Plant A,M-05,P-05,Evening,1173,1021
2026-01-12,Plant A,M-05,P-01,Night,898,693
2026-01-12,Plant B,M-01,P-06,Morning,896,904
2026-01-12,Plant B,M-01,P-03,Evening,913,832
2026-01-12,Plant B,M-01,P-06,Night,832,690
2026-01-12,Plant B,M-02,P-01,Morning,1196,1024
2026-01-12,Plant B,M-02,P-01,Evening,1116,1046
2026-01-12,Plant B,M-02,P-01,Night,1031,761
2026-01-12,Plant B,M-03,P-02,Morning,1032,1038
2026-01-12,Plant B,M-03,P-02,Evening,1089,934
2026-01-12,Plant B,M-03,P-03,Night,1127,888
2026-01-12,Plant B,M-04,P-02,Morning,999,828
2026-01-12,Plant B,M-04,P-06,Evening,862,705
2026-01-12,Plant B,M-04,P-03,Night,789,511
2026-01-12,Plant B,M-05,P-05,Morning,1127,1092
2026-01-12,Plant B,M-05,P-04,Evening,1081,927
2026-01-12,Plant B,M-05,P-06,Night,852,624
2026-01-12,Plant C,M-01,P-06,Morning,789,658
2026-01-12,Plant C,M-01,P-05,Evening,1084,907
2026-01-12,Plant C,M-01,P-01,Night,915,709
2026-01-12,Plant C,M-02,P-05,Morning,892,749
2026-01-12,Plant C,M-02,P-02,Evening,1054,943
2026-01-12,Plant C,M-02,P-03,Night,1197,964
2026-01-12,Plant C,M-03,P-03,Morning,1086,997
2026-01-12,Plant C,M-03,P-05,Evening,1130,1034
2026-01-12,Plant C,M-03,P-05,Night,1117,935
2026-01-12,Plant C,M-04,P-04,Morning,1178,1131
2026-01-12,Plant C,M-04,P-02,Evening,1013,966
2026-01-12,Plant C,M-04,P-06,Night,979,826
2026-01-12,Plant C,M-05,P-06,Morning,1139,1027
2026-01-12,Plant C,M-05,P-02,Evening,895,834
2026-01-12,Plant C,M-05,P-03,Night,855,735
2026-01-13,Plant A,M-01,P-03,Morning,1138,985
2026-01-13,Plant A,M-01,P-03,Evening,752,616
2026-01-13,Plant A,M-01,P-01,Night,1078,900
2026-01-13,Plant A,M-02,P-01,Morning,823,712
2026-01-13,Plant A,M-02,P-01,Evening,1083,1015
2026-01-13,Plant A,M-02,P-01,Night,1197,1017
2026-01-13,Plant A,M-03,P-03,Morning,1021,954
2026-01-13,Plant A,M-03,P-02,Evening,825,730
2026-01-13,Plant A,M-03,P-03,Night,828,702
2026-01-13,Plant A,M-04,P-01,Morning,812,731
2026-01-13,Plant A,M-04,P-04,Evening,1033,952
2026-01-13,Plant A,M-04,P-04,Night,1130,917
2026-01-13,Plant A,M-05,P-05,Morning,855,830
2026-01-13,Plant A,M-05,P-06,Evening,973,891
2026-01-13,Plant A,M-05,P-02,Night,890,705
2026-01-13,Plant B,M-01,P-06,Morning,819,662
2026-01-13,Plant B,M-01,P-02,Evening,754,730
2026-01-13,Plant B,M-01,P-01,Night,855,672
2026-01-13,Plant B,M-02,P-01,Morning,1090,1052
2026-01-13,Plant B,M-02,P-01,Evening,1101,954
2026-01-13,Plant B,M-02,P-03,Night,1124,927
2026-01-13,Plant B,M-03,P-01,Morning,796,763
2026-01-13,Plant B,M-03,P-03,Evening,1159,1056
2026-01-13,Plant B,M-03,P-01,Night,1082,852
2026-01-13,Plant B,M-04,P-01,Morning,991,817
2026-01-13,Plant B,M-04,P-01,Evening,759,545
2026-01-13,Plant B,M-04,P-04,Night,913,663
2026-01-13,Plant B,M-05,P-05,Morning,1108,1061
2026-01-13,Plant B,M-05,P-02,Evening,877,778
2026-01-13,Plant B,M-05,P-01,Night,1178,946
2026-01-13,Plant C,M-01,P-03,Morning,898,842
2026-01-13,Plant C,M-01,P-04,Evening,1150,945
2026-01-13,Plant C,M-01,P-03,Night,955,802
2026-01-13,Plant C,M-02,P-05,Morning,1000,908
2026-01-13,Plant C,M-02,P-06,Evening,1199,1070
2026-01-13,Plant C,M-02,P-06,Night,1093,915
2026-01-13,Plant C,M-03,P-02,Morning,1186,1176
2026-01-13,Plant C,M-03,P-04,Evening,912,838
2026-01-13,Plant C,M-03,P-04,Night,992,770
2026-01-13,Plant C,M-04,P-05,Morning,1114,1038
2026-01-13,Plant C,M-04,P-03,Evening,775,724
2026-01-13,Plant C,M-04,P-06,Night,1016,828
2026-01-13,Plant C,M-05,P-06,Morning,1179,1068
2026-01-13,Plant C,M-05,P-04,Evening,903,783
2026-01-13,Plant C,M-05,P-01,Night,1018,819
2026-01-14,Plant A,M-01,P-02,Morning,760,679
2026-01-14,Plant A,M-01,P-01,Evening,775,644
2026-01-14,Plant A,M-01,P-05,Night,922,768
2026-01-14,Plant A,M-02,P-05,Morning,813,699
2026-01-14,Plant A,M-02,P-02,Evening,887,783
2026-01-14,Plant A,M-02,P-01,Night,985,803
2026-01-14,Plant A,M-03,P-02,Morning,938,887
2026-01-14,Plant A,M-03,P-03,Evening,1032,956
2026-01-14,Plant A,M-03,P-06,Night,1181,954
2026-01-14,Plant A,M-04,P-04,Morning,971,942
2026-01-14,Plant A,M-04,P-06,Evening,819,670
2026-01-14,Plant A,M-04,P-05,Night,779,584
2026-01-14,Plant A,M-05,P-06,Morning,1023,919
2026-01-14,Plant A,M-05,P-04,Evening,1192,1099
2026-01-14,Plant A,M-05,P-04,Night,1132,882
2026-01-14,Plant B,M-01,P-06,Morning,916,878
2026-01-14,Plant B,M-01,P-05,Evening,791,760
2026-01-14,Plant B,M-01,P-05,Night,872,734
2026-01-14,Plant B,M-02,P-05,Morning,896,769
2026-01-14,Plant B,M-02,P-05,Evening,794,677
2026-01-14,Plant B,M-02,P-01,Night,1177,1012
2026-01-14,Plant B,M-03,P-02,Morning,761,639
2026-01-14,Plant B,M-03,P-05,Evening,1176,1141
2026-01-14,Plant B,M-03,P-04,Night,1068,841
2026-01-14,Plant B,M-04,P-01,Morning,1072,723
2026-01-14,Plant B,M-04,P-05,Evening,774,596
2026-01-14,Plant B,M-04,P-05,Night,863,478
2026-01-14,Plant B,M-05,P-06,Morning,1123,1066
2026-01-14,Plant B,M-05,P-02,Evening,825,723
2026-01-14,Plant B,M-05,P-04,Night,1002,854
2026-01-14,Plant C,M-01,P-06,Morning,899,893
2026-01-14,Plant C,M-01,P-06,Evening,834,711
2026-01-14,Plant C,M-01,P-06,Night,826,620
2026-01-14,Plant C,M-02,P-03,Morning,1050,1011
2026-01-14,Plant C,M-02,P-03,Evening,886,780
2026-01-14,Plant C,M-02,P-05,Night,926,840
2026-01-14,Plant C,M-03,P-01,Morning,883,750
2026-01-14,Plant C,M-03,P-03,Evening,1122,1051
2026-01-14,Plant C,M-03,P-01,Night,902,835
2026-01-14,Plant C,M-04,P-05,Morning,1152,1019
2026-01-14,Plant C,M-04,P-04,Evening,1109,1011
2026-01-14,Plant C,M-04,P-06,Night,1101,907
2026-01-14,Plant C,M-05,P-04,Morning,1130,1075
2026-01-14,Plant C,M-05,P-01,Evening,1021,957
2026-01-14,Plant C,M-05,P-04,Night,1175,988
2026-01-15,Plant A,M-01,P-06,Morning,1005,897
2026-01-15,Plant A,M-01,P-05,Evening,823,698
2026-01-15,Plant A,M-01,P-05,Night,900,733
2026-01-15,Plant A,M-02,P-02,Morning,1108,995
2026-01-15,Plant A,M-02,P-06,Evening,1089,928
2026-01-15,Plant A,M-02,P-04,Night,764,541
2026-01-15,Plant A,M-03,P-06,Morning,1054,1032
2026-01-15,Plant A,M-03,P-01,Evening,940,752
2026-01-15,Plant A,M-03,P-02,Night,964,756
2026-01-15,Plant A,M-04,P-02,Morning,1033,902
2026-01-15,Plant A,M-04,P-06,Evening,933,842
2026-01-15,Plant A,M-04,P-01,Night,906,712
2026-01-15,Plant A,M-05,P-05,Morning,853,717
2026-01-15,Plant A,M-05,P-01,Evening,927,833
2026-01-15,Plant A,M-05,P-05,Night,797,616
2026-01-15,Plant B,M-01,P-02,Morning,799,787
2026-01-15,Plant B,M-01,P-03,Evening,939,785
2026-01-15,Plant B,M-01,P-02,Night,1195,1048
2026-01-15,Plant B,M-02,P-05,Morning,1164,1140
2026-01-15,Plant B,M-02,P-06,Evening,842,734
2026-01-15,Plant B,M-02,P-02,Night,877,739
2026-01-15,Plant B,M-03,P-01,Morning,1074,1026
2026-01-15,Plant B,M-03,P-05,Evening,1175,1087
2026-01-15,Plant B,M-03,P-01,Night,1132,964
2026-01-15,Plant B,M-04,P-03,Morning,781,584
2026-01-15,Plant B,M-04,P-01,Evening,762,588
2026-01-15,Plant B,M-04,P-01,Night,828,456
2026-01-15,Plant B,M-05,P-06,Morning,942,826
2026-01-15,Plant B,M-05,P-06,Evening,758,736
2026-01-15,Plant B,M-05,P-01,Night,931,775
2026-01-15,Plant C,M-01,P-04,Morning,848,807
2026-01-15,Plant C,M-01,P-02,Evening,1022,975
2026-01-15,Plant C,M-01,P-03,Night,806,702
2026-01-15,Plant C,M-02,P-01,Morning,968,883
2026-01-15,Plant C,M-02,P-04,Evening,814,679
2026-01-15,Plant C,M-02,P-04,Night,955,790
2026-01-15,Plant C,M-03,P-01,Morning,889,751
2026-01-15,Plant C,M-03,P-06,Evening,794,736
2026-01-15,Plant C,M-03,P-02,Night,846,748
2026-01-15,Plant C,M-04,P-06,Morning,868,803
2026-01-15,Plant C,M-04,P-02,Evening,846,676
2026-01-15,Plant C,M-04,P-05,Night,1019,813
2026-01-15,Plant C,M-05,P-04,Morning,1154,1098
2026-01-15,Plant C,M-05,P-01,Evening,781,674
2026-01-15,Plant C,M-05,P-02,Night,879,689
2026-01-16,Plant A,M-01,P-01,Morning,952,928
2026-01-16,Plant A,M-01,P-06,Evening,869,767
2026-01-16,Plant A,M-01,P-01,Night,1022,893
2026-01-16,Plant A,M-02,P-05,Morning,901,857
2026-01-16,Plant A,M-02,P-01,Evening,906,838
2026-01-16,Plant A,M-02,P-04,Night,1014,859
2026-01-16,Plant A,M-03,P-02,Morning,923,800
2026-01-16,Plant A,M-03,P-03,Evening,1022,969
2026-01-16,Plant A,M-03,P-04,Night,1105,825
2026-01-16,Plant A,M-04,P-06,Morning,1067,1020
2026-01-16,Plant A,M-04,P-04,Evening,1085,956
2026-01-16,Plant A,M-04,P-02,Night,870,710
2026-01-16,Plant A,M-05,P-01,Morning,1018,945
2026-01-16,Plant A,M-05,P-04,Evening,1173,1130
2026-01-16,Plant A,M-05,P-04,Night,936,679
2026-01-16,Plant B,M-01,P-03,Morning,911,761
2026-01-16,Plant B,M-01,P-06,Evening,1122,1025
2026-01-16,Plant B,M-01,P-03,Night,1106,850
2026-01-16,Plant B,M-02,P-01,Morning,1020,967
2026-01-16,Plant B,M-02,P-03,Evening,1171,1022
2026-01-16,Plant B,M-02,P-06,Night,783,672
2026-01-16,Plant B,M-03,P-01,Morning,1017,1031
2026-01-16,Plant B,M-03,P-02,Evening,761,655
2026-01-16,Plant B,M-03,P-04,Night,1078,911
2026-01-16,Plant B,M-04,P-05,Morning,1111,875
2026-01-16,Plant B,M-04,P-02,Evening,916,656
2026-01-16,Plant B,M-04,P-02,Night,1124,857
2026-01-16,Plant B,M-05,P-05,Morning,997,934
2026-01-16,Plant B,M-05,P-04,Evening,1053,927
2026-01-16,Plant B,M-05,P-02,Night,774,695
2026-01-16,Plant C,M-01,P-04,Morning,1040,937
2026-01-16,Plant C,M-01,P-05,Evening,779,749
2026-01-16,Plant C,M-01,P-06,Night,1024,894
2026-01-16,Plant C,M-02,P-01,Morning,1141,1086
2026-01-16,Plant C,M-02,P-02,Evening,857,695
2026-01-16,Plant C,M-02,P-02,Night,837,721
2026-01-16,Plant C,M-03,P-04,Morning,1082,1063
2026-01-16,Plant C,M-03,P-04,Evening,1165,1064
2026-01-16,Plant C,M-03,P-05,Night,900,722
2026-01-16,Plant C,M-04,P-05,Morning,900,778
2026-01-16,Plant C,M-04,P-01,Evening,969,893
2026-01-16,Plant C,M-04,P-05,Night,1115,987
2026-01-16,Plant C,M-05,P-01,Morning,820,717
2026-01-16,Plant C,M-05,P-06,Evening,1148,1064
2026-01-16,Plant C,M-05,P-04,Night,1030,833
2026-01-17,Plant A,M-01,P-02,Morning,1176,1106
2026-01-17,Plant A,M-01,P-02,Evening,956,847
2026-01-17,Plant A,M-01,P-02,Night,1022,883
2026-01-17,Plant A,M-02,P-06,Morning,881,802
2026-01-17,Plant A,M-02,P-06,Evening,988,887
2026-01-17,Plant A,M-02,P-05,Night,1148,869
2026-01-17,Plant A,M-03,P-06,Morning,1118,1078
2026-01-17,Plant A,M-03,P-02,Evening,1092,1028
2026-01-17,Plant A,M-03,P-01,Night,786,589
2026-01-17,Plant A,M-04,P-04,Morning,756,743
2026-01-17,Plant A,M-04,P-02,Evening,791,685
2026-01-17,Plant A,M-04,P-01,Night,841,604
2026-01-17,Plant A,M-05,P-05,Morning,807,752
2026-01-17,Plant A,M-05,P-06,Evening,846,775
2026-01-17,Plant A,M-05,P-06,Night,1062,851
2026-01-17,Plant B,M-01,P-06,Morning,774,684
2026-01-17,Plant B,M-01,P-03,Evening,1133,984
2026-01-17,Plant B,M-01,P-05,Night,804,724
2026-01-17,Plant B,M-02,P-06,Morning,1120,1099
2026-01-17,Plant B,M-02,P-02,Evening,791,655
2026-01-17,Plant B,M-02,P-04,Night,768,566
2026-01-17,Plant B,M-03,P-04,Morning,1158,1007
2026-01-17,Plant B,M-03,P-06,Evening,1074,906
2026-01-17,Plant B,M-03,P-04,Night,1014,829
2026-01-17,Plant B,M-04,P-05,Morning,825,608
2026-01-17,Plant B,M-04,P-06,Evening,895,682
2026-01-17,Plant B,M-04,P-02,Night,1177,755
2026-01-17,Plant B,M-05,P-01,Morning,949,839
2026-01-17,Plant B,M-05,P-04,Evening,1197,1145
2026-01-17,Plant B,M-05,P-01,Night,750,597
2026-01-17,Plant C,M-01,P-06,Morning,1129,1067
2026-01-17,Plant C,M-01,P-01,Evening,1001,872
2026-01-17,Plant C,M-01,P-02,Night,928,742
2026-01-17,Plant C,M-02,P-05,Morning,1081,1022
2026-01-17,Plant C,M-02,P-01,Evening,801,714
2026-01-17,Plant C,M-02,P-03,Night,1008,852
2026-01-17,Plant C,M-03,P-01,Morning,1045,1011
2026-01-17,Plant C,M-03,P-04,Evening,815,715
2026-01-17,Plant C,M-03,P-03,Night,976,758
2026-01-17,Plant C,M-04,P-05,Morning,784,790
2026-01-17,Plant C,M-04,P-02,Evening,1111,978
2026-01-17,Plant C,M-04,P-04,Night,1190,1023
2026-01-17,Plant C,M-05,P-03,Morning,1075,1022
2026-01-17,Plant C,M-05,P-01,Evening,1098,994
2026-01-17,Plant C,M-05,P-02,Night,915,737
2026-01-18,Plant A,M-01,P-01,Morning,765,749
2026-01-18,Plant A,M-01,P-03,Evening,1074,942
2026-01-18,Plant A,M-01,P-02,Night,877,727
2026-01-18,Plant A,M-02,P-02,Morning,802,694
2026-01-18,Plant A,M-02,P-04,Evening,1131,1039
2026-01-18,Plant A,M-02,P-03,Night,1160,996
2026-01-18,Plant A,M-03,P-04,Morning,852,727
2026-01-18,Plant A,M-03,P-02,Evening,875,751
2026-01-18,Plant A,M-03,P-02,Night,825,644
2026-01-18,Plant A,M-04,P-05,Morning,967,848
2026-01-18,Plant A,M-04,P-01,Evening,893,788
2026-01-18,Plant A,M-04,P-05,Night,1071,830
2026-01-18,Plant A,M-05,P-01,Morning,866,751
2026-01-18,Plant A,M-05,P-04,Evening,1013,886
2026-01-18,Plant A,M-05,P-04,Night,833,655
2026-01-18,Plant B,M-01,P-04,Morning,1181,1065
2026-01-18,Plant B,M-01,P-03,Evening,1054,895
2026-01-18,Plant B,M-01,P-04,Night,1110,981
2026-01-18,Plant B,M-02,P-01,Morning,931,893
2026-01-18,Plant B,M-02,P-02,Evening,831,736
2026-01-18,Plant B,M-02,P-01,Night,866,761
2026-01-18,Plant B,M-03,P-06,Morning,1197,1106
2026-01-18,Plant B,M-03,P-03,Evening,992,915
2026-01-18,Plant B,M-03,P-02,Night,864,578
2026-01-18,Plant B,M-04,P-02,Morning,1132,917
2026-01-18,Plant B,M-04,P-01,Evening,937,747
2026-01-18,Plant B,M-04,P-03,Night,858,603
2026-01-18,Plant B,M-05,P-02,Morning,918,869
2026-01-18,Plant B,M-05,P-06,Evening,798,706
2026-01-18,Plant B,M-05,P-02,Night,1108,925
2026-01-18,Plant C,M-01,P-04,Morning,778,704
2026-01-18,Plant C,M-01,P-02,Evening,920,828
2026-01-18,Plant C,M-01,P-05,Night,1130,992
2026-01-18,Plant C,M-02,P-05,Morning,1009,932
2026-01-18,Plant C,M-02,P-02,Evening,1069,1029
2026-01-18,Plant C,M-02,P-01,Night,1062,912
2026-01-18,Plant C,M-03,P-05,Morning,1123,1014
2026-01-18,Plant C,M-03,P-06,Evening,863,764
2026-01-18,Plant C,M-03,P-04,Night,774,566
2026-01-18,Plant C,M-04,P-05,Morning,995,1002
2026-01-18,Plant C,M-04,P-02,Evening,1049,911
2026-01-18,Plant C,M-04,P-06,Night,1123,933
2026-01-18,Plant C,M-05,P-01,Morning,1047,930
2026-01-18,Plant C,M-05,P-05,Evening,849,793
2026-01-18,Plant C,M-05,P-06,Night,1013,766
2026-01-19,Plant A,M-01,P-05,Morning,1080,975
2026-01-19,Plant A,M-01,P-01,Evening,1038,987
2026-01-19,Plant A,M-01,P-02,Night,969,874
2026-01-19,Plant A,M-02,P-03,Morning,767,749
2026-01-19,Plant A,M-02,P-01,Evening,990,855
2026-01-19,Plant A,M-02,P-02,Night,1022,882
2026-01-19,Plant A,M-03,P-02,Morning,1172,1045
2026-01-19,Plant A,M-03,P-02,Evening,932,891
2026-01-19,Plant A,M-03,P-02,Night,783,702
2026-01-19,Plant A,M-04,P-04,Morning,882,742
2026-01-19,Plant A,M-04,P-05,Evening,959,900
2026-01-19,Plant A,M-04,P-02,Night,923,690
2026-01-19,Plant A,M-05,P-02,Morning,1182,1097
2026-01-19,Plant A,M-05,P-01,Evening,1053,1011
2026-01-19,Plant A,M-05,P-05,Night,998,855
2026-01-19,Plant B,M-01,P-03,Morning,917,849
2026-01-19,Plant B,M-01,P-06,Evening,818,794
2026-01-19,Plant B,M-01,P-04,Night,780,659
2026-01-19,Plant B,M-02,P-05,Morning,770,718
2026-01-19,Plant B,M-02,P-02,Evening,870,753
2026-01-19,Plant B,M-02,P-05,Night,762,642
2026-01-19,Plant B,M-03,P-05,Morning,934,799
2026-01-19,Plant B,M-03,P-06,Evening,910,828
2026-01-19,Plant B,M-03,P-01,Night,1179,909
2026-01-19,Plant B,M-04,P-02,Morning,826,473
2026-01-19,Plant B,M-04,P-02,Evening,1054,834
2026-01-19,Plant B,M-04,P-02,Night,778,527
2026-01-19,Plant B,M-05,P-06,Morning,842,779
2026-01-19,Plant B,M-05,P-01,Evening,980,869
2026-01-19,Plant B,M-05,P-05,Night,783,660
2026-01-19,Plant C,M-01,P-02,Morning,1194,1139
2026-01-19,Plant C,M-01,P-03,Evening,990,870
2026-01-19,Plant C,M-01,P-03,Night,1153,915
2026-01-19,Plant C,M-02,P-01,Morning,850,833
2026-01-19,Plant C,M-02,P-06,Evening,948,871
2026-01-19,Plant C,M-02,P-04,Night,1005,860
2026-01-19,Plant C,M-03,P-04,Morning,1087,983
2026-01-19,Plant C,M-03,P-06,Evening,802,740
2026-01-19,Plant C,M-03,P-04,Night,836,687
2026-01-19,Plant C,M-04,P-02,Morning,833,830
2026-01-19,Plant C,M-04,P-03,Evening,1080,944
2026-01-19,Plant C,M-04,P-06,Night,951,746
2026-01-19,Plant C,M-05,P-06,Morning,1189,1189
2026-01-19,Plant C,M-05,P-04,Evening,1055,924
2026-01-19,Plant C,M-05,P-03,Night,1168,1020
2026-01-20,Plant A,M-01,P-06,Morning,955,883
2026-01-20,Plant A,M-01,P-05,Evening,1086,957
2026-01-20,Plant A,M-01,P-03,Night,1087,928
2026-01-20,Plant A,M-02,P-03,Morning,963,931
2026-01-20,Plant A,M-02,P-05,Evening,911,828
2026-01-20,Plant A,M-02,P-02,Night,955,774
2026-01-20,Plant A,M-03,P-01,Morning,1103,1079
2026-01-20,Plant A,M-03,P-04,Evening,1172,1064
2026-01-20,Plant A,M-03,P-01,Night,756,627
2026-01-20,Plant A,M-04,P-04,Morning,832,785
2026-01-20,Plant A,M-04,P-02,Evening,1030,927
2026-01-20,Plant A,M-04,P-03,Night,853,729
2026-01-20,Plant A,M-05,P-03,Morning,1181,1123
2026-01-20,Plant A,M-05,P-03,Evening,971,870
2026-01-20,Plant A,M-05,P-04,Night,1102,879
2026-01-20,Plant B,M-01,P-03,Morning,1038,993
2026-01-20,Plant B,M-01,P-03,Evening,991,822
2026-01-20,Plant B,M-01,P-06,Night,1188,964
2026-01-20,Plant B,M-02,P-03,Morning,1097,1042
2026-01-20,Plant B,M-02,P-06,Evening,1057,905
2026-01-20,Plant B,M-02,P-02,Night,1011,796
2026-01-20,Plant B,M-03,P-02,Morning,1118,1061
2026-01-20,Plant B,M-03,P-05,Evening,967,926
2026-01-20,Plant B,M-03,P-06,Night,1017,882
2026-01-20,Plant B,M-04,P-05,Morning,1080,885
2026-01-20,Plant B,M-04,P-03,Evening,804,545
2026-01-20,Plant B,M-04,P-01,Night,901,517
2026-01-20,Plant B,M-05,P-01,Morning,1025,915
2026-01-20,Plant B,M-05,P-05,Evening,858,662
2026-01-20,Plant B,M-05,P-03,Night,1094,864
2026-01-20,Plant C,M-01,P-02,Morning,835,862
2026-01-20,Plant C,M-01,P-04,Evening,1117,1006
2026-01-20,Plant C,M-01,P-05,Night,863,675
2026-01-20,Plant C,M-02,P-06,Morning,930,867
2026-01-20,Plant C,M-02,P-04,Evening,845,666
2026-01-20,Plant C,M-02,P-03,Night,975,802
2026-01-20,Plant C,M-03,P-02,Morning,933,906
2026-01-20,Plant C,M-03,P-01,Evening,1063,1022
2026-01-20,Plant C,M-03,P-03,Night,803,707
2026-01-20,Plant C,M-04,P-06,Morning,1061,1017
2026-01-20,Plant C,M-04,P-06,Evening,1022,862
2026-01-20,Plant C,M-04,P-06,Night,1064,798
2026-01-20,Plant C,M-05,P-02,Morning,1106,988
2026-01-20,Plant C,M-05,P-02,Evening,930,834
2026-01-20,Plant C,M-05,P-01,Night,1118,880
2026-01-21,Plant A,M-01,P-05,Morning,1042,939
2026-01-21,Plant A,M-01,P-02,Evening,1029,952
2026-01-21,Plant A,M-01,P-03,Night,978,855
2026-01-21,Plant A,M-02,P-02,Morning,1108,1022
2026-01-21,Plant A,M-02,P-05,Evening,1042,900
2026-01-21,Plant A,M-02,P-03,Night,810,698
2026-01-21,Plant A,M-03,P-02,Morning,1024,875
2026-01-21,Plant A,M-03,P-01,Evening,864,807
2026-01-21,Plant A,M-03,P-04,Night,1198,1023
2026-01-21,Plant A,M-04,P-05,Morning,894,892
2026-01-21,Plant A,M-04,P-04,Evening,898,833
2026-01-21,Plant A,M-04,P-01,Night,898,598
2026-01-21,Plant A,M-05,P-03,Morning,1024,898
2026-01-21,Plant A,M-05,P-05,Evening,967,879
2026-01-21,Plant A,M-05,P-01,Night,843,674
2026-01-21,Plant B,M-01,P-03,Morning,934,904
2026-01-21,Plant B,M-01,P-04,Evening,792,722
2026-01-21,Plant B,M-01,P-01,Night,874,726
2026-01-21,Plant B,M-02,P-02,Morning,942,874
2026-01-21,Plant B,M-02,P-04,Evening,801,705
2026-01-21,Plant B,M-02,P-05,Night,1015,824
2026-01-21,Plant B,M-03,P-05,Morning,865,826
2026-01-21,Plant B,M-03,P-02,Evening,831,750
2026-01-21,Plant B,M-03,P-05,Night,1144,903
2026-01-21,Plant B,M-04,P-05,Morning,837,682
2026-01-21,Plant B,M-04,P-03,Evening,773,463
2026-01-21,Plant B,M-04,P-02,Night,1085,811
2026-01-21,Plant B,M-05,P-03,Morning,887,845
2026-01-21,Plant B,M-05,P-02,Evening,1120,985
2026-01-21,Plant B,M-05,P-06,Night,798,593
2026-01-21,Plant C,M-01,P-04,Morning,1142,1111
2026-01-21,Plant C,M-01,P-05,Evening,1021,913
2026-01-21,Plant C,M-01,P-02,Night,963,774
2026-01-21,Plant C,M-02,P-05,Morning,881,802
2026-01-21,Plant C,M-02,P-01,Evening,807,752
2026-01-21,Plant C,M-02,P-03,Night,1190,1004
2026-01-21,Plant C,M-03,P-04,Morning,1030,1005
2026-01-21,Plant C,M-03,P-06,Evening,1042,974
2026-01-21,Plant C,M-03,P-05,Night,1084,955
2026-01-21,Plant C,M-04,P-06,Morning,1175,1168
2026-01-21,Plant C,M-04,P-05,Evening,814,749
2026-01-21,Plant C,M-04,P-02,Night,980,759
2026-01-21,Plant C,M-05,P-01,Morning,777,673
2026-01-21,Plant C,M-05,P-03,Evening,1066,933
2026-01-21,Plant C,M-05,P-03,Night,1183,941
2026-01-22,Plant A,M-01,P-03,Morning,1014,894
2026-01-22,Plant A,M-01,P-06,Evening,991,884
2026-01-22,Plant A,M-01,P-05,Night,1177,869
2026-01-22,Plant A,M-02,P-03,Morning,866,863
2026-01-22,Plant A,M-02,P-03,Evening,908,834
2026-01-22,Plant A,M-02,P-01,Night,1024,857
2026-01-22,Plant A,M-03,P-02,Morning,805,626
2026-01-22,Plant A,M-03,P-05,Evening,966,898
2026-01-22,Plant A,M-03,P-02,Night,1064,903
2026-01-22,Plant A,M-04,P-01,Morning,942,931
2026-01-22,Plant A,M-04,P-01,Evening,912,809
2026-01-22,Plant A,M-04,P-06,Night,1167,982
2026-01-22,Plant A,M-05,P-03,Morning,949,930
2026-01-22,Plant A,M-05,P-04,Evening,1150,980
2026-01-22,Plant A,M-05,P-06,Night,796,616
2026-01-22,Plant B,M-01,P-04,Morning,888,910
2026-01-22,Plant B,M-01,P-04,Evening,1063,1018
2026-01-22,Plant B,M-01,P-02,Night,1015,833
2026-01-22,Plant B,M-02,P-06,Morning,1195,1213
2026-01-22,Plant B,M-02,P-04,Evening,752,619
2026-01-22,Plant B,M-02,P-03,Night,995,853
2026-01-22,Plant B,M-03,P-06,Morning,843,754
2026-01-22,Plant B,M-03,P-01,Evening,995,918
2026-01-22,Plant B,M-03,P-01,Night,1088,915
2026-01-22,Plant B,M-04,P-05,Morning,865,655
2026-01-22,Plant B,M-04,P-01,Evening,1087,789
2026-01-22,Plant B,M-04,P-01,Night,1125,796
2026-01-22,Plant B,M-05,P-03,Morning,1078,990
2026-01-22,Plant B,M-05,P-03,Evening,1056,885
2026-01-22,Plant B,M-05,P-01,Night,890,680
2026-01-22,Plant C,M-01,P-01,Morning,1114,1035
2026-01-22,Plant C,M-01,P-04,Evening,774,627
2026-01-22,Plant C,M-01,P-01,Night,763,651
2026-01-22,Plant C,M-02,P-01,Morning,867,847
2026-01-22,Plant C,M-02,P-02,Evening,1180,990
2026-01-22,Plant C,M-02,P-02,Night,1104,939
2026-01-22,Plant C,M-03,P-01,Morning,1095,996
2026-01-22,Plant C,M-03,P-04,Evening,1152,1057
2026-01-22,Plant C,M-03,P-04,Night,814,720
2026-01-22,Plant C,M-04,P-06,Morning,980,864
2026-01-22,Plant C,M-04,P-05,Evening,1044,943
2026-01-22,Plant C,M-04,P-04,Night,850,621
2026-01-22,Plant C,M-05,P-04,Morning,1157,1089
2026-01-22,Plant C,M-05,P-06,Evening,1112,984
2026-01-22,Plant C,M-05,P-01,Night,1036,910
2026-01-23,Plant A,M-01,P-04,Morning,1039,890
2026-01-23,Plant A,M-01,P-03,Evening,974,922
2026-01-23,Plant A,M-01,P-03,Night,1131,981
2026-01-23,Plant A,M-02,P-03,Morning,822,753
2026-01-23,Plant A,M-02,P-05,Evening,762,625
2026-01-23,Plant A,M-02,P-02,Night,1105,945
2026-01-23,Plant A,M-03,P-04,Morning,1079,1010
2026-01-23,Plant A,M-03,P-01,Evening,895,799
2026-01-23,Plant A,M-03,P-03,Night,1020,729
2026-01-23,Plant A,M-04,P-03,Morning,1035,965
2026-01-23,Plant A,M-04,P-02,Evening,772,711
2026-01-23,Plant A,M-04,P-03,Night,796,574
2026-01-23,Plant A,M-05,P-04,Morning,1029,872
2026-01-23,Plant A,M-05,P-04,Evening,759,686
2026-01-23,Plant A,M-05,P-06,Night,1191,969
2026-01-23,Plant B,M-01,P-02,Morning,814,713
2026-01-23,Plant B,M-01,P-03,Evening,823,769
2026-01-23,Plant B,M-01,P-06,Night,1042,876
2026-01-23,Plant B,M-02,P-02,Morning,1041,1003
2026-01-23,Plant B,M-02,P-06,Evening,774,779
2026-01-23,Plant B,M-02,P-01,Night,1182,847
2026-01-23,Plant B,M-03,P-02,Morning,983,879
2026-01-23,Plant B,M-03,P-01,Evening,1193,1094
2026-01-23,Plant B,M-03,P-04,Night,927,797
2026-01-23,Plant B,M-04,P-06,Morning,1029,805
2026-01-23,Plant B,M-04,P-01,Evening,810,627
2026-01-23,Plant B,M-04,P-04,Night,1051,698
2026-01-23,Plant B,M-05,P-03,Morning,1163,1111
2026-01-23,Plant B,M-05,P-05,Evening,1051,965
2026-01-23,Plant B,M-05,P-02,Night,899,720
2026-01-23,Plant C,M-01,P-05,Morning,1071,1080
2026-01-23,Plant C,M-01,P-02,Evening,1113,1023
2026-01-23,Plant C,M-01,P-03,Night,907,738
2026-01-23,Plant C,M-02,P-02,Morning,991,935
2026-01-23,Plant C,M-02,P-05,Evening,925,779
2026-01-23,Plant C,M-02,P-03,Night,1054,879
2026-01-23,Plant C,M-03,P-05,Morning,984,912
2026-01-23,Plant C,M-03,P-05,Evening,801,753
2026-01-23,Plant C,M-03,P-05,Night,817,613
2026-01-23,Plant C,M-04,P-02,Morning,933,846
2026-01-23,Plant C,M-04,P-01,Evening,880,766
2026-01-23,Plant C,M-04,P-06,Night,925,726
2026-01-23,Plant C,M-05,P-05,Morning,1031,1005
2026-01-23,Plant C,M-05,P-06,Evening,896,720
2026-01-23,Plant C,M-05,P-01,Night,1082,837
2026-01-24,Plant A,M-01,P-01,Morning,861,829
2026-01-24,Plant A,M-01,P-05,Evening,1136,1067
2026-01-24,Plant A,M-01,P-01,Night,997,757
2026-01-24,Plant A,M-02,P-05,Morning,938,926
2026-01-24,Plant A,M-02,P-04,Evening,881,731
2026-01-24,Plant A,M-02,P-01,Night,1009,810
2026-01-24,Plant A,M-03,P-02,Morning,836,784
2026-01-24,Plant A,M-03,P-03,Evening,864,748
2026-01-24,Plant A,M-03,P-05,Night,896,727
2026-01-24,Plant A,M-04,P-04,Morning,821,773
2026-01-24,Plant A,M-04,P-01,Evening,945,793
2026-01-24,Plant A,M-04,P-01,Night,972,776
2026-01-24,Plant A,M-05,P-05,Morning,820,735
2026-01-24,Plant A,M-05,P-01,Evening,915,811
2026-01-24,Plant A,M-05,P-06,Night,817,648
2026-01-24,Plant B,M-01,P-05,Morning,1027,1071
2026-01-24,Plant B,M-01,P-04,Evening,755,648
2026-01-24,Plant B,M-01,P-06,Night,1194,985
2026-01-24,Plant B,M-02,P-01,Morning,860,838
2026-01-24,Plant B,M-02,P-05,Evening,1068,880
2026-01-24,Plant B,M-02,P-03,Night,1094,930
2026-01-24,Plant B,M-03,P-01,Morning,963,885
2026-01-24,Plant B,M-03,P-02,Evening,795,627
2026-01-24,Plant B,M-03,P-03,Night,803,563
2026-01-24,Plant B,M-04,P-06,Morning,849,608
2026-01-24,Plant B,M-04,P-03,Evening,1082,738
2026-01-24,Plant B,M-04,P-05,Night,818,524
2026-01-24,Plant B,M-05,P-05,Morning,956,878
2026-01-24,Plant B,M-05,P-05,Evening,1006,957
2026-01-24,Plant B,M-05,P-05,Night,779,548
2026-01-24,Plant C,M-01,P-03,Morning,1008,886
2026-01-24,Plant C,M-01,P-04,Evening,833,732
2026-01-24,Plant C,M-01,P-06,Night,1137,943
2026-01-24,Plant C,M-02,P-04,Morning,1051,1003
2026-01-24,Plant C,M-02,P-01,Evening,1045,1002
2026-01-24,Plant C,M-02,P-03,Night,958,696
2026-01-24,Plant C,M-03,P-06,Morning,994,902
2026-01-24,Plant C,M-03,P-04,Evening,805,749
2026-01-24,Plant C,M-03,P-02,Night,1198,1011
2026-01-24,Plant C,M-04,P-01,Morning,919,849
2026-01-24,Plant C,M-04,P-01,Evening,948,809
2026-01-24,Plant C,M-04,P-06,Night,1187,939
2026-01-24,Plant C,M-05,P-03,Morning,922,825
2026-01-24,Plant C,M-05,P-06,Evening,900,807
2026-01-24,Plant C,M-05,P-02,Night,752,557
2026-01-25,Plant A,M-01,P-04,Morning,1003,1007
2026-01-25,Plant A,M-01,P-04,Evening,1035,901
2026-01-25,Plant A,M-01,P-04,Night,1151,922
2026-01-25,Plant A,M-02,P-02,Morning,1150,1074
2026-01-25,Plant A,M-02,P-03,Evening,1016,894
2026-01-25,Plant A,M-02,P-03,Night,978,717
2026-01-25,Plant A,M-03,P-02,Morning,762,757
2026-01-25,Plant A,M-03,P-05,Evening,913,883
2026-01-25,Plant A,M-03,P-02,Night,983,811
2026-01-25,Plant A,M-04,P-04,Morning,934,869
2026-01-25,Plant A,M-04,P-01,Evening,884,740
2026-01-25,Plant A,M-04,P-02,Night,1117,956
2026-01-25,Plant A,M-05,P-02,Morning,766,741
2026-01-25,Plant A,M-05,P-06,Evening,1117,982
2026-01-25,Plant A,M-05,P-04,Night,1108,899
2026-01-25,Plant B,M-01,P-05,Morning,876,852
2026-01-25,Plant B,M-01,P-03,Evening,933,859
2026-01-25,Plant B,M-01,P-01,Night,1076,846
2026-01-25,Plant B,M-02,P-03,Morning,878,834
2026-01-25,Plant B,M-02,P-03,Evening,876,809
2026-01-25,Plant B,M-02,P-01,Night,1189,1028
2026-01-25,Plant B,M-03,P-02,Morning,1116,1102
2026-01-25,Plant B,M-03,P-03,Evening,999,875
2026-01-25,Plant B,M-03,P-06,Night,1008,778
2026-01-25,Plant B,M-04,P-01,Morning,1111,936
2026-01-25,Plant B,M-04,P-05,Evening,940,690
2026-01-25,Plant B,M-04,P-05,Night,953,608
2026-01-25,Plant B,M-05,P-01,Morning,907,878
2026-01-25,Plant B,M-05,P-04,Evening,1053,922
2026-01-25,Plant B,M-05,P-03,Night,985,772
2026-01-25,Plant C,M-01,P-04,Morning,770,767
2026-01-25,Plant C,M-01,P-05,Evening,1089,968
2026-01-25,Plant C,M-01,P-03,Night,998,848
2026-01-25,Plant C,M-02,P-01,Morning,1198,1157
2026-01-25,Plant C,M-02,P-03,Evening,942,815
2026-01-25,Plant C,M-02,P-03,Night,1075,911
2026-01-25,Plant C,M-03,P-04,Morning,753,606
2026-01-25,Plant C,M-03,P-03,Evening,1039,923
2026-01-25,Plant C,M-03,P-02,Night,1020,784
2026-01-25,Plant C,M-04,P-03,Morning,846,764
2026-01-25,Plant C,M-04,P-04,Evening,1003,920
2026-01-25,Plant C,M-04,P-01,Night,1057,794
2026-01-25,Plant C,M-05,P-04,Morning,1143,1134
2026-01-25,Plant C,M-05,P-02,Evening,859,796
2026-01-25,Plant C,M-05,P-01,Night,861,722
2026-01-26,Plant A,M-01,P-03,Morning,967,870
2026-01-26,Plant A,M-01,P-05,Evening,1195,1088
2026-01-26,Plant A,M-01,P-02,Night,874,657
2026-01-26,Plant A,M-02,P-06,Morning,940,858
2026-01-26,Plant A,M-02,P-03,Evening,929,796
2026-01-26,Plant A,M-02,P-05,Night,768,597
2026-01-26,Plant A,M-03,P-03,Morning,1098,1054
2026-01-26,Plant A,M-03,P-04,Evening,1190,1097
2026-01-26,Plant A,M-03,P-04,Night,1075,883
2026-01-26,Plant A,M-04,P-05,Morning,1162,1107
2026-01-26,Plant A,M-04,P-02,Evening,1108,1030
2026-01-26,Plant A,M-04,P-04,Night,1031,868
2026-01-26,Plant A,M-05,P-05,Morning,784,723
2026-01-26,Plant A,M-05,P-06,Evening,1000,939
2026-01-26,Plant A,M-05,P-05,Night,808,618
2026-01-26,Plant B,M-01,P-02,Morning,933,954
2026-01-26,Plant B,M-01,P-03,Evening,929,746
2026-01-26,Plant B,M-01,P-01,Night,1197,963
2026-01-26,Plant B,M-02,P-02,Morning,889,882
2026-01-26,Plant B,M-02,P-01,Evening,1076,988
2026-01-26,Plant B,M-02,P-03,Night,933,768
2026-01-26,Plant B,M-03,P-03,Morning,980,879
2026-01-26,Plant B,M-03,P-04,Evening,837,777
2026-01-26,Plant B,M-03,P-06,Night,1135,1024
2026-01-26,Plant B,M-04,P-04,Morning,899,677
2026-01-26,Plant B,M-04,P-02,Evening,903,674
2026-01-26,Plant B,M-04,P-03,Night,1057,733
2026-01-26,Plant B,M-05,P-03,Morning,1186,1156
2026-01-26,Plant B,M-05,P-05,Evening,1114,1029
2026-01-26,Plant B,M-05,P-02,Night,1090,811
2026-01-26,Plant C,M-01,P-06,Morning,857,779
2026-01-26,Plant C,M-01,P-01,Evening,823,703
2026-01-26,Plant C,M-01,P-01,Night,941,707
2026-01-26,Plant C,M-02,P-04,Morning,915,753
2026-01-26,Plant C,M-02,P-02,Evening,848,758
2026-01-26,Plant C,M-02,P-03,Night,767,675
2026-01-26,Plant C,M-03,P-03,Morning,987,945
2026-01-26,Plant C,M-03,P-03,Evening,913,822
2026-01-26,Plant C,M-03,P-05,Night,883,770
2026-01-26,Plant C,M-04,P-03,Morning,1049,1012
2026-01-26,Plant C,M-04,P-06,Evening,1001,973
2026-01-26,Plant C,M-04,P-03,Night,754,587
2026-01-26,Plant C,M-05,P-03,Morning,961,911
2026-01-26,Plant C,M-05,P-02,Evening,938,815
2026-01-26,Plant C,M-05,P-01,Night,1189,997
2026-01-27,Plant A,M-01,P-05,Morning,964,919
2026-01-27,Plant A,M-01,P-03,Evening,924,870
2026-01-27,Plant A,M-01,P-04,Night,1050,804
2026-01-27,Plant A,M-02,P-06,Morning,1050,1055
2026-01-27,Plant A,M-02,P-05,Evening,1127,1046
2026-01-27,Plant A,M-02,P-02,Night,817,646
2026-01-27,Plant A,M-03,P-06,Morning,995,961
2026-01-27,Plant A,M-03,P-02,Evening,788,730
2026-01-27,Plant A,M-03,P-05,Night,928,723
2026-01-27,Plant A,M-04,P-04,Morning,770,685
2026-01-27,Plant A,M-04,P-05,Evening,934,897
2026-01-27,Plant A,M-04,P-03,Night,981,840
2026-01-27,Plant A,M-05,P-05,Morning,1177,1012
2026-01-27,Plant A,M-05,P-02,Evening,812,740
2026-01-27,Plant A,M-05,P-05,Night,806,621
2026-01-27,Plant B,M-01,P-04,Morning,1085,1039
2026-01-27,Plant B,M-01,P-06,Evening,1048,932
2026-01-27,Plant B,M-01,P-01,Night,1150,920
2026-01-27,Plant B,M-02,P-03,Morning,960,974
2026-01-27,Plant B,M-02,P-01,Evening,1150,1058
2026-01-27,Plant B,M-02,P-06,Night,1015,768
2026-01-27,Plant B,M-03,P-05,Morning,1186,1096
2026-01-27,Plant B,M-03,P-02,Evening,776,679
2026-01-27,Plant B,M-03,P-05,Night,838,645
2026-01-27,Plant B,M-04,P-05,Morning,1166,897
2026-01-27,Plant B,M-04,P-02,Evening,1000,809
2026-01-27,Plant B,M-04,P-05,Night,1053,739
2026-01-27,Plant B,M-05,P-02,Morning,1030,955
2026-01-27,Plant B,M-05,P-03,Evening,1139,1081
2026-01-27,Plant B,M-05,P-04,Night,1060,909
2026-01-27,Plant C,M-01,P-03,Morning,836,836
2026-01-27,Plant C,M-01,P-06,Evening,1124,1022
2026-01-27,Plant C,M-01,P-02,Night,905,727
2026-01-27,Plant C,M-02,P-01,Morning,1015,934
2026-01-27,Plant C,M-02,P-03,Evening,941,875
2026-01-27,Plant C,M-02,P-03,Night,1111,914
2026-01-27,Plant C,M-03,P-01,Morning,1041,978
2026-01-27,Plant C,M-03,P-01,Evening,993,885
2026-01-27,Plant C,M-03,P-04,Night,1077,883
2026-01-27,Plant C,M-04,P-06,Morning,1003,961
2026-01-27,Plant C,M-04,P-03,Evening,1074,983
2026-01-27,Plant C,M-04,P-06,Night,816,699
2026-01-27,Plant C,M-05,P-06,Morning,770,697
2026-01-27,Plant C,M-05,P-06,Evening,1142,1036
2026-01-27,Plant C,M-05,P-06,Night,1058,918
2026-01-28,Plant A,M-01,P-05,Morning,1114,1039
2026-01-28,Plant A,M-01,P-03,Evening,1101,1056
2026-01-28,Plant A,M-01,P-04,Night,860,710
2026-01-28,Plant A,M-02,P-04,Morning,852,710
2026-01-28,Plant A,M-02,P-05,Evening,948,874
2026-01-28,Plant A,M-02,P-04,Night,1116,915
2026-01-28,Plant A,M-03,P-06,Morning,1043,991
2026-01-28,Plant A,M-03,P-05,Evening,1133,1041
2026-01-28,Plant A,M-03,P-01,Night,918,746
2026-01-28,Plant A,M-04,P-04,Morning,1151,1123
2026-01-28,Plant A,M-04,P-04,Evening,795,628
2026-01-28,Plant A,M-04,P-03,Night,999,772
2026-01-28,Plant A,M-05,P-05,Morning,906,867
2026-01-28,Plant A,M-05,P-03,Evening,999,915
2026-01-28,Plant A,M-05,P-01,Night,1038,760
2026-01-28,Plant B,M-01,P-04,Morning,966,952
2026-01-28,Plant B,M-01,P-01,Evening,949,841
2026-01-28,Plant B,M-01,P-03,Night,1137,937
2026-01-28,Plant B,M-02,P-02,Morning,1060,976
2026-01-28,Plant B,M-02,P-01,Evening,966,787
2026-01-28,Plant B,M-02,P-01,Night,915,748
2026-01-28,Plant B,M-03,P-04,Morning,1145,1078
2026-01-28,Plant B,M-03,P-05,Evening,757,674
2026-01-28,Plant B,M-03,P-06,Night,1092,921
2026-01-28,Plant B,M-04,P-06,Morning,1042,812
2026-01-28,Plant B,M-04,P-06,Evening,1001,790
2026-01-28,Plant B,M-04,P-06,Night,899,677
2026-01-28,Plant B,M-05,P-04,Morning,1038,995
2026-01-28,Plant B,M-05,P-02,Evening,760,691
2026-01-28,Plant B,M-05,P-05,Night,1022,849
2026-01-28,Plant C,M-01,P-05,Morning,858,811
2026-01-28,Plant C,M-01,P-04,Evening,810,707
2026-01-28,Plant C,M-01,P-01,Night,851,699
2026-01-28,Plant C,M-02,P-03,Morning,936,878
2026-01-28,Plant C,M-02,P-04,Evening,791,622
2026-01-28,Plant C,M-02,P-02,Night,1185,956
2026-01-28,Plant C,M-03,P-06,Morning,1146,1074
2026-01-28,Plant C,M-03,P-02,Evening,1181,1123
2026-01-28,Plant C,M-03,P-03,Night,991,690
2026-01-28,Plant C,M-04,P-06,Morning,795,767
2026-01-28,Plant C,M-04,P-06,Evening,943,870
2026-01-28,Plant C,M-04,P-03,Night,1162,1000
2026-01-28,Plant C,M-05,P-01,Morning,890,826
2026-01-28,Plant C,M-05,P-05,Evening,1138,987
2026-01-28,Plant C,M-05,P-05,Night,865,727
2026-01-29,Plant A,M-01,P-04,Morning,1100,1039
2026-01-29,Plant A,M-01,P-01,Evening,858,763
2026-01-29,Plant A,M-01,P-01,Night,1160,1007
2026-01-29,Plant A,M-02,P-03,Morning,887,793
2026-01-29,Plant A,M-02,P-04,Evening,1156,1069
2026-01-29,Plant A,M-02,P-04,Night,951,808
2026-01-29,Plant A,M-03,P-06,Morning,1110,1077
2026-01-29,Plant A,M-03,P-05,Evening,1080,981
2026-01-29,Plant A,M-03,P-01,Night,1151,908
2026-01-29,Plant A,M-04,P-01,Morning,1114,1041
2026-01-29,Plant A,M-04,P-01,Evening,978,877
2026-01-29,Plant A,M-04,P-01,Night,867,735
2026-01-29,Plant A,M-05,P-05,Morning,1174,1053
2026-01-29,Plant A,M-05,P-03,Evening,1118,1102
2026-01-29,Plant A,M-05,P-06,Night,1074,820
2026-01-29,Plant B,M-01,P-05,Morning,1177,1180
2026-01-29,Plant B,M-01,P-03,Evening,896,753
2026-01-29,Plant B,M-01,P-04,Night,900,715
2026-01-29,Plant B,M-02,P-04,Morning,904,852
2026-01-29,Plant B,M-02,P-04,Evening,874,816
2026-01-29,Plant B,M-02,P-04,Night,1162,919
2026-01-29,Plant B,M-03,P-05,Morning,764,699
2026-01-29,Plant B,M-03,P-05,Evening,1074,1015
2026-01-29,Plant B,M-03,P-04,Night,797,602
2026-01-29,Plant B,M-04,P-05,Morning,989,682
2026-01-29,Plant B,M-04,P-02,Evening,986,701
2026-01-29,Plant B,M-04,P-05,Night,1075,623
2026-01-29,Plant B,M-05,P-05,Morning,939,907
2026-01-29,Plant B,M-05,P-04,Evening,877,811
2026-01-29,Plant B,M-05,P-03,Night,1178,963
2026-01-29,Plant C,M-01,P-03,Morning,968,939
2026-01-29,Plant C,M-01,P-01,Evening,792,715
2026-01-29,Plant C,M-01,P-05,Night,819,690
2026-01-29,Plant C,M-02,P-03,Morning,849,800
2026-01-29,Plant C,M-02,P-02,Evening,853,721
2026-01-29,Plant C,M-02,P-03,Night,774,643
2026-01-29,Plant C,M-03,P-02,Morning,1147,1160
2026-01-29,Plant C,M-03,P-02,Evening,1145,994
2026-01-29,Plant C,M-03,P-03,Night,904,647
2026-01-29,Plant C,M-04,P-05,Morning,930,849
2026-01-29,Plant C,M-04,P-01,Evening,875,821
2026-01-29,Plant C,M-04,P-01,Night,1164,999
2026-01-29,Plant C,M-05,P-06,Morning,1094,1024
2026-01-29,Plant C,M-05,P-06,Evening,1107,979
2026-01-29,Plant C,M-05,P-06,Night,774,590
2026-01-30,Plant A,M-01,P-03,Morning,806,727
2026-01-30,Plant A,M-01,P-04,Evening,1123,1092
2026-01-30,Plant A,M-01,P-01,Night,909,699
2026-01-30,Plant A,M-02,P-06,Morning,899,851
2026-01-30,Plant A,M-02,P-02,Evening,983,849
2026-01-30,Plant A,M-02,P-01,Night,779,488
2026-01-30,Plant A,M-03,P-01,Morning,1193,1064
2026-01-30,Plant A,M-03,P-02,Evening,924,875
2026-01-30,Plant A,M-03,P-06,Night,969,773
2026-01-30,Plant A,M-04,P-05,Morning,917,860
2026-01-30,Plant A,M-04,P-06,Evening,1183,1126
2026-01-30,Plant A,M-04,P-02,Night,1132,928
2026-01-30,Plant A,M-05,P-02,Morning,1018,889
2026-01-30,Plant A,M-05,P-05,Evening,953,850
2026-01-30,Plant A,M-05,P-03,Night,824,650
2026-01-30,Plant B,M-01,P-03,Morning,970,933
2026-01-30,Plant B,M-01,P-06,Evening,855,688
2026-01-30,Plant B,M-01,P-06,Night,1131,898
2026-01-30,Plant B,M-02,P-04,Morning,757,668
2026-01-30,Plant B,M-02,P-01,Evening,1159,993
2026-01-30,Plant B,M-02,P-04,Night,1021,874
2026-01-30,Plant B,M-03,P-06,Morning,834,767
2026-01-30,Plant B,M-03,P-05,Evening,823,737
2026-01-30,Plant B,M-03,P-06,Night,1035,838
2026-01-30,Plant B,M-04,P-06,Morning,1039,811
2026-01-30,Plant B,M-04,P-02,Evening,757,533
2026-01-30,Plant B,M-04,P-03,Night,925,567
2026-01-30,Plant B,M-05,P-01,Morning,1128,986
2026-01-30,Plant B,M-05,P-03,Evening,1008,869
2026-01-30,Plant B,M-05,P-02,Night,1199,1061
2026-01-30,Plant C,M-01,P-05,Morning,1028,961
2026-01-30,Plant C,M-01,P-02,Evening,1186,1112
2026-01-30,Plant C,M-01,P-06,Night,955,860
2026-01-30,Plant C,M-02,P-03,Morning,832,826
2026-01-30,Plant C,M-02,P-02,Evening,844,716
2026-01-30,Plant C,M-02,P-03,Night,973,766
2026-01-30,Plant C,M-03,P-03,Morning,789,706
2026-01-30,Plant C,M-03,P-05,Evening,865,699
2026-01-30,Plant C,M-03,P-05,Night,767,627
2026-01-30,Plant C,M-04,P-05,Morning,1056,1048
2026-01-30,Plant C,M-04,P-06,Evening,946,786
2026-01-30,Plant C,M-04,P-04,Night,1017,871
2026-01-30,Plant C,M-05,P-05,Morning,1078,1019
2026-01-30,Plant C,M-05,P-01,Evening,994,896
2026-01-30,Plant C,M-05,P-02,Night,1137,971
2026-01-31,Plant A,M-01,P-02,Morning,1067,985
2026-01-31,Plant A,M-01,P-02,Evening,1080,1005
2026-01-31,Plant A,M-01,P-02,Night,862,755
2026-01-31,Plant A,M-02,P-05,Morning,1128,1095
2026-01-31,Plant A,M-02,P-04,Evening,799,694
2026-01-31,Plant A,M-02,P-02,Night,781,612
2026-01-31,Plant A,M-03,P-05,Morning,812,745
2026-01-31,Plant A,M-03,P-02,Evening,890,722
2026-01-31,Plant A,M-03,P-03,Night,877,617
2026-01-31,Plant A,M-04,P-05,Morning,1079,1031
2026-01-31,Plant A,M-04,P-02,Evening,921,853
2026-01-31,Plant A,M-04,P-01,Night,1149,1009
2026-01-31,Plant A,M-05,P-02,Morning,812,783
2026-01-31,Plant A,M-05,P-01,Evening,1091,995
2026-01-31,Plant A,M-05,P-06,Night,879,713
2026-01-31,Plant B,M-01,P-02,Morning,1131,1027
2026-01-31,Plant B,M-01,P-03,Evening,1097,988
2026-01-31,Plant B,M-01,P-02,Night,1038,825
2026-01-31,Plant B,M-02,P-03,Morning,829,790
2026-01-31,Plant B,M-02,P-03,Evening,1033,850
2026-01-31,Plant B,M-02,P-04,Night,1110,942
2026-01-31,Plant B,M-03,P-03,Morning,999,869
2026-01-31,Plant B,M-03,P-01,Evening,915,774
2026-01-31,Plant B,M-03,P-02,Night,1053,862
2026-01-31,Plant B,M-04,P-03,Morning,765,488
2026-01-31,Plant B,M-04,P-05,Evening,827,583
2026-01-31,Plant B,M-04,P-05,Night,817,554
2026-01-31,Plant B,M-05,P-04,Morning,1125,1000
2026-01-31,Plant B,M-05,P-03,Evening,1087,958
2026-01-31,Plant B,M-05,P-02,Night,1066,974
2026-01-31,Plant C,M-01,P-01,Morning,914,773
2026-01-31,Plant C,M-01,P-04,Evening,931,719
2026-01-31,Plant C,M-01,P-06,Night,852,729
2026-01-31,Plant C,M-02,P-01,Morning,1055,1002
2026-01-31,Plant C,M-02,P-03,Evening,872,730
2026-01-31,Plant C,M-02,P-04,Night,1051,893
2026-01-31,Plant C,M-03,P-05,Morning,770,640
2026-01-31,Plant C,M-03,P-04,Evening,968,903
2026-01-31,Plant C,M-03,P-05,Night,1005,800
2026-01-31,Plant C,M-04,P-01,Morning,857,864
2026-01-31,Plant C,M-04,P-03,Evening,788,631
2026-01-31,Plant C,M-04,P-04,Night,1039,910
2026-01-31,Plant C,M-05,P-01,Morning,895,869
2026-01-31,Plant C,M-05,P-04,Evening,815,640
2026-01-31,Plant C,M-05,P-06,Night,881,663
2026-02-01,Plant A,M-01,P-01,Morning,1065,947
2026-02-01,Plant A,M-01,P-01,Evening,1023,937
2026-02-01,Plant A,M-01,P-04,Night,846,723
2026-02-01,Plant A,M-02,P-04,Morning,772,703
2026-02-01,Plant A,M-02,P-03,Evening,816,679
2026-02-01,Plant A,M-02,P-03,Night,870,757
2026-02-01,Plant A,M-03,P-01,Morning,1044,964
2026-02-01,Plant A,M-03,P-06,Evening,777,694
2026-02-01,Plant A,M-03,P-06,Night,1093,852
2026-02-01,Plant A,M-04,P-05,Morning,921,886
2026-02-01,Plant A,M-04,P-06,Evening,1181,1122
2026-02-01,Plant A,M-04,P-03,Night,1150,1001
2026-02-01,Plant A,M-05,P-01,Morning,801,759
2026-02-01,Plant A,M-05,P-01,Evening,947,889
2026-02-01,Plant A,M-05,P-03,Night,788,644
2026-02-01,Plant B,M-01,P-03,Morning,796,716
2026-02-01,Plant B,M-01,P-05,Evening,792,617
2026-02-01,Plant B,M-01,P-03,Night,1048,875
2026-02-01,Plant B,M-02,P-05,Morning,1185,1064
2026-02-01,Plant B,M-02,P-05,Evening,1043,922
2026-02-01,Plant B,M-02,P-05,Night,1013,907
2026-02-01,Plant B,M-03,P-01,Morning,857,853
2026-02-01,Plant B,M-03,P-03,Evening,1002,934
2026-02-01,Plant B,M-03,P-04,Night,856,731
2026-02-01,Plant B,M-04,P-06,Morning,952,800
2026-02-01,Plant B,M-04,P-03,Evening,1075,868
2026-02-01,Plant B,M-04,P-01,Night,904,630
2026-02-01,Plant B,M-05,P-02,Morning,807,740
2026-02-01,Plant B,M-05,P-03,Evening,1164,1086
2026-02-01,Plant B,M-05,P-04,Night,1150,971
2026-02-01,Plant C,M-01,P-01,Morning,1087,1082
2026-02-01,Plant C,M-01,P-01,Evening,962,893
2026-02-01,Plant C,M-01,P-05,Night,803,637
2026-02-01,Plant C,M-02,P-02,Morning,1095,961
2026-02-01,Plant C,M-02,P-02,Evening,1088,1024
2026-02-01,Plant C,M-02,P-06,Night,1035,899
2026-02-01,Plant C,M-03,P-02,Morning,821,735
2026-02-01,Plant C,M-03,P-06,Evening,917,863
2026-02-01,Plant C,M-03,P-06,Night,869,779
2026-02-01,Plant C,M-04,P-01,Morning,777,684
2026-02-01,Plant C,M-04,P-04,Evening,1136,1041
2026-02-01,Plant C,M-04,P-04,Night,1007,791
2026-02-01,Plant C,M-05,P-05,Morning,1090,1035
2026-02-01,Plant C,M-05,P-05,Evening,821,623
2026-02-01,Plant C,M-05,P-03,Night,1192,930
2026-02-02,Plant A,M-01,P-02,Morning,789,742
2026-02-02,Plant A,M-01,P-05,Evening,1135,1066
2026-02-02,Plant A,M-01,P-06,Night,1168,972
2026-02-02,Plant A,M-02,P-04,Morning,754,714
2026-02-02,Plant A,M-02,P-06,Evening,1147,987
2026-02-02,Plant A,M-02,P-06,Night,1103,943
2026-02-02,Plant A,M-03,P-01,Morning,1091,971
2026-02-02,Plant A,M-03,P-05,Evening,886,829
2026-02-02,Plant A,M-03,P-06,Night,1008,868
2026-02-02,Plant A,M-04,P-06,Morning,933,847
2026-02-02,Plant A,M-04,P-04,Evening,1024,945
2026-02-02,Plant A,M-04,P-01,Night,1112,929
2026-02-02,Plant A,M-05,P-02,Morning,800,800
2026-02-02,Plant A,M-05,P-03,Evening,1195,1113
2026-02-02,Plant A,M-05,P-01,Night,965,724
2026-02-02,Plant B,M-01,P-01,Morning,1084,1007
2026-02-02,Plant B,M-01,P-02,Evening,777,665
2026-02-02,Plant B,M-01,P-04,Night,840,684
2026-02-02,Plant B,M-02,P-02,Morning,929,882
2026-02-02,Plant B,M-02,P-04,Evening,862,722
2026-02-02,Plant B,M-02,P-01,Night,995,802
2026-02-02,Plant B,M-03,P-03,Morning,1179,1144
2026-02-02,Plant B,M-03,P-02,Evening,1164,1112
2026-02-02,Plant B,M-03,P-02,Night,891,746
2026-02-02,Plant B,M-04,P-04,Morning,795,555
2026-02-02,Plant B,M-04,P-05,Evening,1175,952
2026-02-02,Plant B,M-04,P-04,Night,928,566
2026-02-02,Plant B,M-05,P-02,Morning,785,724
2026-02-02,Plant B,M-05,P-02,Evening,792,675
2026-02-02,Plant B,M-05,P-01,Night,850,668
2026-02-02,Plant C,M-01,P-02,Morning,1094,1052
2026-02-02,Plant C,M-01,P-06,Evening,963,887
2026-02-02,Plant C,M-01,P-05,Night,1007,863
2026-02-02,Plant C,M-02,P-02,Morning,970,907
2026-02-02,Plant C,M-02,P-01,Evening,1081,914
2026-02-02,Plant C,M-02,P-04,Night,1106,915
2026-02-02,Plant C,M-03,P-06,Morning,1095,1039
2026-02-02,Plant C,M-03,P-06,Evening,758,676
2026-02-02,Plant C,M-03,P-04,Night,948,831
2026-02-02,Plant C,M-04,P-06,Morning,990,962
2026-02-02,Plant C,M-04,P-04,Evening,1065,1008
2026-02-02,Plant C,M-04,P-04,Night,1115,936
2026-02-02,Plant C,M-05,P-06,Morning,797,767
2026-02-02,Plant C,M-05,P-06,Evening,1119,930
2026-02-02,Plant C,M-05,P-04,Night,988,791
2026-02-03,Plant A,M-01,P-02,Morning,1194,1138
2026-02-03,Plant A,M-01,P-05,Evening,1103,928
2026-02-03,Plant A,M-01,P-05,Night,939,754
2026-02-03,Plant A,M-02,P-04,Morning,1108,1102
2026-02-03,Plant A,M-02,P-01,Evening,1150,1013
2026-02-03,Plant A,M-02,P-06,Night,1109,807
2026-02-03,Plant A,M-03,P-01,Morning,1075,1029
2026-02-03,Plant A,M-03,P-04,Evening,848,817
2026-02-03,Plant A,M-03,P-02,Night,813,638
2026-02-03,Plant A,M-04,P-06,Morning,822,841
2026-02-03,Plant A,M-04,P-01,Evening,994,906
2026-02-03,Plant A,M-04,P-01,Night,1155,937
2026-02-03,Plant A,M-05,P-03,Morning,1030,969
2026-02-03,Plant A,M-05,P-05,Evening,866,785
2026-02-03,Plant A,M-05,P-02,Night,1107,914
2026-02-03,Plant B,M-01,P-06,Morning,876,857
2026-02-03,Plant B,M-01,P-06,Evening,962,810
2026-02-03,Plant B,M-01,P-05,Night,971,869
2026-02-03,Plant B,M-02,P-06,Morning,1138,1149
2026-02-03,Plant B,M-02,P-04,Evening,828,701
2026-02-03,Plant B,M-02,P-02,Night,1151,914
2026-02-03,Plant B,M-03,P-01,Morning,884,823
2026-02-03,Plant B,M-03,P-05,Evening,767,674
2026-02-03,Plant B,M-03,P-03,Night,869,749
2026-02-03,Plant B,M-04,P-02,Morning,1024,663
2026-02-03,Plant B,M-04,P-04,Evening,1009,802
2026-02-03,Plant B,M-04,P-01,Night,864,636
2026-02-03,Plant B,M-05,P-02,Morning,907,781
2026-02-03,Plant B,M-05,P-06,Evening,976,792
2026-02-03,Plant B,M-05,P-05,Night,756,649
2026-02-03,Plant C,M-01,P-03,Morning,836,824
2026-02-03,Plant C,M-01,P-02,Evening,1148,1000
2026-02-03,Plant C,M-01,P-04,Night,878,671
2026-02-03,Plant C,M-02,P-05,Morning,992,873
2026-02-03,Plant C,M-02,P-04,Evening,1079,1030
2026-02-03,Plant C,M-02,P-02,Night,999,805
2026-02-03,Plant C,M-03,P-04,Morning,810,716
2026-02-03,Plant C,M-03,P-01,Evening,818,687
2026-02-03,Plant C,M-03,P-03,Night,1020,829
2026-02-03,Plant C,M-04,P-02,Morning,1152,1123
2026-02-03,Plant C,M-04,P-03,Evening,897,830
2026-02-03,Plant C,M-04,P-06,Night,778,578
2026-02-03,Plant C,M-05,P-05,Morning,802,748
2026-02-03,Plant C,M-05,P-04,Evening,812,738
2026-02-03,Plant C,M-05,P-04,Night,985,762
2026-02-04,Plant A,M-01,P-01,Morning,911,896
2026-02-04,Plant A,M-01,P-01,Evening,1010,840
2026-02-04,Plant A,M-01,P-05,Night,783,589
2026-02-04,Plant A,M-02,P-04,Morning,832,665
2026-02-04,Plant A,M-02,P-06,Evening,1082,881
2026-02-04,Plant A,M-02,P-05,Night,1008,778
2026-02-04,Plant A,M-03,P-05,Morning,891,874
2026-02-04,Plant A,M-03,P-06,Evening,1149,952
2026-02-04,Plant A,M-03,P-05,Night,816,660
2026-02-04,Plant A,M-04,P-05,Morning,889,824
2026-02-04,Plant A,M-04,P-05,Evening,1125,1038
2026-02-04,Plant A,M-04,P-01,Night,1198,908
2026-02-04,Plant A,M-05,P-03,Morning,1175,1074
2026-02-04,Plant A,M-05,P-02,Evening,1075,912
2026-02-04,Plant A,M-05,P-02,Night,854,654
2026-02-04,Plant B,M-01,P-05,Morning,1144,1106
2026-02-04,Plant B,M-01,P-06,Evening,921,900
2026-02-04,Plant B,M-01,P-02,Night,1020,785
2026-02-04,Plant B,M-02,P-04,Morning,1100,1052
2026-02-04,Plant B,M-02,P-02,Evening,757,664
2026-02-04,Plant B,M-02,P-02,Night,1195,1007
2026-02-04,Plant B,M-03,P-05,Morning,927,892
2026-02-04,Plant B,M-03,P-06,Evening,1087,888
2026-02-04,Plant B,M-03,P-04,Night,1087,912
2026-02-04,Plant B,M-04,P-05,Morning,927,729
2026-02-04,Plant B,M-04,P-06,Evening,1191,828
2026-02-04,Plant B,M-04,P-01,Night,1198,888
2026-02-04,Plant B,M-05,P-03,Morning,1011,935
2026-02-04,Plant B,M-05,P-05,Evening,1002,874
2026-02-04,Plant B,M-05,P-05,Night,958,710
2026-02-04,Plant C,M-01,P-03,Morning,998,963
2026-02-04,Plant C,M-01,P-04,Evening,904,852
2026-02-04,Plant C,M-01,P-04,Night,1117,925
2026-02-04,Plant C,M-02,P-06,Morning,863,816
2026-02-04,Plant C,M-02,P-02,Evening,1172,1033
2026-02-04,Plant C,M-02,P-03,Night,1087,961
2026-02-04,Plant C,M-03,P-06,Morning,814,743
2026-02-04,Plant C,M-03,P-06,Evening,898,771
2026-02-04,Plant C,M-03,P-01,Night,895,696
2026-02-04,Plant C,M-04,P-05,Morning,1110,983
2026-02-04,Plant C,M-04,P-06,Evening,915,804
2026-02-04,Plant C,M-04,P-02,Night,1064,864
2026-02-04,Plant C,M-05,P-04,Morning,824,768
2026-02-04,Plant C,M-05,P-03,Evening,840,722
2026-02-04,Plant C,M-05,P-06,Night,1063,827
2026-02-05,Plant A,M-01,P-01,Morning,866,879
2026-02-05,Plant A,M-01,P-04,Evening,889,830
2026-02-05,Plant A,M-01,P-01,Night,1143,936
2026-02-05,Plant A,M-02,P-01,Morning,1003,917
2026-02-05,Plant A,M-02,P-02,Evening,880,847
2026-02-05,Plant A,M-02,P-01,Night,947,812
2026-02-05,Plant A,M-03,P-06,Morning,1159,1175
2026-02-05,Plant A,M-03,P-03,Evening,1012,868
2026-02-05,Plant A,M-03,P-04,Night,1011,771
2026-02-05,Plant A,M-04,P-05,Morning,978,917
2026-02-05,Plant A,M-04,P-02,Evening,1181,1012
2026-02-05,Plant A,M-04,P-03,Night,958,763
2026-02-05,Plant A,M-05,P-02,Morning,781,763
2026-02-05,Plant A,M-05,P-04,Evening,777,684
2026-02-05,Plant A,M-05,P-04,Night,999,765
2026-02-05,Plant B,M-01,P-03,Morning,865,867
2026-02-05,Plant B,M-01,P-04,Evening,851,745
2026-02-05,Plant B,M-01,P-03,Night,805,657
2026-02-05,Plant B,M-02,P-05,Morning,900,718
2026-02-05,Plant B,M-02,P-05,Evening,1056,976
2026-02-05,Plant B,M-02,P-02,Night,923,715
2026-02-05,Plant B,M-03,P-02,Morning,943,862
2026-02-05,Plant B,M-03,P-02,Evening,977,883
2026-02-05,Plant B,M-03,P-06,Night,981,809
2026-02-05,Plant B,M-04,P-02,Morning,1172,951
2026-02-05,Plant B,M-04,P-04,Evening,878,653
2026-02-05,Plant B,M-04,P-01,Night,764,543
2026-02-05,Plant B,M-05,P-01,Morning,896,905
2026-02-05,Plant B,M-05,P-01,Evening,997,877
2026-02-05,Plant B,M-05,P-02,Night,1195,943
2026-02-05,Plant C,M-01,P-04,Morning,891,865
2026-02-05,Plant C,M-01,P-01,Evening,818,631
2026-02-05,Plant C,M-01,P-01,Night,856,739
2026-02-05,Plant C,M-02,P-06,Morning,1036,1020
2026-02-05,Plant C,M-02,P-06,Evening,965,833
2026-02-05,Plant C,M-02,P-01,Night,940,843
2026-02-05,Plant C,M-03,P-04,Morning,1161,1139
2026-02-05,Plant C,M-03,P-06,Evening,750,734
2026-02-05,Plant C,M-03,P-06,Night,1045,873
2026-02-05,Plant C,M-04,P-04,Morning,1001,967
2026-02-05,Plant C,M-04,P-05,Evening,972,847
2026-02-05,Plant C,M-04,P-05,Night,1065,828
2026-02-05,Plant C,M-05,P-03,Morning,1019,1012
2026-02-05,Plant C,M-05,P-02,Evening,763,664
2026-02-05,Plant C,M-05,P-01,Night,1099,946
2026-02-06,Plant A,M-01,P-01,Morning,852,771
2026-02-06,Plant A,M-01,P-05,Evening,780,711
2026-02-06,Plant A,M-01,P-01,Night,899,685
2026-02-06,Plant A,M-02,P-02,Morning,1039,917
2026-02-06,Plant A,M-02,P-05,Evening,846,786
2026-02-06,Plant A,M-02,P-03,Night,833,659
2026-02-06,Plant A,M-03,P-02,Morning,878,840
2026-02-06,Plant A,M-03,P-05,Evening,865,714
2026-02-06,Plant A,M-03,P-01,Night,1070,895
2026-02-06,Plant A,M-04,P-01,Morning,1102,1063
2026-02-06,Plant A,M-04,P-02,Evening,1142,1052
2026-02-06,Plant A,M-04,P-04,Night,904,795
2026-02-06,Plant A,M-05,P-02,Morning,1053,1032
2026-02-06,Plant A,M-05,P-04,Evening,857,693
2026-02-06,Plant A,M-05,P-06,Night,1113,942
2026-02-06,Plant B,M-01,P-03,Morning,855,768
2026-02-06,Plant B,M-01,P-06,Evening,965,780
2026-02-06,Plant B,M-01,P-06,Night,1004,826
2026-02-06,Plant B,M-02,P-04,Morning,1181,1108
2026-02-06,Plant B,M-02,P-06,Evening,771,776
2026-02-06,Plant B,M-02,P-02,Night,916,719
2026-02-06,Plant B,M-03,P-01,Morning,851,803
2026-02-06,Plant B,M-03,P-06,Evening,870,739
2026-02-06,Plant B,M-03,P-03,Night,819,718
2026-02-06,Plant B,M-04,P-05,Morning,910,748
2026-02-06,Plant B,M-04,P-04,Evening,1030,884
2026-02-06,Plant B,M-04,P-04,Night,935,626
2026-02-06,Plant B,M-05,P-01,Morning,855,794
2026-02-06,Plant B,M-05,P-01,Evening,898,838
2026-02-06,Plant B,M-05,P-05,Night,1018,894
2026-02-06,Plant C,M-01,P-06,Morning,1180,1143
2026-02-06,Plant C,M-01,P-02,Evening,857,825
2026-02-06,Plant C,M-01,P-06,Night,836,707
2026-02-06,Plant C,M-02,P-02,Morning,784,662
2026-02-06,Plant C,M-02,P-04,Evening,839,740
2026-02-06,Plant C,M-02,P-04,Night,1153,921
2026-02-06,Plant C,M-03,P-06,Morning,1053,1058
2026-02-06,Plant C,M-03,P-05,Evening,1101,1033
2026-02-06,Plant C,M-03,P-04,Night,936,776
2026-02-06,Plant C,M-04,P-01,Morning,881,760
2026-02-06,Plant C,M-04,P-05,Evening,834,770
2026-02-06,Plant C,M-04,P-06,Night,1008,851
2026-02-06,Plant C,M-05,P-02,Morning,762,703
2026-02-06,Plant C,M-05,P-05,Evening,942,808
2026-02-06,Plant C,M-05,P-04,Night,818,653
2026-02-07,Plant A,M-01,P-03,Morning,922,893
2026-02-07,Plant A,M-01,P-04,Evening,952,839
2026-02-07,Plant A,M-01,P-06,Night,1134,892
2026-02-07,Plant A,M-02,P-03,Morning,779,682
2026-02-07,Plant A,M-02,P-03,Evening,1086,933
2026-02-07,Plant A,M-02,P-03,Night,1108,786
2026-02-07,Plant A,M-03,P-06,Morning,1027,896
2026-02-07,Plant A,M-03,P-01,Evening,1151,1074
2026-02-07,Plant A,M-03,P-03,Night,916,717
2026-02-07,Plant A,M-04,P-01,Morning,1082,969
2026-02-07,Plant A,M-04,P-04,Evening,910,800
2026-02-07,Plant A,M-04,P-03,Night,983,741
2026-02-07,Plant A,M-05,P-05,Morning,767,708
2026-02-07,Plant A,M-05,P-04,Evening,811,738
2026-02-07,Plant A,M-05,P-01,Night,927,799
2026-02-07,Plant B,M-01,P-04,Morning,1123,1062
2026-02-07,Plant B,M-01,P-05,Evening,832,692
2026-02-07,Plant B,M-01,P-02,Night,1013,773
2026-02-07,Plant B,M-02,P-02,Morning,807,810
2026-02-07,Plant B,M-02,P-01,Evening,1078,971
2026-02-07,Plant B,M-02,P-02,Night,796,657
2026-02-07,Plant B,M-03,P-06,Morning,1177,1027
2026-02-07,Plant B,M-03,P-06,Evening,1125,937
2026-02-07,Plant B,M-03,P-01,Night,1141,980
2026-02-07,Plant B,M-04,P-05,Morning,1092,875
2026-02-07,Plant B,M-04,P-01,Evening,771,575
2026-02-07,Plant B,M-04,P-01,Night,986,680
2026-02-07,Plant B,M-05,P-02,Morning,812,776
2026-02-07,Plant B,M-05,P-02,Evening,810,822
2026-02-07,Plant B,M-05,P-06,Night,828,753
2026-02-07,Plant C,M-01,P-06,Morning,790,688
2026-02-07,Plant C,M-01,P-03,Evening,1065,979
2026-02-07,Plant C,M-01,P-06,Night,1085,871
2026-02-07,Plant C,M-02,P-03,Morning,981,862
2026-02-07,Plant C,M-02,P-06,Evening,931,789
2026-02-07,Plant C,M-02,P-02,Night,976,827
2026-02-07,Plant C,M-03,P-06,Morning,835,800
2026-02-07,Plant C,M-03,P-06,Evening,910,769
2026-02-07,Plant C,M-03,P-06,Night,916,784
2026-02-07,Plant C,M-04,P-03,Morning,990,936
2026-02-07,Plant C,M-04,P-03,Evening,1023,917
2026-02-07,Plant C,M-04,P-03,Night,1132,827
2026-02-07,Plant C,M-05,P-02,Morning,756,668
2026-02-07,Plant C,M-05,P-05,Evening,823,791
2026-02-07,Plant C,M-05,P-04,Night,1069,863
2026-02-08,Plant A,M-01,P-01,Morning,801,797
2026-02-08,Plant A,M-01,P-03,Evening,780,616
2026-02-08,Plant A,M-01,P-02,Night,1166,1020
2026-02-08,Plant A,M-02,P-04,Morning,751,644
2026-02-08,Plant A,M-02,P-03,Evening,854,787
2026-02-08,Plant A,M-02,P-05,Night,1068,841
2026-02-08,Plant A,M-03,P-01,Morning,939,811
2026-02-08,Plant A,M-03,P-04,Evening,878,724
2026-02-08,Plant A,M-03,P-01,Night,823,626
2026-02-08,Plant A,M-04,P-05,Morning,958,851
2026-02-08,Plant A,M-04,P-03,Evening,992,829
2026-02-08,Plant A,M-04,P-03,Night,1048,815
2026-02-08,Plant A,M-05,P-05,Morning,754,753
2026-02-08,Plant A,M-05,P-06,Evening,1016,920
2026-02-08,Plant A,M-05,P-04,Night,989,809
2026-02-08,Plant B,M-01,P-01,Morning,969,874
2026-02-08,Plant B,M-01,P-06,Evening,1155,974
2026-02-08,Plant B,M-01,P-03,Night,842,731
2026-02-08,Plant B,M-02,P-02,Morning,1123,1073
2026-02-08,Plant B,M-02,P-02,Evening,790,719
2026-02-08,Plant B,M-02,P-02,Night,980,775
2026-02-08,Plant B,M-03,P-01,Morning,1002,882
2026-02-08,Plant B,M-03,P-04,Evening,1055,969
2026-02-08,Plant B,M-03,P-05,Night,1196,975
2026-02-08,Plant B,M-04,P-05,Morning,1131,933
2026-02-08,Plant B,M-04,P-04,Evening,1187,957
2026-02-08,Plant B,M-04,P-04,Night,1036,643
2026-02-08,Plant B,M-05,P-06,Morning,1082,1009
2026-02-08,Plant B,M-05,P-03,Evening,882,745
2026-02-08,Plant B,M-05,P-04,Night,996,784
2026-02-08,Plant C,M-01,P-02,Morning,803,701
2026-02-08,Plant C,M-01,P-05,Evening,1070,947
2026-02-08,Plant C,M-01,P-01,Night,892,752
2026-02-08,Plant C,M-02,P-03,Morning,1050,1106
2026-02-08,Plant C,M-02,P-01,Evening,1004,834
2026-02-08,Plant C,M-02,P-03,Night,1162,883
2026-02-08,Plant C,M-03,P-02,Morning,806,784
2026-02-08,Plant C,M-03,P-06,Evening,753,676
2026-02-08,Plant C,M-03,P-06,Night,1027,820
2026-02-08,Plant C,M-04,P-05,Morning,1157,1060
2026-02-08,Plant C,M-04,P-04,Evening,785,725
2026-02-08,Plant C,M-04,P-05,Night,833,675
2026-02-08,Plant C,M-05,P-05,Morning,918,807
2026-02-08,Plant C,M-05,P-02,Evening,1178,1010
2026-02-08,Plant C,M-05,P-01,Night,1057,931
2026-02-09,Plant A,M-01,P-05,Morning,973,891
2026-02-09,Plant A,M-01,P-02,Evening,869,824
2026-02-09,Plant A,M-01,P-03,Night,947,782
2026-02-09,Plant A,M-02,P-05,Morning,883,772
2026-02-09,Plant A,M-02,P-06,Evening,969,816
2026-02-09,Plant A,M-02,P-06,Night,1050,793
2026-02-09,Plant A,M-03,P-06,Morning,767,626
2026-02-09,Plant A,M-03,P-06,Evening,813,775
2026-02-09,Plant A,M-03,P-05,Night,1118,981
2026-02-09,Plant A,M-04,P-04,Morning,989,963
2026-02-09,Plant A,M-04,P-03,Evening,773,702
2026-02-09,Plant A,M-04,P-03,Night,1199,941
2026-02-09,Plant A,M-05,P-02,Morning,1099,1067
2026-02-09,Plant A,M-05,P-01,Evening,860,726
2026-02-09,Plant A,M-05,P-02,Night,1109,937
2026-02-09,Plant B,M-01,P-04,Morning,1185,1105
2026-02-09,Plant B,M-01,P-03,Evening,1034,909
2026-02-09,Plant B,M-01,P-05,Night,907,720
2026-02-09,Plant B,M-02,P-01,Morning,1148,1059
2026-02-09,Plant B,M-02,P-06,Evening,1114,1035
2026-02-09,Plant B,M-02,P-03,Night,948,804
2026-02-09,Plant B,M-03,P-05,Morning,935,795
2026-02-09,Plant B,M-03,P-05,Evening,863,782
2026-02-09,Plant B,M-03,P-05,Night,1179,894
2026-02-09,Plant B,M-04,P-04,Morning,935,748
2026-02-09,Plant B,M-04,P-03,Evening,867,578
2026-02-09,Plant B,M-04,P-06,Night,823,518
2026-02-09,Plant B,M-05,P-05,Morning,1134,1092
2026-02-09,Plant B,M-05,P-03,Evening,856,862
2026-02-09,Plant B,M-05,P-02,Night,1155,859
2026-02-09,Plant C,M-01,P-05,Morning,1136,1046
2026-02-09,Plant C,M-01,P-02,Evening,1049,942
2026-02-09,Plant C,M-01,P-02,Night,1115,929
2026-02-09,Plant C,M-02,P-01,Morning,1036,964
2026-02-09,Plant C,M-02,P-04,Evening,872,795
2026-02-09,Plant C,M-02,P-05,Night,1042,894
2026-02-09,Plant C,M-03,P-06,Morning,929,831
2026-02-09,Plant C,M-03,P-02,Evening,968,874
2026-02-09,Plant C,M-03,P-02,Night,811,644
2026-02-09,Plant C,M-04,P-04,Morning,773,691
2026-02-09,Plant C,M-04,P-03,Evening,1138,1117
2026-02-09,Plant C,M-04,P-04,Night,1126,936
2026-02-09,Plant C,M-05,P-05,Morning,857,861
2026-02-09,Plant C,M-05,P-04,Evening,851,718
2026-02-09,Plant C,M-05,P-01,Night,1006,823
2026-02-10,Plant A,M-01,P-06,Morning,814,765
2026-02-10,Plant A,M-01,P-06,Evening,1158,1091
2026-02-10,Plant A,M-01,P-04,Night,912,704
2026-02-10,Plant A,M-02,P-01,Morning,1108,1013
2026-02-10,Plant A,M-02,P-02,Evening,1027,824
2026-02-10,Plant A,M-02,P-04,Night,1026,842
2026-02-10,Plant A,M-03,P-06,Morning,780,658
2026-02-10,Plant A,M-03,P-02,Evening,1167,1146
2026-02-10,Plant A,M-03,P-01,Night,886,707
2026-02-10,Plant A,M-04,P-01,Morning,1069,1067
2026-02-10,Plant A,M-04,P-02,Evening,1171,998
2026-02-10,Plant A,M-04,P-03,Night,1113,968
2026-02-10,Plant A,M-05,P-02,Morning,940,907
2026-02-10,Plant A,M-05,P-01,Evening,990,924
2026-02-10,Plant A,M-05,P-02,Night,1111,874
2026-02-10,Plant B,M-01,P-05,Morning,1000,949
2026-02-10,Plant B,M-01,P-04,Evening,1083,996
2026-02-10,Plant B,M-01,P-04,Night,1187,945
2026-02-10,Plant B,M-02,P-03,Morning,1056,962
2026-02-10,Plant B,M-02,P-02,Evening,1018,879
2026-02-10,Plant B,M-02,P-02,Night,1104,962
2026-02-10,Plant B,M-03,P-02,Morning,821,715
2026-02-10,Plant B,M-03,P-05,Evening,1152,1004
2026-02-10,Plant B,M-03,P-01,Night,836,624
2026-02-10,Plant B,M-04,P-06,Morning,1143,948
2026-02-10,Plant B,M-04,P-03,Evening,1063,772
2026-02-10,Plant B,M-04,P-02,Night,762,444
2026-02-10,Plant B,M-05,P-03,Morning,1024,953
2026-02-10,Plant B,M-05,P-01,Evening,1173,1086
2026-02-10,Plant B,M-05,P-06,Night,984,841
2026-02-10,Plant C,M-01,P-04,Morning,764,777
2026-02-10,Plant C,M-01,P-03,Evening,801,745
2026-02-10,Plant C,M-01,P-01,Night,1142,967
2026-02-10,Plant C,M-02,P-01,Morning,1021,936
2026-02-10,Plant C,M-02,P-03,Evening,974,865
2026-02-10,Plant C,M-02,P-06,Night,758,623
2026-02-10,Plant C,M-03,P-04,Morning,972,813
2026-02-10,Plant C,M-03,P-06,Evening,1096,967
2026-02-10,Plant C,M-03,P-04,Night,764,635
2026-02-10,Plant C,M-04,P-03,Morning,848,866
2026-02-10,Plant C,M-04,P-02,Evening,965,860
2026-02-10,Plant C,M-04,P-05,Night,1131,866
2026-02-10,Plant C,M-05,P-04,Morning,827,716
2026-02-10,Plant C,M-05,P-03,Evening,1133,1017
2026-02-10,Plant C,M-05,P-02,Night,770,617
2026-02-11,Plant A,M-01,P-02,Morning,970,863
2026-02-11,Plant A,M-01,P-05,Evening,753,671
2026-02-11,Plant A,M-01,P-01,Night,791,643
2026-02-11,Plant A,M-02,P-06,Morning,816,773
2026-02-11,Plant A,M-02,P-01,Evening,942,872
2026-02-11,Plant A,M-02,P-02,Night,1078,954
2026-02-11,Plant A,M-03,P-01,Morning,1105,1071
2026-02-11,Plant A,M-03,P-01,Evening,908,864
2026-02-11,Plant A,M-03,P-05,Night,1178,975
2026-02-11,Plant A,M-04,P-06,Morning,925,830
2026-02-11,Plant A,M-04,P-05,Evening,1160,1096
2026-02-11,Plant A,M-04,P-03,Night,1177,986
2026-02-11,Plant A,M-05,P-06,Morning,1197,1132
2026-02-11,Plant A,M-05,P-01,Evening,1143,1089
2026-02-11,Plant A,M-05,P-01,Night,788,615
2026-02-11,Plant B,M-01,P-05,Morning,846,797
2026-02-11,Plant B,M-01,P-05,Evening,924,839
2026-02-11,Plant B,M-01,P-05,Night,1015,817
2026-02-11,Plant B,M-02,P-05,Morning,1155,1096
2026-02-11,Plant B,M-02,P-05,Evening,784,692
2026-02-11,Plant B,M-02,P-05,Night,793,628
2026-02-11,Plant B,M-03,P-06,Morning,868,815
2026-02-11,Plant B,M-03,P-06,Evening,898,735
2026-02-11,Plant B,M-03,P-02,Night,841,675
2026-02-11,Plant B,M-04,P-06,Morning,1071,719
2026-02-11,Plant B,M-04,P-01,Evening,921,735
2026-02-11,Plant B,M-04,P-01,Night,994,641
2026-02-11,Plant B,M-05,P-03,Morning,943,909
2026-02-11,Plant B,M-05,P-03,Evening,809,722
2026-02-11,Plant B,M-05,P-04,Night,1154,1014
2026-02-11,Plant C,M-01,P-04,Morning,768,773
2026-02-11,Plant C,M-01,P-05,Evening,1044,928
2026-02-11,Plant C,M-01,P-02,Night,1120,857
2026-02-11,Plant C,M-02,P-01,Morning,768,675
2026-02-11,Plant C,M-02,P-05,Evening,909,775
2026-02-11,Plant C,M-02,P-05,Night,1091,898
2026-02-11,Plant C,M-03,P-03,Morning,1032,967
2026-02-11,Plant C,M-03,P-03,Evening,879,729
2026-02-11,Plant C,M-03,P-01,Night,918,771
2026-02-11,Plant C,M-04,P-06,Morning,1092,1095
2026-02-11,Plant C,M-04,P-06,Evening,878,853
2026-02-11,Plant C,M-04,P-05,Night,1036,865
2026-02-11,Plant C,M-05,P-04,Morning,1002,920
2026-02-11,Plant C,M-05,P-01,Evening,1182,1059
2026-02-11,Plant C,M-05,P-04,Night,1180,1036
2026-02-12,Plant A,M-01,P-04,Morning,961,857
2026-02-12,Plant A,M-01,P-03,Evening,961,817
2026-02-12,Plant A,M-01,P-01,Night,827,623
2026-02-12,Plant A,M-02,P-04,Morning,906,876
2026-02-12,Plant A,M-02,P-04,Evening,955,843
2026-02-12,Plant A,M-02,P-06,Night,948,833
2026-02-12,Plant A,M-03,P-02,Morning,935,874
2026-02-12,Plant A,M-03,P-02,Evening,1018,922
2026-02-12,Plant A,M-03,P-01,Night,1006,882
2026-02-12,Plant A,M-04,P-05,Morning,1036,949
2026-02-12,Plant A,M-04,P-03,Evening,900,800
2026-02-12,Plant A,M-04,P-05,Night,758,642
2026-02-12,Plant A,M-05,P-02,Morning,1101,1014
2026-02-12,Plant A,M-05,P-05,Evening,1149,988
2026-02-12,Plant A,M-05,P-03,Night,939,706
2026-02-12,Plant B,M-01,P-05,Morning,1018,963
2026-02-12,Plant B,M-01,P-05,Evening,965,951
2026-02-12,Plant B,M-01,P-02,Night,1003,890
2026-02-12,Plant B,M-02,P-05,Morning,975,813
2026-02-12,Plant B,M-02,P-05,Evening,753,627
2026-02-12,Plant B,M-02,P-01,Night,949,726
2026-02-12,Plant B,M-03,P-03,Morning,1134,1041
2026-02-12,Plant B,M-03,P-04,Evening,1018,852
2026-02-12,Plant B,M-03,P-05,Night,802,661
2026-02-12,Plant B,M-04,P-03,Morning,1099,863
2026-02-12,Plant B,M-04,P-04,Evening,758,443
2026-02-12,Plant B,M-04,P-03,Night,1115,847
2026-02-12,Plant B,M-05,P-03,Morning,1165,1116
2026-02-12,Plant B,M-05,P-02,Evening,781,743
2026-02-12,Plant B,M-05,P-05,Night,1060,878
2026-02-12,Plant C,M-01,P-04,Morning,1024,1003
2026-02-12,Plant C,M-01,P-03,Evening,877,763
2026-02-12,Plant C,M-01,P-03,Night,858,772
2026-02-12,Plant C,M-02,P-06,Morning,905,778
2026-02-12,Plant C,M-02,P-06,Evening,1014,954
2026-02-12,Plant C,M-02,P-01,Night,752,614
2026-02-12,Plant C,M-03,P-03,Morning,799,646
2026-02-12,Plant C,M-03,P-02,Evening,814,705
2026-02-12,Plant C,M-03,P-06,Night,1137,950
2026-02-12,Plant C,M-04,P-05,Morning,1053,965
2026-02-12,Plant C,M-04,P-01,Evening,1172,1038
2026-02-12,Plant C,M-04,P-05,Night,808,687
2026-02-12,Plant C,M-05,P-06,Morning,890,898
2026-02-12,Plant C,M-05,P-01,Evening,1186,1072
2026-02-12,Plant C,M-05,P-05,Night,838,713
2026-02-13,Plant A,M-01,P-04,Morning,1148,1019
2026-02-13,Plant A,M-01,P-06,Evening,1167,984
2026-02-13,Plant A,M-01,P-02,Night,965,867
2026-02-13,Plant A,M-02,P-06,Morning,1134,1088
2026-02-13,Plant A,M-02,P-04,Evening,1138,1042
2026-02-13,Plant A,M-02,P-03,Night,799,624
2026-02-13,Plant A,M-03,P-05,Morning,860,776
2026-02-13,Plant A,M-03,P-06,Evening,760,725
2026-02-13,Plant A,M-03,P-06,Night,1161,948
2026-02-13,Plant A,M-04,P-01,Morning,983,910
2026-02-13,Plant A,M-04,P-03,Evening,1051,966
2026-02-13,Plant A,M-04,P-06,Night,1128,951
2026-02-13,Plant A,M-05,P-01,Morning,884,872
2026-02-13,Plant A,M-05,P-02,Evening,884,653
2026-02-13,Plant A,M-05,P-01,Night,1060,890
2026-02-13,Plant B,M-01,P-05,Morning,1055,939
2026-02-13,Plant B,M-01,P-03,Evening,971,815
2026-02-13,Plant B,M-01,P-01,Night,1102,908
2026-02-13,Plant B,M-02,P-05,Morning,1069,967
2026-02-13,Plant B,M-02,P-04,Evening,1181,1053
2026-02-13,Plant B,M-02,P-04,Night,1029,857
2026-02-13,Plant B,M-03,P-03,Morning,810,785
2026-02-13,Plant B,M-03,P-02,Evening,838,756
2026-02-13,Plant B,M-03,P-06,Night,827,679
2026-02-13,Plant B,M-04,P-04,Morning,883,610
2026-02-13,Plant B,M-04,P-03,Evening,1176,995
2026-02-13,Plant B,M-04,P-04,Night,1015,555
2026-02-13,Plant B,M-05,P-04,Morning,933,868
2026-02-13,Plant B,M-05,P-05,Evening,805,719
2026-02-13,Plant B,M-05,P-05,Night,1058,910
2026-02-13,Plant C,M-01,P-04,Morning,1168,1110
2026-02-13,Plant C,M-01,P-01,Evening,839,741
2026-02-13,Plant C,M-01,P-01,Night,889,654
2026-02-13,Plant C,M-02,P-03,Morning,1115,1056
2026-02-13,Plant C,M-02,P-01,Evening,1080,990
2026-02-13,Plant C,M-02,P-06,Night,936,737
2026-02-13,Plant C,M-03,P-01,Morning,1036,1026
2026-02-13,Plant C,M-03,P-02,Evening,936,848
2026-02-13,Plant C,M-03,P-04,Night,1063,869
2026-02-13,Plant C,M-04,P-02,Morning,1158,1044
2026-02-13,Plant C,M-04,P-05,Evening,1158,1018
2026-02-13,Plant C,M-04,P-03,Night,1092,913
2026-02-13,Plant C,M-05,P-05,Morning,1017,924
2026-02-13,Plant C,M-05,P-02,Evening,1046,1001
2026-02-13,Plant C,M-05,P-01,Night,1196,995
2026-02-14,Plant A,M-01,P-02,Morning,814,786
2026-02-14,Plant A,M-01,P-02,Evening,1018,923
2026-02-14,Plant A,M-01,P-04,Night,886,759
2026-02-14,Plant A,M-02,P-04,Morning,1095,1076
2026-02-14,Plant A,M-02,P-04,Evening,820,595
2026-02-14,Plant A,M-02,P-02,Night,834,613
2026-02-14,Plant A,M-03,P-06,Morning,1166,1179
2026-02-14,Plant A,M-03,P-05,Evening,893,865
2026-02-14,Plant A,M-03,P-01,Night,1168,941
2026-02-14,Plant A,M-04,P-03,Morning,972,845
2026-02-14,Plant A,M-04,P-05,Evening,852,728
2026-02-14,Plant A,M-04,P-01,Night,1024,830
2026-02-14,Plant A,M-05,P-03,Morning,950,876
2026-02-14,Plant A,M-05,P-04,Evening,861,846
2026-02-14,Plant A,M-05,P-06,Night,871,708
2026-02-14,Plant B,M-01,P-05,Morning,829,857
2026-02-14,Plant B,M-01,P-02,Evening,884,712
2026-02-14,Plant B,M-01,P-05,Night,1056,885
2026-02-14,Plant B,M-02,P-03,Morning,955,839
2026-02-14,Plant B,M-02,P-03,Evening,1018,977
2026-02-14,Plant B,M-02,P-02,Night,981,764
2026-02-14,Plant B,M-03,P-04,Morning,834,747
2026-02-14,Plant B,M-03,P-06,Evening,1077,919
2026-02-14,Plant B,M-03,P-01,Night,832,611
2026-02-14,Plant B,M-04,P-05,Morning,1055,878
2026-02-14,Plant B,M-04,P-03,Evening,786,604
2026-02-14,Plant B,M-04,P-06,Night,937,623
2026-02-14,Plant B,M-05,P-02,Morning,933,917
2026-02-14,Plant B,M-05,P-03,Evening,1150,994
2026-02-14,Plant B,M-05,P-04,Night,974,832
2026-02-14,Plant C,M-01,P-04,Morning,1016,980
2026-02-14,Plant C,M-01,P-03,Evening,1090,892
2026-02-14,Plant C,M-01,P-05,Night,1198,978
2026-02-14,Plant C,M-02,P-06,Morning,797,722
2026-02-14,Plant C,M-02,P-06,Evening,885,784
2026-02-14,Plant C,M-02,P-06,Night,1181,1007
2026-02-14,Plant C,M-03,P-02,Morning,1110,1104
2026-02-14,Plant C,M-03,P-06,Evening,937,749
2026-02-14,Plant C,M-03,P-01,Night,1146,984
2026-02-14,Plant C,M-04,P-03,Morning,973,901
2026-02-14,Plant C,M-04,P-05,Evening,981,868
2026-02-14,Plant C,M-04,P-06,Night,1109,952
2026-02-14,Plant C,M-05,P-06,Morning,907,860
2026-02-14,Plant C,M-05,P-04,Evening,1160,1014
2026-02-14,Plant C,M-05,P-05,Night,780,653
2026-02-15,Plant A,M-01,P-01,Morning,1037,1001
2026-02-15,Plant A,M-01,P-05,Evening,788,681
2026-02-15,Plant A,M-01,P-06,Night,887,628
2026-02-15,Plant A,M-02,P-05,Morning,1165,1092
2026-02-15,Plant A,M-02,P-04,Evening,1068,977
2026-02-15,Plant A,M-02,P-04,Night,868,744
2026-02-15,Plant A,M-03,P-02,Morning,777,715
2026-02-15,Plant A,M-03,P-02,Evening,929,816
2026-02-15,Plant A,M-03,P-06,Night,948,803
2026-02-15,Plant A,M-04,P-03,Morning,1115,1053
2026-02-15,Plant A,M-04,P-02,Evening,795,672
2026-02-15,Plant A,M-04,P-06,Night,818,625
2026-02-15,Plant A,M-05,P-05,Morning,1050,950
2026-02-15,Plant A,M-05,P-01,Evening,781,618
2026-02-15,Plant A,M-05,P-05,Night,929,741
2026-02-15,Plant B,M-01,P-02,Morning,909,774
2026-02-15,Plant B,M-01,P-02,Evening,1107,982
2026-02-15,Plant B,M-01,P-04,Night,793,574
2026-02-15,Plant B,M-02,P-04,Morning,1192,1153
2026-02-15,Plant B,M-02,P-05,Evening,1156,1069
2026-02-15,Plant B,M-02,P-05,Night,1083,840
2026-02-15,Plant B,M-03,P-01,Morning,1068,966
2026-02-15,Plant B,M-03,P-02,Evening,1136,970
2026-02-15,Plant B,M-03,P-05,Night,887,700
2026-02-15,Plant B,M-04,P-03,Morning,770,574
2026-02-15,Plant B,M-04,P-06,Evening,1120,861
2026-02-15,Plant B,M-04,P-04,Night,867,535
2026-02-15,Plant B,M-05,P-04,Morning,1173,1085
2026-02-15,Plant B,M-05,P-01,Evening,913,852
2026-02-15,Plant B,M-05,P-01,Night,926,734
2026-02-15,Plant C,M-01,P-02,Morning,944,880
2026-02-15,Plant C,M-01,P-05,Evening,974,845
2026-02-15,Plant C,M-01,P-05,Night,790,588
2026-02-15,Plant C,M-02,P-01,Morning,1097,980
2026-02-15,Plant C,M-02,P-02,Evening,1054,973
2026-02-15,Plant C,M-02,P-02,Night,998,866
2026-02-15,Plant C,M-03,P-01,Morning,869,815
2026-02-15,Plant C,M-03,P-02,Evening,969,820
2026-02-15,Plant C,M-03,P-01,Night,1101,934
2026-02-15,Plant C,M-04,P-06,Morning,1145,1148
2026-02-15,Plant C,M-04,P-04,Evening,1115,1047
2026-02-15,Plant C,M-04,P-01,Night,1058,906
2026-02-15,Plant C,M-05,P-06,Morning,1073,1028
2026-02-15,Plant C,M-05,P-03,Evening,906,788
2026-02-15,Plant C,M-05,P-05,Night,832,685
2026-02-16,Plant A,M-01,P-04,Morning,813,670
2026-02-16,Plant A,M-01,P-05,Evening,1068,1003
2026-02-16,Plant A,M-01,P-04,Night,827,707
2026-02-16,Plant A,M-02,P-03,Morning,978,873
2026-02-16,Plant A,M-02,P-05,Evening,1141,1118
2026-02-16,Plant A,M-02,P-06,Night,900,786
2026-02-16,Plant A,M-03,P-04,Morning,1078,986
2026-02-16,Plant A,M-03,P-01,Evening,795,683
2026-02-16,Plant A,M-03,P-06,Night,1029,916
2026-02-16,Plant A,M-04,P-01,Morning,1182,1160
2026-02-16,Plant A,M-04,P-01,Evening,773,683
2026-02-16,Plant A,M-04,P-02,Night,1011,802
2026-02-16,Plant A,M-05,P-03,Morning,1074,1002
2026-02-16,Plant A,M-05,P-03,Evening,1024,944
2026-02-16,Plant A,M-05,P-03,Night,966,825
2026-02-16,Plant B,M-01,P-06,Morning,912,786
2026-02-16,Plant B,M-01,P-02,Evening,1006,986
2026-02-16,Plant B,M-01,P-05,Night,782,579
2026-02-16,Plant B,M-02,P-05,Morning,973,876
2026-02-16,Plant B,M-02,P-05,Evening,790,652
2026-02-16,Plant B,M-02,P-02,Night,1073,822
2026-02-16,Plant B,M-03,P-05,Morning,810,807
2026-02-16,Plant B,M-03,P-06,Evening,904,762
2026-02-16,Plant B,M-03,P-04,Night,1169,948
2026-02-16,Plant B,M-04,P-06,Morning,835,554
2026-02-16,Plant B,M-04,P-06,Evening,1005,766
2026-02-16,Plant B,M-04,P-01,Night,885,477
2026-02-16,Plant B,M-05,P-06,Morning,1007,861
2026-02-16,Plant B,M-05,P-01,Evening,761,620
2026-02-16,Plant B,M-05,P-04,Night,1046,831
2026-02-16,Plant C,M-01,P-05,Morning,908,838
2026-02-16,Plant C,M-01,P-04,Evening,832,703
2026-02-16,Plant C,M-01,P-02,Night,996,870
2026-02-16,Plant C,M-02,P-04,Morning,1191,1219
2026-02-16,Plant C,M-02,P-03,Evening,1132,1079
2026-02-16,Plant C,M-02,P-05,Night,785,618
2026-02-16,Plant C,M-03,P-05,Morning,1192,1139
2026-02-16,Plant C,M-03,P-05,Evening,903,800
2026-02-16,Plant C,M-03,P-02,Night,1025,758
2026-02-16,Plant C,M-04,P-03,Morning,1101,1010
2026-02-16,Plant C,M-04,P-05,Evening,982,811
2026-02-16,Plant C,M-04,P-06,Night,916,795
2026-02-16,Plant C,M-05,P-04,Morning,765,742
2026-02-16,Plant C,M-05,P-03,Evening,1183,988
2026-02-16,Plant C,M-05,P-02,Night,1085,894
2026-02-17,Plant A,M-01,P-04,Morning,963,877
2026-02-17,Plant A,M-01,P-02,Evening,977,874
2026-02-17,Plant A,M-01,P-05,Night,1067,879
2026-02-17,Plant A,M-02,P-01,Morning,1184,1084
2026-02-17,Plant A,M-02,P-01,Evening,1149,1005
2026-02-17,Plant A,M-02,P-05,Night,989,711
2026-02-17,Plant A,M-03,P-04,Morning,1184,1186
2026-02-17,Plant A,M-03,P-04,Evening,1015,966
2026-02-17,Plant A,M-03,P-02,Night,774,522
2026-02-17,Plant A,M-04,P-01,Morning,1072,1029
2026-02-17,Plant A,M-04,P-03,Evening,891,736
2026-02-17,Plant A,M-04,P-01,Night,1047,847
2026-02-17,Plant A,M-05,P-02,Morning,806,770
2026-02-17,Plant A,M-05,P-03,Evening,1019,952
2026-02-17,Plant A,M-05,P-06,Night,1084,825
2026-02-17,Plant B,M-01,P-03,Morning,913,846
2026-02-17,Plant B,M-01,P-05,Evening,782,707
2026-02-17,Plant B,M-01,P-03,Night,1195,952
2026-02-17,Plant B,M-02,P-02,Morning,980,880
2026-02-17,Plant B,M-02,P-06,Evening,884,789
2026-02-17,Plant B,M-02,P-06,Night,1126,943
2026-02-17,Plant B,M-03,P-05,Morning,1044,908
2026-02-17,Plant B,M-03,P-01,Evening,816,705
2026-02-17,Plant B,M-03,P-03,Night,1033,812
2026-02-17,Plant B,M-04,P-01,Morning,1103,912
2026-02-17,Plant B,M-04,P-02,Evening,917,599
2026-02-17,Plant B,M-04,P-04,Night,1025,673
2026-02-17,Plant B,M-05,P-02,Morning,932,860
2026-02-17,Plant B,M-05,P-02,Evening,1056,922
2026-02-17,Plant B,M-05,P-01,Night,1183,974
2026-02-17,Plant C,M-01,P-03,Morning,880,841
2026-02-17,Plant C,M-01,P-05,Evening,1013,917
2026-02-17,Plant C,M-01,P-03,Night,795,646
2026-02-17,Plant C,M-02,P-03,Morning,1078,1028
2026-02-17,Plant C,M-02,P-02,Evening,966,804
2026-02-17,Plant C,M-02,P-03,Night,1058,831
2026-02-17,Plant C,M-03,P-04,Morning,1181,1085
2026-02-17,Plant C,M-03,P-05,Evening,813,660
2026-02-17,Plant C,M-03,P-03,Night,1134,879
2026-02-17,Plant C,M-04,P-05,Morning,1152,1037
2026-02-17,Plant C,M-04,P-04,Evening,1138,1088
2026-02-17,Plant C,M-04,P-02,Night,1009,874
2026-02-17,Plant C,M-05,P-01,Morning,1081,1037
2026-02-17,Plant C,M-05,P-01,Evening,910,833
2026-02-17,Plant C,M-05,P-02,Night,793,594
2026-02-18,Plant A,M-01,P-03,Morning,1085,1113
2026-02-18,Plant A,M-01,P-02,Evening,890,863
2026-02-18,Plant A,M-01,P-04,Night,1154,918
2026-02-18,Plant A,M-02,P-03,Morning,806,748
2026-02-18,Plant A,M-02,P-04,Evening,1018,853
2026-02-18,Plant A,M-02,P-04,Night,977,734
2026-02-18,Plant A,M-03,P-04,Morning,1174,1203
2026-02-18,Plant A,M-03,P-04,Evening,1030,1011
2026-02-18,Plant A,M-03,P-05,Night,996,736
2026-02-18,Plant A,M-04,P-01,Morning,925,793
2026-02-18,Plant A,M-04,P-02,Evening,1056,973
2026-02-18,Plant A,M-04,P-01,Night,859,708
2026-02-18,Plant A,M-05,P-06,Morning,909,832
2026-02-18,Plant A,M-05,P-02,Evening,825,699
2026-02-18,Plant A,M-05,P-06,Night,804,687
2026-02-18,Plant B,M-01,P-03,Morning,901,865
2026-02-18,Plant B,M-01,P-04,Evening,822,785
2026-02-18,Plant B,M-01,P-02,Night,911,768
2026-02-18,Plant B,M-02,P-03,Morning,854,795
2026-02-18,Plant B,M-02,P-03,Evening,1143,1039
2026-02-18,Plant B,M-02,P-02,Night,1178,1043
2026-02-18,Plant B,M-03,P-01,Morning,1025,986
2026-02-18,Plant B,M-03,P-01,Evening,1141,1043
2026-02-18,Plant B,M-03,P-06,Night,766,656
2026-02-18,Plant B,M-04,P-03,Morning,761,510
2026-02-18,Plant B,M-04,P-01,Evening,880,520
2026-02-18,Plant B,M-04,P-02,Night,1143,754
2026-02-18,Plant B,M-05,P-02,Morning,934,928
2026-02-18,Plant B,M-05,P-06,Evening,1120,1065
2026-02-18,Plant B,M-05,P-06,Night,1124,972
2026-02-18,Plant C,M-01,P-05,Morning,1023,979
2026-02-18,Plant C,M-01,P-02,Evening,989,944
2026-02-18,Plant C,M-01,P-04,Night,872,644
2026-02-18,Plant C,M-02,P-01,Morning,917,825
2026-02-18,Plant C,M-02,P-03,Evening,928,771
2026-02-18,Plant C,M-02,P-02,Night,1198,994
2026-02-18,Plant C,M-03,P-01,Morning,1125,1074
2026-02-18,Plant C,M-03,P-02,Evening,928,747
2026-02-18,Plant C,M-03,P-04,Night,863,589
2026-02-18,Plant C,M-04,P-06,Morning,1095,1023
2026-02-18,Plant C,M-04,P-05,Evening,1089,1010
2026-02-18,Plant C,M-04,P-02,Night,968,819
2026-02-18,Plant C,M-05,P-06,Morning,988,963
2026-02-18,Plant C,M-05,P-03,Evening,1161,979
2026-02-18,Plant C,M-05,P-05,Night,798,622
2026-02-19,Plant A,M-01,P-03,Morning,1011,971
2026-02-19,Plant A,M-01,P-05,Evening,794,678
2026-02-19,Plant A,M-01,P-01,Night,968,851
2026-02-19,Plant A,M-02,P-01,Morning,814,746
2026-02-19,Plant A,M-02,P-05,Evening,1047,986
2026-02-19,Plant A,M-02,P-04,Night,954,710
2026-02-19,Plant A,M-03,P-02,Morning,1059,1015
2026-02-19,Plant A,M-03,P-02,Evening,1047,1018
2026-02-19,Plant A,M-03,P-03,Night,963,761
2026-02-19,Plant A,M-04,P-05,Morning,1077,995
2026-02-19,Plant A,M-04,P-05,Evening,926,783
2026-02-19,Plant A,M-04,P-06,Night,1194,988
2026-02-19,Plant A,M-05,P-03,Morning,878,773
2026-02-19,Plant A,M-05,P-04,Evening,780,640
2026-02-19,Plant A,M-05,P-01,Night,832,674
2026-02-19,Plant B,M-01,P-01,Morning,810,694
2026-02-19,Plant B,M-01,P-06,Evening,996,853
2026-02-19,Plant B,M-01,P-04,Night,1053,869
2026-02-19,Plant B,M-02,P-05,Morning,1004,1007
2026-02-19,Plant B,M-02,P-04,Evening,1087,981
2026-02-19,Plant B,M-02,P-04,Night,774,585
2026-02-19,Plant B,M-03,P-02,Morning,775,733
2026-02-19,Plant B,M-03,P-03,Evening,1161,1095
2026-02-19,Plant B,M-03,P-03,Night,1125,974
2026-02-19,Plant B,M-04,P-05,Morning,829,666
2026-02-19,Plant B,M-04,P-04,Evening,791,401
2026-02-19,Plant B,M-04,P-06,Night,897,575
2026-02-19,Plant B,M-05,P-01,Morning,778,708
2026-02-19,Plant B,M-05,P-03,Evening,1041,931
2026-02-19,Plant B,M-05,P-05,Night,836,676
2026-02-19,Plant C,M-01,P-01,Morning,839,778
2026-02-19,Plant C,M-01,P-02,Evening,1115,1027
2026-02-19,Plant C,M-01,P-01,Night,1154,864
2026-02-19,Plant C,M-02,P-01,Morning,1037,940
2026-02-19,Plant C,M-02,P-03,Evening,1160,1072
2026-02-19,Plant C,M-02,P-04,Night,1101,962
2026-02-19,Plant C,M-03,P-05,Morning,1026,954
2026-02-19,Plant C,M-03,P-04,Evening,1191,1100
2026-02-19,Plant C,M-03,P-05,Night,866,707
2026-02-19,Plant C,M-04,P-01,Morning,1019,896
2026-02-19,Plant C,M-04,P-06,Evening,1192,1058
2026-02-19,Plant C,M-04,P-01,Night,1052,931
2026-02-19,Plant C,M-05,P-06,Morning,984,905
2026-02-19,Plant C,M-05,P-01,Evening,1092,923
2026-02-19,Plant C,M-05,P-02,Night,960,775
2026-02-20,Plant A,M-01,P-01,Morning,787,718
2026-02-20,Plant A,M-01,P-03,Evening,823,714
2026-02-20,Plant A,M-01,P-06,Night,1155,953
2026-02-20,Plant A,M-02,P-01,Morning,831,816
2026-02-20,Plant A,M-02,P-01,Evening,960,902
2026-02-20,Plant A,M-02,P-05,Night,928,771
2026-02-20,Plant A,M-03,P-03,Morning,762,719
2026-02-20,Plant A,M-03,P-04,Evening,818,683
2026-02-20,Plant A,M-03,P-04,Night,824,730
2026-02-20,Plant A,M-04,P-04,Morning,855,802
2026-02-20,Plant A,M-04,P-02,Evening,874,821
2026-02-20,Plant A,M-04,P-02,Night,850,672
2026-02-20,Plant A,M-05,P-06,Morning,1090,1064
2026-02-20,Plant A,M-05,P-06,Evening,804,714
2026-02-20,Plant A,M-05,P-01,Night,1159,909
2026-02-20,Plant B,M-01,P-06,Morning,1070,997
2026-02-20,Plant B,M-01,P-05,Evening,801,793
2026-02-20,Plant B,M-01,P-06,Night,985,737
2026-02-20,Plant B,M-02,P-04,Morning,862,875
2026-02-20,Plant B,M-02,P-04,Evening,1077,962
2026-02-20,Plant B,M-02,P-01,Night,1016,846
2026-02-20,Plant B,M-03,P-04,Morning,761,789
2026-02-20,Plant B,M-03,P-06,Evening,930,855
2026-02-20,Plant B,M-03,P-06,Night,993,795
2026-02-20,Plant B,M-04,P-01,Morning,787,669
2026-02-20,Plant B,M-04,P-03,Evening,785,494
2026-02-20,Plant B,M-04,P-02,Night,899,572
2026-02-20,Plant B,M-05,P-02,Morning,1014,913
2026-02-20,Plant B,M-05,P-04,Evening,835,772
2026-02-20,Plant B,M-05,P-05,Night,1148,867
2026-02-20,Plant C,M-01,P-01,Morning,879,782
2026-02-20,Plant C,M-01,P-04,Evening,779,697
2026-02-20,Plant C,M-01,P-04,Night,980,860
2026-02-20,Plant C,M-02,P-06,Morning,831,752
2026-02-20,Plant C,M-02,P-03,Evening,936,853
2026-02-20,Plant C,M-02,P-03,Night,1119,938
2026-02-20,Plant C,M-03,P-02,Morning,1142,1100
2026-02-20,Plant C,M-03,P-02,Evening,972,848
2026-02-20,Plant C,M-03,P-04,Night,1144,1018
2026-02-20,Plant C,M-04,P-06,Morning,885,826
2026-02-20,Plant C,M-04,P-03,Evening,1137,996
2026-02-20,Plant C,M-04,P-02,Night,1164,1055
2026-02-20,Plant C,M-05,P-02,Morning,907,862
2026-02-20,Plant C,M-05,P-06,Evening,1129,1011
2026-02-20,Plant C,M-05,P-02,Night,1046,877
2026-02-21,Plant A,M-01,P-01,Morning,760,632
2026-02-21,Plant A,M-01,P-02,Evening,892,779
2026-02-21,Plant A,M-01,P-06,Night,974,744
2026-02-21,Plant A,M-02,P-01,Morning,806,760
2026-02-21,Plant A,M-02,P-01,Evening,932,849
2026-02-21,Plant A,M-02,P-03,Night,918,710
2026-02-21,Plant A,M-03,P-06,Morning,944,923
2026-02-21,Plant A,M-03,P-03,Evening,951,812
2026-02-21,Plant A,M-03,P-05,Night,982,771
2026-02-21,Plant A,M-04,P-03,Morning,1072,954
2026-02-21,Plant A,M-04,P-04,Evening,806,811
2026-02-21,Plant A,M-04,P-04,Night,803,655
2026-02-21,Plant A,M-05,P-06,Morning,983,887
2026-02-21,Plant A,M-05,P-05,Evening,1130,1050
2026-02-21,Plant A,M-05,P-02,Night,1190,1033
2026-02-21,Plant B,M-01,P-02,Morning,999,967
2026-02-21,Plant B,M-01,P-06,Evening,953,859
2026-02-21,Plant B,M-01,P-06,Night,911,784
2026-02-21,Plant B,M-02,P-04,Morning,1118,1060
2026-02-21,Plant B,M-02,P-01,Evening,975,860
2026-02-21,Plant B,M-02,P-02,Night,844,649
2026-02-21,Plant B,M-03,P-03,Morning,1138,1084
2026-02-21,Plant B,M-03,P-05,Evening,764,724
2026-02-21,Plant B,M-03,P-03,Night,945,755
2026-02-21,Plant B,M-04,P-04,Morning,972,763
2026-02-21,Plant B,M-04,P-01,Evening,1001,658
2026-02-21,Plant B,M-04,P-02,Night,1148,720
2026-02-21,Plant B,M-05,P-06,Morning,838,761
2026-02-21,Plant B,M-05,P-03,Evening,792,685
2026-02-21,Plant B,M-05,P-03,Night,982,774
2026-02-21,Plant C,M-01,P-04,Morning,826,834
2026-02-21,Plant C,M-01,P-03,Evening,1174,1072
2026-02-21,Plant C,M-01,P-01,Night,856,668
2026-02-21,Plant C,M-02,P-06,Morning,819,753
2026-02-21,Plant C,M-02,P-06,Evening,906,837
2026-02-21,Plant C,M-02,P-01,Night,824,785
2026-02-21,Plant C,M-03,P-03,Morning,885,845
2026-02-21,Plant C,M-03,P-04,Evening,886,792
2026-02-21,Plant C,M-03,P-05,Night,761,726
2026-02-21,Plant C,M-04,P-02,Morning,801,796
2026-02-21,Plant C,M-04,P-01,Evening,848,723
2026-02-21,Plant C,M-04,P-05,Night,1113,877
2026-02-21,Plant C,M-05,P-06,Morning,958,890
2026-02-21,Plant C,M-05,P-01,Evening,879,784
2026-02-21,Plant C,M-05,P-05,Night,813,586
2026-02-22,Plant A,M-01,P-05,Morning,768,788
2026-02-22,Plant A,M-01,P-01,Evening,807,725
2026-02-22,Plant A,M-01,P-05,Night,798,637
2026-02-22,Plant A,M-02,P-04,Morning,845,846
2026-02-22,Plant A,M-02,P-02,Evening,1054,906
2026-02-22,Plant A,M-02,P-01,Night,926,678
2026-02-22,Plant A,M-03,P-04,Morning,1169,990
2026-02-22,Plant A,M-03,P-03,Evening,919,756
2026-02-22,Plant A,M-03,P-03,Night,1031,891
2026-02-22,Plant A,M-04,P-02,Morning,965,945
2026-02-22,Plant A,M-04,P-05,Evening,1155,1064
2026-02-22,Plant A,M-04,P-06,Night,982,735
2026-02-22,Plant A,M-05,P-04,Morning,1020,975
2026-02-22,Plant A,M-05,P-03,Evening,823,672
2026-02-22,Plant A,M-05,P-03,Night,1184,1003
2026-02-22,Plant B,M-01,P-06,Morning,1056,1007
2026-02-22,Plant B,M-01,P-01,Evening,829,740
2026-02-22,Plant B,M-01,P-01,Night,1040,876
2026-02-22,Plant B,M-02,P-02,Morning,900,897
2026-02-22,Plant B,M-02,P-04,Evening,1121,1050
2026-02-22,Plant B,M-02,P-01,Night,1083,839
2026-02-22,Plant B,M-03,P-04,Morning,1125,1008
2026-02-22,Plant B,M-03,P-04,Evening,819,707
2026-02-22,Plant B,M-03,P-04,Night,1099,921
2026-02-22,Plant B,M-04,P-06,Morning,970,709
2026-02-22,Plant B,M-04,P-01,Evening,750,451
2026-02-22,Plant B,M-04,P-06,Night,1110,766
2026-02-22,Plant B,M-05,P-04,Morning,939,859
2026-02-22,Plant B,M-05,P-01,Evening,938,883
2026-02-22,Plant B,M-05,P-04,Night,1042,825
2026-02-22,Plant C,M-01,P-06,Morning,1089,980
2026-02-22,Plant C,M-01,P-03,Evening,841,724
2026-02-22,Plant C,M-01,P-05,Night,1184,1015
2026-02-22,Plant C,M-02,P-04,Morning,1099,993
2026-02-22,Plant C,M-02,P-03,Evening,1029,890
2026-02-22,Plant C,M-02,P-03,Night,1072,951
2026-02-22,Plant C,M-03,P-06,Morning,1167,1105
2026-02-22,Plant C,M-03,P-01,Evening,1117,872
2026-02-22,Plant C,M-03,P-05,Night,786,561
2026-02-22,Plant C,M-04,P-01,Morning,962,897
2026-02-22,Plant C,M-04,P-03,Evening,1135,999
2026-02-22,Plant C,M-04,P-02,Night,978,770
2026-02-22,Plant C,M-05,P-02,Morning,1107,952
2026-02-22,Plant C,M-05,P-06,Evening,1082,899
2026-02-22,Plant C,M-05,P-06,Night,1007,848
2026-02-23,Plant A,M-01,P-03,Morning,898,896
2026-02-23,Plant A,M-01,P-06,Evening,827,749
2026-02-23,Plant A,M-01,P-04,Night,1168,953
2026-02-23,Plant A,M-02,P-02,Morning,1006,913
2026-02-23,Plant A,M-02,P-04,Evening,1067,957
2026-02-23,Plant A,M-02,P-06,Night,1071,935
2026-02-23,Plant A,M-03,P-03,Morning,766,661
2026-02-23,Plant A,M-03,P-04,Evening,792,671
2026-02-23,Plant A,M-03,P-02,Night,843,720
2026-02-23,Plant A,M-04,P-02,Morning,963,990
2026-02-23,Plant A,M-04,P-03,Evening,1196,1060
2026-02-23,Plant A,M-04,P-05,Night,796,649
2026-02-23,Plant A,M-05,P-06,Morning,797,688
2026-02-23,Plant A,M-05,P-06,Evening,1190,1081
2026-02-23,Plant A,M-05,P-06,Night,1077,827
2026-02-23,Plant B,M-01,P-04,Morning,908,874
2026-02-23,Plant B,M-01,P-02,Evening,1177,1068
2026-02-23,Plant B,M-01,P-03,Night,787,685
2026-02-23,Plant B,M-02,P-01,Morning,767,684
2026-02-23,Plant B,M-02,P-03,Evening,984,915
2026-02-23,Plant B,M-02,P-04,Night,772,698
2026-02-23,Plant B,M-03,P-05,Morning,1134,1128
2026-02-23,Plant B,M-03,P-04,Evening,1074,987
2026-02-23,Plant B,M-03,P-02,Night,1051,851
2026-02-23,Plant B,M-04,P-03,Morning,830,607
2026-02-23,Plant B,M-04,P-03,Evening,809,641
2026-02-23,Plant B,M-04,P-02,Night,1039,734
2026-02-23,Plant B,M-05,P-06,Morning,997,994
2026-02-23,Plant B,M-05,P-01,Evening,1014,902
2026-02-23,Plant B,M-05,P-06,Night,926,785
2026-02-23,Plant C,M-01,P-02,Morning,812,821
2026-02-23,Plant C,M-01,P-04,Evening,1013,935
2026-02-23,Plant C,M-01,P-02,Night,823,727
2026-02-23,Plant C,M-02,P-02,Morning,758,698
2026-02-23,Plant C,M-02,P-03,Evening,1153,1032
2026-02-23,Plant C,M-02,P-01,Night,869,667
2026-02-23,Plant C,M-03,P-05,Morning,1060,1028
2026-02-23,Plant C,M-03,P-05,Evening,902,800
2026-02-23,Plant C,M-03,P-04,Night,1000,797
2026-02-23,Plant C,M-04,P-06,Morning,1194,1178
2026-02-23,Plant C,M-04,P-05,Evening,955,873
2026-02-23,Plant C,M-04,P-02,Night,799,645
2026-02-23,Plant C,M-05,P-02,Morning,1021,939
2026-02-23,Plant C,M-05,P-01,Evening,959,842
2026-02-23,Plant C,M-05,P-06,Night,1191,977
2026-02-24,Plant A,M-01,P-05,Morning,1021,952
2026-02-24,Plant A,M-01,P-02,Evening,1019,945
2026-02-24,Plant A,M-01,P-04,Night,1079,933
2026-02-24,Plant A,M-02,P-04,Morning,1030,982
2026-02-24,Plant A,M-02,P-04,Evening,1114,1045
2026-02-24,Plant A,M-02,P-01,Night,968,763
2026-02-24,Plant A,M-03,P-05,Morning,1047,1079
2026-02-24,Plant A,M-03,P-03,Evening,1073,1063
2026-02-24,Plant A,M-03,P-02,Night,849,577
2026-02-24,Plant A,M-04,P-02,Morning,951,840
2026-02-24,Plant A,M-04,P-05,Evening,892,837
2026-02-24,Plant A,M-04,P-01,Night,982,807
2026-02-24,Plant A,M-05,P-02,Morning,817,775
2026-02-24,Plant A,M-05,P-02,Evening,807,762
2026-02-24,Plant A,M-05,P-05,Night,912,774
2026-02-24,Plant B,M-01,P-06,Morning,840,782
2026-02-24,Plant B,M-01,P-05,Evening,1011,928
2026-02-24,Plant B,M-01,P-05,Night,1075,926
2026-02-24,Plant B,M-02,P-04,Morning,1135,1094
2026-02-24,Plant B,M-02,P-05,Evening,911,877
2026-02-24,Plant B,M-02,P-03,Night,1090,903
2026-02-24,Plant B,M-03,P-04,Morning,1113,1088
2026-02-24,Plant B,M-03,P-01,Evening,1087,1061
2026-02-24,Plant B,M-03,P-02,Night,1178,944
2026-02-24,Plant B,M-04,P-06,Morning,872,710
2026-02-24,Plant B,M-04,P-02,Evening,988,681
2026-02-24,Plant B,M-04,P-02,Night,1085,718
2026-02-24,Plant B,M-05,P-05,Morning,1164,1134
2026-02-24,Plant B,M-05,P-03,Evening,1008,911
2026-02-24,Plant B,M-05,P-04,Night,945,767
2026-02-24,Plant C,M-01,P-01,Morning,809,779
2026-02-24,Plant C,M-01,P-03,Evening,794,740
2026-02-24,Plant C,M-01,P-06,Night,1156,977
2026-02-24,Plant C,M-02,P-06,Morning,1163,1074
2026-02-24,Plant C,M-02,P-01,Evening,1181,1033
2026-02-24,Plant C,M-02,P-06,Night,1050,927
2026-02-24,Plant C,M-03,P-04,Morning,1015,946
2026-02-24,Plant C,M-03,P-01,Evening,810,744
2026-02-24,Plant C,M-03,P-06,Night,1126,974
2026-02-24,Plant C,M-04,P-05,Morning,1185,1163
2026-02-24,Plant C,M-04,P-06,Evening,827,748
2026-02-24,Plant C,M-04,P-03,Night,952,721
2026-02-24,Plant C,M-05,P-02,Morning,1111,1020
2026-02-24,Plant C,M-05,P-01,Evening,837,686
2026-02-24,Plant C,M-05,P-04,Night,998,857
2026-02-25,Plant A,M-01,P-03,Morning,867,698
2026-02-25,Plant A,M-01,P-03,Evening,873,792
2026-02-25,Plant A,M-01,P-05,Night,825,639
2026-02-25,Plant A,M-02,P-03,Morning,909,877
2026-02-25,Plant A,M-02,P-05,Evening,913,858
2026-02-25,Plant A,M-02,P-04,Night,1055,814
2026-02-25,Plant A,M-03,P-05,Morning,810,721
2026-02-25,Plant A,M-03,P-01,Evening,887,769
2026-02-25,Plant A,M-03,P-06,Night,869,653
2026-02-25,Plant A,M-04,P-04,Morning,1144,1065
2026-02-25,Plant A,M-04,P-06,Evening,906,735
2026-02-25,Plant A,M-04,P-05,Night,1099,857
2026-02-25,Plant A,M-05,P-02,Morning,1074,1013
2026-02-25,Plant A,M-05,P-04,Evening,1081,975
2026-02-25,Plant A,M-05,P-03,Night,896,749
2026-02-25,Plant B,M-01,P-05,Morning,1191,1069
2026-02-25,Plant B,M-01,P-04,Evening,1125,1013
2026-02-25,Plant B,M-01,P-06,Night,945,822
2026-02-25,Plant B,M-02,P-05,Morning,974,817
2026-02-25,Plant B,M-02,P-04,Evening,1129,985
2026-02-25,Plant B,M-02,P-04,Night,904,765
2026-02-25,Plant B,M-03,P-01,Morning,782,683
2026-02-25,Plant B,M-03,P-03,Evening,1037,887
2026-02-25,Plant B,M-03,P-03,Night,760,577
2026-02-25,Plant B,M-04,P-02,Morning,761,547
2026-02-25,Plant B,M-04,P-02,Evening,826,638
2026-02-25,Plant B,M-04,P-04,Night,843,412
2026-02-25,Plant B,M-05,P-03,Morning,1199,1212
2026-02-25,Plant B,M-05,P-01,Evening,1135,1066
2026-02-25,Plant B,M-05,P-05,Night,859,666
2026-02-25,Plant C,M-01,P-06,Morning,828,716
2026-02-25,Plant C,M-01,P-04,Evening,981,976
2026-02-25,Plant C,M-01,P-03,Night,1183,927
2026-02-25,Plant C,M-02,P-03,Morning,1134,1041
2026-02-25,Plant C,M-02,P-01,Evening,1048,952
2026-02-25,Plant C,M-02,P-01,Night,883,747
2026-02-25,Plant C,M-03,P-05,Morning,997,952
2026-02-25,Plant C,M-03,P-05,Evening,1058,887
2026-02-25,Plant C,M-03,P-02,Night,1129,958
2026-02-25,Plant C,M-04,P-02,Morning,960,858
2026-02-25,Plant C,M-04,P-06,Evening,1061,876
2026-02-25,Plant C,M-04,P-04,Night,1030,883
2026-02-25,Plant C,M-05,P-01,Morning,812,787
2026-02-25,Plant C,M-05,P-06,Evening,1043,1044
2026-02-25,Plant C,M-05,P-02,Night,1195,955
2026-02-26,Plant A,M-01,P-06,Morning,1164,1059
2026-02-26,Plant A,M-01,P-05,Evening,955,876
2026-02-26,Plant A,M-01,P-03,Night,885,806
2026-02-26,Plant A,M-02,P-04,Morning,1078,1006
2026-02-26,Plant A,M-02,P-03,Evening,1180,1089
2026-02-26,Plant A,M-02,P-01,Night,1102,945
2026-02-26,Plant A,M-03,P-03,Morning,1113,1016
2026-02-26,Plant A,M-03,P-03,Evening,1098,947
2026-02-26,Plant A,M-03,P-02,Night,1105,930
2026-02-26,Plant A,M-04,P-05,Morning,1107,1112
2026-02-26,Plant A,M-04,P-03,Evening,776,655
2026-02-26,Plant A,M-04,P-06,Night,905,738
2026-02-26,Plant A,M-05,P-05,Morning,911,864
2026-02-26,Plant A,M-05,P-02,Evening,928,856
2026-02-26,Plant A,M-05,P-04,Night,916,712
2026-02-26,Plant B,M-01,P-05,Morning,782,716
2026-02-26,Plant B,M-01,P-04,Evening,1039,971
2026-02-26,Plant B,M-01,P-03,Night,1021,792
2026-02-26,Plant B,M-02,P-02,Morning,1153,1153
2026-02-26,Plant B,M-02,P-05,Evening,899,836
2026-02-26,Plant B,M-02,P-05,Night,1035,926
2026-02-26,Plant B,M-03,P-05,Morning,1100,1022
2026-02-26,Plant B,M-03,P-02,Evening,1076,975
2026-02-26,Plant B,M-03,P-01,Night,1081,876
2026-02-26,Plant B,M-04,P-05,Morning,1034,847
2026-02-26,Plant B,M-04,P-04,Evening,1104,885
2026-02-26,Plant B,M-04,P-02,Night,864,605
2026-02-26,Plant B,M-05,P-05,Morning,1083,1049
2026-02-26,Plant B,M-05,P-02,Evening,832,683
2026-02-26,Plant B,M-05,P-01,Night,954,756
2026-02-26,Plant C,M-01,P-01,Morning,1146,1103
2026-02-26,Plant C,M-01,P-04,Evening,1177,1102
2026-02-26,Plant C,M-01,P-03,Night,884,767
2026-02-26,Plant C,M-02,P-04,Morning,922,897
2026-02-26,Plant C,M-02,P-04,Evening,1117,984
2026-02-26,Plant C,M-02,P-06,Night,841,680
2026-02-26,Plant C,M-03,P-03,Morning,1146,1045
2026-02-26,Plant C,M-03,P-04,Evening,845,802
2026-02-26,Plant C,M-03,P-06,Night,998,863
2026-02-26,Plant C,M-04,P-04,Morning,894,887
2026-02-26,Plant C,M-04,P-05,Evening,863,809
2026-02-26,Plant C,M-04,P-01,Night,847,684
2026-02-26,Plant C,M-05,P-05,Morning,841,841
2026-02-26,Plant C,M-05,P-03,Evening,772,647
2026-02-26,Plant C,M-05,P-04,Night,865,728
2026-02-27,Plant A,M-01,P-02,Morning,822,692
2026-02-27,Plant A,M-01,P-02,Evening,1012,911
2026-02-27,Plant A,M-01,P-05,Night,1064,802
2026-02-27,Plant A,M-02,P-05,Morning,794,755
2026-02-27,Plant A,M-02,P-06,Evening,1001,946
2026-02-27,Plant A,M-02,P-04,Night,1142,946
2026-02-27,Plant A,M-03,P-03,Morning,817,740
2026-02-27,Plant A,M-03,P-05,Evening,1174,1073
2026-02-27,Plant A,M-03,P-05,Night,855,675
2026-02-27,Plant A,M-04,P-03,Morning,1122,1057
2026-02-27,Plant A,M-04,P-01,Evening,937,792
2026-02-27,Plant A,M-04,P-02,Night,788,647
2026-02-27,Plant A,M-05,P-02,Morning,806,681
2026-02-27,Plant A,M-05,P-04,Evening,961,915
2026-02-27,Plant A,M-05,P-05,Night,923,806
2026-02-27,Plant B,M-01,P-03,Morning,870,803
2026-02-27,Plant B,M-01,P-06,Evening,936,877
2026-02-27,Plant B,M-01,P-05,Night,969,753
2026-02-27,Plant B,M-02,P-02,Morning,1040,1050
2026-02-27,Plant B,M-02,P-04,Evening,1150,1047
2026-02-27,Plant B,M-02,P-02,Night,1132,932
2026-02-27,Plant B,M-03,P-03,Morning,855,788
2026-02-27,Plant B,M-03,P-03,Evening,830,782
2026-02-27,Plant B,M-03,P-03,Night,1126,918
2026-02-27,Plant B,M-04,P-06,Morning,1164,828
2026-02-27,Plant B,M-04,P-04,Evening,1169,914
2026-02-27,Plant B,M-04,P-05,Night,1008,598
2026-02-27,Plant B,M-05,P-03,Morning,1181,1084
2026-02-27,Plant B,M-05,P-02,Evening,830,767
2026-02-27,Plant B,M-05,P-04,Night,1004,846
2026-02-27,Plant C,M-01,P-05,Morning,1070,961
2026-02-27,Plant C,M-01,P-04,Evening,1105,1056
2026-02-27,Plant C,M-01,P-06,Night,1076,831
2026-02-27,Plant C,M-02,P-01,Morning,1070,1008
2026-02-27,Plant C,M-02,P-01,Evening,1194,1059
2026-02-27,Plant C,M-02,P-05,Night,933,660
2026-02-27,Plant C,M-03,P-06,Morning,1077,926
2026-02-27,Plant C,M-03,P-01,Evening,1184,1033
2026-02-27,Plant C,M-03,P-03,Night,1123,992
2026-02-27,Plant C,M-04,P-04,Morning,1153,1091
2026-02-27,Plant C,M-04,P-01,Evening,1047,995
2026-02-27,Plant C,M-04,P-01,Night,1043,878
2026-02-27,Plant C,M-05,P-01,Morning,835,744
2026-02-27,Plant C,M-05,P-01,Evening,1172,1037
2026-02-27,Plant C,M-05,P-03,Night,1062,909
2026-02-28,Plant A,M-01,P-01,Morning,1081,998
2026-02-28,Plant A,M-01,P-04,Evening,885,844
2026-02-28,Plant A,M-01,P-03,Night,887,777
2026-02-28,Plant A,M-02,P-06,Morning,1170,1153
2026-02-28,Plant A,M-02,P-03,Evening,931,871
2026-02-28,Plant A,M-02,P-01,Night,1197,993
2026-02-28,Plant A,M-03,P-01,Morning,988,1001
2026-02-28,Plant A,M-03,P-01,Evening,877,805
2026-02-28,Plant A,M-03,P-06,Night,794,694
2026-02-28,Plant A,M-04,P-03,Morning,1172,1152
2026-02-28,Plant A,M-04,P-03,Evening,1184,1078
2026-02-28,Plant A,M-04,P-02,Night,972,800
2026-02-28,Plant A,M-05,P-01,Morning,819,841
2026-02-28,Plant A,M-05,P-06,Evening,1183,1076
2026-02-28,Plant A,M-05,P-06,Night,983,832
2026-02-28,Plant B,M-01,P-06,Morning,1113,1073
2026-02-28,Plant B,M-01,P-03,Evening,806,614
2026-02-28,Plant B,M-01,P-03,Night,987,781
2026-02-28,Plant B,M-02,P-06,Morning,1056,1043
2026-02-28,Plant B,M-02,P-02,Evening,974,900
2026-02-28,Plant B,M-02,P-05,Night,957,803
2026-02-28,Plant B,M-03,P-02,Morning,1008,947
2026-02-28,Plant B,M-03,P-03,Evening,790,743
2026-02-28,Plant B,M-03,P-05,Night,1196,1056
2026-02-28,Plant B,M-04,P-02,Morning,759,489
2026-02-28,Plant B,M-04,P-05,Evening,891,659
2026-02-28,Plant B,M-04,P-03,Night,1040,717
2026-02-28,Plant B,M-05,P-04,Morning,1197,1200
2026-02-28,Plant B,M-05,P-02,Evening,836,755
2026-02-28,Plant B,M-05,P-06,Night,1132,960
2026-02-28,Plant C,M-01,P-02,Morning,1168,1120
2026-02-28,Plant C,M-01,P-02,Evening,1137,1049
2026-02-28,Plant C,M-01,P-05,Night,888,761
2026-02-28,Plant C,M-02,P-04,Morning,928,900
2026-02-28,Plant C,M-02,P-03,Evening,829,668
2026-02-28,Plant C,M-02,P-01,Night,1130,818
2026-02-28,Plant C,M-03,P-05,Morning,1118,1046
2026-02-28,Plant C,M-03,P-02,Evening,991,918
2026-02-28,Plant C,M-03,P-03,Night,1161,923
2026-02-28,Plant C,M-04,P-01,Morning,1039,1020
2026-02-28,Plant C,M-04,P-01,Evening,808,674
2026-02-28,Plant C,M-04,P-02,Night,810,680
2026-02-28,Plant C,M-05,P-01,Morning,954,919
2026-02-28,Plant C,M-05,P-04,Evening,1088,998
2026-02-28,Plant C,M-05,P-01,Night,1065,876
2026-03-01,Plant A,M-01,P-03,Morning,1044,1002
2026-03-01,Plant A,M-01,P-02,Evening,994,875
2026-03-01,Plant A,M-01,P-05,Night,1198,1044
2026-03-01,Plant A,M-02,P-05,Morning,991,884
2026-03-01,Plant A,M-02,P-02,Evening,830,716
2026-03-01,Plant A,M-02,P-04,Night,1111,897
2026-03-01,Plant A,M-03,P-03,Morning,1055,1040
2026-03-01,Plant A,M-03,P-01,Evening,963,842
2026-03-01,Plant A,M-03,P-01,Night,1054,805
2026-03-01,Plant A,M-04,P-06,Morning,1002,900
2026-03-01,Plant A,M-04,P-02,Evening,1086,945
2026-03-01,Plant A,M-04,P-05,Night,1020,879
2026-03-01,Plant A,M-05,P-06,Morning,1042,969
2026-03-01,Plant A,M-05,P-03,Evening,860,763
2026-03-01,Plant A,M-05,P-03,Night,1108,906
2026-03-01,Plant B,M-01,P-06,Morning,967,906
2026-03-01,Plant B,M-01,P-02,Evening,906,773
2026-03-01,Plant B,M-01,P-01,Night,881,672
2026-03-01,Plant B,M-02,P-04,Morning,900,860
2026-03-01,Plant B,M-02,P-04,Evening,1152,1074
2026-03-01,Plant B,M-02,P-05,Night,822,661
2026-03-01,Plant B,M-03,P-01,Morning,762,746
2026-03-01,Plant B,M-03,P-04,Evening,1094,945
2026-03-01,Plant B,M-03,P-03,Night,856,663
2026-03-01,Plant B,M-04,P-02,Morning,1036,804
2026-03-01,Plant B,M-04,P-01,Evening,1052,824
2026-03-01,Plant B,M-04,P-03,Night,776,537
2026-03-01,Plant B,M-05,P-05,Morning,1131,1037
2026-03-01,Plant B,M-05,P-05,Evening,920,842
2026-03-01,Plant B,M-05,P-03,Night,1051,873
2026-03-01,Plant C,M-01,P-01,Morning,1082,1072
2026-03-01,Plant C,M-01,P-01,Evening,1078,938
2026-03-01,Plant C,M-01,P-01,Night,957,726
2026-03-01,Plant C,M-02,P-05,Morning,764,714
2026-03-01,Plant C,M-02,P-05,Evening,1086,962
2026-03-01,Plant C,M-02,P-05,Night,1035,907
2026-03-01,Plant C,M-03,P-04,Morning,968,837
2026-03-01,Plant C,M-03,P-03,Evening,1065,1001
2026-03-01,Plant C,M-03,P-01,Night,1114,842
2026-03-01,Plant C,M-04,P-02,Morning,1070,1027
2026-03-01,Plant C,M-04,P-01,Evening,1141,1101
2026-03-01,Plant C,M-04,P-01,Night,943,791
2026-03-01,Plant C,M-05,P-06,Morning,844,792
2026-03-01,Plant C,M-05,P-05,Evening,778,820
2026-03-01,Plant C,M-05,P-06,Night,1181,974
2026-03-02,Plant A,M-01,P-03,Morning,1093,913
2026-03-02,Plant A,M-01,P-05,Evening,1130,981
2026-03-02,Plant A,M-01,P-04,Night,785,585
2026-03-02,Plant A,M-02,P-02,Morning,1070,1061
2026-03-02,Plant A,M-02,P-05,Evening,1097,1068
2026-03-02,Plant A,M-02,P-05,Night,992,794
2026-03-02,Plant A,M-03,P-04,Morning,908,892
2026-03-02,Plant A,M-03,P-04,Evening,848,780
2026-03-02,Plant A,M-03,P-03,Night,957,681
2026-03-02,Plant A,M-04,P-06,Morning,1162,1086
2026-03-02,Plant A,M-04,P-06,Evening,871,763
2026-03-02,Plant A,M-04,P-01,Night,1057,876
2026-03-02,Plant A,M-05,P-03,Morning,766,738
2026-03-02,Plant A,M-05,P-04,Evening,981,879
2026-03-02,Plant A,M-05,P-04,Night,781,706
2026-03-02,Plant B,M-01,P-03,Morning,978,960
2026-03-02,Plant B,M-01,P-02,Evening,858,803
2026-03-02,Plant B,M-01,P-05,Night,881,665
2026-03-02,Plant B,M-02,P-03,Morning,792,703
2026-03-02,Plant B,M-02,P-04,Evening,847,750
2026-03-02,Plant B,M-02,P-01,Night,799,641
2026-03-02,Plant B,M-03,P-02,Morning,1093,1049
2026-03-02,Plant B,M-03,P-03,Evening,908,783
2026-03-02,Plant B,M-03,P-05,Night,1125,941
2026-03-02,Plant B,M-04,P-03,Morning,1092,959
2026-03-02,Plant B,M-04,P-03,Evening,1162,832
2026-03-02,Plant B,M-04,P-02,Night,761,498
2026-03-02,Plant B,M-05,P-04,Morning,1116,1036
2026-03-02,Plant B,M-05,P-06,Evening,886,684
2026-03-02,Plant B,M-05,P-01,Night,840,685
2026-03-02,Plant C,M-01,P-03,Morning,779,695
2026-03-02,Plant C,M-01,P-03,Evening,999,952
2026-03-02,Plant C,M-01,P-02,Night,1066,845
2026-03-02,Plant C,M-02,P-01,Morning,1011,925
2026-03-02,Plant C,M-02,P-06,Evening,1087,953
2026-03-02,Plant C,M-02,P-04,Night,878,725
2026-03-02,Plant C,M-03,P-06,Morning,831,832
2026-03-02,Plant C,M-03,P-06,Evening,1030,908
2026-03-02,Plant C,M-03,P-06,Night,831,674
2026-03-02,Plant C,M-04,P-04,Morning,891,788
2026-03-02,Plant C,M-04,P-05,Evening,873,828
2026-03-02,Plant C,M-04,P-06,Night,1180,945
2026-03-02,Plant C,M-05,P-04,Morning,852,716
2026-03-02,Plant C,M-05,P-01,Evening,905,800
2026-03-02,Plant C,M-05,P-04,Night,802,608
2026-03-03,Plant A,M-01,P-04,Morning,801,721
2026-03-03,Plant A,M-01,P-01,Evening,770,659
2026-03-03,Plant A,M-01,P-02,Night,1092,876
2026-03-03,Plant A,M-02,P-03,Morning,1034,971
2026-03-03,Plant A,M-02,P-04,Evening,1163,1037
2026-03-03,Plant A,M-02,P-02,Night,761,652
2026-03-03,Plant A,M-03,P-05,Morning,1149,1142
2026-03-03,Plant A,M-03,P-04,Evening,815,720
2026-03-03,Plant A,M-03,P-05,Night,972,877
2026-03-03,Plant A,M-04,P-06,Morning,997,963
2026-03-03,Plant A,M-04,P-03,Evening,1135,1032
2026-03-03,Plant A,M-04,P-06,Night,1121,842
2026-03-03,Plant A,M-05,P-05,Morning,841,773
2026-03-03,Plant A,M-05,P-03,Evening,906,786
2026-03-03,Plant A,M-05,P-04,Night,919,792
2026-03-03,Plant B,M-01,P-05,Morning,800,767
2026-03-03,Plant B,M-01,P-01,Evening,1117,1038
2026-03-03,Plant B,M-01,P-05,Night,1080,881
2026-03-03,Plant B,M-02,P-01,Morning,972,893
2026-03-03,Plant B,M-02,P-04,Evening,1023,946
2026-03-03,Plant B,M-02,P-03,Night,867,733
2026-03-03,Plant B,M-03,P-02,Morning,804,752
2026-03-03,Plant B,M-03,P-03,Evening,1069,972
2026-03-03,Plant B,M-03,P-04,Night,993,839
2026-03-03,Plant B,M-04,P-06,Morning,1194,948
2026-03-03,Plant B,M-04,P-03,Evening,1049,697
2026-03-03,Plant B,M-04,P-04,Night,1181,822
2026-03-03,Plant B,M-05,P-04,Morning,815,769
2026-03-03,Plant B,M-05,P-01,Evening,922,868
2026-03-03,Plant B,M-05,P-06,Night,1139,910
2026-03-03,Plant C,M-01,P-04,Morning,991,888
2026-03-03,Plant C,M-01,P-02,Evening,1050,997
2026-03-03,Plant C,M-01,P-05,Night,886,635
2026-03-03,Plant C,M-02,P-01,Morning,890,840
2026-03-03,Plant C,M-02,P-06,Evening,1145,1082
2026-03-03,Plant C,M-02,P-03,Night,1027,860
2026-03-03,Plant C,M-03,P-06,Morning,1072,1067
2026-03-03,Plant C,M-03,P-06,Evening,783,744
2026-03-03,Plant C,M-03,P-06,Night,1187,1029
2026-03-03,Plant C,M-04,P-06,Morning,901,866
2026-03-03,Plant C,M-04,P-06,Evening,899,840
2026-03-03,Plant C,M-04,P-01,Night,1055,884
2026-03-03,Plant C,M-05,P-03,Morning,1192,1099
2026-03-03,Plant C,M-05,P-04,Evening,1117,1030
2026-03-03,Plant C,M-05,P-05,Night,981,797
2026-03-04,Plant A,M-01,P-06,Morning,781,752
2026-03-04,Plant A,M-01,P-01,Evening,1106,1004
2026-03-04,Plant A,M-01,P-02,Night,796,598
2026-03-04,Plant A,M-02,P-01,Morning,942,908
2026-03-04,Plant A,M-02,P-01,Evening,915,784
2026-03-04,Plant A,M-02,P-05,Night,1141,968
2026-03-04,Plant A,M-03,P-03,Morning,788,778
2026-03-04,Plant A,M-03,P-04,Evening,850,745
2026-03-04,Plant A,M-03,P-05,Night,768,650
2026-03-04,Plant A,M-04,P-05,Morning,836,739
2026-03-04,Plant A,M-04,P-03,Evening,1121,1049
2026-03-04,Plant A,M-04,P-03,Night,962,696
2026-03-04,Plant A,M-05,P-05,Morning,968,950
2026-03-04,Plant A,M-05,P-05,Evening,809,713
2026-03-04,Plant A,M-05,P-06,Night,988,800
2026-03-04,Plant B,M-01,P-03,Morning,1181,1039
2026-03-04,Plant B,M-01,P-02,Evening,1008,946
2026-03-04,Plant B,M-01,P-02,Night,1003,787
2026-03-04,Plant B,M-02,P-03,Morning,1136,1033
2026-03-04,Plant B,M-02,P-03,Evening,865,808
2026-03-04,Plant B,M-02,P-02,Night,772,594
2026-03-04,Plant B,M-03,P-01,Morning,953,930
2026-03-04,Plant B,M-03,P-03,Evening,1031,956
2026-03-04,Plant B,M-03,P-02,Night,845,696
2026-03-04,Plant B,M-04,P-01,Morning,838,704
2026-03-04,Plant B,M-04,P-04,Evening,786,560
2026-03-04,Plant B,M-04,P-06,Night,869,587
2026-03-04,Plant B,M-05,P-05,Morning,983,883
2026-03-04,Plant B,M-05,P-03,Evening,956,895
2026-03-04,Plant B,M-05,P-03,Night,966,805
2026-03-04,Plant C,M-01,P-03,Morning,869,843
2026-03-04,Plant C,M-01,P-03,Evening,1197,1069
2026-03-04,Plant C,M-01,P-05,Night,860,746
2026-03-04,Plant C,M-02,P-04,Morning,1065,1047
2026-03-04,Plant C,M-02,P-01,Evening,1080,1010
2026-03-04,Plant C,M-02,P-04,Night,1014,856
2026-03-04,Plant C,M-03,P-05,Morning,845,765
2026-03-04,Plant C,M-03,P-01,Evening,1036,883
2026-03-04,Plant C,M-03,P-03,Night,1120,852
2026-03-04,Plant C,M-04,P-05,Morning,1188,1071
2026-03-04,Plant C,M-04,P-05,Evening,1071,928
2026-03-04,Plant C,M-04,P-01,Night,1129,868
2026-03-04,Plant C,M-05,P-04,Morning,1075,980
2026-03-04,Plant C,M-05,P-02,Evening,1044,898
2026-03-04,Plant C,M-05,P-03,Night,1027,874
2026-03-05,Plant A,M-01,P-04,Morning,842,755
2026-03-05,Plant A,M-01,P-01,Evening,893,751
2026-03-05,Plant A,M-01,P-03,Night,789,589
2026-03-05,Plant A,M-02,P-02,Morning,938,849
2026-03-05,Plant A,M-02,P-04,Evening,1100,981
2026-03-05,Plant A,M-02,P-02,Night,807,667
2026-03-05,Plant A,M-03,P-03,Morning,767,791
2026-03-05,Plant A,M-03,P-01,Evening,1029,919
2026-03-05,Plant A,M-03,P-04,Night,1019,773
2026-03-05,Plant A,M-04,P-05,Morning,1197,1178
2026-03-05,Plant A,M-04,P-01,Evening,1033,975
2026-03-05,Plant A,M-04,P-03,Night,1172,1002
2026-03-05,Plant A,M-05,P-04,Morning,1065,975
2026-03-05,Plant A,M-05,P-05,Evening,795,640
2026-03-05,Plant A,M-05,P-01,Night,761,653
2026-03-05,Plant B,M-01,P-02,Morning,1156,1114
2026-03-05,Plant B,M-01,P-06,Evening,1085,914
2026-03-05,Plant B,M-01,P-03,Night,873,764
2026-03-05,Plant B,M-02,P-01,Morning,1035,1005
2026-03-05,Plant B,M-02,P-06,Evening,911,911
2026-03-05,Plant B,M-02,P-05,Night,1152,910
2026-03-05,Plant B,M-03,P-03,Morning,892,759
2026-03-05,Plant B,M-03,P-04,Evening,761,663
2026-03-05,Plant B,M-03,P-04,Night,805,648
2026-03-05,Plant B,M-04,P-04,Morning,1102,963
2026-03-05,Plant B,M-04,P-01,Evening,1169,934
2026-03-05,Plant B,M-04,P-06,Night,1101,769
2026-03-05,Plant B,M-05,P-01,Morning,1140,1117
2026-03-05,Plant B,M-05,P-06,Evening,925,732
2026-03-05,Plant B,M-05,P-02,Night,1112,939
2026-03-05,Plant C,M-01,P-02,Morning,1091,935
2026-03-05,Plant C,M-01,P-04,Evening,1106,1001
2026-03-05,Plant C,M-01,P-04,Night,772,560
2026-03-05,Plant C,M-02,P-01,Morning,776,753
2026-03-05,Plant C,M-02,P-05,Evening,1034,930
2026-03-05,Plant C,M-02,P-06,Night,1165,899
2026-03-05,Plant C,M-03,P-05,Morning,1083,1089
2026-03-05,Plant C,M-03,P-04,Evening,1085,1010
2026-03-05,Plant C,M-03,P-03,Night,1102,966
2026-03-05,Plant C,M-04,P-03,Morning,791,735
2026-03-05,Plant C,M-04,P-04,Evening,1064,1025
2026-03-05,Plant C,M-04,P-01,Night,969,754
2026-03-05,Plant C,M-05,P-05,Morning,902,811
2026-03-05,Plant C,M-05,P-06,Evening,811,754
2026-03-05,Plant C,M-05,P-05,Night,871,733
2026-03-06,Plant A,M-01,P-02,Morning,781,666
2026-03-06,Plant A,M-01,P-02,Evening,969,889
2026-03-06,Plant A,M-01,P-04,Night,826,714
2026-03-06,Plant A,M-02,P-06,Morning,970,992
2026-03-06,Plant A,M-02,P-01,Evening,814,695
2026-03-06,Plant A,M-02,P-01,Night,869,718
2026-03-06,Plant A,M-03,P-01,Morning,973,886
2026-03-06,Plant A,M-03,P-05,Evening,854,775
2026-03-06,Plant A,M-03,P-05,Night,1066,920
2026-03-06,Plant A,M-04,P-03,Morning,1021,941
2026-03-06,Plant A,M-04,P-03,Evening,978,823
2026-03-06,Plant A,M-04,P-06,Night,920,752
2026-03-06,Plant A,M-05,P-02,Morning,1137,1045
2026-03-06,Plant A,M-05,P-06,Evening,968,825
2026-03-06,Plant A,M-05,P-01,Night,1125,848
2026-03-06,Plant B,M-01,P-02,Morning,1004,964
2026-03-06,Plant B,M-01,P-05,Evening,998,846
2026-03-06,Plant B,M-01,P-04,Night,1189,979
2026-03-06,Plant B,M-02,P-04,Morning,961,869
2026-03-06,Plant B,M-02,P-01,Evening,956,865
2026-03-06,Plant B,M-02,P-03,Night,786,615
2026-03-06,Plant B,M-03,P-02,Morning,845,714
2026-03-06,Plant B,M-03,P-06,Evening,843,755
2026-03-06,Plant B,M-03,P-05,Night,1114,871
2026-03-06,Plant B,M-04,P-01,Morning,1127,884
2026-03-06,Plant B,M-04,P-05,Evening,1193,952
2026-03-06,Plant B,M-04,P-04,Night,895,690
2026-03-06,Plant B,M-05,P-01,Morning,892,833
2026-03-06,Plant B,M-05,P-03,Evening,1071,897
2026-03-06,Plant B,M-05,P-03,Night,1098,863
2026-03-06,Plant C,M-01,P-02,Morning,831,777
2026-03-06,Plant C,M-01,P-01,Evening,968,843
2026-03-06,Plant C,M-01,P-06,Night,852,665
2026-03-06,Plant C,M-02,P-06,Morning,825,820
2026-03-06,Plant C,M-02,P-06,Evening,819,740
2026-03-06,Plant C,M-02,P-04,Night,1046,815
2026-03-06,Plant C,M-03,P-06,Morning,783,754
2026-03-06,Plant C,M-03,P-02,Evening,1150,1109
2026-03-06,Plant C,M-03,P-04,Night,993,877
2026-03-06,Plant C,M-04,P-01,Morning,879,809
2026-03-06,Plant C,M-04,P-06,Evening,873,843
2026-03-06,Plant C,M-04,P-01,Night,813,673
2026-03-06,Plant C,M-05,P-05,Morning,1063,905
2026-03-06,Plant C,M-05,P-06,Evening,990,940
2026-03-06,Plant C,M-05,P-03,Night,985,866
2026-03-07,Plant A,M-01,P-06,Morning,961,903
2026-03-07,Plant A,M-01,P-04,Evening,1111,951
2026-03-07,Plant A,M-01,P-05,Night,845,750
2026-03-07,Plant A,M-02,P-01,Morning,947,827
2026-03-07,Plant A,M-02,P-01,Evening,1145,1027
2026-03-07,Plant A,M-02,P-06,Night,1001,871
2026-03-07,Plant A,M-03,P-05,Morning,1068,995
2026-03-07,Plant A,M-03,P-03,Evening,1033,959
2026-03-07,Plant A,M-03,P-01,Night,1009,866
2026-03-07,Plant A,M-04,P-06,Morning,1036,955
2026-03-07,Plant A,M-04,P-04,Evening,937,765
2026-03-07,Plant A,M-04,P-06,Night,1169,985
2026-03-07,Plant A,M-05,P-04,Morning,767,732
2026-03-07,Plant A,M-05,P-04,Evening,1100,962
2026-03-07,Plant A,M-05,P-04,Night,768,600
2026-03-07,Plant B,M-01,P-05,Morning,1020,949
2026-03-07,Plant B,M-01,P-01,Evening,821,701
2026-03-07,Plant B,M-01,P-06,Night,801,605
2026-03-07,Plant B,M-02,P-03,Morning,844,834
2026-03-07,Plant B,M-02,P-05,Evening,790,664
2026-03-07,Plant B,M-02,P-03,Night,878,633
2026-03-07,Plant B,M-03,P-01,Morning,1126,1145
2026-03-07,Plant B,M-03,P-06,Evening,1160,960
2026-03-07,Plant B,M-03,P-04,Night,823,671
2026-03-07,Plant B,M-04,P-01,Morning,1095,1003
2026-03-07,Plant B,M-04,P-02,Evening,778,649
2026-03-07,Plant B,M-04,P-01,Night,1127,641
2026-03-07,Plant B,M-05,P-06,Morning,1169,1122
2026-03-07,Plant B,M-05,P-05,Evening,1137,1067
2026-03-07,Plant B,M-05,P-05,Night,1062,864
2026-03-07,Plant C,M-01,P-05,Morning,969,1039
2026-03-07,Plant C,M-01,P-05,Evening,1088,937
2026-03-07,Plant C,M-01,P-03,Night,1180,1012
2026-03-07,Plant C,M-02,P-05,Morning,957,917
2026-03-07,Plant C,M-02,P-06,Evening,773,696
2026-03-07,Plant C,M-02,P-05,Night,839,626
2026-03-07,Plant C,M-03,P-05,Morning,1045,934
2026-03-07,Plant C,M-03,P-04,Evening,848,786
2026-03-07,Plant C,M-03,P-04,Night,849,710
2026-03-07,Plant C,M-04,P-05,Morning,1174,1155
2026-03-07,Plant C,M-04,P-05,Evening,974,823
2026-03-07,Plant C,M-04,P-04,Night,921,801
2026-03-07,Plant C,M-05,P-02,Morning,752,792
2026-03-07,Plant C,M-05,P-01,Evening,831,686
2026-03-07,Plant C,M-05,P-06,Night,806,685
2026-03-08,Plant A,M-01,P-06,Morning,1131,1031
2026-03-08,Plant A,M-01,P-06,Evening,908,823
2026-03-08,Plant A,M-01,P-02,Night,987,738
2026-03-08,Plant A,M-02,P-04,Morning,971,874
2026-03-08,Plant A,M-02,P-05,Evening,878,717
2026-03-08,Plant A,M-02,P-06,Night,1139,908
2026-03-08,Plant A,M-03,P-01,Morning,1002,918
2026-03-08,Plant A,M-03,P-04,Evening,860,754
2026-03-08,Plant A,M-03,P-06,Night,815,681
2026-03-08,Plant A,M-04,P-02,Morning,893,823
2026-03-08,Plant A,M-04,P-06,Evening,824,697
2026-03-08,Plant A,M-04,P-06,Night,1148,971
2026-03-08,Plant A,M-05,P-01,Morning,831,730
2026-03-08,Plant A,M-05,P-05,Evening,1048,995
2026-03-08,Plant A,M-05,P-03,Night,1082,852
2026-03-08,Plant B,M-01,P-01,Morning,814,769
2026-03-08,Plant B,M-01,P-04,Evening,999,952
2026-03-08,Plant B,M-01,P-06,Night,1178,985
2026-03-08,Plant B,M-02,P-03,Morning,870,822
2026-03-08,Plant B,M-02,P-06,Evening,922,886
2026-03-08,Plant B,M-02,P-01,Night,1061,920
2026-03-08,Plant B,M-03,P-06,Morning,1120,1004
2026-03-08,Plant B,M-03,P-03,Evening,901,827
2026-03-08,Plant B,M-03,P-02,Night,784,602
2026-03-08,Plant B,M-04,P-06,Morning,807,618
2026-03-08,Plant B,M-04,P-04,Evening,977,722
2026-03-08,Plant B,M-04,P-05,Night,1053,838
2026-03-08,Plant B,M-05,P-05,Morning,1087,1116
2026-03-08,Plant B,M-05,P-05,Evening,1041,919
2026-03-08,Plant B,M-05,P-04,Night,864,699
2026-03-08,Plant C,M-01,P-04,Morning,1183,1078
2026-03-08,Plant C,M-01,P-02,Evening,1106,1079
2026-03-08,Plant C,M-01,P-01,Night,1156,911
2026-03-08,Plant C,M-02,P-04,Morning,1195,1130
2026-03-08,Plant C,M-02,P-04,Evening,818,790
2026-03-08,Plant C,M-02,P-03,Night,923,721
2026-03-08,Plant C,M-03,P-06,Morning,781,678
2026-03-08,Plant C,M-03,P-06,Evening,1041,925
2026-03-08,Plant C,M-03,P-01,Night,1137,921
2026-03-08,Plant C,M-04,P-03,Morning,1063,1012
2026-03-08,Plant C,M-04,P-04,Evening,1065,1034
2026-03-08,Plant C,M-04,P-04,Night,1130,931
2026-03-08,Plant C,M-05,P-04,Morning,971,934
2026-03-08,Plant C,M-05,P-01,Evening,1174,1028
2026-03-08,Plant C,M-05,P-05,Night,1009,808
2026-03-09,Plant A,M-01,P-04,Morning,941,835
2026-03-09,Plant A,M-01,P-02,Evening,796,765
2026-03-09,Plant A,M-01,P-01,Night,1153,950
2026-03-09,Plant A,M-02,P-05,Morning,1130,1073
2026-03-09,Plant A,M-02,P-04,Evening,782,590
2026-03-09,Plant A,M-02,P-06,Night,965,766
2026-03-09,Plant A,M-03,P-04,Morning,1169,1066
2026-03-09,Plant A,M-03,P-01,Evening,864,766
2026-03-09,Plant A,M-03,P-05,Night,804,584
2026-03-09,Plant A,M-04,P-04,Morning,1045,943
2026-03-09,Plant A,M-04,P-05,Evening,1018,926
2026-03-09,Plant A,M-04,P-01,Night,1156,970
2026-03-09,Plant A,M-05,P-04,Morning,1028,918
2026-03-09,Plant A,M-05,P-06,Evening,1134,1083
2026-03-09,Plant A,M-05,P-04,Night,911,784
2026-03-09,Plant B,M-01,P-01,Morning,796,775
2026-03-09,Plant B,M-01,P-06,Evening,815,644
2026-03-09,Plant B,M-01,P-05,Night,951,781
2026-03-09,Plant B,M-02,P-02,Morning,767,586
2026-03-09,Plant B,M-02,P-04,Evening,1088,980
2026-03-09,Plant B,M-02,P-05,Night,916,791
2026-03-09,Plant B,M-03,P-04,Morning,821,776
2026-03-09,Plant B,M-03,P-02,Evening,1003,919
2026-03-09,Plant B,M-03,P-05,Night,1006,847
2026-03-09,Plant B,M-04,P-05,Morning,849,634
2026-03-09,Plant B,M-04,P-03,Evening,1177,977
2026-03-09,Plant B,M-04,P-05,Night,925,588
2026-03-09,Plant B,M-05,P-04,Morning,895,811
2026-03-09,Plant B,M-05,P-03,Evening,997,962
2026-03-09,Plant B,M-05,P-05,Night,780,597
2026-03-09,Plant C,M-01,P-05,Morning,1131,1147
2026-03-09,Plant C,M-01,P-02,Evening,955,867
2026-03-09,Plant C,M-01,P-06,Night,950,790
2026-03-09,Plant C,M-02,P-05,Morning,1183,1097
2026-03-09,Plant C,M-02,P-01,Evening,954,873
2026-03-09,Plant C,M-02,P-02,Night,1091,826
2026-03-09,Plant C,M-03,P-04,Morning,1182,1046
2026-03-09,Plant C,M-03,P-03,Evening,855,705
2026-03-09,Plant C,M-03,P-06,Night,916,721
2026-03-09,Plant C,M-04,P-01,Morning,1060,1035
2026-03-09,Plant C,M-04,P-03,Evening,1165,1083
2026-03-09,Plant C,M-04,P-03,Night,1067,868
2026-03-09,Plant C,M-05,P-04,Morning,850,735
2026-03-09,Plant C,M-05,P-01,Evening,1154,1036
2026-03-09,Plant C,M-05,P-01,Night,1043,827
2026-03-10,Plant A,M-01,P-04,Morning,974,927
2026-03-10,Plant A,M-01,P-02,Evening,1196,1123
2026-03-10,Plant A,M-01,P-06,Night,768,572
2026-03-10,Plant A,M-02,P-01,Morning,1191,1117
2026-03-10,Plant A,M-02,P-06,Evening,906,867
2026-03-10,Plant A,M-02,P-04,Night,1135,849
2026-03-10,Plant A,M-03,P-03,Morning,1078,1037
2026-03-10,Plant A,M-03,P-06,Evening,1084,951
2026-03-10,Plant A,M-03,P-01,Night,1003,869
2026-03-10,Plant A,M-04,P-02,Morning,797,734
2026-03-10,Plant A,M-04,P-05,Evening,1194,1010
2026-03-10,Plant A,M-04,P-03,Night,1072,896
2026-03-10,Plant A,M-05,P-04,Morning,957,883
2026-03-10,Plant A,M-05,P-02,Evening,1077,1044
2026-03-10,Plant A,M-05,P-01,Night,913,733
2026-03-10,Plant B,M-01,P-03,Morning,1107,1053
2026-03-10,Plant B,M-01,P-02,Evening,860,775
2026-03-10,Plant B,M-01,P-02,Night,1043,847
2026-03-10,Plant B,M-02,P-05,Morning,934,938
2026-03-10,Plant B,M-02,P-06,Evening,1039,957
2026-03-10,Plant B,M-02,P-03,Night,762,615
2026-03-10,Plant B,M-03,P-01,Morning,890,851
2026-03-10,Plant B,M-03,P-01,Evening,1133,991
2026-03-10,Plant B,M-03,P-05,Night,1047,815
2026-03-10,Plant B,M-04,P-02,Morning,791,608
2026-03-10,Plant B,M-04,P-04,Evening,773,419
2026-03-10,Plant B,M-04,P-06,Night,877,540
2026-03-10,Plant B,M-05,P-01,Morning,1174,1059
2026-03-10,Plant B,M-05,P-04,Evening,774,679
2026-03-10,Plant B,M-05,P-03,Night,1188,1034
2026-03-10,Plant C,M-01,P-01,Morning,750,727
2026-03-10,Plant C,M-01,P-05,Evening,801,696
2026-03-10,Plant C,M-01,P-01,Night,930,718
2026-03-10,Plant C,M-02,P-04,Morning,947,960
2026-03-10,Plant C,M-02,P-01,Evening,1057,917
2026-03-10,Plant C,M-02,P-01,Night,945,785
2026-03-10,Plant C,M-03,P-01,Morning,807,695
2026-03-10,Plant C,M-03,P-04,Evening,1165,1048
2026-03-10,Plant C,M-03,P-03,Night,889,652
2026-03-10,Plant C,M-04,P-03,Morning,1159,1078
2026-03-10,Plant C,M-04,P-05,Evening,1026,890
2026-03-10,Plant C,M-04,P-06,Night,1068,845
2026-03-10,Plant C,M-05,P-05,Morning,824,768
2026-03-10,Plant C,M-05,P-04,Evening,985,883
2026-03-10,Plant C,M-05,P-05,Night,1091,897
2026-03-11,Plant A,M-01,P-01,Morning,1090,1011
2026-03-11,Plant A,M-01,P-02,Evening,1147,1047
2026-03-11,Plant A,M-01,P-06,Night,1166,991
2026-03-11,Plant A,M-02,P-03,Morning,901,790
2026-03-11,Plant A,M-02,P-01,Evening,824,705
2026-03-11,Plant A,M-02,P-03,Night,1033,814
2026-03-11,Plant A,M-03,P-01,Morning,962,986
2026-03-11,Plant A,M-03,P-01,Evening,949,796
2026-03-11,Plant A,M-03,P-01,Night,1196,966
2026-03-11,Plant A,M-04,P-03,Morning,1059,944
2026-03-11,Plant A,M-04,P-05,Evening,859,809
2026-03-11,Plant A,M-04,P-03,Night,919,757
2026-03-11,Plant A,M-05,P-01,Morning,942,855
2026-03-11,Plant A,M-05,P-02,Evening,912,761
2026-03-11,Plant A,M-05,P-01,Night,789,567
2026-03-11,Plant B,M-01,P-02,Morning,994,922
2026-03-11,Plant B,M-01,P-01,Evening,964,821
2026-03-11,Plant B,M-01,P-01,Night,1034,859
2026-03-11,Plant B,M-02,P-03,Morning,1188,1172
2026-03-11,Plant B,M-02,P-05,Evening,1177,1054
2026-03-11,Plant B,M-02,P-05,Night,902,684
2026-03-11,Plant B,M-03,P-02,Morning,1079,1005
2026-03-11,Plant B,M-03,P-04,Evening,916,865
2026-03-11,Plant B,M-03,P-05,Night,955,823
2026-03-11,Plant B,M-04,P-03,Morning,1159,852
2026-03-11,Plant B,M-04,P-06,Evening,1176,908
2026-03-11,Plant B,M-04,P-04,Night,970,615
2026-03-11,Plant B,M-05,P-01,Morning,1171,1046
2026-03-11,Plant B,M-05,P-05,Evening,877,783
2026-03-11,Plant B,M-05,P-05,Night,841,695
2026-03-11,Plant C,M-01,P-05,Morning,1170,1114
2026-03-11,Plant C,M-01,P-03,Evening,1021,915
2026-03-11,Plant C,M-01,P-03,Night,995,891
2026-03-11,Plant C,M-02,P-03,Morning,860,737
2026-03-11,Plant C,M-02,P-05,Evening,1132,975
2026-03-11,Plant C,M-02,P-04,Night,774,568
2026-03-11,Plant C,M-03,P-04,Morning,945,885
2026-03-11,Plant C,M-03,P-03,Evening,810,766
2026-03-11,Plant C,M-03,P-06,Night,1128,946
2026-03-11,Plant C,M-04,P-03,Morning,954,920
2026-03-11,Plant C,M-04,P-05,Evening,1156,1074
2026-03-11,Plant C,M-04,P-03,Night,941,701
2026-03-11,Plant C,M-05,P-03,Morning,975,875
2026-03-11,Plant C,M-05,P-03,Evening,930,815
2026-03-11,Plant C,M-05,P-03,Night,882,756
2026-03-12,Plant A,M-01,P-05,Morning,868,827
2026-03-12,Plant A,M-01,P-05,Evening,1063,862
2026-03-12,Plant A,M-01,P-06,Night,1092,928
2026-03-12,Plant A,M-02,P-06,Morning,1163,1063
2026-03-12,Plant A,M-02,P-04,Evening,1062,934
2026-03-12,Plant A,M-02,P-02,Night,1161,1032
2026-03-12,Plant A,M-03,P-04,Morning,985,921
2026-03-12,Plant A,M-03,P-06,Evening,816,732
2026-03-12,Plant A,M-03,P-02,Night,906,697
2026-03-12,Plant A,M-04,P-01,Morning,873,802
2026-03-12,Plant A,M-04,P-04,Evening,781,694
2026-03-12,Plant A,M-04,P-04,Night,959,781
2026-03-12,Plant A,M-05,P-02,Morning,872,835
2026-03-12,Plant A,M-05,P-05,Evening,823,679
2026-03-12,Plant A,M-05,P-06,Night,1137,937
2026-03-12,Plant B,M-01,P-03,Morning,1183,1142
2026-03-12,Plant B,M-01,P-03,Evening,798,683
2026-03-12,Plant B,M-01,P-05,Night,1173,1042
2026-03-12,Plant B,M-02,P-03,Morning,1108,982
2026-03-12,Plant B,M-02,P-03,Evening,927,885
2026-03-12,Plant B,M-02,P-01,Night,1102,902
2026-03-12,Plant B,M-03,P-01,Morning,930,890
2026-03-12,Plant B,M-03,P-02,Evening,1143,989
2026-03-12,Plant B,M-03,P-05,Night,897,768
2026-03-12,Plant B,M-04,P-02,Morning,1026,800
2026-03-12,Plant B,M-04,P-04,Evening,1127,773
2026-03-12,Plant B,M-04,P-05,Night,798,394
2026-03-12,Plant B,M-05,P-05,Morning,1041,989
2026-03-12,Plant B,M-05,P-03,Evening,762,572
2026-03-12,Plant B,M-05,P-06,Night,911,763
2026-03-12,Plant C,M-01,P-03,Morning,869,816
2026-03-12,Plant C,M-01,P-04,Evening,961,860
2026-03-12,Plant C,M-01,P-04,Night,791,644
2026-03-12,Plant C,M-02,P-02,Morning,1065,1024
2026-03-12,Plant C,M-02,P-04,Evening,1069,998
2026-03-12,Plant C,M-02,P-05,Night,912,800
2026-03-12,Plant C,M-03,P-05,Morning,1029,938
2026-03-12,Plant C,M-03,P-03,Evening,967,917
2026-03-12,Plant C,M-03,P-01,Night,1014,813
2026-03-12,Plant C,M-04,P-01,Morning,959,924
2026-03-12,Plant C,M-04,P-05,Evening,1114,969
2026-03-12,Plant C,M-04,P-06,Night,1058,796
2026-03-12,Plant C,M-05,P-04,Morning,1191,1049
2026-03-12,Plant C,M-05,P-01,Evening,911,809
2026-03-12,Plant C,M-05,P-05,Night,989,734
2026-03-13,Plant A,M-01,P-03,Morning,1105,1029
2026-03-13,Plant A,M-01,P-05,Evening,1018,1000
2026-03-13,Plant A,M-01,P-01,Night,1149,1034
2026-03-13,Plant A,M-02,P-03,Morning,1009,974
2026-03-13,Plant A,M-02,P-02,Evening,1186,1147
2026-03-13,Plant A,M-02,P-04,Night,834,701
2026-03-13,Plant A,M-03,P-05,Morning,800,638
2026-03-13,Plant A,M-03,P-02,Evening,892,835
2026-03-13,Plant A,M-03,P-05,Night,1050,895
2026-03-13,Plant A,M-04,P-03,Morning,840,757
2026-03-13,Plant A,M-04,P-04,Evening,894,785
2026-03-13,Plant A,M-04,P-03,Night,1061,882
2026-03-13,Plant A,M-05,P-04,Morning,934,845
2026-03-13,Plant A,M-05,P-03,Evening,850,737
2026-03-13,Plant A,M-05,P-05,Night,826,650
2026-03-13,Plant B,M-01,P-05,Morning,1154,1171
2026-03-13,Plant B,M-01,P-02,Evening,866,847
2026-03-13,Plant B,M-01,P-05,Night,1137,996
2026-03-13,Plant B,M-02,P-04,Morning,1042,1001
2026-03-13,Plant B,M-02,P-06,Evening,833,763
2026-03-13,Plant B,M-02,P-04,Night,1058,882
2026-03-13,Plant B,M-03,P-04,Morning,1160,1128
2026-03-13,Plant B,M-03,P-03,Evening,967,785
2026-03-13,Plant B,M-03,P-03,Night,778,597
2026-03-13,Plant B,M-04,P-04,Morning,761,572
2026-03-13,Plant B,M-04,P-01,Evening,830,731
2026-03-13,Plant B,M-04,P-01,Night,798,537
2026-03-13,Plant B,M-05,P-02,Morning,1182,1129
2026-03-13,Plant B,M-05,P-05,Evening,795,671
2026-03-13,Plant B,M-05,P-06,Night,964,722
2026-03-13,Plant C,M-01,P-01,Morning,882,817
2026-03-13,Plant C,M-01,P-02,Evening,1023,904
2026-03-13,Plant C,M-01,P-01,Night,853,728
2026-03-13,Plant C,M-02,P-04,Morning,792,723
2026-03-13,Plant C,M-02,P-01,Evening,1044,924
2026-03-13,Plant C,M-02,P-06,Night,1186,985
2026-03-13,Plant C,M-03,P-06,Morning,1070,968
2026-03-13,Plant C,M-03,P-06,Evening,759,663
2026-03-13,Plant C,M-03,P-06,Night,752,608
2026-03-13,Plant C,M-04,P-03,Morning,903,840
2026-03-13,Plant C,M-04,P-02,Evening,827,763
2026-03-13,Plant C,M-04,P-03,Night,1008,799
2026-03-13,Plant C,M-05,P-01,Morning,1069,1057
2026-03-13,Plant C,M-05,P-04,Evening,1142,1032
2026-03-13,Plant C,M-05,P-03,Night,1033,806
2026-03-14,Plant A,M-01,P-01,Morning,994,907
2026-03-14,Plant A,M-01,P-02,Evening,970,854
2026-03-14,Plant A,M-01,P-01,Night,969,775
2026-03-14,Plant A,M-02,P-03,Morning,755,754
2026-03-14,Plant A,M-02,P-01,Evening,953,856
2026-03-14,Plant A,M-02,P-02,Night,1059,945
2026-03-14,Plant A,M-03,P-02,Morning,990,931
2026-03-14,Plant A,M-03,P-06,Evening,1015,832
2026-03-14,Plant A,M-03,P-03,Night,789,600
2026-03-14,Plant A,M-04,P-06,Morning,853,796
2026-03-14,Plant A,M-04,P-06,Evening,911,822
2026-03-14,Plant A,M-04,P-06,Night,829,743
2026-03-14,Plant A,M-05,P-05,Morning,880,726
2026-03-14,Plant A,M-05,P-02,Evening,1146,1059
2026-03-14,Plant A,M-05,P-02,Night,836,685
2026-03-14,Plant B,M-01,P-02,Morning,842,732
2026-03-14,Plant B,M-01,P-01,Evening,1119,968
2026-03-14,Plant B,M-01,P-05,Night,1107,980
2026-03-14,Plant B,M-02,P-05,Morning,1053,974
2026-03-14,Plant B,M-02,P-01,Evening,1114,1000
2026-03-14,Plant B,M-02,P-06,Night,932,777
2026-03-14,Plant B,M-03,P-04,Morning,868,769
2026-03-14,Plant B,M-03,P-04,Evening,860,731
2026-03-14,Plant B,M-03,P-04,Night,1121,904
2026-03-14,Plant B,M-04,P-02,Morning,851,678
2026-03-14,Plant B,M-04,P-06,Evening,1196,874
2026-03-14,Plant B,M-04,P-01,Night,1036,721
2026-03-14,Plant B,M-05,P-04,Morning,982,941
2026-03-14,Plant B,M-05,P-01,Evening,1068,899
2026-03-14,Plant B,M-05,P-03,Night,809,595
2026-03-14,Plant C,M-01,P-02,Morning,1005,974
2026-03-14,Plant C,M-01,P-02,Evening,1131,1056
2026-03-14,Plant C,M-01,P-06,Night,1199,1032
2026-03-14,Plant C,M-02,P-01,Morning,1000,859
2026-03-14,Plant C,M-02,P-06,Evening,828,706
2026-03-14,Plant C,M-02,P-01,Night,1052,852
2026-03-14,Plant C,M-03,P-06,Morning,915,815
2026-03-14,Plant C,M-03,P-06,Evening,835,714
2026-03-14,Plant C,M-03,P-04,Night,1098,951
2026-03-14,Plant C,M-04,P-03,Morning,1196,1054
2026-03-14,Plant C,M-04,P-04,Evening,1112,1083
2026-03-14,Plant C,M-04,P-01,Night,1016,867
2026-03-14,Plant C,M-05,P-03,Morning,790,756
2026-03-14,Plant C,M-05,P-06,Evening,1087,959
2026-03-14,Plant C,M-05,P-03,Night,864,710
2026-03-15,Plant A,M-01,P-03,Morning,988,901
2026-03-15,Plant A,M-01,P-06,Evening,840,717
2026-03-15,Plant A,M-01,P-04,Night,1186,943
2026-03-15,Plant A,M-02,P-05,Morning,874,861
2026-03-15,Plant A,M-02,P-02,Evening,1098,1036
2026-03-15,Plant A,M-02,P-03,Night,1184,927
2026-03-15,Plant A,M-03,P-06,Morning,938,845
2026-03-15,Plant A,M-03,P-03,Evening,996,829
2026-03-15,Plant A,M-03,P-06,Night,954,809
2026-03-15,Plant A,M-04,P-05,Morning,969,927
2026-03-15,Plant A,M-04,P-03,Evening,876,730
2026-03-15,Plant A,M-04,P-03,Night,831,652
2026-03-15,Plant A,M-05,P-06,Morning,894,832
2026-03-15,Plant A,M-05,P-05,Evening,1141,981
2026-03-15,Plant A,M-05,P-02,Night,932,780
2026-03-15,Plant B,M-01,P-06,Morning,831,834
2026-03-15,Plant B,M-01,P-05,Evening,851,757
2026-03-15,Plant B,M-01,P-03,Night,1021,819
2026-03-15,Plant B,M-02,P-05,Morning,940,925
2026-03-15,Plant B,M-02,P-01,Evening,981,889
2026-03-15,Plant B,M-02,P-01,Night,1074,886
2026-03-15,Plant B,M-03,P-02,Morning,923,841
2026-03-15,Plant B,M-03,P-01,Evening,1026,977
2026-03-15,Plant B,M-03,P-02,Night,952,739
2026-03-15,Plant B,M-04,P-06,Morning,1034,893
2026-03-15,Plant B,M-04,P-06,Evening,1003,719
2026-03-15,Plant B,M-04,P-06,Night,966,704
2026-03-15,Plant B,M-05,P-02,Morning,1028,977
2026-03-15,Plant B,M-05,P-04,Evening,1009,884
2026-03-15,Plant B,M-05,P-03,Night,844,702
2026-03-15,Plant C,M-01,P-04,Morning,1065,1025
2026-03-15,Plant C,M-01,P-04,Evening,1094,990
2026-03-15,Plant C,M-01,P-03,Night,926,735
2026-03-15,Plant C,M-02,P-03,Morning,918,872
2026-03-15,Plant C,M-02,P-03,Evening,924,777
2026-03-15,Plant C,M-02,P-04,Night,947,818
2026-03-15,Plant C,M-03,P-02,Morning,1080,961
2026-03-15,Plant C,M-03,P-06,Evening,948,786
2026-03-15,Plant C,M-03,P-01,Night,1108,937
2026-03-15,Plant C,M-04,P-06,Morning,1100,1112
2026-03-15,Plant C,M-04,P-06,Evening,924,778
2026-03-15,Plant C,M-04,P-04,Night,978,807
2026-03-15,Plant C,M-05,P-05,Morning,799,724
2026-03-15,Plant C,M-05,P-03,Evening,1141,1068
2026-03-15,Plant C,M-05,P-06,Night,923,812
2026-03-16,Plant A,M-01,P-04,Morning,1069,991
2026-03-16,Plant A,M-01,P-01,Evening,1127,1044
2026-03-16,Plant A,M-01,P-04,Night,1050,824
2026-03-16,Plant A,M-02,P-03,Morning,1181,1129
2026-03-16,Plant A,M-02,P-02,Evening,1157,1045
2026-03-16,Plant A,M-02,P-03,Night,841,652
2026-03-16,Plant A,M-03,P-03,Morning,878,802
2026-03-16,Plant A,M-03,P-06,Evening,1136,1046
2026-03-16,Plant A,M-03,P-04,Night,1147,938
2026-03-16,Plant A,M-04,P-03,Morning,862,823
2026-03-16,Plant A,M-04,P-06,Evening,884,744
2026-03-16,Plant A,M-04,P-05,Night,791,567
2026-03-16,Plant A,M-05,P-02,Morning,1140,1117
2026-03-16,Plant A,M-05,P-01,Evening,954,826
2026-03-16,Plant A,M-05,P-06,Night,994,836
2026-03-16,Plant B,M-01,P-05,Morning,991,854
2026-03-16,Plant B,M-01,P-06,Evening,852,766
2026-03-16,Plant B,M-01,P-02,Night,758,656
2026-03-16,Plant B,M-02,P-06,Morning,817,760
2026-03-16,Plant B,M-02,P-03,Evening,1063,1048
2026-03-16,Plant B,M-02,P-06,Night,900,765
2026-03-16,Plant B,M-03,P-03,Morning,1106,1088
2026-03-16,Plant B,M-03,P-02,Evening,871,792
2026-03-16,Plant B,M-03,P-03,Night,1183,1035
2026-03-16,Plant B,M-04,P-05,Morning,1046,717
2026-03-16,Plant B,M-04,P-01,Evening,966,701
2026-03-16,Plant B,M-04,P-02,Night,989,646
2026-03-16,Plant B,M-05,P-04,Morning,881,756
2026-03-16,Plant B,M-05,P-02,Evening,964,920
2026-03-16,Plant B,M-05,P-03,Night,1055,819
2026-03-16,Plant C,M-01,P-03,Morning,1112,1122
2026-03-16,Plant C,M-01,P-02,Evening,976,892
2026-03-16,Plant C,M-01,P-03,Night,1003,788
2026-03-16,Plant C,M-02,P-02,Morning,940,904
2026-03-16,Plant C,M-02,P-05,Evening,883,801
2026-03-16,Plant C,M-02,P-03,Night,1189,988
2026-03-16,Plant C,M-03,P-03,Morning,775,651
2026-03-16,Plant C,M-03,P-04,Evening,1096,1016
2026-03-16,Plant C,M-03,P-04,Night,954,734
2026-03-16,Plant C,M-04,P-01,Morning,771,746
2026-03-16,Plant C,M-04,P-03,Evening,1037,914
2026-03-16,Plant C,M-04,P-03,Night,874,645
2026-03-16,Plant C,M-05,P-05,Morning,765,680
2026-03-16,Plant C,M-05,P-05,Evening,1082,1096
2026-03-16,Plant C,M-05,P-04,Night,1151,951
2026-03-17,Plant A,M-01,P-04,Morning,911,807
2026-03-17,Plant A,M-01,P-02,Evening,758,711
2026-03-17,Plant A,M-01,P-04,Night,1095,923
2026-03-17,Plant A,M-02,P-06,Morning,1054,1033
2026-03-17,Plant A,M-02,P-05,Evening,1141,1058
2026-03-17,Plant A,M-02,P-05,Night,797,601
2026-03-17,Plant A,M-03,P-03,Morning,1031,964
2026-03-17,Plant A,M-03,P-03,Evening,1175,1020
2026-03-17,Plant A,M-03,P-04,Night,1091,948
2026-03-17,Plant A,M-04,P-02,Morning,833,703
2026-03-17,Plant A,M-04,P-06,Evening,822,772
2026-03-17,Plant A,M-04,P-05,Night,1139,869
2026-03-17,Plant A,M-05,P-06,Morning,1092,958
2026-03-17,Plant A,M-05,P-03,Evening,1110,914
2026-03-17,Plant A,M-05,P-03,Night,1008,861
2026-03-17,Plant B,M-01,P-03,Morning,1060,1035
2026-03-17,Plant B,M-01,P-03,Evening,1086,1018
2026-03-17,Plant B,M-01,P-06,Night,878,626
2026-03-17,Plant B,M-02,P-06,Morning,962,964
2026-03-17,Plant B,M-02,P-02,Evening,1168,1021
2026-03-17,Plant B,M-02,P-03,Night,925,721
2026-03-17,Plant B,M-03,P-02,Morning,1035,1010
2026-03-17,Plant B,M-03,P-05,Evening,1094,943
2026-03-17,Plant B,M-03,P-05,Night,1090,911
2026-03-17,Plant B,M-04,P-05,Morning,1150,919
2026-03-17,Plant B,M-04,P-06,Evening,965,753
2026-03-17,Plant B,M-04,P-05,Night,944,653
2026-03-17,Plant B,M-05,P-04,Morning,959,908
2026-03-17,Plant B,M-05,P-04,Evening,954,914
2026-03-17,Plant B,M-05,P-04,Night,1129,964
2026-03-17,Plant C,M-01,P-06,Morning,800,725
2026-03-17,Plant C,M-01,P-04,Evening,1084,1045
2026-03-17,Plant C,M-01,P-06,Night,792,598
2026-03-17,Plant C,M-02,P-04,Morning,784,678
2026-03-17,Plant C,M-02,P-06,Evening,973,796
2026-03-17,Plant C,M-02,P-04,Night,1132,1011
2026-03-17,Plant C,M-03,P-03,Morning,801,689
2026-03-17,Plant C,M-03,P-05,Evening,970,823
2026-03-17,Plant C,M-03,P-02,Night,1159,991
2026-03-17,Plant C,M-04,P-05,Morning,1133,1086
2026-03-17,Plant C,M-04,P-05,Evening,1158,1084
2026-03-17,Plant C,M-04,P-02,Night,1002,826
2026-03-17,Plant C,M-05,P-01,Morning,1192,1098
2026-03-17,Plant C,M-05,P-02,Evening,1136,1072
2026-03-17,Plant C,M-05,P-02,Night,809,676
2026-03-18,Plant A,M-01,P-05,Morning,1095,1064
2026-03-18,Plant A,M-01,P-01,Evening,1022,943
2026-03-18,Plant A,M-01,P-01,Night,915,705
2026-03-18,Plant A,M-02,P-02,Morning,1014,949
2026-03-18,Plant A,M-02,P-04,Evening,1063,878
2026-03-18,Plant A,M-02,P-06,Night,891,651
2026-03-18,Plant A,M-03,P-02,Morning,1111,1059
2026-03-18,Plant A,M-03,P-01,Evening,988,943
2026-03-18,Plant A,M-03,P-03,Night,1070,883
2026-03-18,Plant A,M-04,P-05,Morning,1050,976
2026-03-18,Plant A,M-04,P-01,Evening,993,910
2026-03-18,Plant A,M-04,P-06,Night,780,695
2026-03-18,Plant A,M-05,P-02,Morning,860,852
2026-03-18,Plant A,M-05,P-03,Evening,993,895
2026-03-18,Plant A,M-05,P-02,Night,1126,846
2026-03-18,Plant B,M-01,P-04,Morning,884,824
2026-03-18,Plant B,M-01,P-05,Evening,897,798
2026-03-18,Plant B,M-01,P-05,Night,910,794
2026-03-18,Plant B,M-02,P-05,Morning,1082,1047
2026-03-18,Plant B,M-02,P-03,Evening,1182,1091
2026-03-18,Plant B,M-02,P-02,Night,1194,1018
2026-03-18,Plant B,M-03,P-06,Morning,939,874
2026-03-18,Plant B,M-03,P-06,Evening,791,713
2026-03-18,Plant B,M-03,P-03,Night,791,668
2026-03-18,Plant B,M-04,P-03,Morning,916,749
2026-03-18,Plant B,M-04,P-03,Evening,776,420
2026-03-18,Plant B,M-04,P-04,Night,757,383
2026-03-18,Plant B,M-05,P-06,Morning,1006,908
2026-03-18,Plant B,M-05,P-01,Evening,1173,1013
2026-03-18,Plant B,M-05,P-06,Night,1101,871
2026-03-18,Plant C,M-01,P-06,Morning,954,855
2026-03-18,Plant C,M-01,P-03,Evening,1199,1058
2026-03-18,Plant C,M-01,P-06,Night,921,738
2026-03-18,Plant C,M-02,P-02,Morning,787,728
2026-03-18,Plant C,M-02,P-01,Evening,823,730
2026-03-18,Plant C,M-02,P-03,Night,799,663
2026-03-18,Plant C,M-03,P-03,Morning,1075,1009
2026-03-18,Plant C,M-03,P-01,Evening,838,773
2026-03-18,Plant C,M-03,P-03,Night,782,626
2026-03-18,Plant C,M-04,P-04,Morning,1133,1078
2026-03-18,Plant C,M-04,P-03,Evening,805,713
2026-03-18,Plant C,M-04,P-01,Night,955,686
2026-03-18,Plant C,M-05,P-02,Morning,966,838
2026-03-18,Plant C,M-05,P-05,Evening,1012,942
2026-03-18,Plant C,M-05,P-05,Night,782,634
2026-03-19,Plant A,M-01,P-03,Morning,998,948
2026-03-19,Plant A,M-01,P-04,Evening,1175,1113
2026-03-19,Plant A,M-01,P-01,Night,899,772
2026-03-19,Plant A,M-02,P-06,Morning,891,805
2026-03-19,Plant A,M-02,P-05,Evening,768,710
2026-03-19,Plant A,M-02,P-05,Night,1080,831
2026-03-19,Plant A,M-03,P-04,Morning,1042,964
2026-03-19,Plant A,M-03,P-02,Evening,942,790
2026-03-19,Plant A,M-03,P-04,Night,760,674
2026-03-19,Plant A,M-04,P-04,Morning,962,945
2026-03-19,Plant A,M-04,P-02,Evening,844,732
2026-03-19,Plant A,M-04,P-06,Night,1191,1032
2026-03-19,Plant A,M-05,P-03,Morning,822,753
2026-03-19,Plant A,M-05,P-04,Evening,779,693
2026-03-19,Plant A,M-05,P-01,Night,1098,929
2026-03-19,Plant B,M-01,P-05,Morning,787,677
2026-03-19,Plant B,M-01,P-04,Evening,1052,1009
2026-03-19,Plant B,M-01,P-02,Night,1163,935
2026-03-19,Plant B,M-02,P-02,Morning,816,743
2026-03-19,Plant B,M-02,P-01,Evening,843,729
2026-03-19,Plant B,M-02,P-05,Night,867,692
2026-03-19,Plant B,M-03,P-01,Morning,925,866
2026-03-19,Plant B,M-03,P-05,Evening,874,712
2026-03-19,Plant B,M-03,P-02,Night,1055,912
2026-03-19,Plant B,M-04,P-03,Morning,810,625
2026-03-19,Plant B,M-04,P-04,Evening,1173,1009
2026-03-19,Plant B,M-04,P-01,Night,914,550
2026-03-19,Plant B,M-05,P-04,Morning,1020,950
2026-03-19,Plant B,M-05,P-01,Evening,1173,1024
2026-03-19,Plant B,M-05,P-05,Night,1160,978
2026-03-19,Plant C,M-01,P-03,Morning,840,766
2026-03-19,Plant C,M-01,P-05,Evening,1145,991
2026-03-19,Plant C,M-01,P-06,Night,1172,923
2026-03-19,Plant C,M-02,P-03,Morning,1142,1025
2026-03-19,Plant C,M-02,P-05,Evening,1010,907
2026-03-19,Plant C,M-02,P-05,Night,969,784
2026-03-19,Plant C,M-03,P-06,Morning,765,721
2026-03-19,Plant C,M-03,P-05,Evening,1138,989
2026-03-19,Plant C,M-03,P-06,Night,827,661
2026-03-19,Plant C,M-04,P-01,Morning,991,971
2026-03-19,Plant C,M-04,P-05,Evening,820,723
2026-03-19,Plant C,M-04,P-04,Night,1157,971
2026-03-19,Plant C,M-05,P-05,Morning,782,601
2026-03-19,Plant C,M-05,P-05,Evening,1053,880
2026-03-19,Plant C,M-05,P-06,Night,762,664
2026-03-20,Plant A,M-01,P-04,Morning,839,817
2026-03-20,Plant A,M-01,P-02,Evening,1077,988
2026-03-20,Plant A,M-01,P-03,Night,924,785
2026-03-20,Plant A,M-02,P-04,Morning,854,704
2026-03-20,Plant A,M-02,P-03,Evening,1192,1096
2026-03-20,Plant A,M-02,P-05,Night,805,643
2026-03-20,Plant A,M-03,P-06,Morning,778,770
2026-03-20,Plant A,M-03,P-03,Evening,978,869
2026-03-20,Plant A,M-03,P-03,Night,917,747
2026-03-20,Plant A,M-04,P-06,Morning,1050,1015
2026-03-20,Plant A,M-04,P-05,Evening,1180,1049
2026-03-20,Plant A,M-04,P-03,Night,1001,825
2026-03-20,Plant A,M-05,P-04,Morning,957,855
2026-03-20,Plant A,M-05,P-06,Evening,891,750
2026-03-20,Plant A,M-05,P-05,Night,1042,892
2026-03-20,Plant B,M-01,P-03,Morning,1185,1154
2026-03-20,Plant B,M-01,P-06,Evening,1086,968
2026-03-20,Plant B,M-01,P-02,Night,1039,820
2026-03-20,Plant B,M-02,P-01,Morning,958,904
2026-03-20,Plant B,M-02,P-06,Evening,867,755
2026-03-20,Plant B,M-02,P-03,Night,791,576
2026-03-20,Plant B,M-03,P-03,Morning,1074,1032
2026-03-20,Plant B,M-03,P-02,Evening,1102,903
2026-03-20,Plant B,M-03,P-02,Night,793,624
2026-03-20,Plant B,M-04,P-06,Morning,1000,692
2026-03-20,Plant B,M-04,P-02,Evening,935,698
2026-03-20,Plant B,M-04,P-03,Night,1186,876
2026-03-20,Plant B,M-05,P-06,Morning,890,868
2026-03-20,Plant B,M-05,P-06,Evening,1189,1034
2026-03-20,Plant B,M-05,P-06,Night,1065,895
2026-03-20,Plant C,M-01,P-04,Morning,760,721
2026-03-20,Plant C,M-01,P-03,Evening,1073,960
2026-03-20,Plant C,M-01,P-04,Night,915,782
2026-03-20,Plant C,M-02,P-06,Morning,974,979
2026-03-20,Plant C,M-02,P-01,Evening,1062,1006
2026-03-20,Plant C,M-02,P-02,Night,1002,811
2026-03-20,Plant C,M-03,P-03,Morning,895,844
2026-03-20,Plant C,M-03,P-06,Evening,778,713
2026-03-20,Plant C,M-03,P-01,Night,924,777
2026-03-20,Plant C,M-04,P-06,Morning,947,855
2026-03-20,Plant C,M-04,P-04,Evening,895,759
2026-03-20,Plant C,M-04,P-05,Night,975,736
2026-03-20,Plant C,M-05,P-06,Morning,1189,1087
2026-03-20,Plant C,M-05,P-03,Evening,965,836
2026-03-20,Plant C,M-05,P-05,Night,921,807
2026-03-21,Plant A,M-01,P-04,Morning,964,928
2026-03-21,Plant A,M-01,P-05,Evening,1055,1040
2026-03-21,Plant A,M-01,P-02,Night,778,654
2026-03-21,Plant A,M-02,P-03,Morning,1075,1043
2026-03-21,Plant A,M-02,P-04,Evening,1166,1002
2026-03-21,Plant A,M-02,P-03,Night,1100,834
2026-03-21,Plant A,M-03,P-03,Morning,873,747
2026-03-21,Plant A,M-03,P-04,Evening,1020,933
2026-03-21,Plant A,M-03,P-02,Night,865,684
2026-03-21,Plant A,M-04,P-04,Morning,1161,1115
2026-03-21,Plant A,M-04,P-02,Evening,789,744
2026-03-21,Plant A,M-04,P-05,Night,998,763
2026-03-21,Plant A,M-05,P-03,Morning,907,836
2026-03-21,Plant A,M-05,P-06,Evening,1100,975
2026-03-21,Plant A,M-05,P-02,Night,1136,929
2026-03-21,Plant B,M-01,P-06,Morning,921,883
2026-03-21,Plant B,M-01,P-05,Evening,1010,893
2026-03-21,Plant B,M-01,P-04,Night,992,835
2026-03-21,Plant B,M-02,P-03,Morning,1070,943
2026-03-21,Plant B,M-02,P-03,Evening,1113,974
2026-03-21,Plant B,M-02,P-03,Night,860,747
2026-03-21,Plant B,M-03,P-01,Morning,799,760
2026-03-21,Plant B,M-03,P-02,Evening,1157,1032
2026-03-21,Plant B,M-03,P-03,Night,968,781
2026-03-21,Plant B,M-04,P-01,Morning,1038,910
2026-03-21,Plant B,M-04,P-02,Evening,826,646
2026-03-21,Plant B,M-04,P-05,Night,850,470
2026-03-21,Plant B,M-05,P-06,Morning,853,789
2026-03-21,Plant B,M-05,P-01,Evening,1005,890
2026-03-21,Plant B,M-05,P-04,Night,1095,950
2026-03-21,Plant C,M-01,P-02,Morning,904,754
2026-03-21,Plant C,M-01,P-04,Evening,1112,960
2026-03-21,Plant C,M-01,P-03,Night,1103,880
2026-03-21,Plant C,M-02,P-04,Morning,1069,944
2026-03-21,Plant C,M-02,P-02,Evening,935,864
2026-03-21,Plant C,M-02,P-03,Night,1098,948
2026-03-21,Plant C,M-03,P-04,Morning,960,847
2026-03-21,Plant C,M-03,P-05,Evening,920,882
2026-03-21,Plant C,M-03,P-03,Night,804,656
2026-03-21,Plant C,M-04,P-04,Morning,1159,1094
2026-03-21,Plant C,M-04,P-06,Evening,923,813
2026-03-21,Plant C,M-04,P-05,Night,764,592
2026-03-21,Plant C,M-05,P-05,Morning,797,794
2026-03-21,Plant C,M-05,P-06,Evening,848,725
2026-03-21,Plant C,M-05,P-05,Night,750,538
2026-03-22,Plant A,M-01,P-05,Morning,1018,982
2026-03-22,Plant A,M-01,P-04,Evening,1152,1042
2026-03-22,Plant A,M-01,P-03,Night,796,601
2026-03-22,Plant A,M-02,P-04,Morning,1073,1025
2026-03-22,Plant A,M-02,P-05,Evening,1187,1080
2026-03-22,Plant A,M-02,P-02,Night,1105,879
2026-03-22,Plant A,M-03,P-05,Morning,1160,1018
2026-03-22,Plant A,M-03,P-01,Evening,1057,966
2026-03-22,Plant A,M-03,P-06,Night,821,654
2026-03-22,Plant A,M-04,P-02,Morning,1116,1045
2026-03-22,Plant A,M-04,P-04,Evening,910,838
2026-03-22,Plant A,M-04,P-01,Night,966,804
2026-03-22,Plant A,M-05,P-02,Morning,840,720
2026-03-22,Plant A,M-05,P-03,Evening,1079,894
2026-03-22,Plant A,M-05,P-03,Night,1158,866
2026-03-22,Plant B,M-01,P-04,Morning,891,896
2026-03-22,Plant B,M-01,P-04,Evening,979,902
2026-03-22,Plant B,M-01,P-02,Night,818,696
2026-03-22,Plant B,M-02,P-05,Morning,935,840
2026-03-22,Plant B,M-02,P-04,Evening,798,676
2026-03-22,Plant B,M-02,P-02,Night,968,820
2026-03-22,Plant B,M-03,P-05,Morning,851,716
2026-03-22,Plant B,M-03,P-01,Evening,916,864
2026-03-22,Plant B,M-03,P-05,Night,776,611
2026-03-22,Plant B,M-04,P-06,Morning,967,806
2026-03-22,Plant B,M-04,P-02,Evening,1074,804
2026-03-22,Plant B,M-04,P-05,Night,884,631
2026-03-22,Plant B,M-05,P-01,Morning,956,909
2026-03-22,Plant B,M-05,P-04,Evening,832,786
2026-03-22,Plant B,M-05,P-06,Night,897,712
2026-03-22,Plant C,M-01,P-02,Morning,1152,1110
2026-03-22,Plant C,M-01,P-04,Evening,1087,1010
2026-03-22,Plant C,M-01,P-04,Night,836,559
2026-03-22,Plant C,M-02,P-02,Morning,1036,952
2026-03-22,Plant C,M-02,P-04,Evening,1123,923
2026-03-22,Plant C,M-02,P-03,Night,899,744
2026-03-22,Plant C,M-03,P-05,Morning,873,886
2026-03-22,Plant C,M-03,P-04,Evening,879,803
2026-03-22,Plant C,M-03,P-05,Night,755,621
2026-03-22,Plant C,M-04,P-01,Morning,831,858
2026-03-22,Plant C,M-04,P-04,Evening,1063,1014
2026-03-22,Plant C,M-04,P-03,Night,1195,944
2026-03-22,Plant C,M-05,P-01,Morning,976,939
2026-03-22,Plant C,M-05,P-05,Evening,865,791
2026-03-22,Plant C,M-05,P-06,Night,961,715
2026-03-23,Plant A,M-01,P-03,Morning,1196,1156
2026-03-23,Plant A,M-01,P-05,Evening,923,809
2026-03-23,Plant A,M-01,P-03,Night,804,645
2026-03-23,Plant A,M-02,P-05,Morning,1123,1065
2026-03-23,Plant A,M-02,P-04,Evening,1120,991
2026-03-23,Plant A,M-02,P-06,Night,1101,931
2026-03-23,Plant A,M-03,P-05,Morning,1022,998
2026-03-23,Plant A,M-03,P-01,Evening,886,769
2026-03-23,Plant A,M-03,P-01,Night,923,654
2026-03-23,Plant A,M-04,P-01,Morning,987,922
2026-03-23,Plant A,M-04,P-01,Evening,823,771
2026-03-23,Plant A,M-04,P-05,Night,930,713
2026-03-23,Plant A,M-05,P-05,Morning,866,862
2026-03-23,Plant A,M-05,P-04,Evening,892,817
2026-03-23,Plant A,M-05,P-01,Night,948,754
2026-03-23,Plant B,M-01,P-06,Morning,794,763
2026-03-23,Plant B,M-01,P-05,Evening,850,646
2026-03-23,Plant B,M-01,P-06,Night,1177,980
2026-03-23,Plant B,M-02,P-03,Morning,866,811
2026-03-23,Plant B,M-02,P-04,Evening,856,777
2026-03-23,Plant B,M-02,P-03,Night,1022,845
2026-03-23,Plant B,M-03,P-05,Morning,1099,1107
2026-03-23,Plant B,M-03,P-03,Evening,1126,1027
2026-03-23,Plant B,M-03,P-02,Night,1139,891
2026-03-23,Plant B,M-04,P-05,Morning,1044,875
2026-03-23,Plant B,M-04,P-01,Evening,1160,1010
2026-03-23,Plant B,M-04,P-05,Night,793,570
2026-03-23,Plant B,M-05,P-03,Morning,1176,1150
2026-03-23,Plant B,M-05,P-04,Evening,973,844
2026-03-23,Plant B,M-05,P-02,Night,753,621
2026-03-23,Plant C,M-01,P-03,Morning,923,837
2026-03-23,Plant C,M-01,P-02,Evening,982,955
2026-03-23,Plant C,M-01,P-02,Night,1026,865
2026-03-23,Plant C,M-02,P-05,Morning,917,885
2026-03-23,Plant C,M-02,P-01,Evening,1005,768
2026-03-23,Plant C,M-02,P-01,Night,982,840
2026-03-23,Plant C,M-03,P-02,Morning,1178,1157
2026-03-23,Plant C,M-03,P-02,Evening,878,789
2026-03-23,Plant C,M-03,P-06,Night,1086,794
2026-03-23,Plant C,M-04,P-02,Morning,759,626
2026-03-23,Plant C,M-04,P-01,Evening,1130,975
2026-03-23,Plant C,M-04,P-06,Night,1121,925
2026-03-23,Plant C,M-05,P-03,Morning,769,682
2026-03-23,Plant C,M-05,P-01,Evening,898,837
2026-03-23,Plant C,M-05,P-05,Night,805,635
2026-03-24,Plant A,M-01,P-03,Morning,771,729
2026-03-24,Plant A,M-01,P-04,Evening,1015,1001
2026-03-24,Plant A,M-01,P-06,Night,801,616
2026-03-24,Plant A,M-02,P-02,Morning,988,916
2026-03-24,Plant A,M-02,P-04,Evening,977,919
2026-03-24,Plant A,M-02,P-04,Night,833,608
2026-03-24,Plant A,M-03,P-03,Morning,877,834
2026-03-24,Plant A,M-03,P-05,Evening,759,687
2026-03-24,Plant A,M-03,P-05,Night,1180,1008
2026-03-24,Plant A,M-04,P-01,Morning,766,763
2026-03-24,Plant A,M-04,P-05,Evening,861,727
2026-03-24,Plant A,M-04,P-01,Night,880,638
2026-03-24,Plant A,M-05,P-04,Morning,1020,986
2026-03-24,Plant A,M-05,P-04,Evening,1103,950
2026-03-24,Plant A,M-05,P-02,Night,1027,886
2026-03-24,Plant B,M-01,P-01,Morning,1146,1124
2026-03-24,Plant B,M-01,P-02,Evening,901,785
2026-03-24,Plant B,M-01,P-02,Night,898,768
2026-03-24,Plant B,M-02,P-06,Morning,763,722
2026-03-24,Plant B,M-02,P-02,Evening,1092,893
2026-03-24,Plant B,M-02,P-04,Night,1152,965
2026-03-24,Plant B,M-03,P-05,Morning,771,709
2026-03-24,Plant B,M-03,P-06,Evening,1012,914
2026-03-24,Plant B,M-03,P-01,Night,1055,907
2026-03-24,Plant B,M-04,P-03,Morning,779,479
2026-03-24,Plant B,M-04,P-02,Evening,962,628
2026-03-24,Plant B,M-04,P-06,Night,1073,665
2026-03-24,Plant B,M-05,P-04,Morning,1039,980
2026-03-24,Plant B,M-05,P-02,Evening,866,747
2026-03-24,Plant B,M-05,P-05,Night,970,807
2026-03-24,Plant C,M-01,P-03,Morning,836,837
2026-03-24,Plant C,M-01,P-04,Evening,811,720
2026-03-24,Plant C,M-01,P-04,Night,965,804
2026-03-24,Plant C,M-02,P-06,Morning,1187,1067
2026-03-24,Plant C,M-02,P-05,Evening,963,803
2026-03-24,Plant C,M-02,P-04,Night,971,813
2026-03-24,Plant C,M-03,P-01,Morning,815,769
2026-03-24,Plant C,M-03,P-06,Evening,1046,819
2026-03-24,Plant C,M-03,P-03,Night,1066,793
2026-03-24,Plant C,M-04,P-02,Morning,862,771
2026-03-24,Plant C,M-04,P-02,Evening,763,664
2026-03-24,Plant C,M-04,P-05,Night,762,563
2026-03-24,Plant C,M-05,P-05,Morning,891,793
2026-03-24,Plant C,M-05,P-02,Evening,1028,842
2026-03-24,Plant C,M-05,P-05,Night,854,635
2026-03-25,Plant A,M-01,P-02,Morning,861,770
2026-03-25,Plant A,M-01,P-06,Evening,1021,942
2026-03-25,Plant A,M-01,P-05,Night,999,795
2026-03-25,Plant A,M-02,P-03,Morning,1060,1010
2026-03-25,Plant A,M-02,P-06,Evening,936,818
2026-03-25,Plant A,M-02,P-04,Night,1141,932
2026-03-25,Plant A,M-03,P-03,Morning,927,939
2026-03-25,Plant A,M-03,P-05,Evening,1086,856
2026-03-25,Plant A,M-03,P-04,Night,755,652
2026-03-25,Plant A,M-04,P-02,Morning,995,920
2026-03-25,Plant A,M-04,P-02,Evening,1041,938
2026-03-25,Plant A,M-04,P-05,Night,1130,940
2026-03-25,Plant A,M-05,P-04,Morning,802,731
2026-03-25,Plant A,M-05,P-05,Evening,1087,1046
2026-03-25,Plant A,M-05,P-05,Night,840,738
2026-03-25,Plant B,M-01,P-06,Morning,935,861
2026-03-25,Plant B,M-01,P-05,Evening,1053,915
2026-03-25,Plant B,M-01,P-03,Night,770,526
2026-03-25,Plant B,M-02,P-03,Morning,832,851
2026-03-25,Plant B,M-02,P-02,Evening,1159,1114
2026-03-25,Plant B,M-02,P-06,Night,969,761
2026-03-25,Plant B,M-03,P-01,Morning,1070,1031
2026-03-25,Plant B,M-03,P-03,Evening,971,826
2026-03-25,Plant B,M-03,P-03,Night,780,565
2026-03-25,Plant B,M-04,P-03,Morning,873,679
2026-03-25,Plant B,M-04,P-03,Evening,770,602
2026-03-25,Plant B,M-04,P-01,Night,820,537
2026-03-25,Plant B,M-05,P-01,Morning,982,860
2026-03-25,Plant B,M-05,P-03,Evening,1048,863
2026-03-25,Plant B,M-05,P-05,Night,1049,861
2026-03-25,Plant C,M-01,P-02,Morning,755,669
2026-03-25,Plant C,M-01,P-05,Evening,814,672
2026-03-25,Plant C,M-01,P-01,Night,1058,884
2026-03-25,Plant C,M-02,P-06,Morning,1069,997
2026-03-25,Plant C,M-02,P-04,Evening,1189,1129
2026-03-25,Plant C,M-02,P-03,Night,923,666
2026-03-25,Plant C,M-03,P-06,Morning,1144,1007
2026-03-25,Plant C,M-03,P-06,Evening,909,831
2026-03-25,Plant C,M-03,P-04,Night,942,849
2026-03-25,Plant C,M-04,P-01,Morning,847,783
2026-03-25,Plant C,M-04,P-03,Evening,1045,961
2026-03-25,Plant C,M-04,P-06,Night,792,617
2026-03-25,Plant C,M-05,P-04,Morning,898,781
2026-03-25,Plant C,M-05,P-05,Evening,1114,1006
2026-03-25,Plant C,M-05,P-06,Night,989,830
2026-03-26,Plant A,M-01,P-02,Morning,885,823
2026-03-26,Plant A,M-01,P-02,Evening,1092,1000
2026-03-26,Plant A,M-01,P-01,Night,1012,780
2026-03-26,Plant A,M-02,P-01,Morning,951,833
2026-03-26,Plant A,M-02,P-01,Evening,907,832
2026-03-26,Plant A,M-02,P-03,Night,893,655
2026-03-26,Plant A,M-03,P-01,Morning,1146,1026
2026-03-26,Plant A,M-03,P-01,Evening,880,790
2026-03-26,Plant A,M-03,P-06,Night,1077,925
2026-03-26,Plant A,M-04,P-02,Morning,921,801
2026-03-26,Plant A,M-04,P-04,Evening,1050,898
2026-03-26,Plant A,M-04,P-04,Night,1128,908
2026-03-26,Plant A,M-05,P-05,Morning,769,725
2026-03-26,Plant A,M-05,P-04,Evening,1047,1001
2026-03-26,Plant A,M-05,P-06,Night,893,762
2026-03-26,Plant B,M-01,P-03,Morning,988,972
2026-03-26,Plant B,M-01,P-06,Evening,893,723
2026-03-26,Plant B,M-01,P-01,Night,1196,998
2026-03-26,Plant B,M-02,P-02,Morning,899,785
2026-03-26,Plant B,M-02,P-01,Evening,1195,1141
2026-03-26,Plant B,M-02,P-04,Night,842,654
2026-03-26,Plant B,M-03,P-05,Morning,1022,865
2026-03-26,Plant B,M-03,P-04,Evening,778,601
2026-03-26,Plant B,M-03,P-01,Night,825,614
2026-03-26,Plant B,M-04,P-01,Morning,752,518
2026-03-26,Plant B,M-04,P-01,Evening,981,773
2026-03-26,Plant B,M-04,P-04,Night,1069,798
2026-03-26,Plant B,M-05,P-02,Morning,806,731
2026-03-26,Plant B,M-05,P-06,Evening,1077,962
2026-03-26,Plant B,M-05,P-05,Night,805,651
2026-03-26,Plant C,M-01,P-01,Morning,1155,1060
2026-03-26,Plant C,M-01,P-03,Evening,1118,1049
2026-03-26,Plant C,M-01,P-03,Night,957,777
2026-03-26,Plant C,M-02,P-03,Morning,954,937
2026-03-26,Plant C,M-02,P-01,Evening,960,829
2026-03-26,Plant C,M-02,P-03,Night,1032,884
2026-03-26,Plant C,M-03,P-06,Morning,1073,1089
2026-03-26,Plant C,M-03,P-01,Evening,779,634
2026-03-26,Plant C,M-03,P-03,Night,986,882
2026-03-26,Plant C,M-04,P-01,Morning,868,821
2026-03-26,Plant C,M-04,P-02,Evening,817,679
2026-03-26,Plant C,M-04,P-03,Night,1025,856
2026-03-26,Plant C,M-05,P-03,Morning,1035,924
2026-03-26,Plant C,M-05,P-06,Evening,979,913
2026-03-26,Plant C,M-05,P-01,Night,1124,903
2026-03-27,Plant A,M-01,P-06,Morning,1025,955
2026-03-27,Plant A,M-01,P-01,Evening,1096,990
2026-03-27,Plant A,M-01,P-04,Night,958,694
2026-03-27,Plant A,M-02,P-06,Morning,1075,1066
2026-03-27,Plant A,M-02,P-02,Evening,817,660
2026-03-27,Plant A,M-02,P-06,Night,1193,963
2026-03-27,Plant A,M-03,P-06,Morning,979,933
2026-03-27,Plant A,M-03,P-05,Evening,940,835
2026-03-27,Plant A,M-03,P-02,Night,1117,906
2026-03-27,Plant A,M-04,P-01,Morning,754,749
2026-03-27,Plant A,M-04,P-04,Evening,780,710
2026-03-27,Plant A,M-04,P-03,Night,1081,884
2026-03-27,Plant A,M-05,P-02,Morning,1188,1160
2026-03-27,Plant A,M-05,P-06,Evening,796,693
2026-03-27,Plant A,M-05,P-03,Night,838,685
2026-03-27,Plant B,M-01,P-05,Morning,1127,1100
2026-03-27,Plant B,M-01,P-06,Evening,1029,922
2026-03-27,Plant B,M-01,P-03,Night,776,671
2026-03-27,Plant B,M-02,P-04,Morning,753,702
2026-03-27,Plant B,M-02,P-05,Evening,812,734
2026-03-27,Plant B,M-02,P-02,Night,902,716
2026-03-27,Plant B,M-03,P-03,Morning,1188,1160
2026-03-27,Plant B,M-03,P-04,Evening,819,780
2026-03-27,Plant B,M-03,P-06,Night,891,756
2026-03-27,Plant B,M-04,P-02,Morning,937,727
2026-03-27,Plant B,M-04,P-05,Evening,1014,803
2026-03-27,Plant B,M-04,P-01,Night,1180,940
2026-03-27,Plant B,M-05,P-06,Morning,843,872
2026-03-27,Plant B,M-05,P-06,Evening,978,834
2026-03-27,Plant B,M-05,P-02,Night,1165,976
2026-03-27,Plant C,M-01,P-03,Morning,970,907
2026-03-27,Plant C,M-01,P-03,Evening,932,870
2026-03-27,Plant C,M-01,P-02,Night,993,843
2026-03-27,Plant C,M-02,P-02,Morning,919,847
2026-03-27,Plant C,M-02,P-05,Evening,1154,1018
2026-03-27,Plant C,M-02,P-03,Night,970,740
2026-03-27,Plant C,M-03,P-03,Morning,960,889
2026-03-27,Plant C,M-03,P-05,Evening,878,787
2026-03-27,Plant C,M-03,P-03,Night,840,720
2026-03-27,Plant C,M-04,P-06,Morning,1119,1059
2026-03-27,Plant C,M-04,P-05,Evening,838,663
2026-03-27,Plant C,M-04,P-05,Night,938,820
2026-03-27,Plant C,M-05,P-01,Morning,782,708
2026-03-27,Plant C,M-05,P-06,Evening,1197,1081
2026-03-27,Plant C,M-05,P-05,Night,921,802
2026-03-28,Plant A,M-01,P-02,Morning,1050,1010
2026-03-28,Plant A,M-01,P-03,Evening,905,811
2026-03-28,Plant A,M-01,P-04,Night,1140,927
2026-03-28,Plant A,M-02,P-04,Morning,987,938
2026-03-28,Plant A,M-02,P-04,Evening,1167,1000
2026-03-28,Plant A,M-02,P-04,Night,890,650
2026-03-28,Plant A,M-03,P-06,Morning,822,752
2026-03-28,Plant A,M-03,P-01,Evening,1141,925
2026-03-28,Plant A,M-03,P-01,Night,776,609
2026-03-28,Plant A,M-04,P-01,Morning,1172,1148
2026-03-28,Plant A,M-04,P-06,Evening,997,883
2026-03-28,Plant A,M-04,P-06,Night,968,827
2026-03-28,Plant A,M-05,P-04,Morning,845,693
2026-03-28,Plant A,M-05,P-02,Evening,1150,1046
2026-03-28,Plant A,M-05,P-02,Night,817,645
2026-03-28,Plant B,M-01,P-03,Morning,909,896
2026-03-28,Plant B,M-01,P-02,Evening,1055,871
2026-03-28,Plant B,M-01,P-06,Night,775,592
2026-03-28,Plant B,M-02,P-05,Morning,1065,970
2026-03-28,Plant B,M-02,P-03,Evening,793,737
2026-03-28,Plant B,M-02,P-06,Night,793,630
2026-03-28,Plant B,M-03,P-01,Morning,1087,994
2026-03-28,Plant B,M-03,P-01,Evening,1052,962
2026-03-28,Plant B,M-03,P-02,Night,804,654
2026-03-28,Plant B,M-04,P-03,Morning,798,585
2026-03-28,Plant B,M-04,P-06,Evening,1049,757
2026-03-28,Plant B,M-04,P-06,Night,817,458
2026-03-28,Plant B,M-05,P-04,Morning,959,889
2026-03-28,Plant B,M-05,P-04,Evening,798,669
2026-03-28,Plant B,M-05,P-03,Night,1070,889
2026-03-28,Plant C,M-01,P-02,Morning,1192,1128
2026-03-28,Plant C,M-01,P-02,Evening,792,723
2026-03-28,Plant C,M-01,P-02,Night,877,687
2026-03-28,Plant C,M-02,P-06,Morning,785,684
2026-03-28,Plant C,M-02,P-06,Evening,1092,916
2026-03-28,Plant C,M-02,P-05,Night,849,720
2026-03-28,Plant C,M-03,P-03,Morning,769,683
2026-03-28,Plant C,M-03,P-02,Evening,824,688
2026-03-28,Plant C,M-03,P-03,Night,1071,902
2026-03-28,Plant C,M-04,P-03,Morning,1052,1025
2026-03-28,Plant C,M-04,P-01,Evening,922,823
2026-03-28,Plant C,M-04,P-02,Night,1010,735
2026-03-28,Plant C,M-05,P-04,Morning,1166,1126
2026-03-28,Plant C,M-05,P-04,Evening,752,672
2026-03-28,Plant C,M-05,P-04,Night,961,755
2026-03-29,Plant A,M-01,P-02,Morning,813,810
2026-03-29,Plant A,M-01,P-02,Evening,759,598
2026-03-29,Plant A,M-01,P-04,Night,838,696
2026-03-29,Plant A,M-02,P-06,Morning,868,775
2026-03-29,Plant A,M-02,P-06,Evening,809,657
2026-03-29,Plant A,M-02,P-01,Night,992,754
2026-03-29,Plant A,M-03,P-06,Morning,798,647
2026-03-29,Plant A,M-03,P-05,Evening,1107,958
2026-03-29,Plant A,M-03,P-05,Night,914,774
2026-03-29,Plant A,M-04,P-05,Morning,1098,1040
2026-03-29,Plant A,M-04,P-02,Evening,754,714
2026-03-29,Plant A,M-04,P-05,Night,774,629
2026-03-29,Plant A,M-05,P-05,Morning,889,755
2026-03-29,Plant A,M-05,P-05,Evening,831,758
2026-03-29,Plant A,M-05,P-01,Night,882,759
2026-03-29,Plant B,M-01,P-03,Morning,956,857
2026-03-29,Plant B,M-01,P-02,Evening,1028,949
2026-03-29,Plant B,M-01,P-04,Night,974,759
2026-03-29,Plant B,M-02,P-05,Morning,923,874
2026-03-29,Plant B,M-02,P-04,Evening,928,852
2026-03-29,Plant B,M-02,P-06,Night,1155,881
2026-03-29,Plant B,M-03,P-04,Morning,876,804
2026-03-29,Plant B,M-03,P-01,Evening,1173,1080
2026-03-29,Plant B,M-03,P-05,Night,817,624
2026-03-29,Plant B,M-04,P-03,Morning,847,675
2026-03-29,Plant B,M-04,P-01,Evening,800,393
2026-03-29,Plant B,M-04,P-06,Night,1082,748
2026-03-29,Plant B,M-05,P-02,Morning,780,751
2026-03-29,Plant B,M-05,P-03,Evening,999,932
2026-03-29,Plant B,M-05,P-02,Night,1181,977
2026-03-29,Plant C,M-01,P-01,Morning,889,837
2026-03-29,Plant C,M-01,P-02,Evening,1073,924
2026-03-29,Plant C,M-01,P-05,Night,1129,882
2026-03-29,Plant C,M-02,P-02,Morning,887,769
2026-03-29,Plant C,M-02,P-02,Evening,954,780
2026-03-29,Plant C,M-02,P-01,Night,755,541
2026-03-29,Plant C,M-03,P-01,Morning,813,817
2026-03-29,Plant C,M-03,P-06,Evening,1115,1053
2026-03-29,Plant C,M-03,P-01,Night,1157,988
2026-03-29,Plant C,M-04,P-06,Morning,834,772
2026-03-29,Plant C,M-04,P-04,Evening,1127,1039
2026-03-29,Plant C,M-04,P-06,Night,1031,857
2026-03-29,Plant C,M-05,P-06,Morning,813,725
2026-03-29,Plant C,M-05,P-04,Evening,1086,1003
2026-03-29,Plant C,M-05,P-03,Night,883,691
2026-03-30,Plant A,M-01,P-04,Morning,854,789
2026-03-30,Plant A,M-01,P-06,Evening,970,885
2026-03-30,Plant A,M-01,P-03,Night,1170,931
2026-03-30,Plant A,M-02,P-04,Morning,929,794
2026-03-30,Plant A,M-02,P-03,Evening,983,897
2026-03-30,Plant A,M-02,P-03,Night,874,649
2026-03-30,Plant A,M-03,P-03,Morning,909,819
2026-03-30,Plant A,M-03,P-03,Evening,969,866
2026-03-30,Plant A,M-03,P-05,Night,790,544
2026-03-30,Plant A,M-04,P-01,Morning,930,857
2026-03-30,Plant A,M-04,P-03,Evening,949,873
2026-03-30,Plant A,M-04,P-06,Night,935,704
2026-03-30,Plant A,M-05,P-02,Morning,973,796
2026-03-30,Plant A,M-05,P-04,Evening,759,698
2026-03-30,Plant A,M-05,P-06,Night,1067,957
2026-03-30,Plant B,M-01,P-01,Morning,878,855
2026-03-30,Plant B,M-01,P-04,Evening,1173,991
2026-03-30,Plant B,M-01,P-03,Night,849,715
2026-03-30,Plant B,M-02,P-04,Morning,903,904
2026-03-30,Plant B,M-02,P-01,Evening,901,803
2026-03-30,Plant B,M-02,P-01,Night,1164,985
2026-03-30,Plant B,M-03,P-05,Morning,1035,1002
2026-03-30,Plant B,M-03,P-02,Evening,827,743
2026-03-30,Plant B,M-03,P-01,Night,822,688
2026-03-30,Plant B,M-04,P-06,Morning,773,622
2026-03-30,Plant B,M-04,P-05,Evening,814,440
2026-03-30,Plant B,M-04,P-06,Night,792,461
2026-03-30,Plant B,M-05,P-01,Morning,1088,1015
2026-03-30,Plant B,M-05,P-02,Evening,1179,1048
2026-03-30,Plant B,M-05,P-03,Night,1088,858
2026-03-30,Plant C,M-01,P-06,Morning,751,616
2026-03-30,Plant C,M-01,P-02,Evening,767,741
2026-03-30,Plant C,M-01,P-06,Night,791,608
2026-03-30,Plant C,M-02,P-05,Morning,957,822
2026-03-30,Plant C,M-02,P-03,Evening,1029,927
2026-03-30,Plant C,M-02,P-04,Night,780,593
2026-03-30,Plant C,M-03,P-05,Morning,846,741
2026-03-30,Plant C,M-03,P-02,Evening,1051,919
2026-03-30,Plant C,M-03,P-06,Night,968,747
2026-03-30,Plant C,M-04,P-06,Morning,832,767
2026-03-30,Plant C,M-04,P-03,Evening,1034,886
2026-03-30,Plant C,M-04,P-05,Night,961,815
2026-03-30,Plant C,M-05,P-02,Morning,1050,1049
2026-03-30,Plant C,M-05,P-05,Evening,1081,924
2026-03-30,Plant C,M-05,P-04,Night,757,604
2026-03-31,Plant A,M-01,P-06,Morning,825,758
2026-03-31,Plant A,M-01,P-05,Evening,1028,869
2026-03-31,Plant A,M-01,P-01,Night,788,612
2026-03-31,Plant A,M-02,P-04,Morning,858,837
2026-03-31,Plant A,M-02,P-01,Evening,847,745
2026-03-31,Plant A,M-02,P-06,Night,1148,865
2026-03-31,Plant A,M-03,P-01,Morning,1081,1068
2026-03-31,Plant A,M-03,P-06,Evening,808,769
2026-03-31,Plant A,M-03,P-04,Night,852,721
2026-03-31,Plant A,M-04,P-02,Morning,997,999
2026-03-31,Plant A,M-04,P-05,Evening,1065,985
2026-03-31,Plant A,M-04,P-02,Night,1074,882
2026-03-31,Plant A,M-05,P-05,Morning,1087,1044
2026-03-31,Plant A,M-05,P-02,Evening,835,758
2026-03-31,Plant A,M-05,P-03,Night,910,698
2026-03-31,Plant B,M-01,P-06,Morning,831,746
2026-03-31,Plant B,M-01,P-01,Evening,953,898
2026-03-31,Plant B,M-01,P-04,Night,1009,793
2026-03-31,Plant B,M-02,P-06,Morning,996,985
2026-03-31,Plant B,M-02,P-04,Evening,1119,969
2026-03-31,Plant B,M-02,P-03,Night,841,708
2026-03-31,Plant B,M-03,P-03,Morning,1186,1068
2026-03-31,Plant B,M-03,P-01,Evening,1136,1069
2026-03-31,Plant B,M-03,P-03,Night,913,679
2026-03-31,Plant B,M-04,P-03,Morning,1117,865
2026-03-31,Plant B,M-04,P-02,Evening,1198,939
2026-03-31,Plant B,M-04,P-04,Night,810,414
2026-03-31,Plant B,M-05,P-05,Morning,1016,935
2026-03-31,Plant B,M-05,P-02,Evening,1098,964
2026-03-31,Plant B,M-05,P-02,Night,1189,1007
2026-03-31,Plant C,M-01,P-01,Morning,912,822
2026-03-31,Plant C,M-01,P-02,Evening,765,743
2026-03-31,Plant C,M-01,P-02,Night,979,875
2026-03-31,Plant C,M-02,P-04,Morning,975,894
2026-03-31,Plant C,M-02,P-04,Evening,1049,987
2026-03-31,Plant C,M-02,P-03,Night,1159,955
2026-03-31,Plant C,M-03,P-03,Morning,1093,990
2026-03-31,Plant C,M-03,P-04,Evening,987,819
2026-03-31,Plant C,M-03,P-06,Night,1077,877
2026-03-31,Plant C,M-04,P-06,Morning,1004,895
2026-03-31,Plant C,M-04,P-02,Evening,1135,1082
2026-03-31,Plant C,M-04,P-04,Night,1171,919
2026-03-31,Plant C,M-05,P-03,Morning,1181,1043
2026-03-31,Plant C,M-05,P-02,Evening,833,738
2026-03-31,Plant C,M-05,P-01,Night,775,610
2026-04-01,Plant A,M-01,P-01,Morning,904,849
2026-04-01,Plant A,M-01,P-02,Evening,814,703
2026-04-01,Plant A,M-01,P-05,Night,750,569
2026-04-01,Plant A,M-02,P-06,Morning,820,737
2026-04-01,Plant A,M-02,P-04,Evening,1189,1095
2026-04-01,Plant A,M-02,P-01,Night,758,605
2026-04-01,Plant A,M-03,P-02,Morning,1150,1099
2026-04-01,Plant A,M-03,P-04,Evening,834,803
2026-04-01,Plant A,M-03,P-02,Night,1087,879
2026-04-01,Plant A,M-04,P-06,Morning,1053,1058
2026-04-01,Plant A,M-04,P-06,Evening,1158,1090
2026-04-01,Plant A,M-04,P-04,Night,757,602
2026-04-01,Plant A,M-05,P-01,Morning,1121,1077
2026-04-01,Plant A,M-05,P-06,Evening,835,767
2026-04-01,Plant A,M-05,P-05,Night,993,813
2026-04-01,Plant B,M-01,P-02,Morning,1128,1035
2026-04-01,Plant B,M-01,P-03,Evening,1115,1055
2026-04-01,Plant B,M-01,P-05,Night,1070,818
2026-04-01,Plant B,M-02,P-06,Morning,765,748
2026-04-01,Plant B,M-02,P-03,Evening,1022,920
2026-04-01,Plant B,M-02,P-04,Night,899,729
2026-04-01,Plant B,M-03,P-02,Morning,1151,1146
2026-04-01,Plant B,M-03,P-01,Evening,998,921
2026-04-01,Plant B,M-03,P-03,Night,976,825
2026-04-01,Plant B,M-04,P-06,Morning,1177,865
2026-04-01,Plant B,M-04,P-06,Evening,920,615
2026-04-01,Plant B,M-04,P-01,Night,1111,751
2026-04-01,Plant B,M-05,P-01,Morning,1046,942
2026-04-01,Plant B,M-05,P-05,Evening,781,766
2026-04-01,Plant B,M-05,P-04,Night,1184,1011
2026-04-01,Plant C,M-01,P-05,Morning,933,782
2026-04-01,Plant C,M-01,P-01,Evening,844,846
2026-04-01,Plant C,M-01,P-01,Night,1061,900
2026-04-01,Plant C,M-02,P-04,Morning,859,716
2026-04-01,Plant C,M-02,P-06,Evening,831,793
2026-04-01,Plant C,M-02,P-04,Night,1037,842
2026-04-01,Plant C,M-03,P-04,Morning,759,656
2026-04-01,Plant C,M-03,P-03,Evening,1092,1032
2026-04-01,Plant C,M-03,P-02,Night,1172,1027
2026-04-01,Plant C,M-04,P-02,Morning,1156,1126
2026-04-01,Plant C,M-04,P-05,Evening,878,779
2026-04-01,Plant C,M-04,P-02,Night,1093,970
2026-04-01,Plant C,M-05,P-04,Morning,996,949
2026-04-01,Plant C,M-05,P-05,Evening,776,633
2026-04-01,Plant C,M-05,P-05,Night,996,794
2026-04-02,Plant A,M-01,P-06,Morning,773,754
2026-04-02,Plant A,M-01,P-02,Evening,786,728
2026-04-02,Plant A,M-01,P-01,Night,1169,977
2026-04-02,Plant A,M-02,P-06,Morning,822,810
2026-04-02,Plant A,M-02,P-05,Evening,1189,1014
2026-04-02,Plant A,M-02,P-01,Night,995,832
2026-04-02,Plant A,M-03,P-05,Morning,985,865
2026-04-02,Plant A,M-03,P-06,Evening,796,639
2026-04-02,Plant A,M-03,P-03,Night,1005,766
2026-04-02,Plant A,M-04,P-03,Morning,962,922
2026-04-02,Plant A,M-04,P-03,Evening,884,770
2026-04-02,Plant A,M-04,P-03,Night,911,732
2026-04-02,Plant A,M-05,P-06,Morning,1138,1094
2026-04-02,Plant A,M-05,P-05,Evening,1194,1096
2026-04-02,Plant A,M-05,P-01,Night,1089,842
2026-04-02,Plant B,M-01,P-02,Morning,813,783
2026-04-02,Plant B,M-01,P-04,Evening,856,718
2026-04-02,Plant B,M-01,P-01,Night,934,711
2026-04-02,Plant B,M-02,P-05,Morning,1018,917
2026-04-02,Plant B,M-02,P-06,Evening,850,705
2026-04-02,Plant B,M-02,P-05,Night,1133,915
2026-04-02,Plant B,M-03,P-06,Morning,1015,929
2026-04-02,Plant B,M-03,P-02,Evening,1049,927
2026-04-02,Plant B,M-03,P-01,Night,839,651
2026-04-02,Plant B,M-04,P-06,Morning,787,471
2026-04-02,Plant B,M-04,P-03,Evening,1129,792
2026-04-02,Plant B,M-04,P-06,Night,1125,714
2026-04-02,Plant B,M-05,P-06,Morning,1084,1036
2026-04-02,Plant B,M-05,P-01,Evening,957,899
2026-04-02,Plant B,M-05,P-01,Night,1059,851
2026-04-02,Plant C,M-01,P-05,Morning,991,910
2026-04-02,Plant C,M-01,P-06,Evening,978,873
2026-04-02,Plant C,M-01,P-05,Night,873,772
2026-04-02,Plant C,M-02,P-02,Morning,1130,1106
2026-04-02,Plant C,M-02,P-04,Evening,952,841
2026-04-02,Plant C,M-02,P-04,Night,993,815
2026-04-02,Plant C,M-03,P-01,Morning,984,954
2026-04-02,Plant C,M-03,P-03,Evening,1186,1161
2026-04-02,Plant C,M-03,P-05,Night,930,712
2026-04-02,Plant C,M-04,P-06,Morning,774,699
2026-04-02,Plant C,M-04,P-05,Evening,1071,973
2026-04-02,Plant C,M-04,P-06,Night,809,628
2026-04-02,Plant C,M-05,P-02,Morning,1053,924
2026-04-02,Plant C,M-05,P-04,Evening,1082,973
2026-04-02,Plant C,M-05,P-01,Night,1045,818
2026-04-03,Plant A,M-01,P-03,Morning,1044,909
2026-04-03,Plant A,M-01,P-02,Evening,1048,930
2026-04-03,Plant A,M-01,P-01,Night,1151,960
2026-04-03,Plant A,M-02,P-06,Morning,954,910
2026-04-03,Plant A,M-02,P-06,Evening,961,912
2026-04-03,Plant A,M-02,P-04,Night,840,691
2026-04-03,Plant A,M-03,P-01,Morning,980,932
2026-04-03,Plant A,M-03,P-03,Evening,984,835
2026-04-03,Plant A,M-03,P-06,Night,1198,967
2026-04-03,Plant A,M-04,P-01,Morning,835,790
2026-04-03,Plant A,M-04,P-05,Evening,886,694
2026-04-03,Plant A,M-04,P-06,Night,1118,912
2026-04-03,Plant A,M-05,P-01,Morning,870,782
2026-04-03,Plant A,M-05,P-01,Evening,843,742
2026-04-03,Plant A,M-05,P-02,Night,801,628
2026-04-03,Plant B,M-01,P-03,Morning,956,868
2026-04-03,Plant B,M-01,P-01,Evening,1180,1096
2026-04-03,Plant B,M-01,P-03,Night,923,684
2026-04-03,Plant B,M-02,P-03,Morning,963,938
2026-04-03,Plant B,M-02,P-05,Evening,1197,1063
2026-04-03,Plant B,M-02,P-03,Night,789,549
2026-04-03,Plant B,M-03,P-03,Morning,915,853
2026-04-03,Plant B,M-03,P-05,Evening,868,823
2026-04-03,Plant B,M-03,P-05,Night,894,641
2026-04-03,Plant B,M-04,P-06,Morning,910,630
2026-04-03,Plant B,M-04,P-03,Evening,1076,792
2026-04-03,Plant B,M-04,P-03,Night,753,523
2026-04-03,Plant B,M-05,P-04,Morning,828,742
2026-04-03,Plant B,M-05,P-06,Evening,910,815
2026-04-03,Plant B,M-05,P-04,Night,895,718
2026-04-03,Plant C,M-01,P-01,Morning,916,820
2026-04-03,Plant C,M-01,P-01,Evening,958,841
2026-04-03,Plant C,M-01,P-05,Night,894,761
2026-04-03,Plant C,M-02,P-01,Morning,923,801
2026-04-03,Plant C,M-02,P-01,Evening,1079,954
2026-04-03,Plant C,M-02,P-05,Night,1101,864
2026-04-03,Plant C,M-03,P-03,Morning,1082,977
2026-04-03,Plant C,M-03,P-06,Evening,786,717
2026-04-03,Plant C,M-03,P-03,Night,1117,880
2026-04-03,Plant C,M-04,P-02,Morning,1009,949
2026-04-03,Plant C,M-04,P-05,Evening,911,734
2026-04-03,Plant C,M-04,P-04,Night,1122,937
2026-04-03,Plant C,M-05,P-04,Morning,1056,1000
2026-04-03,Plant C,M-05,P-06,Evening,795,762
2026-04-03,Plant C,M-05,P-02,Night,768,635
2026-04-04,Plant A,M-01,P-05,Morning,1137,1085
2026-04-04,Plant A,M-01,P-04,Evening,997,869
2026-04-04,Plant A,M-01,P-02,Night,989,804
2026-04-04,Plant A,M-02,P-05,Morning,871,865
2026-04-04,Plant A,M-02,P-06,Evening,1089,1013
2026-04-04,Plant A,M-02,P-02,Night,947,814
2026-04-04,Plant A,M-03,P-06,Morning,775,634
2026-04-04,Plant A,M-03,P-03,Evening,853,746
2026-04-04,Plant A,M-03,P-06,Night,793,646
2026-04-04,Plant A,M-04,P-01,Morning,838,743
2026-04-04,Plant A,M-04,P-05,Evening,979,866
2026-04-04,Plant A,M-04,P-05,Night,805,606
2026-04-04,Plant A,M-05,P-06,Morning,1030,998
2026-04-04,Plant A,M-05,P-02,Evening,933,815
2026-04-04,Plant A,M-05,P-01,Night,1110,950
2026-04-04,Plant B,M-01,P-02,Morning,1022,831
2026-04-04,Plant B,M-01,P-04,Evening,1055,966
2026-04-04,Plant B,M-01,P-01,Night,906,648
2026-04-04,Plant B,M-02,P-01,Morning,1011,1012
2026-04-04,Plant B,M-02,P-05,Evening,915,854
2026-04-04,Plant B,M-02,P-03,Night,884,719
2026-04-04,Plant B,M-03,P-05,Morning,953,830
2026-04-04,Plant B,M-03,P-01,Evening,964,874
2026-04-04,Plant B,M-03,P-04,Night,1073,889
2026-04-04,Plant B,M-04,P-06,Morning,892,713
2026-04-04,Plant B,M-04,P-04,Evening,863,561
2026-04-04,Plant B,M-04,P-01,Night,1150,848
2026-04-04,Plant B,M-05,P-06,Morning,849,748
2026-04-04,Plant B,M-05,P-05,Evening,1158,1061
2026-04-04,Plant B,M-05,P-06,Night,940,822
2026-04-04,Plant C,M-01,P-03,Morning,1127,1125
2026-04-04,Plant C,M-01,P-05,Evening,965,824
2026-04-04,Plant C,M-01,P-06,Night,1005,899
2026-04-04,Plant C,M-02,P-04,Morning,835,837
2026-04-04,Plant C,M-02,P-02,Evening,770,708
2026-04-04,Plant C,M-02,P-06,Night,1197,974
2026-04-04,Plant C,M-03,P-03,Morning,1181,1061
2026-04-04,Plant C,M-03,P-01,Evening,1168,1109
2026-04-04,Plant C,M-03,P-02,Night,994,768
2026-04-04,Plant C,M-04,P-06,Morning,1018,1000
2026-04-04,Plant C,M-04,P-01,Evening,1164,1051
2026-04-04,Plant C,M-04,P-03,Night,959,688
2026-04-04,Plant C,M-05,P-01,Morning,952,935
2026-04-04,Plant C,M-05,P-02,Evening,818,715
2026-04-04,Plant C,M-05,P-03,Night,994,775
2026-04-05,Plant A,M-01,P-05,Morning,1173,1160
2026-04-05,Plant A,M-01,P-04,Evening,764,643
2026-04-05,Plant A,M-01,P-01,Night,1078,803
2026-04-05,Plant A,M-02,P-06,Morning,868,831
2026-04-05,Plant A,M-02,P-06,Evening,765,676
2026-04-05,Plant A,M-02,P-02,Night,1147,877
2026-04-05,Plant A,M-03,P-01,Morning,833,784
2026-04-05,Plant A,M-03,P-06,Evening,976,916
2026-04-05,Plant A,M-03,P-04,Night,1059,898
2026-04-05,Plant A,M-04,P-05,Morning,758,724
2026-04-05,Plant A,M-04,P-04,Evening,1194,1060
2026-04-05,Plant A,M-04,P-05,Night,920,748
2026-04-05,Plant A,M-05,P-06,Morning,1009,890
2026-04-05,Plant A,M-05,P-06,Evening,1174,1115
2026-04-05,Plant A,M-05,P-06,Night,926,735
2026-04-05,Plant B,M-01,P-03,Morning,837,788
2026-04-05,Plant B,M-01,P-02,Evening,795,705
2026-04-05,Plant B,M-01,P-02,Night,800,603
2026-04-05,Plant B,M-02,P-04,Morning,775,730
2026-04-05,Plant B,M-02,P-04,Evening,1141,1050
2026-04-05,Plant B,M-02,P-05,Night,911,734
2026-04-05,Plant B,M-03,P-01,Morning,947,904
2026-04-05,Plant B,M-03,P-03,Evening,1129,982
2026-04-05,Plant B,M-03,P-03,Night,937,792
2026-04-05,Plant B,M-04,P-02,Morning,999,647
2026-04-05,Plant B,M-04,P-05,Evening,1031,864
2026-04-05,Plant B,M-04,P-01,Night,1120,903
2026-04-05,Plant B,M-05,P-06,Morning,987,1004
2026-04-05,Plant B,M-05,P-02,Evening,888,839
2026-04-05,Plant B,M-05,P-03,Night,1182,927
2026-04-05,Plant C,M-01,P-05,Morning,844,797
2026-04-05,Plant C,M-01,P-04,Evening,1063,909
2026-04-05,Plant C,M-01,P-03,Night,911,632
2026-04-05,Plant C,M-02,P-05,Morning,1185,1082
2026-04-05,Plant C,M-02,P-01,Evening,916,790
2026-04-05,Plant C,M-02,P-05,Night,1069,908
2026-04-05,Plant C,M-03,P-02,Morning,975,866
2026-04-05,Plant C,M-03,P-02,Evening,1046,928
2026-04-05,Plant C,M-03,P-04,Night,1108,898
2026-04-05,Plant C,M-04,P-02,Morning,980,971
2026-04-05,Plant C,M-04,P-03,Evening,1198,1134
2026-04-05,Plant C,M-04,P-06,Night,914,770
2026-04-05,Plant C,M-05,P-02,Morning,949,843
2026-04-05,Plant C,M-05,P-06,Evening,923,827
2026-04-05,Plant C,M-05,P-01,Night,898,771
2026-04-06,Plant A,M-01,P-02,Morning,795,675
2026-04-06,Plant A,M-01,P-02,Evening,1080,1017
2026-04-06,Plant A,M-01,P-02,Night,1170,940
2026-04-06,Plant A,M-02,P-04,Morning,905,896
2026-04-06,Plant A,M-02,P-03,Evening,781,745
2026-04-06,Plant A,M-02,P-06,Night,895,686
2026-04-06,Plant A,M-03,P-03,Morning,753,701
2026-04-06,Plant A,M-03,P-02,Evening,1166,1067
2026-04-06,Plant A,M-03,P-01,Night,969,754
2026-04-06,Plant A,M-04,P-02,Morning,771,689
2026-04-06,Plant A,M-04,P-01,Evening,797,753
2026-04-06,Plant A,M-04,P-06,Night,1002,838
2026-04-06,Plant A,M-05,P-05,Morning,1146,1122
2026-04-06,Plant A,M-05,P-04,Evening,1160,1091
2026-04-06,Plant A,M-05,P-06,Night,1026,879
2026-04-06,Plant B,M-01,P-02,Morning,1168,1059
2026-04-06,Plant B,M-01,P-04,Evening,849,774
2026-04-06,Plant B,M-01,P-04,Night,902,697
2026-04-06,Plant B,M-02,P-05,Morning,860,826
2026-04-06,Plant B,M-02,P-04,Evening,1198,1053
2026-04-06,Plant B,M-02,P-03,Night,1102,940
2026-04-06,Plant B,M-03,P-03,Morning,1169,1136
2026-04-06,Plant B,M-03,P-06,Evening,1069,963
2026-04-06,Plant B,M-03,P-04,Night,757,614
2026-04-06,Plant B,M-04,P-05,Morning,777,488
2026-04-06,Plant B,M-04,P-04,Evening,1187,1008
2026-04-06,Plant B,M-04,P-02,Night,870,588
2026-04-06,Plant B,M-05,P-03,Morning,847,740
2026-04-06,Plant B,M-05,P-06,Evening,853,716
2026-04-06,Plant B,M-05,P-03,Night,831,693
2026-04-06,Plant C,M-01,P-06,Morning,856,835
2026-04-06,Plant C,M-01,P-05,Evening,921,853
2026-04-06,Plant C,M-01,P-05,Night,881,668
2026-04-06,Plant C,M-02,P-03,Morning,1000,874
2026-04-06,Plant C,M-02,P-02,Evening,969,880
2026-04-06,Plant C,M-02,P-01,Night,1068,867
2026-04-06,Plant C,M-03,P-01,Morning,1095,1065
2026-04-06,Plant C,M-03,P-03,Evening,984,832
2026-04-06,Plant C,M-03,P-03,Night,1017,759
2026-04-06,Plant C,M-04,P-03,Morning,978,935
2026-04-06,Plant C,M-04,P-05,Evening,1072,969
2026-04-06,Plant C,M-04,P-03,Night,1031,889
2026-04-06,Plant C,M-05,P-03,Morning,1172,1160
2026-04-06,Plant C,M-05,P-05,Evening,877,810
2026-04-06,Plant C,M-05,P-02,Night,823,669
2026-04-07,Plant A,M-01,P-06,Morning,769,682
2026-04-07,Plant A,M-01,P-05,Evening,785,631
2026-04-07,Plant A,M-01,P-02,Night,1073,875
2026-04-07,Plant A,M-02,P-04,Morning,793,726
2026-04-07,Plant A,M-02,P-02,Evening,1112,984
2026-04-07,Plant A,M-02,P-03,Night,1124,842
2026-04-07,Plant A,M-03,P-03,Morning,1112,1093
2026-04-07,Plant A,M-03,P-01,Evening,947,913
2026-04-07,Plant A,M-03,P-06,Night,1015,793
2026-04-07,Plant A,M-04,P-03,Morning,1137,1073
2026-04-07,Plant A,M-04,P-01,Evening,750,604
2026-04-07,Plant A,M-04,P-01,Night,813,661
2026-04-07,Plant A,M-05,P-06,Morning,806,691
2026-04-07,Plant A,M-05,P-02,Evening,847,821
2026-04-07,Plant A,M-05,P-05,Night,1095,894
2026-04-07,Plant B,M-01,P-04,Morning,830,784
2026-04-07,Plant B,M-01,P-02,Evening,1089,956
2026-04-07,Plant B,M-01,P-02,Night,1145,997
2026-04-07,Plant B,M-02,P-02,Morning,767,688
2026-04-07,Plant B,M-02,P-01,Evening,840,778
2026-04-07,Plant B,M-02,P-02,Night,1071,815
2026-04-07,Plant B,M-03,P-04,Morning,974,894
2026-04-07,Plant B,M-03,P-05,Evening,771,737
2026-04-07,Plant B,M-03,P-02,Night,772,606
2026-04-07,Plant B,M-04,P-02,Morning,784,603
2026-04-07,Plant B,M-04,P-05,Evening,980,629
2026-04-07,Plant B,M-04,P-05,Night,1068,702
2026-04-07,Plant B,M-05,P-01,Morning,1056,962
2026-04-07,Plant B,M-05,P-03,Evening,817,733
2026-04-07,Plant B,M-05,P-02,Night,1153,961
2026-04-07,Plant C,M-01,P-01,Morning,846,830
2026-04-07,Plant C,M-01,P-06,Evening,1095,1021
2026-04-07,Plant C,M-01,P-01,Night,1161,916
2026-04-07,Plant C,M-02,P-01,Morning,811,759
2026-04-07,Plant C,M-02,P-06,Evening,916,816
2026-04-07,Plant C,M-02,P-02,Night,1120,957
2026-04-07,Plant C,M-03,P-01,Morning,1126,1036
2026-04-07,Plant C,M-03,P-01,Evening,861,819
2026-04-07,Plant C,M-03,P-06,Night,1020,815
2026-04-07,Plant C,M-04,P-01,Morning,1051,1055
2026-04-07,Plant C,M-04,P-06,Evening,1132,972
2026-04-07,Plant C,M-04,P-01,Night,1154,878
2026-04-07,Plant C,M-05,P-04,Morning,925,804
2026-04-07,Plant C,M-05,P-01,Evening,937,873
2026-04-07,Plant C,M-05,P-01,Night,890,663
2026-04-08,Plant A,M-01,P-01,Morning,864,842
2026-04-08,Plant A,M-01,P-02,Evening,1068,864
2026-04-08,Plant A,M-01,P-05,Night,793,576
2026-04-08,Plant A,M-02,P-05,Morning,809,771
2026-04-08,Plant A,M-02,P-04,Evening,789,716
2026-04-08,Plant A,M-02,P-06,Night,862,726
2026-04-08,Plant A,M-03,P-04,Morning,1186,1114
2026-04-08,Plant A,M-03,P-06,Evening,820,732
2026-04-08,Plant A,M-03,P-04,Night,959,806
2026-04-08,Plant A,M-04,P-02,Morning,936,864
2026-04-08,Plant A,M-04,P-05,Evening,894,821
2026-04-08,Plant A,M-04,P-06,Night,979,808
2026-04-08,Plant A,M-05,P-05,Morning,822,709
2026-04-08,Plant A,M-05,P-01,Evening,931,865
2026-04-08,Plant A,M-05,P-03,Night,867,669
2026-04-08,Plant B,M-01,P-05,Morning,1191,1093
2026-04-08,Plant B,M-01,P-03,Evening,961,922
2026-04-08,Plant B,M-01,P-03,Night,1156,900
2026-04-08,Plant B,M-02,P-04,Morning,1003,985
2026-04-08,Plant B,M-02,P-04,Evening,1050,947
2026-04-08,Plant B,M-02,P-06,Night,1007,831
2026-04-08,Plant B,M-03,P-05,Morning,1110,1076
2026-04-08,Plant B,M-03,P-01,Evening,777,723
2026-04-08,Plant B,M-03,P-05,Night,967,714
2026-04-08,Plant B,M-04,P-06,Morning,885,577
2026-04-08,Plant B,M-04,P-04,Evening,1060,823
2026-04-08,Plant B,M-04,P-04,Night,1073,708
2026-04-08,Plant B,M-05,P-05,Morning,1017,988
2026-04-08,Plant B,M-05,P-03,Evening,1107,939
2026-04-08,Plant B,M-05,P-02,Night,1029,877
2026-04-08,Plant C,M-01,P-03,Morning,755,706
2026-04-08,Plant C,M-01,P-02,Evening,811,771
2026-04-08,Plant C,M-01,P-05,Night,848,705
2026-04-08,Plant C,M-02,P-04,Morning,1139,1032
2026-04-08,Plant C,M-02,P-06,Evening,821,754
2026-04-08,Plant C,M-02,P-01,Night,822,725
2026-04-08,Plant C,M-03,P-06,Morning,770,704
2026-04-08,Plant C,M-03,P-02,Evening,887,799
2026-04-08,Plant C,M-03,P-04,Night,839,647
2026-04-08,Plant C,M-04,P-06,Morning,933,891
2026-04-08,Plant C,M-04,P-04,Evening,752,600
2026-04-08,Plant C,M-04,P-05,Night,794,608
2026-04-08,Plant C,M-05,P-03,Morning,1014,935
2026-04-08,Plant C,M-05,P-06,Evening,1040,951
2026-04-08,Plant C,M-05,P-01,Night,881,735
2026-04-09,Plant A,M-01,P-02,Morning,1157,1085
2026-04-09,Plant A,M-01,P-03,Evening,952,853
2026-04-09,Plant A,M-01,P-05,Night,1094,940
2026-04-09,Plant A,M-02,P-02,Morning,998,975
2026-04-09,Plant A,M-02,P-05,Evening,817,737
2026-04-09,Plant A,M-02,P-05,Night,994,863
2026-04-09,Plant A,M-03,P-02,Morning,1171,1160
2026-04-09,Plant A,M-03,P-01,Evening,769,663
2026-04-09,Plant A,M-03,P-06,Night,902,658
2026-04-09,Plant A,M-04,P-05,Morning,783,682
2026-04-09,Plant A,M-04,P-01,Evening,1028,942
2026-04-09,Plant A,M-04,P-04,Night,969,837
2026-04-09,Plant A,M-05,P-01,Morning,1110,1078
2026-04-09,Plant A,M-05,P-05,Evening,1013,861
2026-04-09,Plant A,M-05,P-02,Night,1181,973
2026-04-09,Plant B,M-01,P-01,Morning,942,798
2026-04-09,Plant B,M-01,P-02,Evening,865,811
2026-04-09,Plant B,M-01,P-02,Night,776,617
2026-04-09,Plant B,M-02,P-04,Morning,1078,1004
2026-04-09,Plant B,M-02,P-01,Evening,921,861
2026-04-09,Plant B,M-02,P-02,Night,1115,904
2026-04-09,Plant B,M-03,P-04,Morning,1040,1038
2026-04-09,Plant B,M-03,P-02,Evening,847,747
2026-04-09,Plant B,M-03,P-04,Night,940,764
2026-04-09,Plant B,M-04,P-05,Morning,1131,836
2026-04-09,Plant B,M-04,P-05,Evening,810,513
2026-04-09,Plant B,M-04,P-06,Night,1057,678
2026-04-09,Plant B,M-05,P-06,Morning,1086,912
2026-04-09,Plant B,M-05,P-02,Evening,993,836
2026-04-09,Plant B,M-05,P-03,Night,1000,771
2026-04-09,Plant C,M-01,P-02,Morning,809,714
2026-04-09,Plant C,M-01,P-01,Evening,791,682
2026-04-09,Plant C,M-01,P-03,Night,855,624
2026-04-09,Plant C,M-02,P-04,Morning,821,704
2026-04-09,Plant C,M-02,P-02,Evening,1078,1026
2026-04-09,Plant C,M-02,P-03,Night,1080,859
2026-04-09,Plant C,M-03,P-02,Morning,1184,1128
2026-04-09,Plant C,M-03,P-06,Evening,877,765
2026-04-09,Plant C,M-03,P-03,Night,759,606
2026-04-09,Plant C,M-04,P-01,Morning,1051,961
2026-04-09,Plant C,M-04,P-05,Evening,989,935
2026-04-09,Plant C,M-04,P-03,Night,807,675
2026-04-09,Plant C,M-05,P-04,Morning,982,950
2026-04-09,Plant C,M-05,P-01,Evening,1043,950
2026-04-09,Plant C,M-05,P-03,Night,1013,734
2026-04-10,Plant A,M-01,P-02,Morning,830,786
2026-04-10,Plant A,M-01,P-06,Evening,1067,895
2026-04-10,Plant A,M-01,P-04,Night,846,732
2026-04-10,Plant A,M-02,P-01,Morning,861,796
2026-04-10,Plant A,M-02,P-04,Evening,755,616
2026-04-10,Plant A,M-02,P-06,Night,1033,863
2026-04-10,Plant A,M-03,P-03,Morning,751,660
2026-04-10,Plant A,M-03,P-04,Evening,842,822
2026-04-10,Plant A,M-03,P-04,Night,1091,823
2026-04-10,Plant A,M-04,P-03,Morning,897,849
2026-04-10,Plant A,M-04,P-04,Evening,1059,960
2026-04-10,Plant A,M-04,P-04,Night,758,608
2026-04-10,Plant A,M-05,P-06,Morning,1084,964
2026-04-10,Plant A,M-05,P-03,Evening,1195,1070
2026-04-10,Plant A,M-05,P-05,Night,939,707
2026-04-10,Plant B,M-01,P-03,Morning,1003,890
2026-04-10,Plant B,M-01,P-05,Evening,1191,1094
2026-04-10,Plant B,M-01,P-01,Night,1138,923
2026-04-10,Plant B,M-02,P-06,Morning,797,663
2026-04-10,Plant B,M-02,P-04,Evening,1166,1168
2026-04-10,Plant B,M-02,P-02,Night,883,744
2026-04-10,Plant B,M-03,P-01,Morning,805,748
2026-04-10,Plant B,M-03,P-04,Evening,971,922
2026-04-10,Plant B,M-03,P-03,Night,1157,949
2026-04-10,Plant B,M-04,P-03,Morning,1078,933
2026-04-10,Plant B,M-04,P-05,Evening,970,753
2026-04-10,Plant B,M-04,P-03,Night,1079,806
2026-04-10,Plant B,M-05,P-05,Morning,1055,1053
2026-04-10,Plant B,M-05,P-01,Evening,1141,976
2026-04-10,Plant B,M-05,P-05,Night,948,690
2026-04-10,Plant C,M-01,P-03,Morning,1124,1018
2026-04-10,Plant C,M-01,P-04,Evening,845,780
2026-04-10,Plant C,M-01,P-04,Night,1032,876
2026-04-10,Plant C,M-02,P-02,Morning,897,852
2026-04-10,Plant C,M-02,P-02,Evening,954,903
2026-04-10,Plant C,M-02,P-04,Night,919,737
2026-04-10,Plant C,M-03,P-04,Morning,1087,1006
2026-04-10,Plant C,M-03,P-04,Evening,1138,1026
2026-04-10,Plant C,M-03,P-01,Night,1144,894
2026-04-10,Plant C,M-04,P-02,Morning,1030,929
2026-04-10,Plant C,M-04,P-03,Evening,806,783
2026-04-10,Plant C,M-04,P-03,Night,991,888
2026-04-10,Plant C,M-05,P-04,Morning,803,790
2026-04-10,Plant C,M-05,P-05,Evening,764,660
2026-04-10,Plant C,M-05,P-03,Night,1083,788
2026-04-11,Plant A,M-01,P-06,Morning,868,818
2026-04-11,Plant A,M-01,P-02,Evening,776,665
2026-04-11,Plant A,M-01,P-03,Night,831,670
2026-04-11,Plant A,M-02,P-02,Morning,802,746
2026-04-11,Plant A,M-02,P-04,Evening,883,807
2026-04-11,Plant A,M-02,P-03,Night,1115,959
2026-04-11,Plant A,M-03,P-04,Morning,1019,896
2026-04-11,Plant A,M-03,P-01,Evening,935,866
2026-04-11,Plant A,M-03,P-02,Night,751,573
2026-04-11,Plant A,M-04,P-03,Morning,1035,959
2026-04-11,Plant A,M-04,P-04,Evening,775,685
2026-04-11,Plant A,M-04,P-03,Night,844,726
2026-04-11,Plant A,M-05,P-03,Morning,786,759
2026-04-11,Plant A,M-05,P-06,Evening,1024,970
2026-04-11,Plant A,M-05,P-06,Night,947,756
2026-04-11,Plant B,M-01,P-04,Morning,1157,1111
2026-04-11,Plant B,M-01,P-05,Evening,1006,958
2026-04-11,Plant B,M-01,P-05,Night,796,678
2026-04-11,Plant B,M-02,P-01,Morning,1003,945
2026-04-11,Plant B,M-02,P-04,Evening,833,762
2026-04-11,Plant B,M-02,P-04,Night,825,624
2026-04-11,Plant B,M-03,P-02,Morning,805,792
2026-04-11,Plant B,M-03,P-05,Evening,889,774
2026-04-11,Plant B,M-03,P-01,Night,1011,788
2026-04-11,Plant B,M-04,P-03,Morning,924,667
2026-04-11,Plant B,M-04,P-06,Evening,1100,817
2026-04-11,Plant B,M-04,P-06,Night,1117,740
2026-04-11,Plant B,M-05,P-02,Morning,1188,1100
2026-04-11,Plant B,M-05,P-05,Evening,1086,977
2026-04-11,Plant B,M-05,P-06,Night,814,718
2026-04-11,Plant C,M-01,P-02,Morning,1154,1113
2026-04-11,Plant C,M-01,P-05,Evening,1053,950
2026-04-11,Plant C,M-01,P-02,Night,887,628
2026-04-11,Plant C,M-02,P-03,Morning,967,927
2026-04-11,Plant C,M-02,P-01,Evening,1042,940
2026-04-11,Plant C,M-02,P-01,Night,840,735
2026-04-11,Plant C,M-03,P-06,Morning,921,825
2026-04-11,Plant C,M-03,P-06,Evening,1181,1134
2026-04-11,Plant C,M-03,P-04,Night,991,745
2026-04-11,Plant C,M-04,P-01,Morning,1013,931
2026-04-11,Plant C,M-04,P-05,Evening,1190,1052
2026-04-11,Plant C,M-04,P-05,Night,750,602
2026-04-11,Plant C,M-05,P-02,Morning,973,886
2026-04-11,Plant C,M-05,P-05,Evening,794,758
2026-04-11,Plant C,M-05,P-02,Night,833,664
2026-04-12,Plant A,M-01,P-04,Morning,817,828
2026-04-12,Plant A,M-01,P-06,Evening,1173,1047
2026-04-12,Plant A,M-01,P-03,Night,894,787
2026-04-12,Plant A,M-02,P-04,Morning,1189,1097
2026-04-12,Plant A,M-02,P-01,Evening,790,751
2026-04-12,Plant A,M-02,P-05,Night,1069,817
2026-04-12,Plant A,M-03,P-04,Morning,1063,961
2026-04-12,Plant A,M-03,P-02,Evening,1180,1033
2026-04-12,Plant A,M-03,P-04,Night,919,665
2026-04-12,Plant A,M-04,P-04,Morning,1193,1192
2026-04-12,Plant A,M-04,P-05,Evening,1163,1059
2026-04-12,Plant A,M-04,P-06,Night,915,766
2026-04-12,Plant A,M-05,P-01,Morning,873,864
2026-04-12,Plant A,M-05,P-03,Evening,849,762
2026-04-12,Plant A,M-05,P-02,Night,1116,914
2026-04-12,Plant B,M-01,P-06,Morning,757,725
2026-04-12,Plant B,M-01,P-06,Evening,1195,1160
2026-04-12,Plant B,M-01,P-05,Night,866,739
2026-04-12,Plant B,M-02,P-03,Morning,879,792
2026-04-12,Plant B,M-02,P-03,Evening,916,914
2026-04-12,Plant B,M-02,P-04,Night,874,726
2026-04-12,Plant B,M-03,P-05,Morning,1076,1014
2026-04-12,Plant B,M-03,P-01,Evening,1046,942
2026-04-12,Plant B,M-03,P-03,Night,887,701
2026-04-12,Plant B,M-04,P-04,Morning,868,663
2026-04-12,Plant B,M-04,P-06,Evening,1028,780
2026-04-12,Plant B,M-04,P-03,Night,879,648
2026-04-12,Plant B,M-05,P-02,Morning,1007,944
2026-04-12,Plant B,M-05,P-01,Evening,1193,1026
2026-04-12,Plant B,M-05,P-06,Night,885,588
2026-04-12,Plant C,M-01,P-02,Morning,1008,881
2026-04-12,Plant C,M-01,P-01,Evening,1157,1078
2026-04-12,Plant C,M-01,P-06,Night,841,613
2026-04-12,Plant C,M-02,P-03,Morning,1141,1066
2026-04-12,Plant C,M-02,P-03,Evening,1041,867
2026-04-12,Plant C,M-02,P-01,Night,943,817
2026-04-12,Plant C,M-03,P-03,Morning,997,994
2026-04-12,Plant C,M-03,P-05,Evening,904,833
2026-04-12,Plant C,M-03,P-01,Night,928,788
2026-04-12,Plant C,M-04,P-01,Morning,1017,914
2026-04-12,Plant C,M-04,P-06,Evening,809,738
2026-04-12,Plant C,M-04,P-04,Night,1059,901
2026-04-12,Plant C,M-05,P-01,Morning,821,791
2026-04-12,Plant C,M-05,P-02,Evening,873,743
2026-04-12,Plant C,M-05,P-01,Night,784,686
2026-04-13,Plant A,M-01,P-02,Morning,905,861
2026-04-13,Plant A,M-01,P-02,Evening,1078,945
2026-04-13,Plant A,M-01,P-03,Night,1046,821
2026-04-13,Plant A,M-02,P-01,Morning,838,709
2026-04-13,Plant A,M-02,P-01,Evening,1116,1112
2026-04-13,Plant A,M-02,P-01,Night,961,848
2026-04-13,Plant A,M-03,P-06,Morning,1135,1086
2026-04-13,Plant A,M-03,P-02,Evening,1021,902
2026-04-13,Plant A,M-03,P-06,Night,934,781
2026-04-13,Plant A,M-04,P-03,Morning,1130,1050
2026-04-13,Plant A,M-04,P-04,Evening,1033,894
2026-04-13,Plant A,M-04,P-03,Night,1068,929
2026-04-13,Plant A,M-05,P-03,Morning,857,788
2026-04-13,Plant A,M-05,P-02,Evening,1051,1017
2026-04-13,Plant A,M-05,P-05,Night,957,771
2026-04-13,Plant B,M-01,P-06,Morning,1092,1046
2026-04-13,Plant B,M-01,P-05,Evening,1012,907
2026-04-13,Plant B,M-01,P-05,Night,1013,856
2026-04-13,Plant B,M-02,P-03,Morning,812,757
2026-04-13,Plant B,M-02,P-06,Evening,1143,993
2026-04-13,Plant B,M-02,P-01,Night,849,680
2026-04-13,Plant B,M-03,P-04,Morning,1167,1101
2026-04-13,Plant B,M-03,P-05,Evening,907,881
2026-04-13,Plant B,M-03,P-01,Night,772,600
2026-04-13,Plant B,M-04,P-03,Morning,791,584
2026-04-13,Plant B,M-04,P-01,Evening,1135,830
2026-04-13,Plant B,M-04,P-06,Night,847,497
2026-04-13,Plant B,M-05,P-05,Morning,784,669
2026-04-13,Plant B,M-05,P-06,Evening,1015,939
2026-04-13,Plant B,M-05,P-04,Night,1088,797
2026-04-13,Plant C,M-01,P-06,Morning,1014,906
2026-04-13,Plant C,M-01,P-03,Evening,866,690
2026-04-13,Plant C,M-01,P-06,Night,847,724
2026-04-13,Plant C,M-02,P-04,Morning,1072,963
2026-04-13,Plant C,M-02,P-06,Evening,947,865
2026-04-13,Plant C,M-02,P-05,Night,948,754
2026-04-13,Plant C,M-03,P-06,Morning,763,705
2026-04-13,Plant C,M-03,P-01,Evening,990,873
2026-04-13,Plant C,M-03,P-06,Night,971,761
2026-04-13,Plant C,M-04,P-03,Morning,1068,1045
2026-04-13,Plant C,M-04,P-06,Evening,1188,1103
2026-04-13,Plant C,M-04,P-01,Night,870,644
2026-04-13,Plant C,M-05,P-02,Morning,866,829
2026-04-13,Plant C,M-05,P-04,Evening,1117,955
2026-04-13,Plant C,M-05,P-05,Night,880,777
2026-04-14,Plant A,M-01,P-05,Morning,943,963
2026-04-14,Plant A,M-01,P-03,Evening,1095,1036
2026-04-14,Plant A,M-01,P-06,Night,1050,859
2026-04-14,Plant A,M-02,P-01,Morning,876,810
2026-04-14,Plant A,M-02,P-06,Evening,1157,1036
2026-04-14,Plant A,M-02,P-02,Night,1034,914
2026-04-14,Plant A,M-03,P-03,Morning,951,887
2026-04-14,Plant A,M-03,P-05,Evening,1111,962
2026-04-14,Plant A,M-03,P-04,Night,1098,873
2026-04-14,Plant A,M-04,P-06,Morning,1143,1130
2026-04-14,Plant A,M-04,P-02,Evening,789,721
2026-04-14,Plant A,M-04,P-03,Night,863,746
2026-04-14,Plant A,M-05,P-04,Morning,1012,943
2026-04-14,Plant A,M-05,P-02,Evening,1096,1022
2026-04-14,Plant A,M-05,P-06,Night,1031,862
2026-04-14,Plant B,M-01,P-03,Morning,1194,1063
2026-04-14,Plant B,M-01,P-02,Evening,1116,999
2026-04-14,Plant B,M-01,P-05,Night,932,843
2026-04-14,Plant B,M-02,P-05,Morning,868,837
2026-04-14,Plant B,M-02,P-04,Evening,949,886
2026-04-14,Plant B,M-02,P-01,Night,761,563
2026-04-14,Plant B,M-03,P-03,Morning,837,866
2026-04-14,Plant B,M-03,P-04,Evening,1170,1070
2026-04-14,Plant B,M-03,P-01,Night,806,631
2026-04-14,Plant B,M-04,P-06,Morning,803,622
2026-04-14,Plant B,M-04,P-04,Evening,1089,836
2026-04-14,Plant B,M-04,P-05,Night,1036,628
2026-04-14,Plant B,M-05,P-03,Morning,835,834
2026-04-14,Plant B,M-05,P-05,Evening,832,751
2026-04-14,Plant B,M-05,P-04,Night,982,795
2026-04-14,Plant C,M-01,P-05,Morning,1065,1057
2026-04-14,Plant C,M-01,P-02,Evening,946,843
2026-04-14,Plant C,M-01,P-01,Night,760,599
2026-04-14,Plant C,M-02,P-05,Morning,819,719
2026-04-14,Plant C,M-02,P-04,Evening,1174,1019
2026-04-14,Plant C,M-02,P-06,Night,889,719
2026-04-14,Plant C,M-03,P-05,Morning,811,748
2026-04-14,Plant C,M-03,P-06,Evening,957,880
2026-04-14,Plant C,M-03,P-06,Night,1036,859
2026-04-14,Plant C,M-04,P-02,Morning,983,974
2026-04-14,Plant C,M-04,P-02,Evening,1138,1124
2026-04-14,Plant C,M-04,P-06,Night,887,813
2026-04-14,Plant C,M-05,P-04,Morning,1063,1019
2026-04-14,Plant C,M-05,P-04,Evening,942,833
2026-04-14,Plant C,M-05,P-04,Night,1063,846
2026-04-15,Plant A,M-01,P-06,Morning,1056,978
2026-04-15,Plant A,M-01,P-01,Evening,886,781
2026-04-15,Plant A,M-01,P-06,Night,807,702
2026-04-15,Plant A,M-02,P-04,Morning,1117,1059
2026-04-15,Plant A,M-02,P-01,Evening,1176,1115
2026-04-15,Plant A,M-02,P-06,Night,907,772
2026-04-15,Plant A,M-03,P-04,Morning,837,761
2026-04-15,Plant A,M-03,P-02,Evening,1108,1031
2026-04-15,Plant A,M-03,P-04,Night,885,671
2026-04-15,Plant A,M-04,P-04,Morning,1036,936
2026-04-15,Plant A,M-04,P-01,Evening,1120,994
2026-04-15,Plant A,M-04,P-04,Night,906,685
2026-04-15,Plant A,M-05,P-01,Morning,778,739
2026-04-15,Plant A,M-05,P-01,Evening,1053,1017
2026-04-15,Plant A,M-05,P-02,Night,839,718
2026-04-15,Plant B,M-01,P-01,Morning,1108,996
2026-04-15,Plant B,M-01,P-01,Evening,983,843
2026-04-15,Plant B,M-01,P-05,Night,844,653
2026-04-15,Plant B,M-02,P-05,Morning,1038,969
2026-04-15,Plant B,M-02,P-05,Evening,1109,1022
2026-04-15,Plant B,M-02,P-03,Night,991,757
2026-04-15,Plant B,M-03,P-02,Morning,866,766
2026-04-15,Plant B,M-03,P-04,Evening,1036,936
2026-04-15,Plant B,M-03,P-02,Night,1076,882
2026-04-15,Plant B,M-04,P-05,Morning,959,808
2026-04-15,Plant B,M-04,P-04,Evening,894,584
2026-04-15,Plant B,M-04,P-02,Night,1098,683
2026-04-15,Plant B,M-05,P-03,Morning,847,750
2026-04-15,Plant B,M-05,P-02,Evening,971,866
2026-04-15,Plant B,M-05,P-03,Night,1191,1005
2026-04-15,Plant C,M-01,P-05,Morning,1037,961
2026-04-15,Plant C,M-01,P-04,Evening,1137,1029
2026-04-15,Plant C,M-01,P-02,Night,1115,887
2026-04-15,Plant C,M-02,P-01,Morning,1136,1044
2026-04-15,Plant C,M-02,P-05,Evening,1006,949
2026-04-15,Plant C,M-02,P-03,Night,771,601
2026-04-15,Plant C,M-03,P-05,Morning,937,922
2026-04-15,Plant C,M-03,P-02,Evening,816,758
2026-04-15,Plant C,M-03,P-03,Night,1026,884
2026-04-15,Plant C,M-04,P-06,Morning,1176,1159
2026-04-15,Plant C,M-04,P-05,Evening,877,736
2026-04-15,Plant C,M-04,P-04,Night,1038,896
2026-04-15,Plant C,M-05,P-02,Morning,817,724
2026-04-15,Plant C,M-05,P-01,Evening,1146,1108
2026-04-15,Plant C,M-05,P-04,Night,850,654
2026-04-16,Plant A,M-01,P-05,Morning,1185,1139
2026-04-16,Plant A,M-01,P-05,Evening,1000,922
2026-04-16,Plant A,M-01,P-06,Night,774,570
2026-04-16,Plant A,M-02,P-01,Morning,1136,1093
2026-04-16,Plant A,M-02,P-01,Evening,1152,1051
2026-04-16,Plant A,M-02,P-06,Night,794,574
2026-04-16,Plant A,M-03,P-05,Morning,1154,1042
2026-04-16,Plant A,M-03,P-04,Evening,1085,966
2026-04-16,Plant A,M-03,P-02,Night,1048,817
2026-04-16,Plant A,M-04,P-01,Morning,1113,1060
2026-04-16,Plant A,M-04,P-03,Evening,1100,1084
2026-04-16,Plant A,M-04,P-02,Night,798,647
2026-04-16,Plant A,M-05,P-06,Morning,766,742
2026-04-16,Plant A,M-05,P-06,Evening,865,729
2026-04-16,Plant A,M-05,P-06,Night,870,701
2026-04-16,Plant B,M-01,P-01,Morning,1140,1103
2026-04-16,Plant B,M-01,P-04,Evening,1153,1068
2026-04-16,Plant B,M-01,P-01,Night,750,562
2026-04-16,Plant B,M-02,P-05,Morning,1178,1088
2026-04-16,Plant B,M-02,P-04,Evening,882,827
2026-04-16,Plant B,M-02,P-03,Night,845,727
2026-04-16,Plant B,M-03,P-04,Morning,945,860
2026-04-16,Plant B,M-03,P-03,Evening,1086,983
2026-04-16,Plant B,M-03,P-03,Night,1050,862
2026-04-16,Plant B,M-04,P-02,Morning,1123,933
2026-04-16,Plant B,M-04,P-05,Evening,876,640
2026-04-16,Plant B,M-04,P-04,Night,830,627
2026-04-16,Plant B,M-05,P-04,Morning,944,837
2026-04-16,Plant B,M-05,P-04,Evening,894,764
2026-04-16,Plant B,M-05,P-05,Night,753,627
2026-04-16,Plant C,M-01,P-06,Morning,801,750
2026-04-16,Plant C,M-01,P-02,Evening,977,926
2026-04-16,Plant C,M-01,P-04,Night,762,489
2026-04-16,Plant C,M-02,P-03,Morning,918,777
2026-04-16,Plant C,M-02,P-01,Evening,1033,973
2026-04-16,Plant C,M-02,P-02,Night,802,675
2026-04-16,Plant C,M-03,P-01,Morning,938,835
2026-04-16,Plant C,M-03,P-06,Evening,1112,956
2026-04-16,Plant C,M-03,P-02,Night,874,700
2026-04-16,Plant C,M-04,P-06,Morning,823,675
2026-04-16,Plant C,M-04,P-05,Evening,1034,934
2026-04-16,Plant C,M-04,P-04,Night,919,706
2026-04-16,Plant C,M-05,P-05,Morning,954,908
2026-04-16,Plant C,M-05,P-01,Evening,793,724
2026-04-16,Plant C,M-05,P-02,Night,851,678
2026-04-17,Plant A,M-01,P-02,Morning,861,910
2026-04-17,Plant A,M-01,P-04,Evening,1056,979
2026-04-17,Plant A,M-01,P-03,Night,1154,891
2026-04-17,Plant A,M-02,P-01,Morning,864,779
2026-04-17,Plant A,M-02,P-01,Evening,871,812
2026-04-17,Plant A,M-02,P-01,Night,1136,947
2026-04-17,Plant A,M-03,P-06,Morning,826,748
2026-04-17,Plant A,M-03,P-03,Evening,923,822
2026-04-17,Plant A,M-03,P-02,Night,1164,989
2026-04-17,Plant A,M-04,P-06,Morning,779,724
2026-04-17,Plant A,M-04,P-06,Evening,956,848
2026-04-17,Plant A,M-04,P-03,Night,881,752
2026-04-17,Plant A,M-05,P-03,Morning,1181,1068
2026-04-17,Plant A,M-05,P-04,Evening,784,691
2026-04-17,Plant A,M-05,P-06,Night,1152,978
2026-04-17,Plant B,M-01,P-04,Morning,784,780
2026-04-17,Plant B,M-01,P-05,Evening,1110,1077
2026-04-17,Plant B,M-01,P-04,Night,1153,998
2026-04-17,Plant B,M-02,P-03,Morning,796,690
2026-04-17,Plant B,M-02,P-01,Evening,1063,1006
2026-04-17,Plant B,M-02,P-02,Night,1055,923
2026-04-17,Plant B,M-03,P-03,Morning,1055,1004
2026-04-17,Plant B,M-03,P-04,Evening,1196,1080
2026-04-17,Plant B,M-03,P-01,Night,975,770
2026-04-17,Plant B,M-04,P-01,Morning,1199,967
2026-04-17,Plant B,M-04,P-02,Evening,1007,768
2026-04-17,Plant B,M-04,P-05,Night,1052,715
2026-04-17,Plant B,M-05,P-03,Morning,885,739
2026-04-17,Plant B,M-05,P-01,Evening,938,838
2026-04-17,Plant B,M-05,P-03,Night,769,574
2026-04-17,Plant C,M-01,P-02,Morning,1063,1005
2026-04-17,Plant C,M-01,P-01,Evening,838,686
2026-04-17,Plant C,M-01,P-05,Night,1163,1003
2026-04-17,Plant C,M-02,P-02,Morning,1066,1036
2026-04-17,Plant C,M-02,P-02,Evening,1025,901
2026-04-17,Plant C,M-02,P-02,Night,1068,832
2026-04-17,Plant C,M-03,P-04,Morning,811,709
2026-04-17,Plant C,M-03,P-03,Evening,763,639
2026-04-17,Plant C,M-03,P-02,Night,888,626
2026-04-17,Plant C,M-04,P-04,Morning,761,638
2026-04-17,Plant C,M-04,P-05,Evening,1055,952
2026-04-17,Plant C,M-04,P-03,Night,825,572
2026-04-17,Plant C,M-05,P-06,Morning,1004,941
2026-04-17,Plant C,M-05,P-03,Evening,1175,1091
2026-04-17,Plant C,M-05,P-05,Night,1149,974
2026-04-18,Plant A,M-01,P-04,Morning,1171,1173
2026-04-18,Plant A,M-01,P-01,Evening,1017,898
2026-04-18,Plant A,M-01,P-04,Night,784,629
2026-04-18,Plant A,M-02,P-06,Morning,1042,1001
2026-04-18,Plant A,M-02,P-03,Evening,953,778
2026-04-18,Plant A,M-02,P-05,Night,805,659
2026-04-18,Plant A,M-03,P-04,Morning,1006,1050
2026-04-18,Plant A,M-03,P-06,Evening,946,817
2026-04-18,Plant A,M-03,P-01,Night,1065,930
2026-04-18,Plant A,M-04,P-03,Morning,1174,1089
2026-04-18,Plant A,M-04,P-02,Evening,825,774
2026-04-18,Plant A,M-04,P-05,Night,979,738
2026-04-18,Plant A,M-05,P-03,Morning,997,897
2026-04-18,Plant A,M-05,P-06,Evening,976,973
2026-04-18,Plant A,M-05,P-02,Night,896,733
2026-04-18,Plant B,M-01,P-02,Morning,1069,1000
2026-04-18,Plant B,M-01,P-06,Evening,1136,1031
2026-04-18,Plant B,M-01,P-03,Night,1146,899
2026-04-18,Plant B,M-02,P-02,Morning,947,893
2026-04-18,Plant B,M-02,P-02,Evening,1116,1017
2026-04-18,Plant B,M-02,P-03,Night,1089,861
2026-04-18,Plant B,M-03,P-03,Morning,800,755
2026-04-18,Plant B,M-03,P-03,Evening,820,673
2026-04-18,Plant B,M-03,P-06,Night,992,797
2026-04-18,Plant B,M-04,P-01,Morning,887,688
2026-04-18,Plant B,M-04,P-05,Evening,971,700
2026-04-18,Plant B,M-04,P-03,Night,864,537
2026-04-18,Plant B,M-05,P-03,Morning,1144,1105
2026-04-18,Plant B,M-05,P-01,Evening,794,661
2026-04-18,Plant B,M-05,P-03,Night,994,840
2026-04-18,Plant C,M-01,P-05,Morning,899,808
2026-04-18,Plant C,M-01,P-04,Evening,941,885
2026-04-18,Plant C,M-01,P-02,Night,796,700
2026-04-18,Plant C,M-02,P-05,Morning,1157,1057
2026-04-18,Plant C,M-02,P-03,Evening,1099,959
2026-04-18,Plant C,M-02,P-01,Night,1148,859
2026-04-18,Plant C,M-03,P-02,Morning,779,700
2026-04-18,Plant C,M-03,P-03,Evening,876,737
2026-04-18,Plant C,M-03,P-05,Night,1024,827
2026-04-18,Plant C,M-04,P-01,Morning,895,747
2026-04-18,Plant C,M-04,P-03,Evening,819,787
2026-04-18,Plant C,M-04,P-06,Night,983,867
2026-04-18,Plant C,M-05,P-02,Morning,1172,1097
2026-04-18,Plant C,M-05,P-01,Evening,823,713
2026-04-18,Plant C,M-05,P-02,Night,816,610
2026-04-19,Plant A,M-01,P-03,Morning,1071,1110
2026-04-19,Plant A,M-01,P-03,Evening,1161,1085
2026-04-19,Plant A,M-01,P-01,Night,777,623
2026-04-19,Plant A,M-02,P-06,Morning,991,859
2026-04-19,Plant A,M-02,P-03,Evening,1072,957
2026-04-19,Plant A,M-02,P-06,Night,856,669
2026-04-19,Plant A,M-03,P-04,Morning,769,706
2026-04-19,Plant A,M-03,P-06,Evening,995,961
2026-04-19,Plant A,M-03,P-06,Night,935,784
2026-04-19,Plant A,M-04,P-04,Morning,930,787
2026-04-19,Plant A,M-04,P-05,Evening,1127,1023
2026-04-19,Plant A,M-04,P-06,Night,1180,986
2026-04-19,Plant A,M-05,P-03,Morning,1066,1068
2026-04-19,Plant A,M-05,P-05,Evening,1171,1016
2026-04-19,Plant A,M-05,P-03,Night,984,812
2026-04-19,Plant B,M-01,P-04,Morning,846,743
2026-04-19,Plant B,M-01,P-01,Evening,786,631
2026-04-19,Plant B,M-01,P-05,Night,1007,777
2026-04-19,Plant B,M-02,P-02,Morning,1114,1059
2026-04-19,Plant B,M-02,P-02,Evening,1029,930
2026-04-19,Plant B,M-02,P-01,Night,944,831
2026-04-19,Plant B,M-03,P-06,Morning,986,933
2026-04-19,Plant B,M-03,P-06,Evening,956,844
2026-04-19,Plant B,M-03,P-06,Night,1060,846
2026-04-19,Plant B,M-04,P-05,Morning,1022,823
2026-04-19,Plant B,M-04,P-06,Evening,801,556
2026-04-19,Plant B,M-04,P-01,Night,813,562
2026-04-19,Plant B,M-05,P-04,Morning,1051,956
2026-04-19,Plant B,M-05,P-03,Evening,762,664
2026-04-19,Plant B,M-05,P-01,Night,756,573
2026-04-19,Plant C,M-01,P-06,Morning,999,900
2026-04-19,Plant C,M-01,P-05,Evening,1039,930
2026-04-19,Plant C,M-01,P-05,Night,896,658
2026-04-19,Plant C,M-02,P-05,Morning,1168,1055
2026-04-19,Plant C,M-02,P-02,Evening,818,753
2026-04-19,Plant C,M-02,P-05,Night,1131,904
2026-04-19,Plant C,M-03,P-05,Morning,828,788
2026-04-19,Plant C,M-03,P-03,Evening,932,862
2026-04-19,Plant C,M-03,P-06,Night,929,806
2026-04-19,Plant C,M-04,P-04,Morning,978,919
2026-04-19,Plant C,M-04,P-05,Evening,921,786
2026-04-19,Plant C,M-04,P-04,Night,774,690
2026-04-19,Plant C,M-05,P-02,Morning,805,785
2026-04-19,Plant C,M-05,P-04,Evening,772,715
2026-04-19,Plant C,M-05,P-06,Night,1022,812
2026-04-20,Plant A,M-01,P-04,Morning,1042,1071
2026-04-20,Plant A,M-01,P-04,Evening,1009,863
2026-04-20,Plant A,M-01,P-06,Night,1180,970
2026-04-20,Plant A,M-02,P-04,Morning,1150,1119
2026-04-20,Plant A,M-02,P-05,Evening,1095,1034
2026-04-20,Plant A,M-02,P-03,Night,800,606
2026-04-20,Plant A,M-03,P-02,Morning,1123,1058
2026-04-20,Plant A,M-03,P-03,Evening,937,876
2026-04-20,Plant A,M-03,P-06,Night,775,666
2026-04-20,Plant A,M-04,P-02,Morning,908,786
2026-04-20,Plant A,M-04,P-06,Evening,894,867
2026-04-20,Plant A,M-04,P-05,Night,1007,771
2026-04-20,Plant A,M-05,P-05,Morning,1114,1050
2026-04-20,Plant A,M-05,P-05,Evening,868,785
2026-04-20,Plant A,M-05,P-05,Night,1143,951
2026-04-20,Plant B,M-01,P-06,Morning,1041,926
2026-04-20,Plant B,M-01,P-05,Evening,1183,1128
2026-04-20,Plant B,M-01,P-04,Night,1197,926
2026-04-20,Plant B,M-02,P-04,Morning,1150,1056
2026-04-20,Plant B,M-02,P-01,Evening,1123,986
2026-04-20,Plant B,M-02,P-01,Night,934,771
2026-04-20,Plant B,M-03,P-01,Morning,1186,1139
2026-04-20,Plant B,M-03,P-06,Evening,1023,923
2026-04-20,Plant B,M-03,P-04,Night,925,678
2026-04-20,Plant B,M-04,P-05,Morning,1091,876
2026-04-20,Plant B,M-04,P-02,Evening,884,552
2026-04-20,Plant B,M-04,P-02,Night,830,588
2026-04-20,Plant B,M-05,P-03,Morning,1105,1050
2026-04-20,Plant B,M-05,P-05,Evening,1107,951
2026-04-20,Plant B,M-05,P-01,Night,762,562
2026-04-20,Plant C,M-01,P-05,Morning,931,782
2026-04-20,Plant C,M-01,P-01,Evening,841,780
2026-04-20,Plant C,M-01,P-01,Night,950,755
2026-04-20,Plant C,M-02,P-05,Morning,1178,1104
2026-04-20,Plant C,M-02,P-05,Evening,750,658
2026-04-20,Plant C,M-02,P-05,Night,1140,1005
2026-04-20,Plant C,M-03,P-02,Morning,864,825
2026-04-20,Plant C,M-03,P-05,Evening,1037,977
2026-04-20,Plant C,M-03,P-06,Night,1032,859
2026-04-20,Plant C,M-04,P-01,Morning,950,911
2026-04-20,Plant C,M-04,P-04,Evening,1112,1021
2026-04-20,Plant C,M-04,P-02,Night,895,720
2026-04-20,Plant C,M-05,P-04,Morning,809,786
2026-04-20,Plant C,M-05,P-01,Evening,800,736
2026-04-20,Plant C,M-05,P-06,Night,767,574
2026-04-21,Plant A,M-01,P-05,Morning,830,834
2026-04-21,Plant A,M-01,P-05,Evening,1022,972
2026-04-21,Plant A,M-01,P-04,Night,763,610
2026-04-21,Plant A,M-02,P-02,Morning,948,908
2026-04-21,Plant A,M-02,P-02,Evening,1143,1033
2026-04-21,Plant A,M-02,P-06,Night,1198,1027
2026-04-21,Plant A,M-03,P-05,Morning,1071,1035
2026-04-21,Plant A,M-03,P-03,Evening,1088,943
2026-04-21,Plant A,M-03,P-02,Night,823,621
2026-04-21,Plant A,M-04,P-01,Morning,1048,935
2026-04-21,Plant A,M-04,P-03,Evening,982,853
2026-04-21,Plant A,M-04,P-03,Night,788,604
2026-04-21,Plant A,M-05,P-01,Morning,986,905
2026-04-21,Plant A,M-05,P-02,Evening,1110,1023
2026-04-21,Plant A,M-05,P-05,Night,829,668
2026-04-21,Plant B,M-01,P-02,Morning,1082,1058
2026-04-21,Plant B,M-01,P-03,Evening,963,915
2026-04-21,Plant B,M-01,P-01,Night,1003,809
2026-04-21,Plant B,M-02,P-06,Morning,840,811
2026-04-21,Plant B,M-02,P-06,Evening,941,767
2026-04-21,Plant B,M-02,P-01,Night,1016,814
2026-04-21,Plant B,M-03,P-02,Morning,867,807
2026-04-21,Plant B,M-03,P-01,Evening,868,716
2026-04-21,Plant B,M-03,P-04,Night,1013,758
2026-04-21,Plant B,M-04,P-01,Morning,993,789
2026-04-21,Plant B,M-04,P-03,Evening,967,680
2026-04-21,Plant B,M-04,P-04,Night,866,402
2026-04-21,Plant B,M-05,P-01,Morning,920,846
2026-04-21,Plant B,M-05,P-03,Evening,945,930
2026-04-21,Plant B,M-05,P-02,Night,836,698
2026-04-21,Plant C,M-01,P-03,Morning,1192,1219
2026-04-21,Plant C,M-01,P-01,Evening,1167,1023
2026-04-21,Plant C,M-01,P-05,Night,1114,862
2026-04-21,Plant C,M-02,P-02,Morning,1183,1046
2026-04-21,Plant C,M-02,P-02,Evening,1007,842
2026-04-21,Plant C,M-02,P-01,Night,1039,730
2026-04-21,Plant C,M-03,P-02,Morning,1095,996
2026-04-21,Plant C,M-03,P-01,Evening,1160,1058
2026-04-21,Plant C,M-03,P-04,Night,773,652
2026-04-21,Plant C,M-04,P-01,Morning,844,748
2026-04-21,Plant C,M-04,P-03,Evening,1013,855
2026-04-21,Plant C,M-04,P-02,Night,772,618
2026-04-21,Plant C,M-05,P-03,Morning,1088,994
2026-04-21,Plant C,M-05,P-01,Evening,1021,954
2026-04-21,Plant C,M-05,P-06,Night,817,710
2026-04-22,Plant A,M-01,P-03,Morning,1130,1019
2026-04-22,Plant A,M-01,P-01,Evening,974,892
2026-04-22,Plant A,M-01,P-02,Night,1011,744
2026-04-22,Plant A,M-02,P-01,Morning,994,926
2026-04-22,Plant A,M-02,P-01,Evening,836,710
2026-04-22,Plant A,M-02,P-04,Night,787,625
2026-04-22,Plant A,M-03,P-03,Morning,849,825
2026-04-22,Plant A,M-03,P-05,Evening,893,793
2026-04-22,Plant A,M-03,P-05,Night,1080,868
2026-04-22,Plant A,M-04,P-04,Morning,1159,1038
2026-04-22,Plant A,M-04,P-02,Evening,1016,858
2026-04-22,Plant A,M-04,P-04,Night,1124,805
2026-04-22,Plant A,M-05,P-05,Morning,1190,1080
2026-04-22,Plant A,M-05,P-04,Evening,998,918
2026-04-22,Plant A,M-05,P-02,Night,891,691
2026-04-22,Plant B,M-01,P-05,Morning,1148,1059
2026-04-22,Plant B,M-01,P-04,Evening,1023,869
2026-04-22,Plant B,M-01,P-03,Night,1004,886
2026-04-22,Plant B,M-02,P-02,Morning,895,860
2026-04-22,Plant B,M-02,P-03,Evening,954,903
2026-04-22,Plant B,M-02,P-02,Night,983,779
2026-04-22,Plant B,M-03,P-05,Morning,1191,1139
2026-04-22,Plant B,M-03,P-06,Evening,1067,887
2026-04-22,Plant B,M-03,P-03,Night,1140,944
2026-04-22,Plant B,M-04,P-02,Morning,1020,851
2026-04-22,Plant B,M-04,P-05,Evening,994,726
2026-04-22,Plant B,M-04,P-04,Night,788,498
2026-04-22,Plant B,M-05,P-06,Morning,1004,851
2026-04-22,Plant B,M-05,P-01,Evening,1029,897
2026-04-22,Plant B,M-05,P-05,Night,863,700
2026-04-22,Plant C,M-01,P-02,Morning,938,803
2026-04-22,Plant C,M-01,P-06,Evening,1186,985
2026-04-22,Plant C,M-01,P-01,Night,777,548
2026-04-22,Plant C,M-02,P-04,Morning,903,847
2026-04-22,Plant C,M-02,P-05,Evening,1198,1153
2026-04-22,Plant C,M-02,P-01,Night,1153,986
2026-04-22,Plant C,M-03,P-01,Morning,772,655
2026-04-22,Plant C,M-03,P-06,Evening,1181,1120
2026-04-22,Plant C,M-03,P-02,Night,1084,877
2026-04-22,Plant C,M-04,P-02,Morning,1144,1043
2026-04-22,Plant C,M-04,P-05,Evening,1034,831
2026-04-22,Plant C,M-04,P-04,Night,1014,880
2026-04-22,Plant C,M-05,P-03,Morning,786,698
2026-04-22,Plant C,M-05,P-05,Evening,817,683
2026-04-22,Plant C,M-05,P-05,Night,976,764
2026-04-23,Plant A,M-01,P-02,Morning,834,783
2026-04-23,Plant A,M-01,P-03,Evening,1104,994
2026-04-23,Plant A,M-01,P-04,Night,1099,901
2026-04-23,Plant A,M-02,P-04,Morning,842,790
2026-04-23,Plant A,M-02,P-02,Evening,854,800
2026-04-23,Plant A,M-02,P-06,Night,812,672
2026-04-23,Plant A,M-03,P-01,Morning,1091,987
2026-04-23,Plant A,M-03,P-02,Evening,1039,889
2026-04-23,Plant A,M-03,P-05,Night,1141,930
2026-04-23,Plant A,M-04,P-06,Morning,1088,966
2026-04-23,Plant A,M-04,P-06,Evening,931,843
2026-04-23,Plant A,M-04,P-01,Night,1094,965
2026-04-23,Plant A,M-05,P-02,Morning,1174,1134
2026-04-23,Plant A,M-05,P-03,Evening,973,956
2026-04-23,Plant A,M-05,P-03,Night,1116,852
2026-04-23,Plant B,M-01,P-06,Morning,861,778
2026-04-23,Plant B,M-01,P-02,Evening,897,814
2026-04-23,Plant B,M-01,P-03,Night,1194,1004
2026-04-23,Plant B,M-02,P-01,Morning,1033,977
2026-04-23,Plant B,M-02,P-05,Evening,870,739
2026-04-23,Plant B,M-02,P-03,Night,814,708
2026-04-23,Plant B,M-03,P-04,Morning,1036,1001
2026-04-23,Plant B,M-03,P-04,Evening,1110,988
2026-04-23,Plant B,M-03,P-06,Night,1019,739
2026-04-23,Plant B,M-04,P-02,Morning,899,691
2026-04-23,Plant B,M-04,P-02,Evening,892,653
2026-04-23,Plant B,M-04,P-01,Night,1135,825
2026-04-23,Plant B,M-05,P-04,Morning,1128,1117
2026-04-23,Plant B,M-05,P-01,Evening,855,777
2026-04-23,Plant B,M-05,P-05,Night,1088,874
2026-04-23,Plant C,M-01,P-02,Morning,903,905
2026-04-23,Plant C,M-01,P-02,Evening,1134,1039
2026-04-23,Plant C,M-01,P-01,Night,828,647
2026-04-23,Plant C,M-02,P-06,Morning,1083,991
2026-04-23,Plant C,M-02,P-01,Evening,997,948
2026-04-23,Plant C,M-02,P-06,Night,793,620
2026-04-23,Plant C,M-03,P-05,Morning,832,792
2026-04-23,Plant C,M-03,P-01,Evening,1020,907
2026-04-23,Plant C,M-03,P-06,Night,809,588
2026-04-23,Plant C,M-04,P-05,Morning,801,784
2026-04-23,Plant C,M-04,P-03,Evening,944,835
2026-04-23,Plant C,M-04,P-06,Night,1081,942
2026-04-23,Plant C,M-05,P-06,Morning,751,641
2026-04-23,Plant C,M-05,P-02,Evening,1114,984
2026-04-23,Plant C,M-05,P-01,Night,1198,972
2026-04-24,Plant A,M-01,P-05,Morning,930,796
2026-04-24,Plant A,M-01,P-06,Evening,1115,933
2026-04-24,Plant A,M-01,P-04,Night,877,706
2026-04-24,Plant A,M-02,P-02,Morning,980,927
2026-04-24,Plant A,M-02,P-03,Evening,918,870
2026-04-24,Plant A,M-02,P-05,Night,1154,839
2026-04-24,Plant A,M-03,P-06,Morning,882,836
2026-04-24,Plant A,M-03,P-05,Evening,1131,1070
2026-04-24,Plant A,M-03,P-01,Night,935,673
2026-04-24,Plant A,M-04,P-01,Morning,843,778
2026-04-24,Plant A,M-04,P-01,Evening,753,640
2026-04-24,Plant A,M-04,P-01,Night,1099,937
2026-04-24,Plant A,M-05,P-03,Morning,1027,961
2026-04-24,Plant A,M-05,P-06,Evening,1198,1123
2026-04-24,Plant A,M-05,P-04,Night,1019,816
2026-04-24,Plant B,M-01,P-04,Morning,849,801
2026-04-24,Plant B,M-01,P-06,Evening,878,785
2026-04-24,Plant B,M-01,P-03,Night,1099,865
2026-04-24,Plant B,M-02,P-04,Morning,871,793
2026-04-24,Plant B,M-02,P-03,Evening,909,755
2026-04-24,Plant B,M-02,P-04,Night,915,773
2026-04-24,Plant B,M-03,P-02,Morning,1113,986
2026-04-24,Plant B,M-03,P-06,Evening,842,744
2026-04-24,Plant B,M-03,P-06,Night,833,705
2026-04-24,Plant B,M-04,P-01,Morning,844,469
2026-04-24,Plant B,M-04,P-06,Evening,1104,904
2026-04-24,Plant B,M-04,P-02,Night,884,561
2026-04-24,Plant B,M-05,P-06,Morning,811,743
2026-04-24,Plant B,M-05,P-02,Evening,985,930
2026-04-24,Plant B,M-05,P-04,Night,1143,1013
2026-04-24,Plant C,M-01,P-03,Morning,1054,1075
2026-04-24,Plant C,M-01,P-04,Evening,786,674
2026-04-24,Plant C,M-01,P-06,Night,842,632
2026-04-24,Plant C,M-02,P-01,Morning,937,873
2026-04-24,Plant C,M-02,P-03,Evening,1066,928
2026-04-24,Plant C,M-02,P-03,Night,974,738
2026-04-24,Plant C,M-03,P-05,Morning,777,648
2026-04-24,Plant C,M-03,P-03,Evening,787,673
2026-04-24,Plant C,M-03,P-04,Night,887,749
2026-04-24,Plant C,M-04,P-06,Morning,867,728
2026-04-24,Plant C,M-04,P-04,Evening,926,870
2026-04-24,Plant C,M-04,P-05,Night,1104,888
2026-04-24,Plant C,M-05,P-01,Morning,944,922
2026-04-24,Plant C,M-05,P-04,Evening,865,763
2026-04-24,Plant C,M-05,P-05,Night,888,701
2026-04-25,Plant A,M-01,P-05,Morning,1199,1093
2026-04-25,Plant A,M-01,P-06,Evening,1197,1127
2026-04-25,Plant A,M-01,P-04,Night,1174,910
2026-04-25,Plant A,M-02,P-05,Morning,783,724
2026-04-25,Plant A,M-02,P-05,Evening,1083,956
2026-04-25,Plant A,M-02,P-03,Night,965,776
2026-04-25,Plant A,M-03,P-02,Morning,758,719
2026-04-25,Plant A,M-03,P-05,Evening,1074,1015
2026-04-25,Plant A,M-03,P-01,Night,970,790
2026-04-25,Plant A,M-04,P-03,Morning,1196,1147
2026-04-25,Plant A,M-04,P-01,Evening,1175,1077
2026-04-25,Plant A,M-04,P-02,Night,1139,920
2026-04-25,Plant A,M-05,P-03,Morning,895,837
2026-04-25,Plant A,M-05,P-03,Evening,1116,1052
2026-04-25,Plant A,M-05,P-02,Night,1123,908
2026-04-25,Plant B,M-01,P-02,Morning,1066,970
2026-04-25,Plant B,M-01,P-06,Evening,1046,972
2026-04-25,Plant B,M-01,P-03,Night,1125,937
2026-04-25,Plant B,M-02,P-03,Morning,773,731
2026-04-25,Plant B,M-02,P-03,Evening,1043,944
2026-04-25,Plant B,M-02,P-01,Night,847,657
2026-04-25,Plant B,M-03,P-05,Morning,1091,1016
2026-04-25,Plant B,M-03,P-03,Evening,1092,1009
2026-04-25,Plant B,M-03,P-04,Night,1104,885
2026-04-25,Plant B,M-04,P-03,Morning,1199,1106
2026-04-25,Plant B,M-04,P-02,Evening,1103,888
2026-04-25,Plant B,M-04,P-03,Night,1016,640
2026-04-25,Plant B,M-05,P-04,Morning,868,752
2026-04-25,Plant B,M-05,P-01,Evening,1060,1012
2026-04-25,Plant B,M-05,P-04,Night,909,721
2026-04-25,Plant C,M-01,P-03,Morning,1029,925
2026-04-25,Plant C,M-01,P-01,Evening,934,911
2026-04-25,Plant C,M-01,P-02,Night,787,620
2026-04-25,Plant C,M-02,P-06,Morning,1155,1133
2026-04-25,Plant C,M-02,P-01,Evening,1091,1000
2026-04-25,Plant C,M-02,P-03,Night,862,654
2026-04-25,Plant C,M-03,P-01,Morning,996,926
2026-04-25,Plant C,M-03,P-06,Evening,888,755
2026-04-25,Plant C,M-03,P-03,Night,1144,887
2026-04-25,Plant C,M-04,P-06,Morning,813,719
2026-04-25,Plant C,M-04,P-05,Evening,1026,970
2026-04-25,Plant C,M-04,P-06,Night,877,700
2026-04-25,Plant C,M-05,P-02,Morning,1036,958
2026-04-25,Plant C,M-05,P-03,Evening,1052,936
2026-04-25,Plant C,M-05,P-04,Night,1147,1000
2026-04-26,Plant A,M-01,P-02,Morning,1186,1169
2026-04-26,Plant A,M-01,P-05,Evening,1138,1044
2026-04-26,Plant A,M-01,P-06,Night,868,659
2026-04-26,Plant A,M-02,P-02,Morning,954,915
2026-04-26,Plant A,M-02,P-06,Evening,1196,1065
2026-04-26,Plant A,M-02,P-06,Night,784,628
2026-04-26,Plant A,M-03,P-01,Morning,1122,1039
2026-04-26,Plant A,M-03,P-04,Evening,1026,941
2026-04-26,Plant A,M-03,P-01,Night,942,781
2026-04-26,Plant A,M-04,P-06,Morning,793,699
2026-04-26,Plant A,M-04,P-05,Evening,1129,1051
2026-04-26,Plant A,M-04,P-01,Night,1075,893
2026-04-26,Plant A,M-05,P-01,Morning,1048,1021
2026-04-26,Plant A,M-05,P-03,Evening,777,628
2026-04-26,Plant A,M-05,P-06,Night,851,610
2026-04-26,Plant B,M-01,P-05,Morning,937,833
2026-04-26,Plant B,M-01,P-05,Evening,823,759
2026-04-26,Plant B,M-01,P-03,Night,1153,962
2026-04-26,Plant B,M-02,P-03,Morning,1177,1081
2026-04-26,Plant B,M-02,P-02,Evening,1085,955
2026-04-26,Plant B,M-02,P-06,Night,945,800
2026-04-26,Plant B,M-03,P-04,Morning,794,760
2026-04-26,Plant B,M-03,P-01,Evening,1182,1081
2026-04-26,Plant B,M-03,P-04,Night,1169,968
2026-04-26,Plant B,M-04,P-02,Morning,889,731
2026-04-26,Plant B,M-04,P-04,Evening,823,658
2026-04-26,Plant B,M-04,P-05,Night,983,638
2026-04-26,Plant B,M-05,P-06,Morning,786,720
2026-04-26,Plant B,M-05,P-06,Evening,916,850
2026-04-26,Plant B,M-05,P-05,Night,913,711
2026-04-26,Plant C,M-01,P-06,Morning,1008,867
2026-04-26,Plant C,M-01,P-01,Evening,990,890
2026-04-26,Plant C,M-01,P-03,Night,1192,998
2026-04-26,Plant C,M-02,P-04,Morning,947,806
2026-04-26,Plant C,M-02,P-05,Evening,814,736
2026-04-26,Plant C,M-02,P-05,Night,1054,889
2026-04-26,Plant C,M-03,P-06,Morning,754,606
2026-04-26,Plant C,M-03,P-01,Evening,1132,978
2026-04-26,Plant C,M-03,P-04,Night,1139,952
2026-04-26,Plant C,M-04,P-05,Morning,929,936
2026-04-26,Plant C,M-04,P-01,Evening,965,870
2026-04-26,Plant C,M-04,P-03,Night,750,534
2026-04-26,Plant C,M-05,P-05,Morning,1121,1027
2026-04-26,Plant C,M-05,P-01,Evening,1014,877
2026-04-26,Plant C,M-05,P-05,Night,1092,841
2026-04-27,Plant A,M-01,P-04,Morning,1082,966
2026-04-27,Plant A,M-01,P-03,Evening,952,871
2026-04-27,Plant A,M-01,P-06,Night,857,679
2026-04-27,Plant A,M-02,P-03,Morning,1022,883
2026-04-27,Plant A,M-02,P-04,Evening,1016,927
2026-04-27,Plant A,M-02,P-02,Night,809,599
2026-04-27,Plant A,M-03,P-02,Morning,1176,1072
2026-04-27,Plant A,M-03,P-02,Evening,887,785
2026-04-27,Plant A,M-03,P-04,Night,1068,896
2026-04-27,Plant A,M-04,P-02,Morning,1047,934
2026-04-27,Plant A,M-04,P-03,Evening,881,791
2026-04-27,Plant A,M-04,P-03,Night,862,739
2026-04-27,Plant A,M-05,P-03,Morning,1151,1075
2026-04-27,Plant A,M-05,P-02,Evening,1144,1112
2026-04-27,Plant A,M-05,P-04,Night,987,810
2026-04-27,Plant B,M-01,P-03,Morning,867,763
2026-04-27,Plant B,M-01,P-06,Evening,885,742
2026-04-27,Plant B,M-01,P-02,Night,1048,898
2026-04-27,Plant B,M-02,P-04,Morning,853,868
2026-04-27,Plant B,M-02,P-01,Evening,1143,995
2026-04-27,Plant B,M-02,P-06,Night,788,640
2026-04-27,Plant B,M-03,P-05,Morning,934,825
2026-04-27,Plant B,M-03,P-02,Evening,941,804
2026-04-27,Plant B,M-03,P-02,Night,787,631
2026-04-27,Plant B,M-04,P-03,Morning,1028,841
2026-04-27,Plant B,M-04,P-02,Evening,806,635
2026-04-27,Plant B,M-04,P-05,Night,1061,797
2026-04-27,Plant B,M-05,P-05,Morning,1100,1007
2026-04-27,Plant B,M-05,P-06,Evening,990,874
2026-04-27,Plant B,M-05,P-06,Night,847,718
2026-04-27,Plant C,M-01,P-03,Morning,782,745
2026-04-27,Plant C,M-01,P-02,Evening,876,817
2026-04-27,Plant C,M-01,P-05,Night,831,606
2026-04-27,Plant C,M-02,P-04,Morning,1004,1015
2026-04-27,Plant C,M-02,P-01,Evening,1153,1085
2026-04-27,Plant C,M-02,P-03,Night,1046,828
2026-04-27,Plant C,M-03,P-02,Morning,821,719
2026-04-27,Plant C,M-03,P-03,Evening,760,645
2026-04-27,Plant C,M-03,P-03,Night,832,676
2026-04-27,Plant C,M-04,P-03,Morning,965,880
2026-04-27,Plant C,M-04,P-04,Evening,1094,947
2026-04-27,Plant C,M-04,P-01,Night,778,643
2026-04-27,Plant C,M-05,P-02,Morning,1116,994
2026-04-27,Plant C,M-05,P-01,Evening,1070,1004
2026-04-27,Plant C,M-05,P-06,Night,777,505
2026-04-28,Plant A,M-01,P-02,Morning,822,819
2026-04-28,Plant A,M-01,P-01,Evening,1133,1070
2026-04-28,Plant A,M-01,P-06,Night,1044,909
2026-04-28,Plant A,M-02,P-04,Morning,940,838
2026-04-28,Plant A,M-02,P-05,Evening,861,844
2026-04-28,Plant A,M-02,P-01,Night,1121,921
2026-04-28,Plant A,M-03,P-06,Morning,764,695
2026-04-28,Plant A,M-03,P-06,Evening,850,801
2026-04-28,Plant A,M-03,P-06,Night,1135,886
2026-04-28,Plant A,M-04,P-05,Morning,1086,973
2026-04-28,Plant A,M-04,P-06,Evening,780,731
2026-04-28,Plant A,M-04,P-03,Night,976,827
2026-04-28,Plant A,M-05,P-01,Morning,895,889
2026-04-28,Plant A,M-05,P-04,Evening,962,921
2026-04-28,Plant A,M-05,P-02,Night,1181,999
2026-04-28,Plant B,M-01,P-04,Morning,779,656
2026-04-28,Plant B,M-01,P-04,Evening,901,780
2026-04-28,Plant B,M-01,P-02,Night,922,793
2026-04-28,Plant B,M-02,P-02,Morning,889,778
2026-04-28,Plant B,M-02,P-01,Evening,1137,1054
2026-04-28,Plant B,M-02,P-06,Night,1162,887
2026-04-28,Plant B,M-03,P-05,Morning,787,661
2026-04-28,Plant B,M-03,P-06,Evening,912,816
2026-04-28,Plant B,M-03,P-05,Night,1199,951
2026-04-28,Plant B,M-04,P-01,Morning,915,789
2026-04-28,Plant B,M-04,P-04,Evening,1124,938
2026-04-28,Plant B,M-04,P-03,Night,900,659
2026-04-28,Plant B,M-05,P-04,Morning,1012,974
2026-04-28,Plant B,M-05,P-03,Evening,778,662
2026-04-28,Plant B,M-05,P-02,Night,1041,862
2026-04-28,Plant C,M-01,P-02,Morning,835,793
2026-04-28,Plant C,M-01,P-01,Evening,751,700
2026-04-28,Plant C,M-01,P-06,Night,779,631
2026-04-28,Plant C,M-02,P-02,Morning,986,897
2026-04-28,Plant C,M-02,P-03,Evening,844,810
2026-04-28,Plant C,M-02,P-02,Night,1141,873
2026-04-28,Plant C,M-03,P-06,Morning,1089,1014
2026-04-28,Plant C,M-03,P-03,Evening,976,830
2026-04-28,Plant C,M-03,P-01,Night,993,819
2026-04-28,Plant C,M-04,P-03,Morning,932,938
2026-04-28,Plant C,M-04,P-02,Evening,992,958
2026-04-28,Plant C,M-04,P-03,Night,1118,849
2026-04-28,Plant C,M-05,P-04,Morning,788,711
2026-04-28,Plant C,M-05,P-06,Evening,848,735
2026-04-28,Plant C,M-05,P-01,Night,943,729
2026-04-29,Plant A,M-01,P-05,Morning,860,790
2026-04-29,Plant A,M-01,P-03,Evening,1006,971
2026-04-29,Plant A,M-01,P-06,Night,955,736
2026-04-29,Plant A,M-02,P-04,Morning,853,833
2026-04-29,Plant A,M-02,P-03,Evening,1152,1062
2026-04-29,Plant A,M-02,P-06,Night,926,824
2026-04-29,Plant A,M-03,P-01,Morning,764,713
2026-04-29,Plant A,M-03,P-01,Evening,781,544
2026-04-29,Plant A,M-03,P-06,Night,1131,995
2026-04-29,Plant A,M-04,P-02,Morning,1068,1052
2026-04-29,Plant A,M-04,P-05,Evening,774,623
2026-04-29,Plant A,M-04,P-01,Night,1032,878
2026-04-29,Plant A,M-05,P-02,Morning,814,772
2026-04-29,Plant A,M-05,P-05,Evening,752,562
2026-04-29,Plant A,M-05,P-04,Night,987,832
2026-04-29,Plant B,M-01,P-03,Morning,846,809
2026-04-29,Plant B,M-01,P-02,Evening,843,784
2026-04-29,Plant B,M-01,P-06,Night,1050,908
2026-04-29,Plant B,M-02,P-05,Morning,1025,974
2026-04-29,Plant B,M-02,P-04,Evening,1015,960
2026-04-29,Plant B,M-02,P-04,Night,1028,822
2026-04-29,Plant B,M-03,P-01,Morning,856,867
2026-04-29,Plant B,M-03,P-01,Evening,1129,1001
2026-04-29,Plant B,M-03,P-02,Night,993,829
2026-04-29,Plant B,M-04,P-05,Morning,1168,965
2026-04-29,Plant B,M-04,P-05,Evening,1043,799
2026-04-29,Plant B,M-04,P-05,Night,1175,797
2026-04-29,Plant B,M-05,P-05,Morning,848,744
2026-04-29,Plant B,M-05,P-04,Evening,769,639
2026-04-29,Plant B,M-05,P-03,Night,1071,857
2026-04-29,Plant C,M-01,P-06,Morning,879,820
2026-04-29,Plant C,M-01,P-04,Evening,1059,954
2026-04-29,Plant C,M-01,P-03,Night,791,536
2026-04-29,Plant C,M-02,P-06,Morning,936,849
2026-04-29,Plant C,M-02,P-04,Evening,844,799
2026-04-29,Plant C,M-02,P-02,Night,955,861
2026-04-29,Plant C,M-03,P-06,Morning,1144,1014
2026-04-29,Plant C,M-03,P-03,Evening,880,763
2026-04-29,Plant C,M-03,P-02,Night,1063,842
2026-04-29,Plant C,M-04,P-01,Morning,808,819
2026-04-29,Plant C,M-04,P-06,Evening,913,767
2026-04-29,Plant C,M-04,P-01,Night,975,764
2026-04-29,Plant C,M-05,P-05,Morning,1155,1084
2026-04-29,Plant C,M-05,P-02,Evening,819,767
2026-04-29,Plant C,M-05,P-02,Night,922,735
2026-04-30,Plant A,M-01,P-03,Morning,1142,1099
2026-04-30,Plant A,M-01,P-05,Evening,1162,1138
2026-04-30,Plant A,M-01,P-02,Night,1168,1002
2026-04-30,Plant A,M-02,P-01,Morning,820,859
2026-04-30,Plant A,M-02,P-03,Evening,912,827
2026-04-30,Plant A,M-02,P-01,Night,1078,878
2026-04-30,Plant A,M-03,P-03,Morning,779,663
2026-04-30,Plant A,M-03,P-01,Evening,853,714
2026-04-30,Plant A,M-03,P-06,Night,758,521
2026-04-30,Plant A,M-04,P-04,Morning,901,862
2026-04-30,Plant A,M-04,P-05,Evening,812,702
2026-04-30,Plant A,M-04,P-05,Night,891,720
2026-04-30,Plant A,M-05,P-05,Morning,830,780
2026-04-30,Plant A,M-05,P-02,Evening,1060,946
2026-04-30,Plant A,M-05,P-05,Night,819,612
2026-04-30,Plant B,M-01,P-02,Morning,930,905
2026-04-30,Plant B,M-01,P-01,Evening,968,887
2026-04-30,Plant B,M-01,P-02,Night,959,819
2026-04-30,Plant B,M-02,P-05,Morning,1156,1142
2026-04-30,Plant B,M-02,P-02,Evening,1125,1084
2026-04-30,Plant B,M-02,P-03,Night,999,769
2026-04-30,Plant B,M-03,P-04,Morning,1189,1097
2026-04-30,Plant B,M-03,P-05,Evening,890,802
2026-04-30,Plant B,M-03,P-03,Night,1170,1028
2026-04-30,Plant B,M-04,P-05,Morning,874,636
2026-04-30,Plant B,M-04,P-01,Evening,955,716
2026-04-30,Plant B,M-04,P-04,Night,871,492
2026-04-30,Plant B,M-05,P-05,Morning,1102,1051
2026-04-30,Plant B,M-05,P-01,Evening,1068,957
2026-04-30,Plant B,M-05,P-06,Night,989,793
2026-04-30,Plant C,M-01,P-03,Morning,830,736
2026-04-30,Plant C,M-01,P-04,Evening,1080,901
2026-04-30,Plant C,M-01,P-06,Night,754,594
2026-04-30,Plant C,M-02,P-03,Morning,825,743
2026-04-30,Plant C,M-02,P-02,Evening,1046,906
2026-04-30,Plant C,M-02,P-04,Night,1008,806
2026-04-30,Plant C,M-03,P-06,Morning,1094,1094
2026-04-30,Plant C,M-03,P-02,Evening,833,673
2026-04-30,Plant C,M-03,P-05,Night,1027,904
2026-04-30,Plant C,M-04,P-01,Morning,960,916
2026-04-30,Plant C,M-04,P-06,Evening,1128,945
2026-04-30,Plant C,M-04,P-02,Night,766,599
2026-04-30,Plant C,M-05,P-02,Morning,1071,1021
2026-04-30,Plant C,M-05,P-03,Evening,1158,1109
2026-04-30,Plant C,M-05,P-06,Night,780,629
2026-05-01,Plant A,M-01,P-02,Morning,1034,897
2026-05-01,Plant A,M-01,P-04,Evening,1159,1089
2026-05-01,Plant A,M-01,P-06,Night,1051,931
2026-05-01,Plant A,M-02,P-01,Morning,1100,1028
2026-05-01,Plant A,M-02,P-05,Evening,945,915
2026-05-01,Plant A,M-02,P-05,Night,838,683
2026-05-01,Plant A,M-03,P-04,Morning,1192,1069
2026-05-01,Plant A,M-03,P-04,Evening,1010,926
2026-05-01,Plant A,M-03,P-01,Night,1189,1020
2026-05-01,Plant A,M-04,P-06,Morning,973,908
2026-05-01,Plant A,M-04,P-06,Evening,1132,989
2026-05-01,Plant A,M-04,P-03,Night,763,641
2026-05-01,Plant A,M-05,P-05,Morning,935,860
2026-05-01,Plant A,M-05,P-06,Evening,1068,868
2026-05-01,Plant A,M-05,P-06,Night,843,650
2026-05-01,Plant B,M-01,P-05,Morning,813,656
2026-05-01,Plant B,M-01,P-02,Evening,1165,1044
2026-05-01,Plant B,M-01,P-03,Night,1184,924
2026-05-01,Plant B,M-02,P-02,Morning,937,822
2026-05-01,Plant B,M-02,P-01,Evening,1109,1070
2026-05-01,Plant B,M-02,P-04,Night,802,632
2026-05-01,Plant B,M-03,P-06,Morning,791,684
2026-05-01,Plant B,M-03,P-01,Evening,1122,1030
2026-05-01,Plant B,M-03,P-05,Night,1131,995
2026-05-01,Plant B,M-04,P-03,Morning,770,533
2026-05-01,Plant B,M-04,P-06,Evening,804,497
2026-05-01,Plant B,M-04,P-04,Night,1154,790
2026-05-01,Plant B,M-05,P-06,Morning,875,800
2026-05-01,Plant B,M-05,P-06,Evening,1194,997
2026-05-01,Plant B,M-05,P-06,Night,902,731
2026-05-01,Plant C,M-01,P-04,Morning,1067,993
2026-05-01,Plant C,M-01,P-06,Evening,1064,916
2026-05-01,Plant C,M-01,P-02,Night,1063,910
2026-05-01,Plant C,M-02,P-06,Morning,952,899
2026-05-01,Plant C,M-02,P-01,Evening,1061,976
2026-05-01,Plant C,M-02,P-01,Night,1187,1019
2026-05-01,Plant C,M-03,P-02,Morning,1116,977
2026-05-01,Plant C,M-03,P-02,Evening,796,756
2026-05-01,Plant C,M-03,P-01,Night,966,743
2026-05-01,Plant C,M-04,P-04,Morning,961,992
2026-05-01,Plant C,M-04,P-06,Evening,801,747
2026-05-01,Plant C,M-04,P-04,Night,781,661
2026-05-01,Plant C,M-05,P-06,Morning,1094,988
2026-05-01,Plant C,M-05,P-06,Evening,939,821
2026-05-01,Plant C,M-05,P-06,Night,962,744
2026-05-02,Plant A,M-01,P-04,Morning,851,740
2026-05-02,Plant A,M-01,P-03,Evening,1067,857
2026-05-02,Plant A,M-01,P-03,Night,1110,918
2026-05-02,Plant A,M-02,P-01,Morning,889,870
2026-05-02,Plant A,M-02,P-02,Evening,887,753
2026-05-02,Plant A,M-02,P-03,Night,897,775
2026-05-02,Plant A,M-03,P-01,Morning,1146,1064
2026-05-02,Plant A,M-03,P-05,Evening,814,679
2026-05-02,Plant A,M-03,P-03,Night,1139,954
2026-05-02,Plant A,M-04,P-05,Morning,792,751
2026-05-02,Plant A,M-04,P-06,Evening,1051,994
2026-05-02,Plant A,M-04,P-02,Night,791,606
2026-05-02,Plant A,M-05,P-05,Morning,1145,1067
2026-05-02,Plant A,M-05,P-05,Evening,977,909
2026-05-02,Plant A,M-05,P-04,Night,1010,755
2026-05-02,Plant B,M-01,P-01,Morning,1004,989
2026-05-02,Plant B,M-01,P-01,Evening,999,801
2026-05-02,Plant B,M-01,P-03,Night,872,645
2026-05-02,Plant B,M-02,P-01,Morning,774,735
2026-05-02,Plant B,M-02,P-04,Evening,1091,959
2026-05-02,Plant B,M-02,P-01,Night,824,694
2026-05-02,Plant B,M-03,P-01,Morning,1127,1076
2026-05-02,Plant B,M-03,P-03,Evening,942,870
2026-05-02,Plant B,M-03,P-06,Night,862,757
2026-05-02,Plant B,M-04,P-01,Morning,906,764
2026-05-02,Plant B,M-04,P-06,Evening,1147,949
2026-05-02,Plant B,M-04,P-01,Night,1076,723
2026-05-02,Plant B,M-05,P-06,Morning,1123,1105
2026-05-02,Plant B,M-05,P-04,Evening,874,786
2026-05-02,Plant B,M-05,P-06,Night,1156,910
2026-05-02,Plant C,M-01,P-02,Morning,865,795
2026-05-02,Plant C,M-01,P-03,Evening,1168,1115
2026-05-02,Plant C,M-01,P-04,Night,919,726
2026-05-02,Plant C,M-02,P-03,Morning,1083,1072
2026-05-02,Plant C,M-02,P-06,Evening,766,659
2026-05-02,Plant C,M-02,P-06,Night,1007,779
2026-05-02,Plant C,M-03,P-04,Morning,975,868
2026-05-02,Plant C,M-03,P-04,Evening,936,806
2026-05-02,Plant C,M-03,P-04,Night,1199,960
2026-05-02,Plant C,M-04,P-05,Morning,1117,1008
2026-05-02,Plant C,M-04,P-02,Evening,867,733
2026-05-02,Plant C,M-04,P-03,Night,1098,983
2026-05-02,Plant C,M-05,P-03,Morning,781,630
2026-05-02,Plant C,M-05,P-02,Evening,893,847
2026-05-02,Plant C,M-05,P-04,Night,909,701
2026-05-03,Plant A,M-01,P-03,Morning,880,796
2026-05-03,Plant A,M-01,P-04,Evening,1045,1016
2026-05-03,Plant A,M-01,P-03,Night,1122,950
2026-05-03,Plant A,M-02,P-02,Morning,1043,938
2026-05-03,Plant A,M-02,P-05,Evening,755,654
2026-05-03,Plant A,M-02,P-01,Night,794,695
2026-05-03,Plant A,M-03,P-04,Morning,771,768
2026-05-03,Plant A,M-03,P-02,Evening,1119,1028
2026-05-03,Plant A,M-03,P-05,Night,917,788
2026-05-03,Plant A,M-04,P-03,Morning,845,772
2026-05-03,Plant A,M-04,P-02,Evening,1099,1014
2026-05-03,Plant A,M-04,P-06,Night,1025,864
2026-05-03,Plant A,M-05,P-03,Morning,1021,904
2026-05-03,Plant A,M-05,P-05,Evening,1035,945
2026-05-03,Plant A,M-05,P-05,Night,1011,861
2026-05-03,Plant B,M-01,P-04,Morning,1050,1035
2026-05-03,Plant B,M-01,P-01,Evening,834,805
2026-05-03,Plant B,M-01,P-04,Night,798,604
2026-05-03,Plant B,M-02,P-01,Morning,894,887
2026-05-03,Plant B,M-02,P-04,Evening,1100,913
2026-05-03,Plant B,M-02,P-05,Night,855,713
2026-05-03,Plant B,M-03,P-06,Morning,1080,1042
2026-05-03,Plant B,M-03,P-01,Evening,1042,950
2026-05-03,Plant B,M-03,P-04,Night,830,701
2026-05-03,Plant B,M-04,P-01,Morning,898,699
2026-05-03,Plant B,M-04,P-05,Evening,1138,902
2026-05-03,Plant B,M-04,P-06,Night,902,500
2026-05-03,Plant B,M-05,P-02,Morning,770,715
2026-05-03,Plant B,M-05,P-04,Evening,775,693
2026-05-03,Plant B,M-05,P-03,Night,769,664
2026-05-03,Plant C,M-01,P-05,Morning,914,766
2026-05-03,Plant C,M-01,P-06,Evening,990,887
2026-05-03,Plant C,M-01,P-05,Night,919,666
2026-05-03,Plant C,M-02,P-03,Morning,1057,918
2026-05-03,Plant C,M-02,P-05,Evening,1182,1127
2026-05-03,Plant C,M-02,P-01,Night,1027,834
2026-05-03,Plant C,M-03,P-05,Morning,831,760
2026-05-03,Plant C,M-03,P-01,Evening,1126,1102
2026-05-03,Plant C,M-03,P-05,Night,1028,811
2026-05-03,Plant C,M-04,P-04,Morning,827,703
2026-05-03,Plant C,M-04,P-04,Evening,966,859
2026-05-03,Plant C,M-04,P-06,Night,1040,796
2026-05-03,Plant C,M-05,P-01,Morning,1078,1003
2026-05-03,Plant C,M-05,P-06,Evening,1000,926
2026-05-03,Plant C,M-05,P-02,Night,847,676
2026-05-04,Plant A,M-01,P-06,Morning,996,961
2026-05-04,Plant A,M-01,P-05,Evening,1004,927
2026-05-04,Plant A,M-01,P-03,Night,1003,767
2026-05-04,Plant A,M-02,P-06,Morning,924,875
2026-05-04,Plant A,M-02,P-06,Evening,936,790
2026-05-04,Plant A,M-02,P-02,Night,793,684
2026-05-04,Plant A,M-03,P-04,Morning,1137,1080
2026-05-04,Plant A,M-03,P-03,Evening,963,924
2026-05-04,Plant A,M-03,P-03,Night,1183,1062
2026-05-04,Plant A,M-04,P-04,Morning,1042,992
2026-05-04,Plant A,M-04,P-04,Evening,1014,936
2026-05-04,Plant A,M-04,P-03,Night,1071,843
2026-05-04,Plant A,M-05,P-05,Morning,1040,888
2026-05-04,Plant A,M-05,P-02,Evening,760,614
2026-05-04,Plant A,M-05,P-03,Night,976,748
2026-05-04,Plant B,M-01,P-05,Morning,952,859
2026-05-04,Plant B,M-01,P-05,Evening,845,740
2026-05-04,Plant B,M-01,P-03,Night,835,637
2026-05-04,Plant B,M-02,P-02,Morning,838,775
2026-05-04,Plant B,M-02,P-05,Evening,1131,997
2026-05-04,Plant B,M-02,P-04,Night,1175,931
2026-05-04,Plant B,M-03,P-02,Morning,962,843
2026-05-04,Plant B,M-03,P-04,Evening,980,877
2026-05-04,Plant B,M-03,P-03,Night,834,707
2026-05-04,Plant B,M-04,P-05,Morning,1126,836
2026-05-04,Plant B,M-04,P-06,Evening,1009,808
2026-05-04,Plant B,M-04,P-02,Night,1079,748
2026-05-04,Plant B,M-05,P-04,Morning,887,729
2026-05-04,Plant B,M-05,P-01,Evening,1008,885
2026-05-04,Plant B,M-05,P-01,Night,1125,916
2026-05-04,Plant C,M-01,P-03,Morning,1097,1008
2026-05-04,Plant C,M-01,P-05,Evening,1172,1045
2026-05-04,Plant C,M-01,P-02,Night,751,641
2026-05-04,Plant C,M-02,P-03,Morning,976,871
2026-05-04,Plant C,M-02,P-05,Evening,810,720
2026-05-04,Plant C,M-02,P-01,Night,845,709
2026-05-04,Plant C,M-03,P-05,Morning,1162,1160
2026-05-04,Plant C,M-03,P-04,Evening,825,714
2026-05-04,Plant C,M-03,P-02,Night,919,815
2026-05-04,Plant C,M-04,P-03,Morning,1116,1076
2026-05-04,Plant C,M-04,P-01,Evening,1147,967
2026-05-04,Plant C,M-04,P-06,Night,767,623
2026-05-04,Plant C,M-05,P-02,Morning,1044,967
2026-05-04,Plant C,M-05,P-02,Evening,963,813
2026-05-04,Plant C,M-05,P-03,Night,1157,924
2026-05-05,Plant A,M-01,P-01,Morning,1162,1076
2026-05-05,Plant A,M-01,P-04,Evening,785,754
2026-05-05,Plant A,M-01,P-02,Night,1126,911
2026-05-05,Plant A,M-02,P-06,Morning,752,650
2026-05-05,Plant A,M-02,P-05,Evening,1002,853
2026-05-05,Plant A,M-02,P-03,Night,1098,921
2026-05-05,Plant A,M-03,P-02,Morning,1128,1080
2026-05-05,Plant A,M-03,P-03,Evening,1102,954
2026-05-05,Plant A,M-03,P-04,Night,1058,866
2026-05-05,Plant A,M-04,P-03,Morning,767,698
2026-05-05,Plant A,M-04,P-03,Evening,1192,1123
2026-05-05,Plant A,M-04,P-03,Night,1179,907
2026-05-05,Plant A,M-05,P-04,Morning,823,721
2026-05-05,Plant A,M-05,P-05,Evening,793,673
2026-05-05,Plant A,M-05,P-03,Night,1074,862
2026-05-05,Plant B,M-01,P-02,Morning,772,727
2026-05-05,Plant B,M-01,P-04,Evening,1194,1096
2026-05-05,Plant B,M-01,P-03,Night,1160,952
2026-05-05,Plant B,M-02,P-03,Morning,819,761
2026-05-05,Plant B,M-02,P-03,Evening,1057,976
2026-05-05,Plant B,M-02,P-03,Night,817,567
2026-05-05,Plant B,M-03,P-01,Morning,1029,964
2026-05-05,Plant B,M-03,P-03,Evening,867,788
2026-05-05,Plant B,M-03,P-03,Night,1185,1035
2026-05-05,Plant B,M-04,P-02,Morning,1147,953
2026-05-05,Plant B,M-04,P-06,Evening,995,688
2026-05-05,Plant B,M-04,P-02,Night,1116,760
2026-05-05,Plant B,M-05,P-05,Morning,806,745
2026-05-05,Plant B,M-05,P-04,Evening,1096,1044
2026-05-05,Plant B,M-05,P-01,Night,1161,961
2026-05-05,Plant C,M-01,P-03,Morning,1188,1104
2026-05-05,Plant C,M-01,P-02,Evening,1009,876
2026-05-05,Plant C,M-01,P-05,Night,772,557
2026-05-05,Plant C,M-02,P-02,Morning,1192,1091
2026-05-05,Plant C,M-02,P-02,Evening,922,837
2026-05-05,Plant C,M-02,P-01,Night,966,812
2026-05-05,Plant C,M-03,P-04,Morning,835,794
2026-05-05,Plant C,M-03,P-01,Evening,872,792
2026-05-05,Plant C,M-03,P-01,Night,1131,931
2026-05-05,Plant C,M-04,P-06,Morning,784,733
2026-05-05,Plant C,M-04,P-03,Evening,1047,965
2026-05-05,Plant C,M-04,P-03,Night,1050,884
2026-05-05,Plant C,M-05,P-03,Morning,1112,1065
2026-05-05,Plant C,M-05,P-04,Evening,928,842
2026-05-05,Plant C,M-05,P-01,Night,1197,1024
2026-05-06,Plant A,M-01,P-03,Morning,1110,1030
2026-05-06,Plant A,M-01,P-01,Evening,789,759
2026-05-06,Plant A,M-01,P-03,Night,754,557
2026-05-06,Plant A,M-02,P-04,Morning,1131,1022
2026-05-06,Plant A,M-02,P-06,Evening,900,728
2026-05-06,Plant A,M-02,P-01,Night,750,499
2026-05-06,Plant A,M-03,P-05,Morning,997,925
2026-05-06,Plant A,M-03,P-01,Evening,999,880
2026-05-06,Plant A,M-03,P-03,Night,870,656
2026-05-06,Plant A,M-04,P-04,Morning,856,790
2026-05-06,Plant A,M-04,P-03,Evening,921,826
2026-05-06,Plant A,M-04,P-06,Night,1195,983
2026-05-06,Plant A,M-05,P-03,Morning,1140,1017
2026-05-06,Plant A,M-05,P-05,Evening,1124,983
2026-05-06,Plant A,M-05,P-03,Night,1027,851
2026-05-06,Plant B,M-01,P-04,Morning,1085,1067
2026-05-06,Plant B,M-01,P-04,Evening,811,748
2026-05-06,Plant B,M-01,P-06,Night,939,756
2026-05-06,Plant B,M-02,P-06,Morning,1109,1084
2026-05-06,Plant B,M-02,P-02,Evening,772,636
2026-05-06,Plant B,M-02,P-01,Night,967,829
2026-05-06,Plant B,M-03,P-05,Morning,974,872
2026-05-06,Plant B,M-03,P-05,Evening,753,672
2026-05-06,Plant B,M-03,P-06,Night,1001,761
2026-05-06,Plant B,M-04,P-03,Morning,827,686
2026-05-06,Plant B,M-04,P-04,Evening,846,619
2026-05-06,Plant B,M-04,P-04,Night,752,473
2026-05-06,Plant B,M-05,P-01,Morning,1103,1027
2026-05-06,Plant B,M-05,P-06,Evening,1090,991
2026-05-06,Plant B,M-05,P-01,Night,927,668
2026-05-06,Plant C,M-01,P-04,Morning,1144,1131
2026-05-06,Plant C,M-01,P-04,Evening,757,645
2026-05-06,Plant C,M-01,P-03,Night,1024,799
2026-05-06,Plant C,M-02,P-05,Morning,1197,1042
2026-05-06,Plant C,M-02,P-01,Evening,822,718
2026-05-06,Plant C,M-02,P-06,Night,890,735
2026-05-06,Plant C,M-03,P-03,Morning,1083,951
2026-05-06,Plant C,M-03,P-02,Evening,877,752
2026-05-06,Plant C,M-03,P-01,Night,1177,1030
2026-05-06,Plant C,M-04,P-04,Morning,803,706
2026-05-06,Plant C,M-04,P-02,Evening,1066,971
2026-05-06,Plant C,M-04,P-01,Night,790,656
2026-05-06,Plant C,M-05,P-06,Morning,816,663
2026-05-06,Plant C,M-05,P-06,Evening,1142,1038
2026-05-06,Plant C,M-05,P-05,Night,881,697
2026-05-07,Plant A,M-01,P-01,Morning,933,893
2026-05-07,Plant A,M-01,P-05,Evening,875,800
2026-05-07,Plant A,M-01,P-02,Night,1187,958
2026-05-07,Plant A,M-02,P-03,Morning,1062,935
2026-05-07,Plant A,M-02,P-02,Evening,1088,958
2026-05-07,Plant A,M-02,P-05,Night,803,669
2026-05-07,Plant A,M-03,P-01,Morning,1098,1036
2026-05-07,Plant A,M-03,P-03,Evening,1034,950
2026-05-07,Plant A,M-03,P-03,Night,900,783
2026-05-07,Plant A,M-04,P-03,Morning,797,670
2026-05-07,Plant A,M-04,P-03,Evening,1070,958
2026-05-07,Plant A,M-04,P-05,Night,1175,994
2026-05-07,Plant A,M-05,P-06,Morning,844,755
2026-05-07,Plant A,M-05,P-02,Evening,993,905
2026-05-07,Plant A,M-05,P-01,Night,843,626
2026-05-07,Plant B,M-01,P-06,Morning,769,743
2026-05-07,Plant B,M-01,P-01,Evening,1126,942
2026-05-07,Plant B,M-01,P-03,Night,881,698
2026-05-07,Plant B,M-02,P-04,Morning,1041,989
2026-05-07,Plant B,M-02,P-01,Evening,754,684
2026-05-07,Plant B,M-02,P-01,Night,760,672
2026-05-07,Plant B,M-03,P-03,Morning,1079,1043
2026-05-07,Plant B,M-03,P-06,Evening,923,769
2026-05-07,Plant B,M-03,P-03,Night,1182,1037
2026-05-07,Plant B,M-04,P-05,Morning,968,812
2026-05-07,Plant B,M-04,P-02,Evening,1013,664
2026-05-07,Plant B,M-04,P-01,Night,981,643
2026-05-07,Plant B,M-05,P-05,Morning,1151,1051
2026-05-07,Plant B,M-05,P-06,Evening,791,663
2026-05-07,Plant B,M-05,P-05,Night,914,669
2026-05-07,Plant C,M-01,P-02,Morning,891,856
2026-05-07,Plant C,M-01,P-01,Evening,955,860
2026-05-07,Plant C,M-01,P-05,Night,1126,955
2026-05-07,Plant C,M-02,P-05,Morning,1060,888
2026-05-07,Plant C,M-02,P-01,Evening,834,742
2026-05-07,Plant C,M-02,P-04,Night,1067,793
2026-05-07,Plant C,M-03,P-03,Morning,955,824
2026-05-07,Plant C,M-03,P-01,Evening,959,823
2026-05-07,Plant C,M-03,P-04,Night,1137,870
2026-05-07,Plant C,M-04,P-05,Morning,1070,1012
2026-05-07,Plant C,M-04,P-04,Evening,765,632
2026-05-07,Plant C,M-04,P-06,Night,1085,902
2026-05-07,Plant C,M-05,P-05,Morning,935,850
2026-05-07,Plant C,M-05,P-01,Evening,1100,991
2026-05-07,Plant C,M-05,P-05,Night,1027,842
2026-05-08,Plant A,M-01,P-03,Morning,1005,907
2026-05-08,Plant A,M-01,P-05,Evening,1036,875
2026-05-08,Plant A,M-01,P-04,Night,1171,1048
2026-05-08,Plant A,M-02,P-06,Morning,845,764
2026-05-08,Plant A,M-02,P-02,Evening,781,708
2026-05-08,Plant A,M-02,P-01,Night,841,724
2026-05-08,Plant A,M-03,P-04,Morning,1175,1078
2026-05-08,Plant A,M-03,P-05,Evening,1133,1092
2026-05-08,Plant A,M-03,P-06,Night,800,630
2026-05-08,Plant A,M-04,P-01,Morning,902,834
2026-05-08,Plant A,M-04,P-03,Evening,1060,943
2026-05-08,Plant A,M-04,P-02,Night,1174,980
2026-05-08,Plant A,M-05,P-05,Morning,1105,1132
2026-05-08,Plant A,M-05,P-01,Evening,1048,929
2026-05-08,Plant A,M-05,P-06,Night,1092,833
2026-05-08,Plant B,M-01,P-01,Morning,834,785
2026-05-08,Plant B,M-01,P-01,Evening,871,750
2026-05-08,Plant B,M-01,P-06,Night,999,853
2026-05-08,Plant B,M-02,P-03,Morning,754,625
2026-05-08,Plant B,M-02,P-06,Evening,1126,979
2026-05-08,Plant B,M-02,P-05,Night,750,550
2026-05-08,Plant B,M-03,P-03,Morning,1009,895
2026-05-08,Plant B,M-03,P-04,Evening,825,795
2026-05-08,Plant B,M-03,P-05,Night,778,648
2026-05-08,Plant B,M-04,P-05,Morning,972,730
2026-05-08,Plant B,M-04,P-01,Evening,913,662
2026-05-08,Plant B,M-04,P-01,Night,798,595
2026-05-08,Plant B,M-05,P-01,Morning,950,862
2026-05-08,Plant B,M-05,P-04,Evening,885,802
2026-05-08,Plant B,M-05,P-05,Night,898,701
2026-05-08,Plant C,M-01,P-05,Morning,873,797
2026-05-08,Plant C,M-01,P-04,Evening,833,808
2026-05-08,Plant C,M-01,P-05,Night,1044,869
2026-05-08,Plant C,M-02,P-02,Morning,812,773
2026-05-08,Plant C,M-02,P-04,Evening,995,768
2026-05-08,Plant C,M-02,P-05,Night,813,701
2026-05-08,Plant C,M-03,P-06,Morning,875,855
2026-05-08,Plant C,M-03,P-03,Evening,1128,1018
2026-05-08,Plant C,M-03,P-05,Night,879,726
2026-05-08,Plant C,M-04,P-05,Morning,1006,992
2026-05-08,Plant C,M-04,P-04,Evening,1118,1022
2026-05-08,Plant C,M-04,P-06,Night,763,536
2026-05-08,Plant C,M-05,P-02,Morning,1165,1001
2026-05-08,Plant C,M-05,P-05,Evening,762,649
2026-05-08,Plant C,M-05,P-02,Night,799,609
2026-05-09,Plant A,M-01,P-01,Morning,952,840
2026-05-09,Plant A,M-01,P-06,Evening,1082,1023
2026-05-09,Plant A,M-01,P-04,Night,1069,846
2026-05-09,Plant A,M-02,P-01,Morning,928,884
2026-05-09,Plant A,M-02,P-04,Evening,771,677
2026-05-09,Plant A,M-02,P-02,Night,1148,886
2026-05-09,Plant A,M-03,P-05,Morning,1123,1069
2026-05-09,Plant A,M-03,P-05,Evening,1150,1036
2026-05-09,Plant A,M-03,P-02,Night,765,578
2026-05-09,Plant A,M-04,P-05,Morning,1199,1088
2026-05-09,Plant A,M-04,P-03,Evening,1014,907
2026-05-09,Plant A,M-04,P-06,Night,984,851
2026-05-09,Plant A,M-05,P-01,Morning,881,799
2026-05-09,Plant A,M-05,P-06,Evening,1118,971
2026-05-09,Plant A,M-05,P-04,Night,890,750
2026-05-09,Plant B,M-01,P-04,Morning,927,849
2026-05-09,Plant B,M-01,P-05,Evening,936,867
2026-05-09,Plant B,M-01,P-05,Night,751,481
2026-05-09,Plant B,M-02,P-01,Morning,1070,1002
2026-05-09,Plant B,M-02,P-02,Evening,922,845
2026-05-09,Plant B,M-02,P-06,Night,1142,852
2026-05-09,Plant B,M-03,P-01,Morning,938,898
2026-05-09,Plant B,M-03,P-04,Evening,1029,918
2026-05-09,Plant B,M-03,P-03,Night,1069,839
2026-05-09,Plant B,M-04,P-06,Morning,1090,895
2026-05-09,Plant B,M-04,P-02,Evening,1058,743
2026-05-09,Plant B,M-04,P-02,Night,989,636
2026-05-09,Plant B,M-05,P-06,Morning,1021,860
2026-05-09,Plant B,M-05,P-05,Evening,852,758
2026-05-09,Plant B,M-05,P-05,Night,887,729
2026-05-09,Plant C,M-01,P-05,Morning,1160,1101
2026-05-09,Plant C,M-01,P-06,Evening,986,900
2026-05-09,Plant C,M-01,P-06,Night,995,805
2026-05-09,Plant C,M-02,P-05,Morning,934,906
2026-05-09,Plant C,M-02,P-03,Evening,1118,1016
2026-05-09,Plant C,M-02,P-02,Night,1005,796
2026-05-09,Plant C,M-03,P-01,Morning,1177,1036
2026-05-09,Plant C,M-03,P-04,Evening,1114,999
2026-05-09,Plant C,M-03,P-01,Night,1136,948
2026-05-09,Plant C,M-04,P-01,Morning,1095,1102
2026-05-09,Plant C,M-04,P-03,Evening,1017,904
2026-05-09,Plant C,M-04,P-03,Night,872,713
2026-05-09,Plant C,M-05,P-04,Morning,897,862
2026-05-09,Plant C,M-05,P-03,Evening,754,625
2026-05-09,Plant C,M-05,P-05,Night,1164,958
2026-05-10,Plant A,M-01,P-03,Morning,1169,1133
2026-05-10,Plant A,M-01,P-03,Evening,811,658
2026-05-10,Plant A,M-01,P-02,Night,922,730
2026-05-10,Plant A,M-02,P-04,Morning,1097,1018
2026-05-10,Plant A,M-02,P-05,Evening,822,651
2026-05-10,Plant A,M-02,P-05,Night,886,652
2026-05-10,Plant A,M-03,P-05,Morning,941,876
2026-05-10,Plant A,M-03,P-03,Evening,1093,911
2026-05-10,Plant A,M-03,P-06,Night,871,653
2026-05-10,Plant A,M-04,P-04,Morning,835,776
2026-05-10,Plant A,M-04,P-06,Evening,881,817
2026-05-10,Plant A,M-04,P-01,Night,1107,892
2026-05-10,Plant A,M-05,P-06,Morning,1109,1093
2026-05-10,Plant A,M-05,P-06,Evening,1026,844
2026-05-10,Plant A,M-05,P-01,Night,1082,947
2026-05-10,Plant B,M-01,P-04,Morning,851,775
2026-05-10,Plant B,M-01,P-03,Evening,901,749
2026-05-10,Plant B,M-01,P-06,Night,887,710
2026-05-10,Plant B,M-02,P-02,Morning,1059,998
2026-05-10,Plant B,M-02,P-05,Evening,1069,1008
2026-05-10,Plant B,M-02,P-05,Night,873,722
2026-05-10,Plant B,M-03,P-04,Morning,902,855
2026-05-10,Plant B,M-03,P-04,Evening,1192,1060
2026-05-10,Plant B,M-03,P-04,Night,1167,926
2026-05-10,Plant B,M-04,P-02,Morning,813,545
2026-05-10,Plant B,M-04,P-05,Evening,801,646
2026-05-10,Plant B,M-04,P-05,Night,1181,920
2026-05-10,Plant B,M-05,P-01,Morning,751,605
2026-05-10,Plant B,M-05,P-06,Evening,906,835
2026-05-10,Plant B,M-05,P-05,Night,1098,862
2026-05-10,Plant C,M-01,P-05,Morning,1041,990
2026-05-10,Plant C,M-01,P-01,Evening,836,752
2026-05-10,Plant C,M-01,P-03,Night,1178,1028
2026-05-10,Plant C,M-02,P-03,Morning,1048,1044
2026-05-10,Plant C,M-02,P-06,Evening,1112,1004
2026-05-10,Plant C,M-02,P-03,Night,768,645
2026-05-10,Plant C,M-03,P-02,Morning,816,749
2026-05-10,Plant C,M-03,P-04,Evening,786,692
2026-05-10,Plant C,M-03,P-02,Night,844,696
2026-05-10,Plant C,M-04,P-02,Morning,1054,962
2026-05-10,Plant C,M-04,P-06,Evening,1100,982
2026-05-10,Plant C,M-04,P-06,Night,1108,847
2026-05-10,Plant C,M-05,P-03,Morning,833,793
2026-05-10,Plant C,M-05,P-03,Evening,786,656
2026-05-10,Plant C,M-05,P-02,Night,1062,817
2026-05-11,Plant A,M-01,P-02,Morning,854,846
2026-05-11,Plant A,M-01,P-04,Evening,994,992
2026-05-11,Plant A,M-01,P-04,Night,941,781
2026-05-11,Plant A,M-02,P-05,Morning,1147,1108
2026-05-11,Plant A,M-02,P-04,Evening,794,679
2026-05-11,Plant A,M-02,P-05,Night,863,723
2026-05-11,Plant A,M-03,P-02,Morning,787,789
2026-05-11,Plant A,M-03,P-04,Evening,1128,1033
2026-05-11,Plant A,M-03,P-04,Night,935,708
2026-05-11,Plant A,M-04,P-01,Morning,859,804
2026-05-11,Plant A,M-04,P-04,Evening,1036,983
2026-05-11,Plant A,M-04,P-04,Night,1032,804
2026-05-11,Plant A,M-05,P-04,Morning,933,805
2026-05-11,Plant A,M-05,P-05,Evening,916,766
2026-05-11,Plant A,M-05,P-05,Night,1054,896
2026-05-11,Plant B,M-01,P-06,Morning,1075,1074
2026-05-11,Plant B,M-01,P-06,Evening,1144,1049
2026-05-11,Plant B,M-01,P-05,Night,885,707
2026-05-11,Plant B,M-02,P-02,Morning,910,833
2026-05-11,Plant B,M-02,P-06,Evening,999,831
2026-05-11,Plant B,M-02,P-01,Night,1043,859
2026-05-11,Plant B,M-03,P-05,Morning,1179,1085
2026-05-11,Plant B,M-03,P-04,Evening,1108,987
2026-05-11,Plant B,M-03,P-04,Night,1035,792
2026-05-11,Plant B,M-04,P-05,Morning,843,677
2026-05-11,Plant B,M-04,P-01,Evening,916,699
2026-05-11,Plant B,M-04,P-06,Night,1164,827
2026-05-11,Plant B,M-05,P-06,Morning,891,901
2026-05-11,Plant B,M-05,P-01,Evening,1080,1035
2026-05-11,Plant B,M-05,P-03,Night,937,758
2026-05-11,Plant C,M-01,P-03,Morning,920,869
2026-05-11,Plant C,M-01,P-01,Evening,754,585
2026-05-11,Plant C,M-01,P-05,Night,967,748
2026-05-11,Plant C,M-02,P-03,Morning,975,944
2026-05-11,Plant C,M-02,P-01,Evening,1115,969
2026-05-11,Plant C,M-02,P-06,Night,884,736
2026-05-11,Plant C,M-03,P-03,Morning,866,860
2026-05-11,Plant C,M-03,P-04,Evening,1179,1041
2026-05-11,Plant C,M-03,P-04,Night,1123,880
2026-05-11,Plant C,M-04,P-06,Morning,1063,985
2026-05-11,Plant C,M-04,P-05,Evening,849,734
2026-05-11,Plant C,M-04,P-01,Night,1165,915
2026-05-11,Plant C,M-05,P-02,Morning,962,908
2026-05-11,Plant C,M-05,P-03,Evening,1170,1060
2026-05-11,Plant C,M-05,P-03,Night,1199,1014
2026-05-12,Plant A,M-01,P-02,Morning,1138,1117
2026-05-12,Plant A,M-01,P-01,Evening,1069,1021
2026-05-12,Plant A,M-01,P-06,Night,846,636
2026-05-12,Plant A,M-02,P-06,Morning,841,813
2026-05-12,Plant A,M-02,P-06,Evening,890,782
2026-05-12,Plant A,M-02,P-06,Night,797,656
2026-05-12,Plant A,M-03,P-05,Morning,1049,1011
2026-05-12,Plant A,M-03,P-02,Evening,1147,1060
2026-05-12,Plant A,M-03,P-02,Night,946,702
2026-05-12,Plant A,M-04,P-05,Morning,1198,1194
2026-05-12,Plant A,M-04,P-03,Evening,1170,990
2026-05-12,Plant A,M-04,P-01,Night,937,728
2026-05-12,Plant A,M-05,P-02,Morning,1166,1050
2026-05-12,Plant A,M-05,P-02,Evening,1091,944
2026-05-12,Plant A,M-05,P-05,Night,834,711
2026-05-12,Plant B,M-01,P-01,Morning,1030,1001
2026-05-12,Plant B,M-01,P-06,Evening,1097,988
2026-05-12,Plant B,M-01,P-06,Night,1115,943
2026-05-12,Plant B,M-02,P-04,Morning,910,810
2026-05-12,Plant B,M-02,P-03,Evening,996,905
2026-05-12,Plant B,M-02,P-06,Night,859,631
2026-05-12,Plant B,M-03,P-04,Morning,964,919
2026-05-12,Plant B,M-03,P-01,Evening,768,672
2026-05-12,Plant B,M-03,P-01,Night,1179,944
2026-05-12,Plant B,M-04,P-05,Morning,1008,696
2026-05-12,Plant B,M-04,P-02,Evening,991,810
2026-05-12,Plant B,M-04,P-06,Night,1132,795
2026-05-12,Plant B,M-05,P-01,Morning,857,839
2026-05-12,Plant B,M-05,P-02,Evening,1002,939
2026-05-12,Plant B,M-05,P-01,Night,898,759
2026-05-12,Plant C,M-01,P-01,Morning,1004,973
2026-05-12,Plant C,M-01,P-05,Evening,1189,1110
2026-05-12,Plant C,M-01,P-02,Night,952,815
2026-05-12,Plant C,M-02,P-03,Morning,1196,1165
2026-05-12,Plant C,M-02,P-05,Evening,1049,936
2026-05-12,Plant C,M-02,P-05,Night,1193,1072
2026-05-12,Plant C,M-03,P-03,Morning,1179,1153
2026-05-12,Plant C,M-03,P-05,Evening,760,605
2026-05-12,Plant C,M-03,P-05,Night,1168,926
2026-05-12,Plant C,M-04,P-06,Morning,1045,1019
2026-05-12,Plant C,M-04,P-01,Evening,1158,1128
2026-05-12,Plant C,M-04,P-05,Night,960,714
2026-05-12,Plant C,M-05,P-01,Morning,1039,989
2026-05-12,Plant C,M-05,P-03,Evening,896,798
2026-05-12,Plant C,M-05,P-05,Night,945,720
2026-05-13,Plant A,M-01,P-02,Morning,1058,985
2026-05-13,Plant A,M-01,P-06,Evening,1125,955
2026-05-13,Plant A,M-01,P-04,Night,1109,891
2026-05-13,Plant A,M-02,P-01,Morning,834,730
2026-05-13,Plant A,M-02,P-06,Evening,1128,1050
2026-05-13,Plant A,M-02,P-04,Night,838,696
2026-05-13,Plant A,M-03,P-01,Morning,856,766
2026-05-13,Plant A,M-03,P-02,Evening,1013,963
2026-05-13,Plant A,M-03,P-04,Night,948,794
2026-05-13,Plant A,M-04,P-06,Morning,772,745
2026-05-13,Plant A,M-04,P-01,Evening,900,796
2026-05-13,Plant A,M-04,P-06,Night,930,726
2026-05-13,Plant A,M-05,P-04,Morning,806,764
2026-05-13,Plant A,M-05,P-05,Evening,787,728
2026-05-13,Plant A,M-05,P-06,Night,1047,913
2026-05-13,Plant B,M-01,P-06,Morning,980,875
2026-05-13,Plant B,M-01,P-01,Evening,1055,920
2026-05-13,Plant B,M-01,P-03,Night,995,789
2026-05-13,Plant B,M-02,P-05,Morning,1143,1109
2026-05-13,Plant B,M-02,P-06,Evening,977,969
2026-05-13,Plant B,M-02,P-04,Night,975,793
2026-05-13,Plant B,M-03,P-02,Morning,815,751
2026-05-13,Plant B,M-03,P-06,Evening,816,711
2026-05-13,Plant B,M-03,P-04,Night,1095,873
2026-05-13,Plant B,M-04,P-02,Morning,1073,921
2026-05-13,Plant B,M-04,P-04,Evening,971,641
2026-05-13,Plant B,M-04,P-04,Night,787,493
2026-05-13,Plant B,M-05,P-05,Morning,952,915
2026-05-13,Plant B,M-05,P-01,Evening,855,693
2026-05-13,Plant B,M-05,P-06,Night,827,691
2026-05-13,Plant C,M-01,P-05,Morning,1197,1097
2026-05-13,Plant C,M-01,P-01,Evening,1185,1114
2026-05-13,Plant C,M-01,P-04,Night,941,765
2026-05-13,Plant C,M-02,P-02,Morning,1194,1082
2026-05-13,Plant C,M-02,P-03,Evening,1132,967
2026-05-13,Plant C,M-02,P-01,Night,1053,857
2026-05-13,Plant C,M-03,P-06,Morning,954,937
2026-05-13,Plant C,M-03,P-03,Evening,899,856
2026-05-13,Plant C,M-03,P-05,Night,894,667
2026-05-13,Plant C,M-04,P-02,Morning,927,905
2026-05-13,Plant C,M-04,P-02,Evening,870,799
2026-05-13,Plant C,M-04,P-06,Night,795,602
2026-05-13,Plant C,M-05,P-06,Morning,1005,974
2026-05-13,Plant C,M-05,P-04,Evening,1030,969
2026-05-13,Plant C,M-05,P-04,Night,1041,737
2026-05-14,Plant A,M-01,P-02,Morning,793,737
2026-05-14,Plant A,M-01,P-01,Evening,770,663
2026-05-14,Plant A,M-01,P-01,Night,1037,833
2026-05-14,Plant A,M-02,P-04,Morning,958,952
2026-05-14,Plant A,M-02,P-05,Evening,964,911
2026-05-14,Plant A,M-02,P-05,Night,1190,1057
2026-05-14,Plant A,M-03,P-06,Morning,763,653
2026-05-14,Plant A,M-03,P-03,Evening,1125,1035
2026-05-14,Plant A,M-03,P-02,Night,820,678
2026-05-14,Plant A,M-04,P-06,Morning,922,777
2026-05-14,Plant A,M-04,P-04,Evening,852,762
2026-05-14,Plant A,M-04,P-06,Night,857,657
2026-05-14,Plant A,M-05,P-03,Morning,1063,1099
2026-05-14,Plant A,M-05,P-01,Evening,826,761
2026-05-14,Plant A,M-05,P-01,Night,1134,889
2026-05-14,Plant B,M-01,P-06,Morning,878,860
2026-05-14,Plant B,M-01,P-06,Evening,1195,1115
2026-05-14,Plant B,M-01,P-02,Night,1070,869
2026-05-14,Plant B,M-02,P-04,Morning,1094,1029
2026-05-14,Plant B,M-02,P-04,Evening,1194,1065
2026-05-14,Plant B,M-02,P-04,Night,774,582
2026-05-14,Plant B,M-03,P-03,Morning,1013,971
2026-05-14,Plant B,M-03,P-04,Evening,1163,1008
2026-05-14,Plant B,M-03,P-01,Night,1108,950
2026-05-14,Plant B,M-04,P-02,Morning,870,667
2026-05-14,Plant B,M-04,P-03,Evening,885,582
2026-05-14,Plant B,M-04,P-02,Night,1028,702
2026-05-14,Plant B,M-05,P-02,Morning,814,688
2026-05-14,Plant B,M-05,P-06,Evening,1112,968
2026-05-14,Plant B,M-05,P-04,Night,1163,865
2026-05-14,Plant C,M-01,P-02,Morning,847,774
2026-05-14,Plant C,M-01,P-04,Evening,1165,1039
2026-05-14,Plant C,M-01,P-05,Night,1133,835
2026-05-14,Plant C,M-02,P-03,Morning,870,807
2026-05-14,Plant C,M-02,P-01,Evening,1095,908
2026-05-14,Plant C,M-02,P-05,Night,869,723
2026-05-14,Plant C,M-03,P-03,Morning,1024,988
2026-05-14,Plant C,M-03,P-03,Evening,755,684
2026-05-14,Plant C,M-03,P-06,Night,948,824
2026-05-14,Plant C,M-04,P-01,Morning,1116,1098
2026-05-14,Plant C,M-04,P-03,Evening,891,831
2026-05-14,Plant C,M-04,P-03,Night,759,621
2026-05-14,Plant C,M-05,P-04,Morning,879,774
2026-05-14,Plant C,M-05,P-04,Evening,902,757
2026-05-14,Plant C,M-05,P-05,Night,1017,860
2026-05-15,Plant A,M-01,P-03,Morning,1081,998
2026-05-15,Plant A,M-01,P-04,Evening,816,739
2026-05-15,Plant A,M-01,P-06,Night,916,747
2026-05-15,Plant A,M-02,P-03,Morning,1001,879
2026-05-15,Plant A,M-02,P-03,Evening,899,753
2026-05-15,Plant A,M-02,P-01,Night,854,694
2026-05-15,Plant A,M-03,P-05,Morning,1049,1017
2026-05-15,Plant A,M-03,P-03,Evening,826,709
2026-05-15,Plant A,M-03,P-05,Night,1065,877
2026-05-15,Plant A,M-04,P-05,Morning,794,758
2026-05-15,Plant A,M-04,P-04,Evening,840,759
2026-05-15,Plant A,M-04,P-06,Night,856,695
2026-05-15,Plant A,M-05,P-02,Morning,1078,1030
2026-05-15,Plant A,M-05,P-01,Evening,1045,999
2026-05-15,Plant A,M-05,P-03,Night,1051,897
2026-05-15,Plant B,M-01,P-06,Morning,779,755
2026-05-15,Plant B,M-01,P-05,Evening,772,648
2026-05-15,Plant B,M-01,P-04,Night,1124,972
2026-05-15,Plant B,M-02,P-01,Morning,1135,1082
2026-05-15,Plant B,M-02,P-02,Evening,858,738
2026-05-15,Plant B,M-02,P-05,Night,756,632
2026-05-15,Plant B,M-03,P-02,Morning,942,890
2026-05-15,Plant B,M-03,P-04,Evening,993,884
2026-05-15,Plant B,M-03,P-06,Night,1029,840
2026-05-15,Plant B,M-04,P-02,Morning,790,558
2026-05-15,Plant B,M-04,P-02,Evening,1111,757
2026-05-15,Plant B,M-04,P-03,Night,893,601
2026-05-15,Plant B,M-05,P-06,Morning,977,934
2026-05-15,Plant B,M-05,P-01,Evening,807,757
2026-05-15,Plant B,M-05,P-03,Night,944,787
2026-05-15,Plant C,M-01,P-06,Morning,1151,1113
2026-05-15,Plant C,M-01,P-01,Evening,871,692
2026-05-15,Plant C,M-01,P-04,Night,1031,893
2026-05-15,Plant C,M-02,P-02,Morning,944,871
2026-05-15,Plant C,M-02,P-05,Evening,1049,960
2026-05-15,Plant C,M-02,P-01,Night,1035,853
2026-05-15,Plant C,M-03,P-04,Morning,779,697
2026-05-15,Plant C,M-03,P-02,Evening,867,786
2026-05-15,Plant C,M-03,P-02,Night,1027,801
2026-05-15,Plant C,M-04,P-04,Morning,858,822
2026-05-15,Plant C,M-04,P-04,Evening,905,900
2026-05-15,Plant C,M-04,P-04,Night,928,746
2026-05-15,Plant C,M-05,P-05,Morning,1093,1120
2026-05-15,Plant C,M-05,P-01,Evening,1016,996
2026-05-15,Plant C,M-05,P-04,Night,824,616
2026-05-16,Plant A,M-01,P-03,Morning,979,935
2026-05-16,Plant A,M-01,P-06,Evening,1141,1063
2026-05-16,Plant A,M-01,P-06,Night,783,614
2026-05-16,Plant A,M-02,P-05,Morning,904,897
2026-05-16,Plant A,M-02,P-02,Evening,1182,1028
2026-05-16,Plant A,M-02,P-06,Night,813,692
2026-05-16,Plant A,M-03,P-05,Morning,839,825
2026-05-16,Plant A,M-03,P-05,Evening,971,866
2026-05-16,Plant A,M-03,P-05,Night,951,789
2026-05-16,Plant A,M-04,P-06,Morning,875,762
2026-05-16,Plant A,M-04,P-02,Evening,1081,973
2026-05-16,Plant A,M-04,P-03,Night,933,736
2026-05-16,Plant A,M-05,P-04,Morning,1073,986
2026-05-16,Plant A,M-05,P-06,Evening,1191,1000
2026-05-16,Plant A,M-05,P-04,Night,1078,863
2026-05-16,Plant B,M-01,P-05,Morning,1130,1068
2026-05-16,Plant B,M-01,P-01,Evening,1039,943
2026-05-16,Plant B,M-01,P-02,Night,1092,916
2026-05-16,Plant B,M-02,P-05,Morning,1133,1094
2026-05-16,Plant B,M-02,P-06,Evening,1138,1003
2026-05-16,Plant B,M-02,P-02,Night,918,791
2026-05-16,Plant B,M-03,P-06,Morning,1033,1042
2026-05-16,Plant B,M-03,P-01,Evening,1043,866
2026-05-16,Plant B,M-03,P-01,Night,991,795
2026-05-16,Plant B,M-04,P-03,Morning,1051,800
2026-05-16,Plant B,M-04,P-03,Evening,1091,914
2026-05-16,Plant B,M-04,P-05,Night,1017,635
2026-05-16,Plant B,M-05,P-06,Morning,1085,976
2026-05-16,Plant B,M-05,P-05,Evening,854,801
2026-05-16,Plant B,M-05,P-02,Night,1135,937
2026-05-16,Plant C,M-01,P-03,Morning,1120,1027
2026-05-16,Plant C,M-01,P-01,Evening,859,791
2026-05-16,Plant C,M-01,P-02,Night,788,648
2026-05-16,Plant C,M-02,P-06,Morning,1154,1056
2026-05-16,Plant C,M-02,P-03,Evening,1157,995
2026-05-16,Plant C,M-02,P-06,Night,1039,828
2026-05-16,Plant C,M-03,P-05,Morning,1122,1075
2026-05-16,Plant C,M-03,P-06,Evening,1138,964
2026-05-16,Plant C,M-03,P-03,Night,1066,855
2026-05-16,Plant C,M-04,P-04,Morning,953,809
2026-05-16,Plant C,M-04,P-01,Evening,1079,944
2026-05-16,Plant C,M-04,P-04,Night,935,799
2026-05-16,Plant C,M-05,P-06,Morning,915,836
2026-05-16,Plant C,M-05,P-03,Evening,976,833
2026-05-16,Plant C,M-05,P-05,Night,1027,869
2026-05-17,Plant A,M-01,P-03,Morning,1155,1136
2026-05-17,Plant A,M-01,P-02,Evening,860,785
2026-05-17,Plant A,M-01,P-04,Night,969,837
2026-05-17,Plant A,M-02,P-06,Morning,1027,960
2026-05-17,Plant A,M-02,P-03,Evening,906,807
2026-05-17,Plant A,M-02,P-05,Night,977,781
2026-05-17,Plant A,M-03,P-01,Morning,1178,1095
2026-05-17,Plant A,M-03,P-04,Evening,1069,892
2026-05-17,Plant A,M-03,P-02,Night,938,793
2026-05-17,Plant A,M-04,P-05,Morning,1004,917
2026-05-17,Plant A,M-04,P-03,Evening,953,797
2026-05-17,Plant A,M-04,P-06,Night,840,749
2026-05-17,Plant A,M-05,P-01,Morning,820,672
2026-05-17,Plant A,M-05,P-04,Evening,974,864
2026-05-17,Plant A,M-05,P-04,Night,1169,940
2026-05-17,Plant B,M-01,P-02,Morning,898,860
2026-05-17,Plant B,M-01,P-05,Evening,797,736
2026-05-17,Plant B,M-01,P-04,Night,1162,1016
2026-05-17,Plant B,M-02,P-04,Morning,986,881
2026-05-17,Plant B,M-02,P-06,Evening,1157,1100
2026-05-17,Plant B,M-02,P-02,Night,1099,907
2026-05-17,Plant B,M-03,P-01,Morning,1197,1214
2026-05-17,Plant B,M-03,P-06,Evening,797,667
2026-05-17,Plant B,M-03,P-02,Night,906,711
2026-05-17,Plant B,M-04,P-03,Morning,899,702
2026-05-17,Plant B,M-04,P-03,Evening,846,547
2026-05-17,Plant B,M-04,P-01,Night,985,695
2026-05-17,Plant B,M-05,P-06,Morning,1119,1018
2026-05-17,Plant B,M-05,P-06,Evening,1128,1063
2026-05-17,Plant B,M-05,P-01,Night,861,684
2026-05-17,Plant C,M-01,P-01,Morning,1009,883
2026-05-17,Plant C,M-01,P-06,Evening,849,796
2026-05-17,Plant C,M-01,P-01,Night,962,796
2026-05-17,Plant C,M-02,P-04,Morning,794,715
2026-05-17,Plant C,M-02,P-06,Evening,1047,932
2026-05-17,Plant C,M-02,P-06,Night,1044,925
2026-05-17,Plant C,M-03,P-02,Morning,808,658
2026-05-17,Plant C,M-03,P-04,Evening,861,814
2026-05-17,Plant C,M-03,P-03,Night,1084,936
2026-05-17,Plant C,M-04,P-01,Morning,943,867
2026-05-17,Plant C,M-04,P-02,Evening,811,634
2026-05-17,Plant C,M-04,P-03,Night,1039,824
2026-05-17,Plant C,M-05,P-04,Morning,1187,1015
2026-05-17,Plant C,M-05,P-05,Evening,810,727
2026-05-17,Plant C,M-05,P-05,Night,831,641
2026-05-18,Plant A,M-01,P-03,Morning,1152,1129
2026-05-18,Plant A,M-01,P-03,Evening,1030,921
2026-05-18,Plant A,M-01,P-06,Night,1189,960
2026-05-18,Plant A,M-02,P-01,Morning,965,824
2026-05-18,Plant A,M-02,P-01,Evening,1128,1052
2026-05-18,Plant A,M-02,P-02,Night,895,752
2026-05-18,Plant A,M-03,P-05,Morning,824,759
2026-05-18,Plant A,M-03,P-02,Evening,846,773
2026-05-18,Plant A,M-03,P-01,Night,778,592
2026-05-18,Plant A,M-04,P-04,Morning,1057,1065
2026-05-18,Plant A,M-04,P-04,Evening,802,671
2026-05-18,Plant A,M-04,P-03,Night,778,650
2026-05-18,Plant A,M-05,P-03,Morning,1136,1084
2026-05-18,Plant A,M-05,P-03,Evening,1185,988
2026-05-18,Plant A,M-05,P-04,Night,1189,1059
2026-05-18,Plant B,M-01,P-02,Morning,924,782
2026-05-18,Plant B,M-01,P-04,Evening,1108,957
2026-05-18,Plant B,M-01,P-01,Night,915,792
2026-05-18,Plant B,M-02,P-06,Morning,805,750
2026-05-18,Plant B,M-02,P-05,Evening,1032,936
2026-05-18,Plant B,M-02,P-05,Night,933,810
2026-05-18,Plant B,M-03,P-06,Morning,1095,1042
2026-05-18,Plant B,M-03,P-03,Evening,1003,947
2026-05-18,Plant B,M-03,P-06,Night,756,588
2026-05-18,Plant B,M-04,P-04,Morning,1138,896
2026-05-18,Plant B,M-04,P-04,Evening,961,738
2026-05-18,Plant B,M-04,P-01,Night,953,532
2026-05-18,Plant B,M-05,P-04,Morning,815,730
2026-05-18,Plant B,M-05,P-04,Evening,890,685
2026-05-18,Plant B,M-05,P-03,Night,968,815
2026-05-18,Plant C,M-01,P-03,Morning,1105,1082
2026-05-18,Plant C,M-01,P-01,Evening,821,700
2026-05-18,Plant C,M-01,P-04,Night,756,646
2026-05-18,Plant C,M-02,P-02,Morning,1015,921
2026-05-18,Plant C,M-02,P-04,Evening,1040,919
2026-05-18,Plant C,M-02,P-04,Night,863,698
2026-05-18,Plant C,M-03,P-03,Morning,834,786
2026-05-18,Plant C,M-03,P-01,Evening,1066,845
2026-05-18,Plant C,M-03,P-04,Night,931,742
2026-05-18,Plant C,M-04,P-03,Morning,1029,964
2026-05-18,Plant C,M-04,P-06,Evening,1017,875
2026-05-18,Plant C,M-04,P-03,Night,1054,848
2026-05-18,Plant C,M-05,P-06,Morning,1125,1056
2026-05-18,Plant C,M-05,P-05,Evening,1104,929
2026-05-18,Plant C,M-05,P-03,Night,1085,867
2026-05-19,Plant A,M-01,P-06,Morning,1184,1072
2026-05-19,Plant A,M-01,P-01,Evening,1139,1047
2026-05-19,Plant A,M-01,P-01,Night,879,774
2026-05-19,Plant A,M-02,P-04,Morning,1177,1107
2026-05-19,Plant A,M-02,P-03,Evening,977,917
2026-05-19,Plant A,M-02,P-05,Night,752,606
2026-05-19,Plant A,M-03,P-04,Morning,1078,1077
2026-05-19,Plant A,M-03,P-04,Evening,891,791
2026-05-19,Plant A,M-03,P-05,Night,852,643
2026-05-19,Plant A,M-04,P-02,Morning,1195,1107
2026-05-19,Plant A,M-04,P-06,Evening,914,804
2026-05-19,Plant A,M-04,P-05,Night,796,649
2026-05-19,Plant A,M-05,P-06,Morning,1183,1055
2026-05-19,Plant A,M-05,P-04,Evening,1030,1003
2026-05-19,Plant A,M-05,P-05,Night,827,575
2026-05-19,Plant B,M-01,P-02,Morning,930,863
2026-05-19,Plant B,M-01,P-02,Evening,870,713
2026-05-19,Plant B,M-01,P-06,Night,822,688
2026-05-19,Plant B,M-02,P-04,Morning,1134,996
2026-05-19,Plant B,M-02,P-06,Evening,1123,962
2026-05-19,Plant B,M-02,P-04,Night,874,773
2026-05-19,Plant B,M-03,P-02,Morning,776,654
2026-05-19,Plant B,M-03,P-05,Evening,1183,1133
2026-05-19,Plant B,M-03,P-04,Night,1014,781
2026-05-19,Plant B,M-04,P-05,Morning,829,608
2026-05-19,Plant B,M-04,P-03,Evening,1102,891
2026-05-19,Plant B,M-04,P-05,Night,1045,737
2026-05-19,Plant B,M-05,P-04,Morning,952,840
2026-05-19,Plant B,M-05,P-02,Evening,985,831
2026-05-19,Plant B,M-05,P-06,Night,769,566
2026-05-19,Plant C,M-01,P-01,Morning,855,821
2026-05-19,Plant C,M-01,P-05,Evening,834,681
2026-05-19,Plant C,M-01,P-06,Night,866,731
2026-05-19,Plant C,M-02,P-03,Morning,826,823
2026-05-19,Plant C,M-02,P-02,Evening,825,616
2026-05-19,Plant C,M-02,P-02,Night,1089,967
2026-05-19,Plant C,M-03,P-02,Morning,1118,1035
2026-05-19,Plant C,M-03,P-01,Evening,997,911
2026-05-19,Plant C,M-03,P-02,Night,874,699
2026-05-19,Plant C,M-04,P-05,Morning,1061,1003
2026-05-19,Plant C,M-04,P-03,Evening,947,808
2026-05-19,Plant C,M-04,P-01,Night,873,697
2026-05-19,Plant C,M-05,P-03,Morning,820,745
2026-05-19,Plant C,M-05,P-02,Evening,983,824
2026-05-19,Plant C,M-05,P-05,Night,998,691
2026-05-20,Plant A,M-01,P-06,Morning,801,751
2026-05-20,Plant A,M-01,P-05,Evening,897,884
2026-05-20,Plant A,M-01,P-06,Night,1137,879
2026-05-20,Plant A,M-02,P-04,Morning,950,954
2026-05-20,Plant A,M-02,P-04,Evening,882,756
2026-05-20,Plant A,M-02,P-04,Night,1175,1004
2026-05-20,Plant A,M-03,P-06,Morning,756,761
2026-05-20,Plant A,M-03,P-02,Evening,829,754
2026-05-20,Plant A,M-03,P-04,Night,1058,921
2026-05-20,Plant A,M-04,P-04,Morning,1041,905
2026-05-20,Plant A,M-04,P-05,Evening,908,871
2026-05-20,Plant A,M-04,P-06,Night,1056,944
2026-05-20,Plant A,M-05,P-05,Morning,1087,1062
2026-05-20,Plant A,M-05,P-04,Evening,902,800
2026-05-20,Plant A,M-05,P-05,Night,862,658
2026-05-20,Plant B,M-01,P-06,Morning,1150,1133
2026-05-20,Plant B,M-01,P-04,Evening,770,701
2026-05-20,Plant B,M-01,P-04,Night,929,822
2026-05-20,Plant B,M-02,P-02,Morning,929,927
2026-05-20,Plant B,M-02,P-04,Evening,1155,1015
2026-05-20,Plant B,M-02,P-01,Night,1198,1015
2026-05-20,Plant B,M-03,P-06,Morning,842,731
2026-05-20,Plant B,M-03,P-02,Evening,917,841
2026-05-20,Plant B,M-03,P-06,Night,966,771
2026-05-20,Plant B,M-04,P-05,Morning,987,725
2026-05-20,Plant B,M-04,P-05,Evening,956,723
2026-05-20,Plant B,M-04,P-03,Night,851,515
2026-05-20,Plant B,M-05,P-06,Morning,981,963
2026-05-20,Plant B,M-05,P-04,Evening,943,865
2026-05-20,Plant B,M-05,P-04,Night,771,596
2026-05-20,Plant C,M-01,P-05,Morning,901,835
2026-05-20,Plant C,M-01,P-05,Evening,892,808
2026-05-20,Plant C,M-01,P-01,Night,876,746
2026-05-20,Plant C,M-02,P-05,Morning,795,718
2026-05-20,Plant C,M-02,P-01,Evening,996,867
2026-05-20,Plant C,M-02,P-02,Night,933,676
2026-05-20,Plant C,M-03,P-04,Morning,1078,972
2026-05-20,Plant C,M-03,P-02,Evening,1189,1028
2026-05-20,Plant C,M-03,P-05,Night,993,815
2026-05-20,Plant C,M-04,P-01,Morning,1056,1011
2026-05-20,Plant C,M-04,P-04,Evening,1180,1030
2026-05-20,Plant C,M-04,P-06,Night,764,668
2026-05-20,Plant C,M-05,P-04,Morning,956,907
2026-05-20,Plant C,M-05,P-05,Evening,1032,872
2026-05-20,Plant C,M-05,P-04,Night,1011,827
2026-05-21,Plant A,M-01,P-01,Morning,1135,1097
2026-05-21,Plant A,M-01,P-04,Evening,1046,990
2026-05-21,Plant A,M-01,P-01,Night,920,643
2026-05-21,Plant A,M-02,P-06,Morning,895,864
2026-05-21,Plant A,M-02,P-05,Evening,1111,970
2026-05-21,Plant A,M-02,P-04,Night,999,850
2026-05-21,Plant A,M-03,P-01,Morning,787,699
2026-05-21,Plant A,M-03,P-03,Evening,1177,1080
2026-05-21,Plant A,M-03,P-01,Night,778,580
2026-05-21,Plant A,M-04,P-02,Morning,844,819
2026-05-21,Plant A,M-04,P-05,Evening,1173,1107
2026-05-21,Plant A,M-04,P-02,Night,1100,984
2026-05-21,Plant A,M-05,P-04,Morning,796,720
2026-05-21,Plant A,M-05,P-04,Evening,1066,960
2026-05-21,Plant A,M-05,P-05,Night,1048,880
2026-05-21,Plant B,M-01,P-04,Morning,1171,1108
2026-05-21,Plant B,M-01,P-02,Evening,1169,1076
2026-05-21,Plant B,M-01,P-01,Night,863,693
2026-05-21,Plant B,M-02,P-04,Morning,817,771
2026-05-21,Plant B,M-02,P-02,Evening,1148,963
2026-05-21,Plant B,M-02,P-05,Night,891,773
2026-05-21,Plant B,M-03,P-01,Morning,979,887
2026-05-21,Plant B,M-03,P-04,Evening,983,911
2026-05-21,Plant B,M-03,P-01,Night,813,614
2026-05-21,Plant B,M-04,P-06,Morning,952,645
2026-05-21,Plant B,M-04,P-05,Evening,1095,892
2026-05-21,Plant B,M-04,P-04,Night,1194,905
2026-05-21,Plant B,M-05,P-01,Morning,948,943
2026-05-21,Plant B,M-05,P-01,Evening,1118,966
2026-05-21,Plant B,M-05,P-03,Night,970,837
2026-05-21,Plant C,M-01,P-01,Morning,876,770
2026-05-21,Plant C,M-01,P-04,Evening,759,678
2026-05-21,Plant C,M-01,P-03,Night,1107,935
2026-05-21,Plant C,M-02,P-04,Morning,1176,1160
2026-05-21,Plant C,M-02,P-02,Evening,804,701
2026-05-21,Plant C,M-02,P-05,Night,1092,900
2026-05-21,Plant C,M-03,P-04,Morning,978,847
2026-05-21,Plant C,M-03,P-05,Evening,976,923
2026-05-21,Plant C,M-03,P-04,Night,757,642
2026-05-21,Plant C,M-04,P-04,Morning,1120,1077
2026-05-21,Plant C,M-04,P-05,Evening,1115,966
2026-05-21,Plant C,M-04,P-05,Night,1166,939
2026-05-21,Plant C,M-05,P-02,Morning,1051,927
2026-05-21,Plant C,M-05,P-05,Evening,1186,1015
2026-05-21,Plant C,M-05,P-05,Night,978,729
2026-05-22,Plant A,M-01,P-01,Morning,1068,932
2026-05-22,Plant A,M-01,P-03,Evening,998,853
2026-05-22,Plant A,M-01,P-05,Night,949,795
2026-05-22,Plant A,M-02,P-01,Morning,793,675
2026-05-22,Plant A,M-02,P-03,Evening,1107,963
2026-05-22,Plant A,M-02,P-02,Night,959,813
2026-05-22,Plant A,M-03,P-06,Morning,832,775
2026-05-22,Plant A,M-03,P-06,Evening,782,701
2026-05-22,Plant A,M-03,P-05,Night,968,806
2026-05-22,Plant A,M-04,P-05,Morning,1166,1008
2026-05-22,Plant A,M-04,P-06,Evening,1162,1070
2026-05-22,Plant A,M-04,P-01,Night,1054,826
2026-05-22,Plant A,M-05,P-04,Morning,841,806
2026-05-22,Plant A,M-05,P-03,Evening,868,809
2026-05-22,Plant A,M-05,P-03,Night,1190,1079
2026-05-22,Plant B,M-01,P-04,Morning,1154,1083
2026-05-22,Plant B,M-01,P-01,Evening,760,663
2026-05-22,Plant B,M-01,P-04,Night,1163,949
2026-05-22,Plant B,M-02,P-06,Morning,940,917
2026-05-22,Plant B,M-02,P-03,Evening,759,704
2026-05-22,Plant B,M-02,P-01,Night,962,725
2026-05-22,Plant B,M-03,P-02,Morning,962,846
2026-05-22,Plant B,M-03,P-05,Evening,1110,1027
2026-05-22,Plant B,M-03,P-03,Night,936,800
2026-05-22,Plant B,M-04,P-04,Morning,1042,708
2026-05-22,Plant B,M-04,P-06,Evening,754,516
2026-05-22,Plant B,M-04,P-04,Night,912,509
2026-05-22,Plant B,M-05,P-02,Morning,918,866
2026-05-22,Plant B,M-05,P-02,Evening,806,710
2026-05-22,Plant B,M-05,P-06,Night,1059,889
2026-05-22,Plant C,M-01,P-04,Morning,1076,968
2026-05-22,Plant C,M-01,P-03,Evening,1141,1067
2026-05-22,Plant C,M-01,P-06,Night,840,670
2026-05-22,Plant C,M-02,P-03,Morning,1002,975
2026-05-22,Plant C,M-02,P-06,Evening,917,868
2026-05-22,Plant C,M-02,P-03,Night,845,683
2026-05-22,Plant C,M-03,P-05,Morning,1160,1144
2026-05-22,Plant C,M-03,P-03,Evening,774,662
2026-05-22,Plant C,M-03,P-03,Night,1142,933
2026-05-22,Plant C,M-04,P-06,Morning,984,925
2026-05-22,Plant C,M-04,P-01,Evening,1094,1008
2026-05-22,Plant C,M-04,P-01,Night,854,742
2026-05-22,Plant C,M-05,P-06,Morning,1050,1019
2026-05-22,Plant C,M-05,P-02,Evening,1119,1022
2026-05-22,Plant C,M-05,P-03,Night,1147,1000
2026-05-23,Plant A,M-01,P-05,Morning,1019,1025
2026-05-23,Plant A,M-01,P-03,Evening,982,942
2026-05-23,Plant A,M-01,P-06,Night,786,676
2026-05-23,Plant A,M-02,P-03,Morning,1156,1035
2026-05-23,Plant A,M-02,P-04,Evening,925,905
2026-05-23,Plant A,M-02,P-06,Night,959,812
2026-05-23,Plant A,M-03,P-05,Morning,1076,1042
2026-05-23,Plant A,M-03,P-03,Evening,815,798
2026-05-23,Plant A,M-03,P-01,Night,832,725
2026-05-23,Plant A,M-04,P-03,Morning,774,678
2026-05-23,Plant A,M-04,P-03,Evening,759,726
2026-05-23,Plant A,M-04,P-01,Night,971,849
2026-05-23,Plant A,M-05,P-02,Morning,843,773
2026-05-23,Plant A,M-05,P-06,Evening,1129,1021
2026-05-23,Plant A,M-05,P-03,Night,790,708
2026-05-23,Plant B,M-01,P-05,Morning,1106,1013
2026-05-23,Plant B,M-01,P-01,Evening,922,750
2026-05-23,Plant B,M-01,P-04,Night,1124,950
2026-05-23,Plant B,M-02,P-03,Morning,782,791
2026-05-23,Plant B,M-02,P-06,Evening,798,708
2026-05-23,Plant B,M-02,P-04,Night,870,667
2026-05-23,Plant B,M-03,P-04,Morning,1180,1129
2026-05-23,Plant B,M-03,P-03,Evening,1127,1021
2026-05-23,Plant B,M-03,P-05,Night,1104,938
2026-05-23,Plant B,M-04,P-04,Morning,756,520
2026-05-23,Plant B,M-04,P-04,Evening,1178,978
2026-05-23,Plant B,M-04,P-04,Night,826,548
2026-05-23,Plant B,M-05,P-06,Morning,837,748
2026-05-23,Plant B,M-05,P-02,Evening,997,942
2026-05-23,Plant B,M-05,P-06,Night,811,609
2026-05-23,Plant C,M-01,P-04,Morning,1162,1058
2026-05-23,Plant C,M-01,P-02,Evening,849,746
2026-05-23,Plant C,M-01,P-02,Night,888,702
2026-05-23,Plant C,M-02,P-02,Morning,806,694
2026-05-23,Plant C,M-02,P-06,Evening,1141,1045
2026-05-23,Plant C,M-02,P-02,Night,1039,861
2026-05-23,Plant C,M-03,P-01,Morning,1014,936
2026-05-23,Plant C,M-03,P-04,Evening,915,809
2026-05-23,Plant C,M-03,P-06,Night,1073,839
2026-05-23,Plant C,M-04,P-02,Morning,896,804
2026-05-23,Plant C,M-04,P-02,Evening,806,685
2026-05-23,Plant C,M-04,P-04,Night,825,624
2026-05-23,Plant C,M-05,P-04,Morning,1149,999
2026-05-23,Plant C,M-05,P-04,Evening,1003,943
2026-05-23,Plant C,M-05,P-02,Night,1064,796
2026-05-24,Plant A,M-01,P-01,Morning,1173,1075
2026-05-24,Plant A,M-01,P-02,Evening,1105,947
2026-05-24,Plant A,M-01,P-03,Night,932,771
2026-05-24,Plant A,M-02,P-01,Morning,1126,1138
2026-05-24,Plant A,M-02,P-05,Evening,1025,877
2026-05-24,Plant A,M-02,P-01,Night,1056,850
2026-05-24,Plant A,M-03,P-02,Morning,883,813
2026-05-24,Plant A,M-03,P-03,Evening,884,758
2026-05-24,Plant A,M-03,P-02,Night,869,695
2026-05-24,Plant A,M-04,P-03,Morning,955,892
2026-05-24,Plant A,M-04,P-05,Evening,1170,1060
2026-05-24,Plant A,M-04,P-02,Night,1144,856
2026-05-24,Plant A,M-05,P-04,Morning,960,833
2026-05-24,Plant A,M-05,P-03,Evening,839,727
2026-05-24,Plant A,M-05,P-02,Night,1176,1010
2026-05-24,Plant B,M-01,P-03,Morning,1000,961
2026-05-24,Plant B,M-01,P-03,Evening,1175,1046
2026-05-24,Plant B,M-01,P-02,Night,1068,918
2026-05-24,Plant B,M-02,P-02,Morning,911,813
2026-05-24,Plant B,M-02,P-03,Evening,1070,987
2026-05-24,Plant B,M-02,P-06,Night,1096,970
2026-05-24,Plant B,M-03,P-05,Morning,1006,999
2026-05-24,Plant B,M-03,P-03,Evening,977,830
2026-05-24,Plant B,M-03,P-03,Night,936,724
2026-05-24,Plant B,M-04,P-04,Morning,1176,1014
2026-05-24,Plant B,M-04,P-06,Evening,1003,752
2026-05-24,Plant B,M-04,P-03,Night,1087,759
2026-05-24,Plant B,M-05,P-02,Morning,944,911
2026-05-24,Plant B,M-05,P-02,Evening,979,939
2026-05-24,Plant B,M-05,P-04,Night,1002,733
2026-05-24,Plant C,M-01,P-01,Morning,1153,1073
2026-05-24,Plant C,M-01,P-04,Evening,970,904
2026-05-24,Plant C,M-01,P-05,Night,1192,972
2026-05-24,Plant C,M-02,P-04,Morning,793,684
2026-05-24,Plant C,M-02,P-04,Evening,1111,1051
2026-05-24,Plant C,M-02,P-06,Night,1159,961
2026-05-24,Plant C,M-03,P-04,Morning,995,942
2026-05-24,Plant C,M-03,P-06,Evening,919,776
2026-05-24,Plant C,M-03,P-05,Night,1129,887
2026-05-24,Plant C,M-04,P-05,Morning,903,851
2026-05-24,Plant C,M-04,P-04,Evening,833,648
2026-05-24,Plant C,M-04,P-01,Night,1103,906
2026-05-24,Plant C,M-05,P-04,Morning,779,717
2026-05-24,Plant C,M-05,P-03,Evening,1182,1048
2026-05-24,Plant C,M-05,P-03,Night,942,798
2026-05-25,Plant A,M-01,P-06,Morning,816,738
2026-05-25,Plant A,M-01,P-05,Evening,935,869
2026-05-25,Plant A,M-01,P-03,Night,1029,804
2026-05-25,Plant A,M-02,P-05,Morning,1033,938
2026-05-25,Plant A,M-02,P-03,Evening,1115,947
2026-05-25,Plant A,M-02,P-05,Night,841,669
2026-05-25,Plant A,M-03,P-02,Morning,1108,1000
2026-05-25,Plant A,M-03,P-05,Evening,1082,1004
2026-05-25,Plant A,M-03,P-02,Night,941,845
2026-05-25,Plant A,M-04,P-03,Morning,1072,1031
2026-05-25,Plant A,M-04,P-04,Evening,969,897
2026-05-25,Plant A,M-04,P-01,Night,976,741
2026-05-25,Plant A,M-05,P-03,Morning,1064,919
2026-05-25,Plant A,M-05,P-06,Evening,881,800
2026-05-25,Plant A,M-05,P-05,Night,1084,917
2026-05-25,Plant B,M-01,P-04,Morning,1171,1085
2026-05-25,Plant B,M-01,P-02,Evening,760,652
2026-05-25,Plant B,M-01,P-02,Night,955,765
2026-05-25,Plant B,M-02,P-01,Morning,857,758
2026-05-25,Plant B,M-02,P-05,Evening,998,842
2026-05-25,Plant B,M-02,P-02,Night,1082,901
2026-05-25,Plant B,M-03,P-01,Morning,769,772
2026-05-25,Plant B,M-03,P-05,Evening,917,811
2026-05-25,Plant B,M-03,P-01,Night,860,713
2026-05-25,Plant B,M-04,P-01,Morning,800,639
2026-05-25,Plant B,M-04,P-04,Evening,803,601
2026-05-25,Plant B,M-04,P-06,Night,774,389
2026-05-25,Plant B,M-05,P-03,Morning,806,708
2026-05-25,Plant B,M-05,P-06,Evening,1089,934
2026-05-25,Plant B,M-05,P-06,Night,905,675
2026-05-25,Plant C,M-01,P-05,Morning,1095,1062
2026-05-25,Plant C,M-01,P-05,Evening,841,721
2026-05-25,Plant C,M-01,P-06,Night,1177,966
2026-05-25,Plant C,M-02,P-03,Morning,1017,856
2026-05-25,Plant C,M-02,P-02,Evening,788,721
2026-05-25,Plant C,M-02,P-03,Night,1134,928
2026-05-25,Plant C,M-03,P-02,Morning,1156,1073
2026-05-25,Plant C,M-03,P-04,Evening,926,826
2026-05-25,Plant C,M-03,P-03,Night,1000,751
2026-05-25,Plant C,M-04,P-02,Morning,768,700
2026-05-25,Plant C,M-04,P-01,Evening,1093,1040
2026-05-25,Plant C,M-04,P-01,Night,803,614
2026-05-25,Plant C,M-05,P-01,Morning,985,961
2026-05-25,Plant C,M-05,P-05,Evening,804,730
2026-05-25,Plant C,M-05,P-01,Night,811,626
2026-05-26,Plant A,M-01,P-03,Morning,1106,1055
2026-05-26,Plant A,M-01,P-02,Evening,880,792
2026-05-26,Plant A,M-01,P-06,Night,756,519
2026-05-26,Plant A,M-02,P-03,Morning,1058,1004
2026-05-26,Plant A,M-02,P-04,Evening,764,613
2026-05-26,Plant A,M-02,P-03,Night,790,658
2026-05-26,Plant A,M-03,P-01,Morning,1115,1037
2026-05-26,Plant A,M-03,P-04,Evening,1148,1089
2026-05-26,Plant A,M-03,P-04,Night,1115,880
2026-05-26,Plant A,M-04,P-02,Morning,916,944
2026-05-26,Plant A,M-04,P-03,Evening,1005,890
2026-05-26,Plant A,M-04,P-01,Night,994,784
2026-05-26,Plant A,M-05,P-05,Morning,848,850
2026-05-26,Plant A,M-05,P-04,Evening,1134,1008
2026-05-26,Plant A,M-05,P-01,Night,1010,858
2026-05-26,Plant B,M-01,P-04,Morning,1060,1043
2026-05-26,Plant B,M-01,P-06,Evening,968,932
2026-05-26,Plant B,M-01,P-02,Night,1035,825
2026-05-26,Plant B,M-02,P-04,Morning,1164,1118
2026-05-26,Plant B,M-02,P-04,Evening,1172,1093
2026-05-26,Plant B,M-02,P-02,Night,1178,994
2026-05-26,Plant B,M-03,P-06,Morning,1018,948
2026-05-26,Plant B,M-03,P-03,Evening,1071,930
2026-05-26,Plant B,M-03,P-02,Night,905,785
2026-05-26,Plant B,M-04,P-06,Morning,1101,936
2026-05-26,Plant B,M-04,P-03,Evening,893,693
2026-05-26,Plant B,M-04,P-04,Night,1197,828
2026-05-26,Plant B,M-05,P-03,Morning,1164,1078
2026-05-26,Plant B,M-05,P-03,Evening,752,613
2026-05-26,Plant B,M-05,P-05,Night,876,737
2026-05-26,Plant C,M-01,P-05,Morning,1027,971
2026-05-26,Plant C,M-01,P-06,Evening,977,869
2026-05-26,Plant C,M-01,P-03,Night,1095,899
2026-05-26,Plant C,M-02,P-01,Morning,1109,1082
2026-05-26,Plant C,M-02,P-02,Evening,992,896
2026-05-26,Plant C,M-02,P-06,Night,1084,886
2026-05-26,Plant C,M-03,P-06,Morning,790,764
2026-05-26,Plant C,M-03,P-03,Evening,1196,1066
2026-05-26,Plant C,M-03,P-01,Night,821,711
2026-05-26,Plant C,M-04,P-04,Morning,1010,999
2026-05-26,Plant C,M-04,P-02,Evening,964,895
2026-05-26,Plant C,M-04,P-05,Night,998,883
2026-05-26,Plant C,M-05,P-02,Morning,1127,1120
2026-05-26,Plant C,M-05,P-06,Evening,1140,990
2026-05-26,Plant C,M-05,P-04,Night,991,788
2026-05-27,Plant A,M-01,P-02,Morning,779,686
2026-05-27,Plant A,M-01,P-04,Evening,1156,1042
2026-05-27,Plant A,M-01,P-04,Night,1076,905
2026-05-27,Plant A,M-02,P-03,Morning,769,636
2026-05-27,Plant A,M-02,P-03,Evening,1070,894
2026-05-27,Plant A,M-02,P-01,Night,1144,929
2026-05-27,Plant A,M-03,P-01,Morning,841,818
2026-05-27,Plant A,M-03,P-04,Evening,1046,923
2026-05-27,Plant A,M-03,P-03,Night,1038,926
2026-05-27,Plant A,M-04,P-04,Morning,918,906
2026-05-27,Plant A,M-04,P-05,Evening,1118,1087
2026-05-27,Plant A,M-04,P-02,Night,999,797
2026-05-27,Plant A,M-05,P-05,Morning,877,848
2026-05-27,Plant A,M-05,P-01,Evening,1099,1025
2026-05-27,Plant A,M-05,P-02,Night,1127,987
2026-05-27,Plant B,M-01,P-03,Morning,985,949
2026-05-27,Plant B,M-01,P-06,Evening,1030,965
2026-05-27,Plant B,M-01,P-04,Night,881,764
2026-05-27,Plant B,M-02,P-03,Morning,829,792
2026-05-27,Plant B,M-02,P-02,Evening,766,656
2026-05-27,Plant B,M-02,P-04,Night,1182,1015
2026-05-27,Plant B,M-03,P-03,Morning,952,861
2026-05-27,Plant B,M-03,P-01,Evening,1033,891
2026-05-27,Plant B,M-03,P-04,Night,1050,833
2026-05-27,Plant B,M-04,P-01,Morning,847,703
2026-05-27,Plant B,M-04,P-05,Evening,752,596
2026-05-27,Plant B,M-04,P-04,Night,1060,788
2026-05-27,Plant B,M-05,P-02,Morning,855,773
2026-05-27,Plant B,M-05,P-05,Evening,944,876
2026-05-27,Plant B,M-05,P-06,Night,1003,836
2026-05-27,Plant C,M-01,P-06,Morning,1092,977
2026-05-27,Plant C,M-01,P-06,Evening,940,906
2026-05-27,Plant C,M-01,P-01,Night,988,801
2026-05-27,Plant C,M-02,P-04,Morning,1029,977
2026-05-27,Plant C,M-02,P-02,Evening,960,882
2026-05-27,Plant C,M-02,P-04,Night,1054,829
2026-05-27,Plant C,M-03,P-01,Morning,861,843
2026-05-27,Plant C,M-03,P-01,Evening,1074,936
2026-05-27,Plant C,M-03,P-03,Night,1030,867
2026-05-27,Plant C,M-04,P-02,Morning,1163,1126
2026-05-27,Plant C,M-04,P-01,Evening,1120,1036
2026-05-27,Plant C,M-04,P-04,Night,1093,933
2026-05-27,Plant C,M-05,P-03,Morning,1152,1051
2026-05-27,Plant C,M-05,P-05,Evening,862,805
2026-05-27,Plant C,M-05,P-03,Night,959,819
2026-05-28,Plant A,M-01,P-05,Morning,1018,1028
2026-05-28,Plant A,M-01,P-03,Evening,1018,897
2026-05-28,Plant A,M-01,P-05,Night,1085,947
2026-05-28,Plant A,M-02,P-06,Morning,975,877
2026-05-28,Plant A,M-02,P-01,Evening,1064,964
2026-05-28,Plant A,M-02,P-01,Night,815,738
2026-05-28,Plant A,M-03,P-02,Morning,878,844
2026-05-28,Plant A,M-03,P-01,Evening,812,803
2026-05-28,Plant A,M-03,P-05,Night,923,789
2026-05-28,Plant A,M-04,P-03,Morning,974,965
2026-05-28,Plant A,M-04,P-05,Evening,896,832
2026-05-28,Plant A,M-04,P-02,Night,866,719
2026-05-28,Plant A,M-05,P-01,Morning,767,779
2026-05-28,Plant A,M-05,P-01,Evening,929,842
2026-05-28,Plant A,M-05,P-02,Night,1037,875
2026-05-28,Plant B,M-01,P-04,Morning,1084,995
2026-05-28,Plant B,M-01,P-01,Evening,1141,1067
2026-05-28,Plant B,M-01,P-06,Night,1084,923
2026-05-28,Plant B,M-02,P-03,Morning,759,693
2026-05-28,Plant B,M-02,P-05,Evening,935,895
2026-05-28,Plant B,M-02,P-03,Night,1180,979
2026-05-28,Plant B,M-03,P-01,Morning,1113,1010
2026-05-28,Plant B,M-03,P-04,Evening,979,859
2026-05-28,Plant B,M-03,P-03,Night,1010,799
2026-05-28,Plant B,M-04,P-02,Morning,1006,779
2026-05-28,Plant B,M-04,P-03,Evening,1051,730
2026-05-28,Plant B,M-04,P-01,Night,1136,712
2026-05-28,Plant B,M-05,P-03,Morning,853,730
2026-05-28,Plant B,M-05,P-02,Evening,847,808
2026-05-28,Plant B,M-05,P-04,Night,1017,822
2026-05-28,Plant C,M-01,P-03,Morning,782,716
2026-05-28,Plant C,M-01,P-06,Evening,777,775
2026-05-28,Plant C,M-01,P-01,Night,903,639
2026-05-28,Plant C,M-02,P-04,Morning,933,864
2026-05-28,Plant C,M-02,P-01,Evening,1104,953
2026-05-28,Plant C,M-02,P-05,Night,980,792
2026-05-28,Plant C,M-03,P-05,Morning,1116,1131
2026-05-28,Plant C,M-03,P-03,Evening,922,810
2026-05-28,Plant C,M-03,P-02,Night,881,762
2026-05-28,Plant C,M-04,P-05,Morning,918,909
2026-05-28,Plant C,M-04,P-04,Evening,1122,985
2026-05-28,Plant C,M-04,P-05,Night,909,661
2026-05-28,Plant C,M-05,P-02,Morning,982,956
2026-05-28,Plant C,M-05,P-03,Evening,1061,950
2026-05-28,Plant C,M-05,P-04,Night,837,726
2026-05-29,Plant A,M-01,P-03,Morning,801,734
2026-05-29,Plant A,M-01,P-04,Evening,863,718
2026-05-29,Plant A,M-01,P-03,Night,1113,860
2026-05-29,Plant A,M-02,P-05,Morning,1174,1050
2026-05-29,Plant A,M-02,P-06,Evening,1178,1102
2026-05-29,Plant A,M-02,P-03,Night,956,711
2026-05-29,Plant A,M-03,P-03,Morning,759,643
2026-05-29,Plant A,M-03,P-06,Evening,787,665
2026-05-29,Plant A,M-03,P-01,Night,849,651
2026-05-29,Plant A,M-04,P-02,Morning,929,888
2026-05-29,Plant A,M-04,P-05,Evening,889,790
2026-05-29,Plant A,M-04,P-04,Night,1092,798
2026-05-29,Plant A,M-05,P-02,Morning,1137,1087
2026-05-29,Plant A,M-05,P-05,Evening,954,799
2026-05-29,Plant A,M-05,P-05,Night,1198,948
2026-05-29,Plant B,M-01,P-05,Morning,971,848
2026-05-29,Plant B,M-01,P-04,Evening,1060,917
2026-05-29,Plant B,M-01,P-04,Night,1176,984
2026-05-29,Plant B,M-02,P-02,Morning,953,905
2026-05-29,Plant B,M-02,P-03,Evening,1036,968
2026-05-29,Plant B,M-02,P-02,Night,1126,1003
2026-05-29,Plant B,M-03,P-01,Morning,832,766
2026-05-29,Plant B,M-03,P-03,Evening,863,768
2026-05-29,Plant B,M-03,P-05,Night,908,693
2026-05-29,Plant B,M-04,P-02,Morning,832,497
2026-05-29,Plant B,M-04,P-01,Evening,1029,788
2026-05-29,Plant B,M-04,P-06,Night,1169,862
2026-05-29,Plant B,M-05,P-02,Morning,1041,990
2026-05-29,Plant B,M-05,P-01,Evening,838,746
2026-05-29,Plant B,M-05,P-03,Night,913,725
2026-05-29,Plant C,M-01,P-05,Morning,976,922
2026-05-29,Plant C,M-01,P-03,Evening,996,956
2026-05-29,Plant C,M-01,P-01,Night,1114,841
2026-05-29,Plant C,M-02,P-01,Morning,813,818
2026-05-29,Plant C,M-02,P-05,Evening,999,861
2026-05-29,Plant C,M-02,P-06,Night,978,809
2026-05-29,Plant C,M-03,P-02,Morning,814,824
2026-05-29,Plant C,M-03,P-06,Evening,855,752
2026-05-29,Plant C,M-03,P-05,Night,990,776
2026-05-29,Plant C,M-04,P-01,Morning,960,900
2026-05-29,Plant C,M-04,P-04,Evening,1096,1009
2026-05-29,Plant C,M-04,P-05,Night,889,793
2026-05-29,Plant C,M-05,P-05,Morning,987,996
2026-05-29,Plant C,M-05,P-02,Evening,842,799
2026-05-29,Plant C,M-05,P-05,Night,1057,839
2026-05-30,Plant A,M-01,P-05,Morning,784,673
2026-05-30,Plant A,M-01,P-01,Evening,929,793
2026-05-30,Plant A,M-01,P-01,Night,894,761
2026-05-30,Plant A,M-02,P-02,Morning,970,886
2026-05-30,Plant A,M-02,P-05,Evening,1044,910
2026-05-30,Plant A,M-02,P-01,Night,1060,884
2026-05-30,Plant A,M-03,P-03,Morning,783,732
2026-05-30,Plant A,M-03,P-05,Evening,1160,1065
2026-05-30,Plant A,M-03,P-02,Night,876,667
2026-05-30,Plant A,M-04,P-04,Morning,913,879
2026-05-30,Plant A,M-04,P-05,Evening,903,762
2026-05-30,Plant A,M-04,P-02,Night,1123,929
2026-05-30,Plant A,M-05,P-03,Morning,1003,901
2026-05-30,Plant A,M-05,P-04,Evening,927,863
2026-05-30,Plant A,M-05,P-03,Night,873,728
2026-05-30,Plant B,M-01,P-02,Morning,824,692
2026-05-30,Plant B,M-01,P-01,Evening,1004,859
2026-05-30,Plant B,M-01,P-06,Night,1141,932
2026-05-30,Plant B,M-02,P-01,Morning,1101,987
2026-05-30,Plant B,M-02,P-06,Evening,934,905
2026-05-30,Plant B,M-02,P-05,Night,864,769
2026-05-30,Plant B,M-03,P-02,Morning,1078,988
2026-05-30,Plant B,M-03,P-01,Evening,933,848
2026-05-30,Plant B,M-03,P-06,Night,991,750
2026-05-30,Plant B,M-04,P-05,Morning,1139,1009
2026-05-30,Plant B,M-04,P-05,Evening,811,533
2026-05-30,Plant B,M-04,P-05,Night,829,577
2026-05-30,Plant B,M-05,P-04,Morning,797,767
2026-05-30,Plant B,M-05,P-01,Evening,952,837
2026-05-30,Plant B,M-05,P-02,Night,882,761
2026-05-30,Plant C,M-01,P-01,Morning,1139,989
2026-05-30,Plant C,M-01,P-03,Evening,866,798
2026-05-30,Plant C,M-01,P-04,Night,930,747
2026-05-30,Plant C,M-02,P-01,Morning,937,849
2026-05-30,Plant C,M-02,P-06,Evening,775,675
2026-05-30,Plant C,M-02,P-02,Night,830,658
2026-05-30,Plant C,M-03,P-04,Morning,1188,1095
2026-05-30,Plant C,M-03,P-05,Evening,1155,1020
2026-05-30,Plant C,M-03,P-01,Night,1102,930
2026-05-30,Plant C,M-04,P-03,Morning,1036,936
2026-05-30,Plant C,M-04,P-03,Evening,807,681
2026-05-30,Plant C,M-04,P-06,Night,998,760
2026-05-30,Plant C,M-05,P-03,Morning,1183,1110
2026-05-30,Plant C,M-05,P-03,Evening,939,855
2026-05-30,Plant C,M-05,P-02,Night,968,867
2026-05-31,Plant A,M-01,P-06,Morning,933,880
2026-05-31,Plant A,M-01,P-06,Evening,767,709
2026-05-31,Plant A,M-01,P-05,Night,1040,813
2026-05-31,Plant A,M-02,P-02,Morning,869,845
2026-05-31,Plant A,M-02,P-02,Evening,986,916
2026-05-31,Plant A,M-02,P-01,Night,1062,888
2026-05-31,Plant A,M-03,P-01,Morning,1152,1069
2026-05-31,Plant A,M-03,P-04,Evening,1034,909
2026-05-31,Plant A,M-03,P-02,Night,820,662
2026-05-31,Plant A,M-04,P-04,Morning,814,759
2026-05-31,Plant A,M-04,P-05,Evening,1164,1129
2026-05-31,Plant A,M-04,P-01,Night,1071,833
2026-05-31,Plant A,M-05,P-05,Morning,1045,993
2026-05-31,Plant A,M-05,P-01,Evening,1183,1063
2026-05-31,Plant A,M-05,P-05,Night,785,532
2026-05-31,Plant B,M-01,P-04,Morning,1114,1065
2026-05-31,Plant B,M-01,P-04,Evening,1110,1026
2026-05-31,Plant B,M-01,P-04,Night,1105,928
2026-05-31,Plant B,M-02,P-03,Morning,985,951
2026-05-31,Plant B,M-02,P-04,Evening,1126,1028
2026-05-31,Plant B,M-02,P-03,Night,1002,723
2026-05-31,Plant B,M-03,P-04,Morning,1122,1076
2026-05-31,Plant B,M-03,P-05,Evening,861,756
2026-05-31,Plant B,M-03,P-02,Night,966,810
2026-05-31,Plant B,M-04,P-02,Morning,898,687
2026-05-31,Plant B,M-04,P-01,Evening,1194,884
2026-05-31,Plant B,M-04,P-03,Night,1003,688
2026-05-31,Plant B,M-05,P-03,Morning,1015,900
2026-05-31,Plant B,M-05,P-01,Evening,865,816
2026-05-31,Plant B,M-05,P-03,Night,832,602
2026-05-31,Plant C,M-01,P-04,Morning,1182,1158
2026-05-31,Plant C,M-01,P-03,Evening,839,793
2026-05-31,Plant C,M-01,P-03,Night,947,829
2026-05-31,Plant C,M-02,P-03,Morning,1172,1164
2026-05-31,Plant C,M-02,P-06,Evening,901,813
2026-05-31,Plant C,M-02,P-02,Night,937,706
2026-05-31,Plant C,M-03,P-06,Morning,1051,990
2026-05-31,Plant C,M-03,P-03,Evening,876,704
2026-05-31,Plant C,M-03,P-06,Night,929,789
2026-05-31,Plant C,M-04,P-04,Morning,760,686
2026-05-31,Plant C,M-04,P-06,Evening,1187,1088
2026-05-31,Plant C,M-04,P-05,Night,952,764
2026-05-31,Plant C,M-05,P-04,Morning,1195,1208
2026-05-31,Plant C,M-05,P-03,Evening,971,897
2026-05-31,Plant C,M-05,P-04,Night,919,758
2026-06-01,Plant A,M-01,P-04,Morning,1097,1063
2026-06-01,Plant A,M-01,P-06,Evening,1084,941
2026-06-01,Plant A,M-01,P-01,Night,999,792
2026-06-01,Plant A,M-02,P-01,Morning,844,778
2026-06-01,Plant A,M-02,P-05,Evening,1175,1106
2026-06-01,Plant A,M-02,P-04,Night,1186,913
2026-06-01,Plant A,M-03,P-03,Morning,821,791
2026-06-01,Plant A,M-03,P-06,Evening,757,719
2026-06-01,Plant A,M-03,P-04,Night,786,610
2026-06-01,Plant A,M-04,P-01,Morning,1128,1005
2026-06-01,Plant A,M-04,P-03,Evening,816,671
2026-06-01,Plant A,M-04,P-03,Night,827,703
2026-06-01,Plant A,M-05,P-04,Morning,1168,1089
2026-06-01,Plant A,M-05,P-02,Evening,1126,1061
2026-06-01,Plant A,M-05,P-05,Night,789,663
2026-06-01,Plant B,M-01,P-06,Morning,859,742
2026-06-01,Plant B,M-01,P-02,Evening,1137,1098
2026-06-01,Plant B,M-01,P-02,Night,1005,853
2026-06-01,Plant B,M-02,P-04,Morning,769,716
2026-06-01,Plant B,M-02,P-02,Evening,902,831
2026-06-01,Plant B,M-02,P-03,Night,1038,735
2026-06-01,Plant B,M-03,P-03,Morning,757,642
2026-06-01,Plant B,M-03,P-06,Evening,1066,979
2026-06-01,Plant B,M-03,P-04,Night,990,798
2026-06-01,Plant B,M-04,P-01,Morning,1038,845
2026-06-01,Plant B,M-04,P-05,Evening,930,652
2026-06-01,Plant B,M-04,P-02,Night,784,467
2026-06-01,Plant B,M-05,P-01,Morning,929,843
2026-06-01,Plant B,M-05,P-05,Evening,1022,941
2026-06-01,Plant B,M-05,P-04,Night,1116,919
2026-06-01,Plant C,M-01,P-04,Morning,1104,1061
2026-06-01,Plant C,M-01,P-01,Evening,888,760
2026-06-01,Plant C,M-01,P-01,Night,1041,843
2026-06-01,Plant C,M-02,P-05,Morning,915,816
2026-06-01,Plant C,M-02,P-04,Evening,928,878
2026-06-01,Plant C,M-02,P-05,Night,1187,1059
2026-06-01,Plant C,M-03,P-02,Morning,947,895
2026-06-01,Plant C,M-03,P-03,Evening,923,747
2026-06-01,Plant C,M-03,P-03,Night,1195,1080
2026-06-01,Plant C,M-04,P-01,Morning,988,996
2026-06-01,Plant C,M-04,P-05,Evening,779,730
2026-06-01,Plant C,M-04,P-03,Night,1033,910
2026-06-01,Plant C,M-05,P-02,Morning,759,755
2026-06-01,Plant C,M-05,P-06,Evening,1075,1043
2026-06-01,Plant C,M-05,P-02,Night,798,647
2026-06-02,Plant A,M-01,P-03,Morning,856,771
2026-06-02,Plant A,M-01,P-04,Evening,900,874
2026-06-02,Plant A,M-01,P-06,Night,909,721
2026-06-02,Plant A,M-02,P-04,Morning,1010,874
2026-06-02,Plant A,M-02,P-05,Evening,1135,932
2026-06-02,Plant A,M-02,P-01,Night,965,775
2026-06-02,Plant A,M-03,P-02,Morning,1016,912
2026-06-02,Plant A,M-03,P-02,Evening,830,763
2026-06-02,Plant A,M-03,P-06,Night,991,813
2026-06-02,Plant A,M-04,P-02,Morning,797,725
2026-06-02,Plant A,M-04,P-05,Evening,1101,1057
2026-06-02,Plant A,M-04,P-03,Night,946,764
2026-06-02,Plant A,M-05,P-02,Morning,751,680
2026-06-02,Plant A,M-05,P-06,Evening,1027,937
2026-06-02,Plant A,M-05,P-06,Night,780,641
2026-06-02,Plant B,M-01,P-01,Morning,885,892
2026-06-02,Plant B,M-01,P-06,Evening,1138,993
2026-06-02,Plant B,M-01,P-02,Night,995,784
2026-06-02,Plant B,M-02,P-01,Morning,919,860
2026-06-02,Plant B,M-02,P-05,Evening,783,741
2026-06-02,Plant B,M-02,P-04,Night,1036,902
2026-06-02,Plant B,M-03,P-06,Morning,1104,1039
2026-06-02,Plant B,M-03,P-04,Evening,894,815
2026-06-02,Plant B,M-03,P-06,Night,1096,901
2026-06-02,Plant B,M-04,P-03,Morning,1198,907
2026-06-02,Plant B,M-04,P-05,Evening,1001,757
2026-06-02,Plant B,M-04,P-04,Night,814,518
2026-06-02,Plant B,M-05,P-04,Morning,1040,959
2026-06-02,Plant B,M-05,P-04,Evening,1020,886
2026-06-02,Plant B,M-05,P-04,Night,786,673
2026-06-02,Plant C,M-01,P-03,Morning,1035,975
2026-06-02,Plant C,M-01,P-05,Evening,969,855
2026-06-02,Plant C,M-01,P-06,Night,1105,935
2026-06-02,Plant C,M-02,P-01,Morning,805,694
2026-06-02,Plant C,M-02,P-05,Evening,773,654
2026-06-02,Plant C,M-02,P-04,Night,1143,1005
2026-06-02,Plant C,M-03,P-05,Morning,1144,1052
2026-06-02,Plant C,M-03,P-06,Evening,842,767
2026-06-02,Plant C,M-03,P-03,Night,1088,885
2026-06-02,Plant C,M-04,P-01,Morning,1144,1100
2026-06-02,Plant C,M-04,P-04,Evening,1072,906
2026-06-02,Plant C,M-04,P-06,Night,847,682
2026-06-02,Plant C,M-05,P-05,Morning,930,793
2026-06-02,Plant C,M-05,P-02,Evening,961,848
2026-06-02,Plant C,M-05,P-04,Night,968,784
2026-06-03,Plant A,M-01,P-02,Morning,987,942
2026-06-03,Plant A,M-01,P-02,Evening,889,821
2026-06-03,Plant A,M-01,P-05,Night,819,673
2026-06-03,Plant A,M-02,P-03,Morning,823,828
2026-06-03,Plant A,M-02,P-05,Evening,903,814
2026-06-03,Plant A,M-02,P-05,Night,987,816
2026-06-03,Plant A,M-03,P-02,Morning,1182,1148
2026-06-03,Plant A,M-03,P-06,Evening,780,719
2026-06-03,Plant A,M-03,P-06,Night,779,573
2026-06-03,Plant A,M-04,P-04,Morning,951,866
2026-06-03,Plant A,M-04,P-06,Evening,920,815
2026-06-03,Plant A,M-04,P-02,Night,806,675
2026-06-03,Plant A,M-05,P-05,Morning,860,774
2026-06-03,Plant A,M-05,P-01,Evening,911,817
2026-06-03,Plant A,M-05,P-02,Night,1015,808
2026-06-03,Plant B,M-01,P-03,Morning,915,800
2026-06-03,Plant B,M-01,P-06,Evening,1191,1083
2026-06-03,Plant B,M-01,P-06,Night,979,796
2026-06-03,Plant B,M-02,P-01,Morning,1004,982
2026-06-03,Plant B,M-02,P-01,Evening,926,842
2026-06-03,Plant B,M-02,P-03,Night,1031,878
2026-06-03,Plant B,M-03,P-04,Morning,814,785
2026-06-03,Plant B,M-03,P-05,Evening,852,762
2026-06-03,Plant B,M-03,P-01,Night,1032,868
2026-06-03,Plant B,M-04,P-05,Morning,1028,766
2026-06-03,Plant B,M-04,P-06,Evening,957,633
2026-06-03,Plant B,M-04,P-06,Night,784,474
2026-06-03,Plant B,M-05,P-01,Morning,1051,933
2026-06-03,Plant B,M-05,P-04,Evening,825,710
2026-06-03,Plant B,M-05,P-05,Night,857,701
2026-06-03,Plant C,M-01,P-01,Morning,856,832
2026-06-03,Plant C,M-01,P-05,Evening,905,793
2026-06-03,Plant C,M-01,P-01,Night,980,806
2026-06-03,Plant C,M-02,P-05,Morning,1165,1103
2026-06-03,Plant C,M-02,P-04,Evening,1024,890
2026-06-03,Plant C,M-02,P-04,Night,1055,957
2026-06-03,Plant C,M-03,P-03,Morning,1062,933
2026-06-03,Plant C,M-03,P-04,Evening,1183,1057
2026-06-03,Plant C,M-03,P-05,Night,844,587
2026-06-03,Plant C,M-04,P-01,Morning,1099,1013
2026-06-03,Plant C,M-04,P-06,Evening,810,725
2026-06-03,Plant C,M-04,P-05,Night,780,596
2026-06-03,Plant C,M-05,P-03,Morning,805,776
2026-06-03,Plant C,M-05,P-06,Evening,1150,962
2026-06-03,Plant C,M-05,P-03,Night,831,642
2026-06-04,Plant A,M-01,P-06,Morning,804,820
2026-06-04,Plant A,M-01,P-03,Evening,1105,1065
2026-06-04,Plant A,M-01,P-05,Night,976,782
2026-06-04,Plant A,M-02,P-04,Morning,818,749
2026-06-04,Plant A,M-02,P-02,Evening,1178,1114
2026-06-04,Plant A,M-02,P-04,Night,997,844
2026-06-04,Plant A,M-03,P-02,Morning,1119,1040
2026-06-04,Plant A,M-03,P-05,Evening,754,684
2026-06-04,Plant A,M-03,P-01,Night,1107,850
2026-06-04,Plant A,M-04,P-03,Morning,902,811
2026-06-04,Plant A,M-04,P-06,Evening,805,715
2026-06-04,Plant A,M-04,P-01,Night,964,744
2026-06-04,Plant A,M-05,P-02,Morning,756,721
2026-06-04,Plant A,M-05,P-04,Evening,909,867
2026-06-04,Plant A,M-05,P-04,Night,827,670
2026-06-04,Plant B,M-01,P-06,Morning,1064,992
2026-06-04,Plant B,M-01,P-03,Evening,1102,1023
2026-06-04,Plant B,M-01,P-04,Night,1134,936
2026-06-04,Plant B,M-02,P-04,Morning,999,937
2026-06-04,Plant B,M-02,P-04,Evening,963,864
2026-06-04,Plant B,M-02,P-03,Night,940,757
2026-06-04,Plant B,M-03,P-01,Morning,938,830
2026-06-04,Plant B,M-03,P-06,Evening,891,791
2026-06-04,Plant B,M-03,P-02,Night,863,635
2026-06-04,Plant B,M-04,P-06,Morning,773,627
2026-06-04,Plant B,M-04,P-03,Evening,1188,835
2026-06-04,Plant B,M-04,P-05,Night,1147,752
2026-06-04,Plant B,M-05,P-01,Morning,1095,1089
2026-06-04,Plant B,M-05,P-06,Evening,911,793
2026-06-04,Plant B,M-05,P-04,Night,792,642
2026-06-04,Plant C,M-01,P-01,Morning,1125,1119
2026-06-04,Plant C,M-01,P-04,Evening,1135,1042
2026-06-04,Plant C,M-01,P-04,Night,1131,914
2026-06-04,Plant C,M-02,P-01,Morning,868,737
2026-06-04,Plant C,M-02,P-03,Evening,813,751
2026-06-04,Plant C,M-02,P-03,Night,1059,887
2026-06-04,Plant C,M-03,P-05,Morning,1057,977
2026-06-04,Plant C,M-03,P-03,Evening,1062,1003
2026-06-04,Plant C,M-03,P-05,Night,1061,887
2026-06-04,Plant C,M-04,P-02,Morning,760,699
2026-06-04,Plant C,M-04,P-04,Evening,1105,1034
2026-06-04,Plant C,M-04,P-06,Night,924,704
2026-06-04,Plant C,M-05,P-05,Morning,1062,1022
2026-06-04,Plant C,M-05,P-02,Evening,1053,993
2026-06-04,Plant C,M-05,P-03,Night,1054,897
2026-06-05,Plant A,M-01,P-04,Morning,867,763
2026-06-05,Plant A,M-01,P-04,Evening,836,776
2026-06-05,Plant A,M-01,P-04,Night,825,667
2026-06-05,Plant A,M-02,P-02,Morning,797,671
2026-06-05,Plant A,M-02,P-05,Evening,1173,1040
2026-06-05,Plant A,M-02,P-03,Night,789,559
2026-06-05,Plant A,M-03,P-01,Morning,1014,967
2026-06-05,Plant A,M-03,P-04,Evening,754,719
2026-06-05,Plant A,M-03,P-04,Night,927,769
2026-06-05,Plant A,M-04,P-01,Morning,836,796
2026-06-05,Plant A,M-04,P-01,Evening,904,853
2026-06-05,Plant A,M-04,P-03,Night,818,623
2026-06-05,Plant A,M-05,P-04,Morning,926,923
2026-06-05,Plant A,M-05,P-01,Evening,1040,941
2026-06-05,Plant A,M-05,P-05,Night,1193,922
2026-06-05,Plant B,M-01,P-05,Morning,837,715
2026-06-05,Plant B,M-01,P-03,Evening,1110,1045
2026-06-05,Plant B,M-01,P-05,Night,968,815
2026-06-05,Plant B,M-02,P-06,Morning,808,743
2026-06-05,Plant B,M-02,P-01,Evening,938,809
2026-06-05,Plant B,M-02,P-04,Night,954,792
2026-06-05,Plant B,M-03,P-01,Morning,861,812
2026-06-05,Plant B,M-03,P-01,Evening,979,870
2026-06-05,Plant B,M-03,P-05,Night,964,819
2026-06-05,Plant B,M-04,P-04,Morning,1118,822
2026-06-05,Plant B,M-04,P-01,Evening,762,556
2026-06-05,Plant B,M-04,P-02,Night,785,595
2026-06-05,Plant B,M-05,P-02,Morning,1062,1026
2026-06-05,Plant B,M-05,P-02,Evening,1111,998
2026-06-05,Plant B,M-05,P-02,Night,1070,872
2026-06-05,Plant C,M-01,P-05,Morning,1011,863
2026-06-05,Plant C,M-01,P-02,Evening,1159,952
2026-06-05,Plant C,M-01,P-06,Night,1034,782
2026-06-05,Plant C,M-02,P-02,Morning,933,898
2026-06-05,Plant C,M-02,P-01,Evening,973,877
2026-06-05,Plant C,M-02,P-01,Night,928,738
2026-06-05,Plant C,M-03,P-05,Morning,1106,1001
2026-06-05,Plant C,M-03,P-01,Evening,1061,982
2026-06-05,Plant C,M-03,P-03,Night,839,731
2026-06-05,Plant C,M-04,P-01,Morning,999,978
2026-06-05,Plant C,M-04,P-01,Evening,869,633
2026-06-05,Plant C,M-04,P-04,Night,807,716
2026-06-05,Plant C,M-05,P-01,Morning,965,841
2026-06-05,Plant C,M-05,P-03,Evening,783,623
2026-06-05,Plant C,M-05,P-05,Night,864,714
2026-06-06,Plant A,M-01,P-06,Morning,1171,1072
2026-06-06,Plant A,M-01,P-06,Evening,1014,929
2026-06-06,Plant A,M-01,P-02,Night,1053,870
2026-06-06,Plant A,M-02,P-03,Morning,1111,1091
2026-06-06,Plant A,M-02,P-04,Evening,864,750
2026-06-06,Plant A,M-02,P-04,Night,1029,867
2026-06-06,Plant A,M-03,P-05,Morning,1022,941
2026-06-06,Plant A,M-03,P-04,Evening,1016,919
2026-06-06,Plant A,M-03,P-03,Night,898,754
2026-06-06,Plant A,M-04,P-03,Morning,1168,1096
2026-06-06,Plant A,M-04,P-04,Evening,1001,847
2026-06-06,Plant A,M-04,P-05,Night,900,654
2026-06-06,Plant A,M-05,P-01,Morning,1176,1134
2026-06-06,Plant A,M-05,P-04,Evening,972,837
2026-06-06,Plant A,M-05,P-06,Night,1115,883
2026-06-06,Plant B,M-01,P-04,Morning,818,688
2026-06-06,Plant B,M-01,P-01,Evening,776,724
2026-06-06,Plant B,M-01,P-05,Night,848,620
2026-06-06,Plant B,M-02,P-03,Morning,1002,950
2026-06-06,Plant B,M-02,P-06,Evening,1133,1045
2026-06-06,Plant B,M-02,P-03,Night,799,698
2026-06-06,Plant B,M-03,P-04,Morning,862,861
2026-06-06,Plant B,M-03,P-02,Evening,1083,1009
2026-06-06,Plant B,M-03,P-06,Night,1085,923
2026-06-06,Plant B,M-04,P-03,Morning,997,852
2026-06-06,Plant B,M-04,P-02,Evening,939,785
2026-06-06,Plant B,M-04,P-01,Night,1179,852
2026-06-06,Plant B,M-05,P-03,Morning,793,675
2026-06-06,Plant B,M-05,P-01,Evening,896,874
2026-06-06,Plant B,M-05,P-05,Night,994,756
2026-06-06,Plant C,M-01,P-06,Morning,864,870
2026-06-06,Plant C,M-01,P-02,Evening,1117,1016
2026-06-06,Plant C,M-01,P-01,Night,1183,937
2026-06-06,Plant C,M-02,P-02,Morning,825,805
2026-06-06,Plant C,M-02,P-02,Evening,1006,942
2026-06-06,Plant C,M-02,P-04,Night,779,645
2026-06-06,Plant C,M-03,P-05,Morning,1168,1011
2026-06-06,Plant C,M-03,P-05,Evening,1177,1042
2026-06-06,Plant C,M-03,P-01,Night,891,741
2026-06-06,Plant C,M-04,P-02,Morning,945,861
2026-06-06,Plant C,M-04,P-05,Evening,1090,904
2026-06-06,Plant C,M-04,P-04,Night,1165,969
2026-06-06,Plant C,M-05,P-02,Morning,1138,1065
2026-06-06,Plant C,M-05,P-05,Evening,962,800
2026-06-06,Plant C,M-05,P-04,Night,783,572
2026-06-07,Plant A,M-01,P-03,Morning,1068,1013
2026-06-07,Plant A,M-01,P-04,Evening,849,792
2026-06-07,Plant A,M-01,P-05,Night,818,723
2026-06-07,Plant A,M-02,P-06,Morning,844,775
2026-06-07,Plant A,M-02,P-04,Evening,842,721
2026-06-07,Plant A,M-02,P-04,Night,1086,865
2026-06-07,Plant A,M-03,P-06,Morning,1000,952
2026-06-07,Plant A,M-03,P-04,Evening,993,930
2026-06-07,Plant A,M-03,P-04,Night,1027,834
2026-06-07,Plant A,M-04,P-01,Morning,852,803
2026-06-07,Plant A,M-04,P-06,Evening,1110,961
2026-06-07,Plant A,M-04,P-03,Night,986,828
2026-06-07,Plant A,M-05,P-05,Morning,975,901
2026-06-07,Plant A,M-05,P-04,Evening,850,725
2026-06-07,Plant A,M-05,P-02,Night,776,643
2026-06-07,Plant B,M-01,P-04,Morning,1099,1070
2026-06-07,Plant B,M-01,P-06,Evening,1130,1035
2026-06-07,Plant B,M-01,P-01,Night,883,625
2026-06-07,Plant B,M-02,P-06,Morning,804,794
2026-06-07,Plant B,M-02,P-04,Evening,977,918
2026-06-07,Plant B,M-02,P-02,Night,1145,906
2026-06-07,Plant B,M-03,P-02,Morning,826,783
2026-06-07,Plant B,M-03,P-01,Evening,760,541
2026-06-07,Plant B,M-03,P-04,Night,1135,984
2026-06-07,Plant B,M-04,P-06,Morning,896,653
2026-06-07,Plant B,M-04,P-01,Evening,1078,815
2026-06-07,Plant B,M-04,P-05,Night,780,513
2026-06-07,Plant B,M-05,P-06,Morning,787,723
2026-06-07,Plant B,M-05,P-06,Evening,810,753
2026-06-07,Plant B,M-05,P-02,Night,1160,872
2026-06-07,Plant C,M-01,P-04,Morning,1149,1139
2026-06-07,Plant C,M-01,P-06,Evening,1096,1048
2026-06-07,Plant C,M-01,P-04,Night,813,709
2026-06-07,Plant C,M-02,P-05,Morning,773,736
2026-06-07,Plant C,M-02,P-03,Evening,1084,953
2026-06-07,Plant C,M-02,P-04,Night,1009,875
2026-06-07,Plant C,M-03,P-03,Morning,905,889
2026-06-07,Plant C,M-03,P-01,Evening,876,775
2026-06-07,Plant C,M-03,P-03,Night,1003,804
2026-06-07,Plant C,M-04,P-04,Morning,803,762
2026-06-07,Plant C,M-04,P-02,Evening,792,746
2026-06-07,Plant C,M-04,P-05,Night,913,682
2026-06-07,Plant C,M-05,P-01,Morning,1101,974
2026-06-07,Plant C,M-05,P-02,Evening,1023,913
2026-06-07,Plant C,M-05,P-02,Night,1142,954
2026-06-08,Plant A,M-01,P-01,Morning,1147,1056
2026-06-08,Plant A,M-01,P-01,Evening,944,810
2026-06-08,Plant A,M-01,P-03,Night,1069,854
2026-06-08,Plant A,M-02,P-06,Morning,1014,1027
2026-06-08,Plant A,M-02,P-06,Evening,944,800
2026-06-08,Plant A,M-02,P-03,Night,823,633
2026-06-08,Plant A,M-03,P-02,Morning,1117,1020
2026-06-08,Plant A,M-03,P-06,Evening,982,881
2026-06-08,Plant A,M-03,P-01,Night,851,613
2026-06-08,Plant A,M-04,P-05,Morning,864,821
2026-06-08,Plant A,M-04,P-05,Evening,801,781
2026-06-08,Plant A,M-04,P-02,Night,945,703
2026-06-08,Plant A,M-05,P-05,Morning,1171,1091
2026-06-08,Plant A,M-05,P-04,Evening,951,907
2026-06-08,Plant A,M-05,P-04,Night,834,748
2026-06-08,Plant B,M-01,P-04,Morning,1122,1118
2026-06-08,Plant B,M-01,P-01,Evening,971,902
2026-06-08,Plant B,M-01,P-04,Night,895,682
2026-06-08,Plant B,M-02,P-01,Morning,1167,1113
2026-06-08,Plant B,M-02,P-01,Evening,775,729
2026-06-08,Plant B,M-02,P-01,Night,790,545
2026-06-08,Plant B,M-03,P-04,Morning,1174,1085
2026-06-08,Plant B,M-03,P-01,Evening,1010,839
2026-06-08,Plant B,M-03,P-03,Night,846,679
2026-06-08,Plant B,M-04,P-04,Morning,1183,1001
2026-06-08,Plant B,M-04,P-04,Evening,795,423
2026-06-08,Plant B,M-04,P-05,Night,913,571
2026-06-08,Plant B,M-05,P-02,Morning,1122,1015
2026-06-08,Plant B,M-05,P-02,Evening,1022,882
2026-06-08,Plant B,M-05,P-06,Night,1057,843
2026-06-08,Plant C,M-01,P-06,Morning,766,708
2026-06-08,Plant C,M-01,P-02,Evening,1129,1046
2026-06-08,Plant C,M-01,P-06,Night,1015,873
2026-06-08,Plant C,M-02,P-04,Morning,763,729
2026-06-08,Plant C,M-02,P-04,Evening,967,823
2026-06-08,Plant C,M-02,P-03,Night,840,729
2026-06-08,Plant C,M-03,P-05,Morning,1019,905
2026-06-08,Plant C,M-03,P-06,Evening,943,826
2026-06-08,Plant C,M-03,P-03,Night,1117,835
2026-06-08,Plant C,M-04,P-02,Morning,892,896
2026-06-08,Plant C,M-04,P-01,Evening,903,847
2026-06-08,Plant C,M-04,P-01,Night,1085,871
2026-06-08,Plant C,M-05,P-05,Morning,1184,1115
2026-06-08,Plant C,M-05,P-03,Evening,1017,867
2026-06-08,Plant C,M-05,P-01,Night,827,589
2026-06-09,Plant A,M-01,P-02,Morning,854,740
2026-06-09,Plant A,M-01,P-03,Evening,947,817
2026-06-09,Plant A,M-01,P-05,Night,784,599
2026-06-09,Plant A,M-02,P-01,Morning,967,922
2026-06-09,Plant A,M-02,P-05,Evening,1034,906
2026-06-09,Plant A,M-02,P-05,Night,803,592
2026-06-09,Plant A,M-03,P-04,Morning,1049,973
2026-06-09,Plant A,M-03,P-04,Evening,985,884
2026-06-09,Plant A,M-03,P-05,Night,795,695
2026-06-09,Plant A,M-04,P-04,Morning,804,751
2026-06-09,Plant A,M-04,P-02,Evening,1047,960
2026-06-09,Plant A,M-04,P-04,Night,993,861
2026-06-09,Plant A,M-05,P-03,Morning,1186,1069
2026-06-09,Plant A,M-05,P-05,Evening,989,904
2026-06-09,Plant A,M-05,P-03,Night,819,647
2026-06-09,Plant B,M-01,P-01,Morning,983,876
2026-06-09,Plant B,M-01,P-05,Evening,1113,1045
2026-06-09,Plant B,M-01,P-03,Night,921,796
2026-06-09,Plant B,M-02,P-06,Morning,833,728
2026-06-09,Plant B,M-02,P-05,Evening,1025,810
2026-06-09,Plant B,M-02,P-01,Night,1173,932
2026-06-09,Plant B,M-03,P-05,Morning,1050,1023
2026-06-09,Plant B,M-03,P-04,Evening,975,883
2026-06-09,Plant B,M-03,P-04,Night,773,539
2026-06-09,Plant B,M-04,P-01,Morning,905,666
2026-06-09,Plant B,M-04,P-02,Evening,954,711
2026-06-09,Plant B,M-04,P-04,Night,1082,785
2026-06-09,Plant B,M-05,P-01,Morning,952,911
2026-06-09,Plant B,M-05,P-05,Evening,896,806
2026-06-09,Plant B,M-05,P-01,Night,800,627
2026-06-09,Plant C,M-01,P-03,Morning,1053,1029
2026-06-09,Plant C,M-01,P-02,Evening,1167,979
2026-06-09,Plant C,M-01,P-03,Night,985,779
2026-06-09,Plant C,M-02,P-03,Morning,858,855
2026-06-09,Plant C,M-02,P-03,Evening,1059,1040
2026-06-09,Plant C,M-02,P-02,Night,814,626
2026-06-09,Plant C,M-03,P-05,Morning,986,916
2026-06-09,Plant C,M-03,P-05,Evening,1032,929
2026-06-09,Plant C,M-03,P-06,Night,1191,1063
2026-06-09,Plant C,M-04,P-01,Morning,1135,1041
2026-06-09,Plant C,M-04,P-02,Evening,815,755
2026-06-09,Plant C,M-04,P-05,Night,1073,883
2026-06-09,Plant C,M-05,P-02,Morning,1162,1043
2026-06-09,Plant C,M-05,P-01,Evening,898,788
2026-06-09,Plant C,M-05,P-01,Night,1070,870
2026-06-10,Plant A,M-01,P-06,Morning,989,960
2026-06-10,Plant A,M-01,P-04,Evening,793,685
2026-06-10,Plant A,M-01,P-03,Night,818,667
2026-06-10,Plant A,M-02,P-06,Morning,1086,919
2026-06-10,Plant A,M-02,P-04,Evening,994,958
2026-06-10,Plant A,M-02,P-05,Night,814,684
2026-06-10,Plant A,M-03,P-06,Morning,1158,1109
2026-06-10,Plant A,M-03,P-05,Evening,934,871
2026-06-10,Plant A,M-03,P-06,Night,913,687
2026-06-10,Plant A,M-04,P-02,Morning,793,664
2026-06-10,Plant A,M-04,P-05,Evening,1053,939
2026-06-10,Plant A,M-04,P-01,Night,894,654
2026-06-10,Plant A,M-05,P-05,Morning,811,792
2026-06-10,Plant A,M-05,P-02,Evening,1172,1050
2026-06-10,Plant A,M-05,P-03,Night,752,584
2026-06-10,Plant B,M-01,P-04,Morning,858,808
2026-06-10,Plant B,M-01,P-04,Evening,1151,1098
2026-06-10,Plant B,M-01,P-06,Night,754,575
2026-06-10,Plant B,M-02,P-04,Morning,815,650
2026-06-10,Plant B,M-02,P-01,Evening,960,850
2026-06-10,Plant B,M-02,P-04,Night,894,759
2026-06-10,Plant B,M-03,P-04,Morning,1058,1025
2026-06-10,Plant B,M-03,P-04,Evening,830,824
2026-06-10,Plant B,M-03,P-01,Night,808,706
2026-06-10,Plant B,M-04,P-02,Morning,834,606
2026-06-10,Plant B,M-04,P-04,Evening,1191,939
2026-06-10,Plant B,M-04,P-05,Night,870,581
2026-06-10,Plant B,M-05,P-02,Morning,1029,982
2026-06-10,Plant B,M-05,P-02,Evening,1102,991
2026-06-10,Plant B,M-05,P-03,Night,893,673
2026-06-10,Plant C,M-01,P-03,Morning,947,798
2026-06-10,Plant C,M-01,P-02,Evening,794,734
2026-06-10,Plant C,M-01,P-01,Night,1179,938
2026-06-10,Plant C,M-02,P-01,Morning,953,936
2026-06-10,Plant C,M-02,P-04,Evening,1082,1023
2026-06-10,Plant C,M-02,P-02,Night,913,751
2026-06-10,Plant C,M-03,P-03,Morning,927,808
2026-06-10,Plant C,M-03,P-05,Evening,996,902
2026-06-10,Plant C,M-03,P-02,Night,1110,994
2026-06-10,Plant C,M-04,P-04,Morning,892,864
2026-06-10,Plant C,M-04,P-04,Evening,1029,900
2026-06-10,Plant C,M-04,P-05,Night,803,600
2026-06-10,Plant C,M-05,P-03,Morning,854,825
2026-06-10,Plant C,M-05,P-03,Evening,983,864
2026-06-10,Plant C,M-05,P-02,Night,773,579
2026-06-11,Plant A,M-01,P-01,Morning,1187,1109
2026-06-11,Plant A,M-01,P-04,Evening,1149,1001
2026-06-11,Plant A,M-01,P-05,Night,1093,913
2026-06-11,Plant A,M-02,P-03,Morning,919,892
2026-06-11,Plant A,M-02,P-06,Evening,1169,1072
2026-06-11,Plant A,M-02,P-03,Night,817,572
2026-06-11,Plant A,M-03,P-01,Morning,1100,1053
2026-06-11,Plant A,M-03,P-01,Evening,945,862
2026-06-11,Plant A,M-03,P-05,Night,1190,1003
2026-06-11,Plant A,M-04,P-02,Morning,1136,985
2026-06-11,Plant A,M-04,P-01,Evening,1051,974
2026-06-11,Plant A,M-04,P-02,Night,1079,880
2026-06-11,Plant A,M-05,P-06,Morning,1086,1018
2026-06-11,Plant A,M-05,P-01,Evening,758,653
2026-06-11,Plant A,M-05,P-02,Night,868,656
2026-06-11,Plant B,M-01,P-06,Morning,1025,929
2026-06-11,Plant B,M-01,P-02,Evening,1114,988
2026-06-11,Plant B,M-01,P-02,Night,1094,831
2026-06-11,Plant B,M-02,P-03,Morning,860,808
2026-06-11,Plant B,M-02,P-06,Evening,979,899
2026-06-11,Plant B,M-02,P-04,Night,906,741
2026-06-11,Plant B,M-03,P-06,Morning,977,853
2026-06-11,Plant B,M-03,P-05,Evening,1179,1050
2026-06-11,Plant B,M-03,P-06,Night,1194,919
2026-06-11,Plant B,M-04,P-04,Morning,1198,900
2026-06-11,Plant B,M-04,P-05,Evening,1170,976
2026-06-11,Plant B,M-04,P-04,Night,952,613
2026-06-11,Plant B,M-05,P-06,Morning,912,852
2026-06-11,Plant B,M-05,P-06,Evening,898,827
2026-06-11,Plant B,M-05,P-05,Night,1034,908
2026-06-11,Plant C,M-01,P-02,Morning,1138,1113
2026-06-11,Plant C,M-01,P-01,Evening,829,786
2026-06-11,Plant C,M-01,P-03,Night,941,759
2026-06-11,Plant C,M-02,P-01,Morning,1113,1075
2026-06-11,Plant C,M-02,P-04,Evening,988,844
2026-06-11,Plant C,M-02,P-06,Night,1146,963
2026-06-11,Plant C,M-03,P-02,Morning,1111,1004
2026-06-11,Plant C,M-03,P-04,Evening,821,753
2026-06-11,Plant C,M-03,P-01,Night,949,819
2026-06-11,Plant C,M-04,P-04,Morning,823,763
2026-06-11,Plant C,M-04,P-04,Evening,936,868
2026-06-11,Plant C,M-04,P-06,Night,981,816
2026-06-11,Plant C,M-05,P-01,Morning,1185,1163
2026-06-11,Plant C,M-05,P-04,Evening,1123,962
2026-06-11,Plant C,M-05,P-01,Night,1164,871
2026-06-12,Plant A,M-01,P-03,Morning,857,755
2026-06-12,Plant A,M-01,P-02,Evening,1082,921
2026-06-12,Plant A,M-01,P-01,Night,1066,884
2026-06-12,Plant A,M-02,P-04,Morning,1097,979
2026-06-12,Plant A,M-02,P-03,Evening,939,800
2026-06-12,Plant A,M-02,P-03,Night,1145,921
2026-06-12,Plant A,M-03,P-02,Morning,812,728
2026-06-12,Plant A,M-03,P-01,Evening,781,680
2026-06-12,Plant A,M-03,P-01,Night,952,822
2026-06-12,Plant A,M-04,P-05,Morning,1095,1049
2026-06-12,Plant A,M-04,P-04,Evening,1002,1002
2026-06-12,Plant A,M-04,P-01,Night,960,778
2026-06-12,Plant A,M-05,P-02,Morning,1110,1025
2026-06-12,Plant A,M-05,P-01,Evening,1177,1050
2026-06-12,Plant A,M-05,P-01,Night,1017,808
2026-06-12,Plant B,M-01,P-02,Morning,965,931
2026-06-12,Plant B,M-01,P-05,Evening,843,727
2026-06-12,Plant B,M-01,P-03,Night,861,715
2026-06-12,Plant B,M-02,P-05,Morning,781,699
2026-06-12,Plant B,M-02,P-06,Evening,1120,999
2026-06-12,Plant B,M-02,P-06,Night,788,649
2026-06-12,Plant B,M-03,P-03,Morning,1012,1012
2026-06-12,Plant B,M-03,P-04,Evening,881,816
2026-06-12,Plant B,M-03,P-05,Night,1089,944
2026-06-12,Plant B,M-04,P-04,Morning,1080,813
2026-06-12,Plant B,M-04,P-05,Evening,1157,954
2026-06-12,Plant B,M-04,P-01,Night,1121,834
2026-06-12,Plant B,M-05,P-01,Morning,1040,975
2026-06-12,Plant B,M-05,P-06,Evening,1178,1065
2026-06-12,Plant B,M-05,P-04,Night,753,661
2026-06-12,Plant C,M-01,P-01,Morning,1093,1043
2026-06-12,Plant C,M-01,P-06,Evening,881,744
2026-06-12,Plant C,M-01,P-02,Night,892,766
2026-06-12,Plant C,M-02,P-05,Morning,915,886
2026-06-12,Plant C,M-02,P-03,Evening,786,702
2026-06-12,Plant C,M-02,P-02,Night,1110,926
2026-06-12,Plant C,M-03,P-06,Morning,917,744
2026-06-12,Plant C,M-03,P-01,Evening,859,748
2026-06-12,Plant C,M-03,P-06,Night,1079,873
2026-06-12,Plant C,M-04,P-02,Morning,905,875
2026-06-12,Plant C,M-04,P-04,Evening,1022,828
2026-06-12,Plant C,M-04,P-03,Night,1023,885
2026-06-12,Plant C,M-05,P-05,Morning,778,766
2026-06-12,Plant C,M-05,P-06,Evening,1126,1013
2026-06-12,Plant C,M-05,P-04,Night,963,793
2026-06-13,Plant A,M-01,P-06,Morning,998,947
2026-06-13,Plant A,M-01,P-03,Evening,992,901
2026-06-13,Plant A,M-01,P-01,Night,998,910
2026-06-13,Plant A,M-02,P-03,Morning,900,855
2026-06-13,Plant A,M-02,P-05,Evening,1005,935
2026-06-13,Plant A,M-02,P-02,Night,1194,951
2026-06-13,Plant A,M-03,P-03,Morning,837,679
2026-06-13,Plant A,M-03,P-06,Evening,1034,994
2026-06-13,Plant A,M-03,P-02,Night,1019,841
2026-06-13,Plant A,M-04,P-06,Morning,970,983
2026-06-13,Plant A,M-04,P-02,Evening,845,689
2026-06-13,Plant A,M-04,P-03,Night,1033,882
2026-06-13,Plant A,M-05,P-03,Morning,776,742
2026-06-13,Plant A,M-05,P-05,Evening,977,747
2026-06-13,Plant A,M-05,P-02,Night,958,777
2026-06-13,Plant B,M-01,P-04,Morning,1167,1107
2026-06-13,Plant B,M-01,P-05,Evening,851,651
2026-06-13,Plant B,M-01,P-06,Night,1081,958
2026-06-13,Plant B,M-02,P-01,Morning,871,795
2026-06-13,Plant B,M-02,P-04,Evening,764,748
2026-06-13,Plant B,M-02,P-05,Night,1130,956
2026-06-13,Plant B,M-03,P-03,Morning,919,788
2026-06-13,Plant B,M-03,P-04,Evening,775,645
2026-06-13,Plant B,M-03,P-02,Night,1115,868
2026-06-13,Plant B,M-04,P-06,Morning,885,786
2026-06-13,Plant B,M-04,P-04,Evening,1113,726
2026-06-13,Plant B,M-04,P-04,Night,871,457
2026-06-13,Plant B,M-05,P-04,Morning,1001,891
2026-06-13,Plant B,M-05,P-01,Evening,765,619
2026-06-13,Plant B,M-05,P-06,Night,1018,768
2026-06-13,Plant C,M-01,P-06,Morning,939,871
2026-06-13,Plant C,M-01,P-06,Evening,885,797
2026-06-13,Plant C,M-01,P-02,Night,860,688
2026-06-13,Plant C,M-02,P-03,Morning,921,828
2026-06-13,Plant C,M-02,P-01,Evening,890,817
2026-06-13,Plant C,M-02,P-06,Night,1166,933
2026-06-13,Plant C,M-03,P-03,Morning,774,717
2026-06-13,Plant C,M-03,P-03,Evening,1107,994
2026-06-13,Plant C,M-03,P-03,Night,975,771
2026-06-13,Plant C,M-04,P-06,Morning,1168,1168
2026-06-13,Plant C,M-04,P-02,Evening,1031,939
2026-06-13,Plant C,M-04,P-03,Night,882,659
2026-06-13,Plant C,M-05,P-01,Morning,923,811
2026-06-13,Plant C,M-05,P-05,Evening,822,792
2026-06-13,Plant C,M-05,P-02,Night,829,735
2026-06-14,Plant A,M-01,P-02,Morning,1026,945
2026-06-14,Plant A,M-01,P-05,Evening,1040,936
2026-06-14,Plant A,M-01,P-05,Night,1164,1028
2026-06-14,Plant A,M-02,P-04,Morning,1036,1030
2026-06-14,Plant A,M-02,P-04,Evening,783,683
2026-06-14,Plant A,M-02,P-04,Night,898,711
2026-06-14,Plant A,M-03,P-06,Morning,969,941
2026-06-14,Plant A,M-03,P-03,Evening,907,865
2026-06-14,Plant A,M-03,P-02,Night,984,742
2026-06-14,Plant A,M-04,P-02,Morning,803,707
2026-06-14,Plant A,M-04,P-05,Evening,1113,1005
2026-06-14,Plant A,M-04,P-06,Night,1104,855
2026-06-14,Plant A,M-05,P-05,Morning,1015,897
2026-06-14,Plant A,M-05,P-02,Evening,1154,1032
2026-06-14,Plant A,M-05,P-04,Night,1121,892
2026-06-14,Plant B,M-01,P-04,Morning,807,752
2026-06-14,Plant B,M-01,P-04,Evening,1050,899
2026-06-14,Plant B,M-01,P-01,Night,889,723
2026-06-14,Plant B,M-02,P-05,Morning,917,883
2026-06-14,Plant B,M-02,P-06,Evening,1139,996
2026-06-14,Plant B,M-02,P-06,Night,948,741
2026-06-14,Plant B,M-03,P-06,Morning,1052,937
2026-06-14,Plant B,M-03,P-05,Evening,1083,923
2026-06-14,Plant B,M-03,P-01,Night,1049,838
2026-06-14,Plant B,M-04,P-06,Morning,989,806
2026-06-14,Plant B,M-04,P-05,Evening,770,415
2026-06-14,Plant B,M-04,P-02,Night,1080,688
2026-06-14,Plant B,M-05,P-04,Morning,1092,1038
2026-06-14,Plant B,M-05,P-06,Evening,1038,930
2026-06-14,Plant B,M-05,P-05,Night,821,691
2026-06-14,Plant C,M-01,P-02,Morning,903,811
2026-06-14,Plant C,M-01,P-04,Evening,920,869
2026-06-14,Plant C,M-01,P-01,Night,1067,869
2026-06-14,Plant C,M-02,P-01,Morning,872,837
2026-06-14,Plant C,M-02,P-04,Evening,955,888
2026-06-14,Plant C,M-02,P-01,Night,937,779
2026-06-14,Plant C,M-03,P-02,Morning,846,780
2026-06-14,Plant C,M-03,P-04,Evening,861,772
2026-06-14,Plant C,M-03,P-02,Night,823,653
2026-06-14,Plant C,M-04,P-03,Morning,1057,957
2026-06-14,Plant C,M-04,P-05,Evening,1172,1130
2026-06-14,Plant C,M-04,P-04,Night,996,838
2026-06-14,Plant C,M-05,P-01,Morning,988,942
2026-06-14,Plant C,M-05,P-05,Evening,777,706
2026-06-14,Plant C,M-05,P-06,Night,1163,934
2026-06-15,Plant A,M-01,P-02,Morning,794,781
2026-06-15,Plant A,M-01,P-01,Evening,1177,1074
2026-06-15,Plant A,M-01,P-02,Night,1176,908
2026-06-15,Plant A,M-02,P-01,Morning,981,922
2026-06-15,Plant A,M-02,P-04,Evening,1040,920
2026-06-15,Plant A,M-02,P-05,Night,1169,998
2026-06-15,Plant A,M-03,P-03,Morning,966,813
2026-06-15,Plant A,M-03,P-01,Evening,1036,869
2026-06-15,Plant A,M-03,P-05,Night,1063,834
2026-06-15,Plant A,M-04,P-04,Morning,1040,956
2026-06-15,Plant A,M-04,P-04,Evening,1012,979
2026-06-15,Plant A,M-04,P-04,Night,772,666
2026-06-15,Plant A,M-05,P-06,Morning,1089,1029
2026-06-15,Plant A,M-05,P-01,Evening,806,743
2026-06-15,Plant A,M-05,P-06,Night,1141,923
2026-06-15,Plant B,M-01,P-05,Morning,926,921
2026-06-15,Plant B,M-01,P-03,Evening,1063,958
2026-06-15,Plant B,M-01,P-01,Night,923,706
2026-06-15,Plant B,M-02,P-01,Morning,941,885
2026-06-15,Plant B,M-02,P-01,Evening,938,836
2026-06-15,Plant B,M-02,P-06,Night,1146,953
2026-06-15,Plant B,M-03,P-06,Morning,1067,1033
2026-06-15,Plant B,M-03,P-06,Evening,847,817
2026-06-15,Plant B,M-03,P-04,Night,902,695
2026-06-15,Plant B,M-04,P-05,Morning,855,597
2026-06-15,Plant B,M-04,P-06,Evening,1099,876
2026-06-15,Plant B,M-04,P-05,Night,1014,706
2026-06-15,Plant B,M-05,P-01,Morning,771,653
2026-06-15,Plant B,M-05,P-01,Evening,894,855
2026-06-15,Plant B,M-05,P-05,Night,831,641
2026-06-15,Plant C,M-01,P-06,Morning,1119,1053
2026-06-15,Plant C,M-01,P-06,Evening,1148,1015
2026-06-15,Plant C,M-01,P-05,Night,976,841
2026-06-15,Plant C,M-02,P-03,Morning,1074,1031
2026-06-15,Plant C,M-02,P-04,Evening,837,746
2026-06-15,Plant C,M-02,P-02,Night,963,834
2026-06-15,Plant C,M-03,P-01,Morning,1106,1066
2026-06-15,Plant C,M-03,P-03,Evening,966,889
2026-06-15,Plant C,M-03,P-02,Night,1085,915
2026-06-15,Plant C,M-04,P-03,Morning,971,924
2026-06-15,Plant C,M-04,P-01,Evening,974,821
2026-06-15,Plant C,M-04,P-04,Night,980,814
2026-06-15,Plant C,M-05,P-04,Morning,869,794
2026-06-15,Plant C,M-05,P-05,Evening,1121,1010
2026-06-15,Plant C,M-05,P-02,Night,850,714
2026-06-16,Plant A,M-01,P-02,Morning,862,823
2026-06-16,Plant A,M-01,P-03,Evening,1133,1053
2026-06-16,Plant A,M-01,P-04,Night,837,618
2026-06-16,Plant A,M-02,P-02,Morning,964,869
2026-06-16,Plant A,M-02,P-01,Evening,993,904
2026-06-16,Plant A,M-02,P-04,Night,886,689
2026-06-16,Plant A,M-03,P-03,Morning,920,942
2026-06-16,Plant A,M-03,P-01,Evening,966,836
2026-06-16,Plant A,M-03,P-03,Night,1001,801
2026-06-16,Plant A,M-04,P-01,Morning,985,921
2026-06-16,Plant A,M-04,P-02,Evening,1033,955
2026-06-16,Plant A,M-04,P-03,Night,1043,793
2026-06-16,Plant A,M-05,P-03,Morning,1024,915
2026-06-16,Plant A,M-05,P-02,Evening,849,760
2026-06-16,Plant A,M-05,P-06,Night,988,855
2026-06-16,Plant B,M-01,P-03,Morning,781,705
2026-06-16,Plant B,M-01,P-04,Evening,1061,946
2026-06-16,Plant B,M-01,P-06,Night,1039,858
2026-06-16,Plant B,M-02,P-02,Morning,1167,1186
2026-06-16,Plant B,M-02,P-01,Evening,757,641
2026-06-16,Plant B,M-02,P-06,Night,1079,915
2026-06-16,Plant B,M-03,P-03,Morning,1113,1069
2026-06-16,Plant B,M-03,P-04,Evening,1037,927
2026-06-16,Plant B,M-03,P-05,Night,1093,877
2026-06-16,Plant B,M-04,P-03,Morning,959,737
2026-06-16,Plant B,M-04,P-02,Evening,882,709
2026-06-16,Plant B,M-04,P-05,Night,1187,857
2026-06-16,Plant B,M-05,P-01,Morning,1169,1126
2026-06-16,Plant B,M-05,P-04,Evening,753,662
2026-06-16,Plant B,M-05,P-06,Night,1111,975
2026-06-16,Plant C,M-01,P-04,Morning,904,787
2026-06-16,Plant C,M-01,P-05,Evening,980,775
2026-06-16,Plant C,M-01,P-03,Night,1035,898
2026-06-16,Plant C,M-02,P-04,Morning,856,765
2026-06-16,Plant C,M-02,P-02,Evening,863,805
2026-06-16,Plant C,M-02,P-01,Night,810,620
2026-06-16,Plant C,M-03,P-03,Morning,750,672
2026-06-16,Plant C,M-03,P-03,Evening,1112,1017
2026-06-16,Plant C,M-03,P-03,Night,974,781
2026-06-16,Plant C,M-04,P-06,Morning,845,789
2026-06-16,Plant C,M-04,P-01,Evening,885,817
2026-06-16,Plant C,M-04,P-02,Night,1027,833
2026-06-16,Plant C,M-05,P-06,Morning,890,818
2026-06-16,Plant C,M-05,P-01,Evening,1016,908
2026-06-16,Plant C,M-05,P-05,Night,886,689
2026-06-17,Plant A,M-01,P-04,Morning,906,740
2026-06-17,Plant A,M-01,P-01,Evening,975,897
2026-06-17,Plant A,M-01,P-02,Night,1026,807
2026-06-17,Plant A,M-02,P-06,Morning,798,733
2026-06-17,Plant A,M-02,P-03,Evening,1047,950
2026-06-17,Plant A,M-02,P-05,Night,967,794
2026-06-17,Plant A,M-03,P-02,Morning,835,838
2026-06-17,Plant A,M-03,P-03,Evening,1130,968
2026-06-17,Plant A,M-03,P-04,Night,1020,820
2026-06-17,Plant A,M-04,P-04,Morning,787,712
2026-06-17,Plant A,M-04,P-04,Evening,1014,886
2026-06-17,Plant A,M-04,P-05,Night,1056,880
2026-06-17,Plant A,M-05,P-04,Morning,786,668
2026-06-17,Plant A,M-05,P-05,Evening,905,821
2026-06-17,Plant A,M-05,P-06,Night,774,564
2026-06-17,Plant B,M-01,P-01,Morning,1121,1008
2026-06-17,Plant B,M-01,P-05,Evening,844,795
2026-06-17,Plant B,M-01,P-01,Night,775,578
2026-06-17,Plant B,M-02,P-03,Morning,927,847
2026-06-17,Plant B,M-02,P-06,Evening,888,762
2026-06-17,Plant B,M-02,P-03,Night,966,804
2026-06-17,Plant B,M-03,P-02,Morning,1021,889
2026-06-17,Plant B,M-03,P-04,Evening,792,647
2026-06-17,Plant B,M-03,P-05,Night,894,693
2026-06-17,Plant B,M-04,P-03,Morning,963,631
2026-06-17,Plant B,M-04,P-01,Evening,944,673
2026-06-17,Plant B,M-04,P-05,Night,918,570
2026-06-17,Plant B,M-05,P-02,Morning,1018,889
2026-06-17,Plant B,M-05,P-04,Evening,1042,925
2026-06-17,Plant B,M-05,P-06,Night,1005,869
2026-06-17,Plant C,M-01,P-05,Morning,814,716
2026-06-17,Plant C,M-01,P-03,Evening,971,860
2026-06-17,Plant C,M-01,P-03,Night,783,645
2026-06-17,Plant C,M-02,P-05,Morning,892,817
2026-06-17,Plant C,M-02,P-02,Evening,779,635
2026-06-17,Plant C,M-02,P-06,Night,909,709
2026-06-17,Plant C,M-03,P-01,Morning,809,754
2026-06-17,Plant C,M-03,P-06,Evening,951,926
2026-06-17,Plant C,M-03,P-02,Night,1152,973
2026-06-17,Plant C,M-04,P-06,Morning,1027,957
2026-06-17,Plant C,M-04,P-06,Evening,803,711
2026-06-17,Plant C,M-04,P-02,Night,1147,1032
2026-06-17,Plant C,M-05,P-04,Morning,1123,1039
2026-06-17,Plant C,M-05,P-05,Evening,762,700
2026-06-17,Plant C,M-05,P-04,Night,1163,957
2026-06-18,Plant A,M-01,P-06,Morning,1020,943
2026-06-18,Plant A,M-01,P-06,Evening,961,899
2026-06-18,Plant A,M-01,P-04,Night,955,762
2026-06-18,Plant A,M-02,P-02,Morning,810,782
2026-06-18,Plant A,M-02,P-02,Evening,886,791
2026-06-18,Plant A,M-02,P-01,Night,1091,915
2026-06-18,Plant A,M-03,P-05,Morning,752,639
2026-06-18,Plant A,M-03,P-05,Evening,1082,973
2026-06-18,Plant A,M-03,P-03,Night,791,592
2026-06-18,Plant A,M-04,P-06,Morning,965,930
2026-06-18,Plant A,M-04,P-05,Evening,994,885
2026-06-18,Plant A,M-04,P-01,Night,849,636
2026-06-18,Plant A,M-05,P-01,Morning,831,797
2026-06-18,Plant A,M-05,P-06,Evening,1160,1039
2026-06-18,Plant A,M-05,P-06,Night,752,599
2026-06-18,Plant B,M-01,P-06,Morning,881,806
2026-06-18,Plant B,M-01,P-05,Evening,842,778
2026-06-18,Plant B,M-01,P-06,Night,1170,900
2026-06-18,Plant B,M-02,P-03,Morning,788,678
2026-06-18,Plant B,M-02,P-03,Evening,967,902
2026-06-18,Plant B,M-02,P-02,Night,966,778
2026-06-18,Plant B,M-03,P-04,Morning,913,895
2026-06-18,Plant B,M-03,P-04,Evening,1028,914
2026-06-18,Plant B,M-03,P-06,Night,1023,899
2026-06-18,Plant B,M-04,P-06,Morning,840,632
2026-06-18,Plant B,M-04,P-02,Evening,837,656
2026-06-18,Plant B,M-04,P-04,Night,1065,679
2026-06-18,Plant B,M-05,P-02,Morning,856,775
2026-06-18,Plant B,M-05,P-02,Evening,1124,978
2026-06-18,Plant B,M-05,P-06,Night,1120,984
2026-06-18,Plant C,M-01,P-03,Morning,954,919
2026-06-18,Plant C,M-01,P-02,Evening,794,722
2026-06-18,Plant C,M-01,P-05,Night,999,834
2026-06-18,Plant C,M-02,P-05,Morning,891,755
2026-06-18,Plant C,M-02,P-01,Evening,1023,939
2026-06-18,Plant C,M-02,P-02,Night,844,661
2026-06-18,Plant C,M-03,P-03,Morning,910,825
2026-06-18,Plant C,M-03,P-06,Evening,949,848
2026-06-18,Plant C,M-03,P-04,Night,878,734
2026-06-18,Plant C,M-04,P-05,Morning,956,842
2026-06-18,Plant C,M-04,P-03,Evening,887,871
2026-06-18,Plant C,M-04,P-01,Night,795,654
2026-06-18,Plant C,M-05,P-01,Morning,1134,1008
2026-06-18,Plant C,M-05,P-03,Evening,845,725
2026-06-18,Plant C,M-05,P-05,Night,1067,853
2026-06-19,Plant A,M-01,P-02,Morning,999,936
2026-06-19,Plant A,M-01,P-03,Evening,1089,1036
2026-06-19,Plant A,M-01,P-01,Night,1110,838
2026-06-19,Plant A,M-02,P-01,Morning,816,690
2026-06-19,Plant A,M-02,P-06,Evening,1118,1022
2026-06-19,Plant A,M-02,P-02,Night,1178,919
2026-06-19,Plant A,M-03,P-04,Morning,1114,1108
2026-06-19,Plant A,M-03,P-02,Evening,980,845
2026-06-19,Plant A,M-03,P-05,Night,957,709
2026-06-19,Plant A,M-04,P-03,Morning,1130,1126
2026-06-19,Plant A,M-04,P-05,Evening,893,844
2026-06-19,Plant A,M-04,P-01,Night,985,803
2026-06-19,Plant A,M-05,P-06,Morning,943,860
2026-06-19,Plant A,M-05,P-03,Evening,980,881
2026-06-19,Plant A,M-05,P-03,Night,1003,848
2026-06-19,Plant B,M-01,P-04,Morning,1084,1016
2026-06-19,Plant B,M-01,P-01,Evening,1029,868
2026-06-19,Plant B,M-01,P-06,Night,875,634
2026-06-19,Plant B,M-02,P-02,Morning,1111,936
2026-06-19,Plant B,M-02,P-04,Evening,917,850
2026-06-19,Plant B,M-02,P-02,Night,814,599
2026-06-19,Plant B,M-03,P-01,Morning,843,815
2026-06-19,Plant B,M-03,P-02,Evening,793,708
2026-06-19,Plant B,M-03,P-01,Night,912,749
2026-06-19,Plant B,M-04,P-02,Morning,897,704
2026-06-19,Plant B,M-04,P-01,Evening,919,565
2026-06-19,Plant B,M-04,P-06,Night,1086,789
2026-06-19,Plant B,M-05,P-06,Morning,1083,1054
2026-06-19,Plant B,M-05,P-01,Evening,1040,895
2026-06-19,Plant B,M-05,P-04,Night,763,593
2026-06-19,Plant C,M-01,P-01,Morning,1167,1107
2026-06-19,Plant C,M-01,P-04,Evening,912,784
2026-06-19,Plant C,M-01,P-04,Night,1049,898
2026-06-19,Plant C,M-02,P-03,Morning,774,735
2026-06-19,Plant C,M-02,P-01,Evening,971,905
2026-06-19,Plant C,M-02,P-06,Night,820,654
2026-06-19,Plant C,M-03,P-04,Morning,855,821
2026-06-19,Plant C,M-03,P-02,Evening,1056,1003
2026-06-19,Plant C,M-03,P-06,Night,1148,963
2026-06-19,Plant C,M-04,P-06,Morning,867,755
2026-06-19,Plant C,M-04,P-02,Evening,1159,949
2026-06-19,Plant C,M-04,P-03,Night,893,690
2026-06-19,Plant C,M-05,P-02,Morning,904,897
2026-06-19,Plant C,M-05,P-05,Evening,866,755
2026-06-19,Plant C,M-05,P-06,Night,868,766
2026-06-20,Plant A,M-01,P-06,Morning,905,855
2026-06-20,Plant A,M-01,P-01,Evening,868,746
2026-06-20,Plant A,M-01,P-04,Night,1019,783
2026-06-20,Plant A,M-02,P-05,Morning,1126,1055
2026-06-20,Plant A,M-02,P-01,Evening,753,614
2026-06-20,Plant A,M-02,P-01,Night,939,824
2026-06-20,Plant A,M-03,P-02,Morning,980,871
2026-06-20,Plant A,M-03,P-04,Evening,1177,1067
2026-06-20,Plant A,M-03,P-03,Night,846,711
2026-06-20,Plant A,M-04,P-04,Morning,944,913
2026-06-20,Plant A,M-04,P-02,Evening,951,817
2026-06-20,Plant A,M-04,P-02,Night,847,581
2026-06-20,Plant A,M-05,P-01,Morning,951,873
2026-06-20,Plant A,M-05,P-05,Evening,803,645
2026-06-20,Plant A,M-05,P-04,Night,1037,833
2026-06-20,Plant B,M-01,P-04,Morning,972,907
2026-06-20,Plant B,M-01,P-02,Evening,919,801
2026-06-20,Plant B,M-01,P-05,Night,1065,913
2026-06-20,Plant B,M-02,P-03,Morning,1031,978
2026-06-20,Plant B,M-02,P-03,Evening,891,683
2026-06-20,Plant B,M-02,P-05,Night,1050,859
2026-06-20,Plant B,M-03,P-06,Morning,1172,1111
2026-06-20,Plant B,M-03,P-04,Evening,912,715
2026-06-20,Plant B,M-03,P-05,Night,968,788
2026-06-20,Plant B,M-04,P-02,Morning,1030,807
2026-06-20,Plant B,M-04,P-01,Evening,756,554
2026-06-20,Plant B,M-04,P-04,Night,1061,680
2026-06-20,Plant B,M-05,P-03,Morning,1093,1093
2026-06-20,Plant B,M-05,P-03,Evening,1178,1028
2026-06-20,Plant B,M-05,P-04,Night,1199,1050
2026-06-20,Plant C,M-01,P-03,Morning,950,910
2026-06-20,Plant C,M-01,P-02,Evening,809,729
2026-06-20,Plant C,M-01,P-06,Night,920,667
2026-06-20,Plant C,M-02,P-03,Morning,952,883
2026-06-20,Plant C,M-02,P-03,Evening,757,672
2026-06-20,Plant C,M-02,P-03,Night,844,638
2026-06-20,Plant C,M-03,P-02,Morning,761,727
2026-06-20,Plant C,M-03,P-06,Evening,1136,1032
2026-06-20,Plant C,M-03,P-05,Night,923,728
2026-06-20,Plant C,M-04,P-01,Morning,1017,934
2026-06-20,Plant C,M-04,P-02,Evening,821,755
2026-06-20,Plant C,M-04,P-02,Night,1147,874
2026-06-20,Plant C,M-05,P-05,Morning,851,760
2026-06-20,Plant C,M-05,P-05,Evening,1017,905
2026-06-20,Plant C,M-05,P-06,Night,1137,926
2026-06-21,Plant A,M-01,P-04,Morning,1108,1060
2026-06-21,Plant A,M-01,P-03,Evening,1191,1010
2026-06-21,Plant A,M-01,P-03,Night,848,648
2026-06-21,Plant A,M-02,P-06,Morning,953,854
2026-06-21,Plant A,M-02,P-01,Evening,1181,1091
2026-06-21,Plant A,M-02,P-04,Night,809,737
2026-06-21,Plant A,M-03,P-05,Morning,918,901
2026-06-21,Plant A,M-03,P-06,Evening,881,801
2026-06-21,Plant A,M-03,P-01,Night,970,719
2026-06-21,Plant A,M-04,P-02,Morning,1106,997
2026-06-21,Plant A,M-04,P-05,Evening,944,813
2026-06-21,Plant A,M-04,P-02,Night,989,809
2026-06-21,Plant A,M-05,P-06,Morning,762,713
2026-06-21,Plant A,M-05,P-05,Evening,899,831
2026-06-21,Plant A,M-05,P-06,Night,1021,789
2026-06-21,Plant B,M-01,P-02,Morning,807,755
2026-06-21,Plant B,M-01,P-03,Evening,1137,1079
2026-06-21,Plant B,M-01,P-01,Night,1023,834
2026-06-21,Plant B,M-02,P-01,Morning,1103,1028
2026-06-21,Plant B,M-02,P-04,Evening,956,957
2026-06-21,Plant B,M-02,P-05,Night,1103,886
2026-06-21,Plant B,M-03,P-05,Morning,1114,1025
2026-06-21,Plant B,M-03,P-06,Evening,946,769
2026-06-21,Plant B,M-03,P-04,Night,930,714
2026-06-21,Plant B,M-04,P-06,Morning,781,526
2026-06-21,Plant B,M-04,P-05,Evening,967,654
2026-06-21,Plant B,M-04,P-01,Night,799,549
2026-06-21,Plant B,M-05,P-05,Morning,874,814
2026-06-21,Plant B,M-05,P-06,Evening,896,849
2026-06-21,Plant B,M-05,P-05,Night,843,737
2026-06-21,Plant C,M-01,P-05,Morning,884,803
2026-06-21,Plant C,M-01,P-01,Evening,1136,1086
2026-06-21,Plant C,M-01,P-03,Night,1006,757
2026-06-21,Plant C,M-02,P-02,Morning,1197,1132
2026-06-21,Plant C,M-02,P-06,Evening,816,713
2026-06-21,Plant C,M-02,P-03,Night,942,777
2026-06-21,Plant C,M-03,P-06,Morning,775,825
2026-06-21,Plant C,M-03,P-01,Evening,1030,951
2026-06-21,Plant C,M-03,P-02,Night,993,754
2026-06-21,Plant C,M-04,P-06,Morning,757,644
2026-06-21,Plant C,M-04,P-04,Evening,1101,998
2026-06-21,Plant C,M-04,P-05,Night,1162,991
2026-06-21,Plant C,M-05,P-05,Morning,958,890
2026-06-21,Plant C,M-05,P-04,Evening,1095,1013
2026-06-21,Plant C,M-05,P-03,Night,903,786
2026-06-22,Plant A,M-01,P-04,Morning,794,663
2026-06-22,Plant A,M-01,P-03,Evening,1155,998
2026-06-22,Plant A,M-01,P-04,Night,965,727
2026-06-22,Plant A,M-02,P-01,Morning,1081,1085
2026-06-22,Plant A,M-02,P-02,Evening,771,675
2026-06-22,Plant A,M-02,P-02,Night,1154,964
2026-06-22,Plant A,M-03,P-06,Morning,1194,1167
2026-06-22,Plant A,M-03,P-04,Evening,957,801
2026-06-22,Plant A,M-03,P-04,Night,998,836
2026-06-22,Plant A,M-04,P-02,Morning,1160,1090
2026-06-22,Plant A,M-04,P-01,Evening,1031,889
2026-06-22,Plant A,M-04,P-01,Night,958,798
2026-06-22,Plant A,M-05,P-02,Morning,912,804
2026-06-22,Plant A,M-05,P-03,Evening,1154,1080
2026-06-22,Plant A,M-05,P-02,Night,955,815
2026-06-22,Plant B,M-01,P-06,Morning,910,821
2026-06-22,Plant B,M-01,P-02,Evening,1162,1012
2026-06-22,Plant B,M-01,P-03,Night,1078,936
2026-06-22,Plant B,M-02,P-01,Morning,1054,1003
2026-06-22,Plant B,M-02,P-06,Evening,1112,930
2026-06-22,Plant B,M-02,P-02,Night,1053,839
2026-06-22,Plant B,M-03,P-04,Morning,1103,1048
2026-06-22,Plant B,M-03,P-01,Evening,1159,1016
2026-06-22,Plant B,M-03,P-06,Night,937,782
2026-06-22,Plant B,M-04,P-04,Morning,830,610
2026-06-22,Plant B,M-04,P-03,Evening,1014,836
2026-06-22,Plant B,M-04,P-01,Night,1098,728
2026-06-22,Plant B,M-05,P-05,Morning,773,728
2026-06-22,Plant B,M-05,P-05,Evening,858,734
2026-06-22,Plant B,M-05,P-02,Night,881,772
2026-06-22,Plant C,M-01,P-02,Morning,1035,895
2026-06-22,Plant C,M-01,P-04,Evening,754,651
2026-06-22,Plant C,M-01,P-04,Night,1030,866
2026-06-22,Plant C,M-02,P-05,Morning,1017,910
2026-06-22,Plant C,M-02,P-05,Evening,870,771
2026-06-22,Plant C,M-02,P-01,Night,1193,979
2026-06-22,Plant C,M-03,P-05,Morning,955,870
2026-06-22,Plant C,M-03,P-04,Evening,833,726
2026-06-22,Plant C,M-03,P-06,Night,1008,841
2026-06-22,Plant C,M-04,P-02,Morning,792,682
2026-06-22,Plant C,M-04,P-02,Evening,893,778
2026-06-22,Plant C,M-04,P-06,Night,1013,892
2026-06-22,Plant C,M-05,P-06,Morning,870,822
2026-06-22,Plant C,M-05,P-05,Evening,804,798
2026-06-22,Plant C,M-05,P-05,Night,895,779
2026-06-23,Plant A,M-01,P-06,Morning,1144,1052
2026-06-23,Plant A,M-01,P-01,Evening,901,730
2026-06-23,Plant A,M-01,P-06,Night,1087,869
2026-06-23,Plant A,M-02,P-02,Morning,1178,1171
2026-06-23,Plant A,M-02,P-04,Evening,1192,1080
2026-06-23,Plant A,M-02,P-01,Night,1136,958
2026-06-23,Plant A,M-03,P-03,Morning,802,710
2026-06-23,Plant A,M-03,P-06,Evening,993,911
2026-06-23,Plant A,M-03,P-06,Night,972,735
2026-06-23,Plant A,M-04,P-05,Morning,1062,1004
2026-06-23,Plant A,M-04,P-05,Evening,864,750
2026-06-23,Plant A,M-04,P-06,Night,860,726
2026-06-23,Plant A,M-05,P-04,Morning,1199,1182
2026-06-23,Plant A,M-05,P-01,Evening,1077,857
2026-06-23,Plant A,M-05,P-03,Night,863,698
2026-06-23,Plant B,M-01,P-01,Morning,768,698
2026-06-23,Plant B,M-01,P-06,Evening,1082,997
2026-06-23,Plant B,M-01,P-03,Night,941,733
2026-06-23,Plant B,M-02,P-06,Morning,1002,956
2026-06-23,Plant B,M-02,P-04,Evening,879,725
2026-06-23,Plant B,M-02,P-01,Night,858,690
2026-06-23,Plant B,M-03,P-05,Morning,874,818
2026-06-23,Plant B,M-03,P-01,Evening,876,653
2026-06-23,Plant B,M-03,P-06,Night,1045,924
2026-06-23,Plant B,M-04,P-06,Morning,1178,1042
2026-06-23,Plant B,M-04,P-02,Evening,940,732
2026-06-23,Plant B,M-04,P-05,Night,1090,741
2026-06-23,Plant B,M-05,P-05,Morning,915,861
2026-06-23,Plant B,M-05,P-05,Evening,1010,926
2026-06-23,Plant B,M-05,P-05,Night,806,672
2026-06-23,Plant C,M-01,P-03,Morning,921,826
2026-06-23,Plant C,M-01,P-06,Evening,1039,901
2026-06-23,Plant C,M-01,P-06,Night,914,638
2026-06-23,Plant C,M-02,P-05,Morning,892,844
2026-06-23,Plant C,M-02,P-04,Evening,768,741
2026-06-23,Plant C,M-02,P-01,Night,953,815
2026-06-23,Plant C,M-03,P-03,Morning,1118,1063
2026-06-23,Plant C,M-03,P-02,Evening,841,669
2026-06-23,Plant C,M-03,P-06,Night,787,648
2026-06-23,Plant C,M-04,P-01,Morning,1177,1124
2026-06-23,Plant C,M-04,P-06,Evening,981,849
2026-06-23,Plant C,M-04,P-03,Night,883,695
2026-06-23,Plant C,M-05,P-05,Morning,801,808
2026-06-23,Plant C,M-05,P-04,Evening,1098,990
2026-06-23,Plant C,M-05,P-03,Night,945,798
2026-06-24,Plant A,M-01,P-01,Morning,1033,941
2026-06-24,Plant A,M-01,P-03,Evening,869,781
2026-06-24,Plant A,M-01,P-04,Night,777,665
2026-06-24,Plant A,M-02,P-02,Morning,772,651
2026-06-24,Plant A,M-02,P-02,Evening,920,838
2026-06-24,Plant A,M-02,P-05,Night,793,613
2026-06-24,Plant A,M-03,P-03,Morning,793,656
2026-06-24,Plant A,M-03,P-01,Evening,1106,990
2026-06-24,Plant A,M-03,P-04,Night,1070,823
2026-06-24,Plant A,M-04,P-03,Morning,934,891
2026-06-24,Plant A,M-04,P-06,Evening,1027,982
2026-06-24,Plant A,M-04,P-02,Night,908,723
2026-06-24,Plant A,M-05,P-01,Morning,1001,852
2026-06-24,Plant A,M-05,P-01,Evening,1196,1044
2026-06-24,Plant A,M-05,P-03,Night,861,672
2026-06-24,Plant B,M-01,P-03,Morning,831,796
2026-06-24,Plant B,M-01,P-01,Evening,912,775
2026-06-24,Plant B,M-01,P-05,Night,766,593
2026-06-24,Plant B,M-02,P-06,Morning,992,936
2026-06-24,Plant B,M-02,P-01,Evening,830,695
2026-06-24,Plant B,M-02,P-02,Night,1121,997
2026-06-24,Plant B,M-03,P-04,Morning,991,908
2026-06-24,Plant B,M-03,P-02,Evening,831,781
2026-06-24,Plant B,M-03,P-06,Night,1014,847
2026-06-24,Plant B,M-04,P-06,Morning,1058,793
2026-06-24,Plant B,M-04,P-05,Evening,757,510
2026-06-24,Plant B,M-04,P-06,Night,1186,824
2026-06-24,Plant B,M-05,P-03,Morning,753,662
2026-06-24,Plant B,M-05,P-03,Evening,786,666
2026-06-24,Plant B,M-05,P-03,Night,1186,968
2026-06-24,Plant C,M-01,P-06,Morning,996,948
2026-06-24,Plant C,M-01,P-01,Evening,826,779
2026-06-24,Plant C,M-01,P-02,Night,1032,819
2026-06-24,Plant C,M-02,P-06,Morning,809,791
2026-06-24,Plant C,M-02,P-03,Evening,795,686
2026-06-24,Plant C,M-02,P-03,Night,1117,905
2026-06-24,Plant C,M-03,P-03,Morning,947,852
2026-06-24,Plant C,M-03,P-04,Evening,750,630
2026-06-24,Plant C,M-03,P-05,Night,857,732
2026-06-24,Plant C,M-04,P-04,Morning,1005,915
2026-06-24,Plant C,M-04,P-02,Evening,958,919
2026-06-24,Plant C,M-04,P-03,Night,1024,788
2026-06-24,Plant C,M-05,P-04,Morning,978,946
2026-06-24,Plant C,M-05,P-06,Evening,972,893
2026-06-24,Plant C,M-05,P-04,Night,1188,984
2026-06-25,Plant A,M-01,P-06,Morning,923,842
2026-06-25,Plant A,M-01,P-05,Evening,969,872
2026-06-25,Plant A,M-01,P-03,Night,940,754
2026-06-25,Plant A,M-02,P-01,Morning,1162,1176
2026-06-25,Plant A,M-02,P-06,Evening,1114,983
2026-06-25,Plant A,M-02,P-03,Night,806,709
2026-06-25,Plant A,M-03,P-03,Morning,987,864
2026-06-25,Plant A,M-03,P-04,Evening,1169,1043
2026-06-25,Plant A,M-03,P-04,Night,880,736
2026-06-25,Plant A,M-04,P-06,Morning,794,673
2026-06-25,Plant A,M-04,P-03,Evening,1177,1085
2026-06-25,Plant A,M-04,P-05,Night,1077,890
2026-06-25,Plant A,M-05,P-04,Morning,1185,1088
2026-06-25,Plant A,M-05,P-06,Evening,970,852
2026-06-25,Plant A,M-05,P-03,Night,1117,916
2026-06-25,Plant B,M-01,P-01,Morning,840,856
2026-06-25,Plant B,M-01,P-02,Evening,1028,950
2026-06-25,Plant B,M-01,P-01,Night,1148,914
2026-06-25,Plant B,M-02,P-06,Morning,832,784
2026-06-25,Plant B,M-02,P-05,Evening,790,709
2026-06-25,Plant B,M-02,P-04,Night,1013,869
2026-06-25,Plant B,M-03,P-01,Morning,931,869
2026-06-25,Plant B,M-03,P-05,Evening,893,790
2026-06-25,Plant B,M-03,P-02,Night,788,638
2026-06-25,Plant B,M-04,P-06,Morning,1189,1061
2026-06-25,Plant B,M-04,P-03,Evening,869,574
2026-06-25,Plant B,M-04,P-01,Night,1187,789
2026-06-25,Plant B,M-05,P-03,Morning,1094,1088
2026-06-25,Plant B,M-05,P-05,Evening,921,839
2026-06-25,Plant B,M-05,P-05,Night,1002,827
2026-06-25,Plant C,M-01,P-01,Morning,1003,946
2026-06-25,Plant C,M-01,P-02,Evening,924,776
2026-06-25,Plant C,M-01,P-01,Night,1196,905
2026-06-25,Plant C,M-02,P-05,Morning,1106,1000
2026-06-25,Plant C,M-02,P-05,Evening,894,745
2026-06-25,Plant C,M-02,P-05,Night,937,721
2026-06-25,Plant C,M-03,P-04,Morning,1073,1057
2026-06-25,Plant C,M-03,P-01,Evening,1176,1121
2026-06-25,Plant C,M-03,P-02,Night,766,591
2026-06-25,Plant C,M-04,P-06,Morning,1199,1114
2026-06-25,Plant C,M-04,P-05,Evening,1026,965
2026-06-25,Plant C,M-04,P-05,Night,1130,982
2026-06-25,Plant C,M-05,P-05,Morning,974,848
2026-06-25,Plant C,M-05,P-03,Evening,1016,900
2026-06-25,Plant C,M-05,P-01,Night,862,679
2026-06-26,Plant A,M-01,P-06,Morning,867,846
2026-06-26,Plant A,M-01,P-01,Evening,1160,1085
2026-06-26,Plant A,M-01,P-02,Night,868,671
2026-06-26,Plant A,M-02,P-05,Morning,873,786
2026-06-26,Plant A,M-02,P-02,Evening,1122,1039
2026-06-26,Plant A,M-02,P-05,Night,1084,869
2026-06-26,Plant A,M-03,P-05,Morning,1196,1080
2026-06-26,Plant A,M-03,P-04,Evening,1148,1014
2026-06-26,Plant A,M-03,P-01,Night,979,772
2026-06-26,Plant A,M-04,P-03,Morning,903,909
2026-06-26,Plant A,M-04,P-04,Evening,791,689
2026-06-26,Plant A,M-04,P-02,Night,1004,858
2026-06-26,Plant A,M-05,P-02,Morning,1086,991
2026-06-26,Plant A,M-05,P-04,Evening,765,654
2026-06-26,Plant A,M-05,P-03,Night,1163,1011
2026-06-26,Plant B,M-01,P-03,Morning,946,860
2026-06-26,Plant B,M-01,P-04,Evening,841,680
2026-06-26,Plant B,M-01,P-02,Night,765,649
2026-06-26,Plant B,M-02,P-01,Morning,1001,952
2026-06-26,Plant B,M-02,P-02,Evening,904,748
2026-06-26,Plant B,M-02,P-03,Night,801,649
2026-06-26,Plant B,M-03,P-04,Morning,1058,1044
2026-06-26,Plant B,M-03,P-01,Evening,1104,922
2026-06-26,Plant B,M-03,P-01,Night,1093,969
2026-06-26,Plant B,M-04,P-03,Morning,861,708
2026-06-26,Plant B,M-04,P-06,Evening,751,457
2026-06-26,Plant B,M-04,P-02,Night,1145,759
2026-06-26,Plant B,M-05,P-06,Morning,1121,1131
2026-06-26,Plant B,M-05,P-03,Evening,914,848
2026-06-26,Plant B,M-05,P-04,Night,1108,920
2026-06-26,Plant C,M-01,P-02,Morning,952,828
2026-06-26,Plant C,M-01,P-05,Evening,771,675
2026-06-26,Plant C,M-01,P-05,Night,1071,852
2026-06-26,Plant C,M-02,P-03,Morning,934,862
2026-06-26,Plant C,M-02,P-05,Evening,1076,1021
2026-06-26,Plant C,M-02,P-01,Night,1084,923
2026-06-26,Plant C,M-03,P-04,Morning,1096,1075
2026-06-26,Plant C,M-03,P-05,Evening,1127,1027
2026-06-26,Plant C,M-03,P-05,Night,796,654
2026-06-26,Plant C,M-04,P-01,Morning,840,821
2026-06-26,Plant C,M-04,P-02,Evening,1176,1056
2026-06-26,Plant C,M-04,P-04,Night,811,663
2026-06-26,Plant C,M-05,P-02,Morning,792,682
2026-06-26,Plant C,M-05,P-01,Evening,1018,924
2026-06-26,Plant C,M-05,P-06,Night,1199,888
2026-06-27,Plant A,M-01,P-04,Morning,1007,882
2026-06-27,Plant A,M-01,P-06,Evening,921,800
2026-06-27,Plant A,M-01,P-03,Night,866,745
2026-06-27,Plant A,M-02,P-06,Morning,903,858
2026-06-27,Plant A,M-02,P-04,Evening,994,890
2026-06-27,Plant A,M-02,P-01,Night,1127,962
2026-06-27,Plant A,M-03,P-03,Morning,1167,1110
2026-06-27,Plant A,M-03,P-04,Evening,948,776
2026-06-27,Plant A,M-03,P-03,Night,1072,882
2026-06-27,Plant A,M-04,P-06,Morning,1038,1040
2026-06-27,Plant A,M-04,P-04,Evening,997,852
2026-06-27,Plant A,M-04,P-01,Night,937,808
2026-06-27,Plant A,M-05,P-03,Morning,992,910
2026-06-27,Plant A,M-05,P-02,Evening,1036,950
2026-06-27,Plant A,M-05,P-03,Night,966,786
2026-06-27,Plant B,M-01,P-02,Morning,1079,1024
2026-06-27,Plant B,M-01,P-04,Evening,1182,994
2026-06-27,Plant B,M-01,P-02,Night,911,684
2026-06-27,Plant B,M-02,P-03,Morning,1162,1178
2026-06-27,Plant B,M-02,P-06,Evening,789,710
2026-06-27,Plant B,M-02,P-06,Night,1085,825
2026-06-27,Plant B,M-03,P-03,Morning,817,838
2026-06-27,Plant B,M-03,P-04,Evening,908,823
2026-06-27,Plant B,M-03,P-01,Night,787,605
2026-06-27,Plant B,M-04,P-01,Morning,1094,752
2026-06-27,Plant B,M-04,P-03,Evening,765,420
2026-06-27,Plant B,M-04,P-05,Night,1162,847
2026-06-27,Plant B,M-05,P-02,Morning,824,834
2026-06-27,Plant B,M-05,P-05,Evening,1053,933
2026-06-27,Plant B,M-05,P-01,Night,1014,899
2026-06-27,Plant C,M-01,P-02,Morning,999,905
2026-06-27,Plant C,M-01,P-01,Evening,1134,988
2026-06-27,Plant C,M-01,P-01,Night,1129,973
2026-06-27,Plant C,M-02,P-04,Morning,1165,1143
2026-06-27,Plant C,M-02,P-03,Evening,828,725
2026-06-27,Plant C,M-02,P-05,Night,1106,858
2026-06-27,Plant C,M-03,P-06,Morning,752,634
2026-06-27,Plant C,M-03,P-01,Evening,1007,826
2026-06-27,Plant C,M-03,P-04,Night,1184,998
2026-06-27,Plant C,M-04,P-05,Morning,985,836
2026-06-27,Plant C,M-04,P-02,Evening,1058,939
2026-06-27,Plant C,M-04,P-01,Night,902,651
2026-06-27,Plant C,M-05,P-01,Morning,950,903
2026-06-27,Plant C,M-05,P-02,Evening,1129,1086
2026-06-27,Plant C,M-05,P-04,Night,1127,923
2026-06-28,Plant A,M-01,P-01,Morning,1002,908
2026-06-28,Plant A,M-01,P-03,Evening,1070,966
2026-06-28,Plant A,M-01,P-01,Night,924,789
2026-06-28,Plant A,M-02,P-01,Morning,790,721
2026-06-28,Plant A,M-02,P-06,Evening,760,660
2026-06-28,Plant A,M-02,P-06,Night,1135,980
2026-06-28,Plant A,M-03,P-05,Morning,907,910
2026-06-28,Plant A,M-03,P-01,Evening,951,830
2026-06-28,Plant A,M-03,P-04,Night,846,678
2026-06-28,Plant A,M-04,P-05,Morning,1172,1138
2026-06-28,Plant A,M-04,P-01,Evening,932,877
2026-06-28,Plant A,M-04,P-05,Night,880,711
2026-06-28,Plant A,M-05,P-06,Morning,1018,958
2026-06-28,Plant A,M-05,P-06,Evening,1099,944
2026-06-28,Plant A,M-05,P-05,Night,947,698
2026-06-28,Plant B,M-01,P-06,Morning,1143,1037
2026-06-28,Plant B,M-01,P-01,Evening,1171,1080
2026-06-28,Plant B,M-01,P-02,Night,837,705
2026-06-28,Plant B,M-02,P-05,Morning,782,754
2026-06-28,Plant B,M-02,P-05,Evening,751,639
2026-06-28,Plant B,M-02,P-03,Night,1121,939
2026-06-28,Plant B,M-03,P-04,Morning,1173,1161
2026-06-28,Plant B,M-03,P-04,Evening,973,839
2026-06-28,Plant B,M-03,P-04,Night,774,589
2026-06-28,Plant B,M-04,P-04,Morning,1133,888
2026-06-28,Plant B,M-04,P-02,Evening,821,596
2026-06-28,Plant B,M-04,P-03,Night,785,398
2026-06-28,Plant B,M-05,P-03,Morning,1064,991
2026-06-28,Plant B,M-05,P-01,Evening,946,861
2026-06-28,Plant B,M-05,P-03,Night,1173,957
2026-06-28,Plant C,M-01,P-02,Morning,883,833
2026-06-28,Plant C,M-01,P-06,Evening,1159,1084
2026-06-28,Plant C,M-01,P-05,Night,1043,839
2026-06-28,Plant C,M-02,P-06,Morning,864,760
2026-06-28,Plant C,M-02,P-06,Evening,1162,1052
2026-06-28,Plant C,M-02,P-05,Night,861,619
2026-06-28,Plant C,M-03,P-06,Morning,819,820
2026-06-28,Plant C,M-03,P-03,Evening,1019,937
2026-06-28,Plant C,M-03,P-03,Night,1054,817
2026-06-28,Plant C,M-04,P-03,Morning,852,821
2026-06-28,Plant C,M-04,P-03,Evening,1061,971
2026-06-28,Plant C,M-04,P-06,Night,988,829
2026-06-28,Plant C,M-05,P-01,Morning,915,878
2026-06-28,Plant C,M-05,P-01,Evening,1067,998
2026-06-28,Plant C,M-05,P-01,Night,1047,867
2026-06-29,Plant A,M-01,P-03,Morning,985,956
2026-06-29,Plant A,M-01,P-02,Evening,1078,964
2026-06-29,Plant A,M-01,P-06,Night,841,691
2026-06-29,Plant A,M-02,P-02,Morning,792,694
2026-06-29,Plant A,M-02,P-05,Evening,1121,968
2026-06-29,Plant A,M-02,P-01,Night,815,666
2026-06-29,Plant A,M-03,P-02,Morning,870,807
2026-06-29,Plant A,M-03,P-04,Evening,1191,1097
2026-06-29,Plant A,M-03,P-02,Night,801,696
2026-06-29,Plant A,M-04,P-03,Morning,971,867
2026-06-29,Plant A,M-04,P-02,Evening,962,871
2026-06-29,Plant A,M-04,P-02,Night,1171,979
2026-06-29,Plant A,M-05,P-02,Morning,1115,951
2026-06-29,Plant A,M-05,P-02,Evening,1107,891
2026-06-29,Plant A,M-05,P-02,Night,970,773
2026-06-29,Plant B,M-01,P-03,Morning,1162,1055
2026-06-29,Plant B,M-01,P-02,Evening,912,868
2026-06-29,Plant B,M-01,P-04,Night,1008,752
2026-06-29,Plant B,M-02,P-02,Morning,1152,1096
2026-06-29,Plant B,M-02,P-04,Evening,920,802
2026-06-29,Plant B,M-02,P-02,Night,1053,916
2026-06-29,Plant B,M-03,P-04,Morning,912,862
2026-06-29,Plant B,M-03,P-02,Evening,858,743
2026-06-29,Plant B,M-03,P-05,Night,933,775
2026-06-29,Plant B,M-04,P-06,Morning,1067,740
2026-06-29,Plant B,M-04,P-04,Evening,913,655
2026-06-29,Plant B,M-04,P-02,Night,964,624
2026-06-29,Plant B,M-05,P-06,Morning,805,765
2026-06-29,Plant B,M-05,P-02,Evening,1077,958
2026-06-29,Plant B,M-05,P-02,Night,1199,923
2026-06-29,Plant C,M-01,P-02,Morning,1118,1073
2026-06-29,Plant C,M-01,P-02,Evening,1118,947
2026-06-29,Plant C,M-01,P-02,Night,962,850
2026-06-29,Plant C,M-02,P-05,Morning,859,719
2026-06-29,Plant C,M-02,P-05,Evening,882,715
2026-06-29,Plant C,M-02,P-04,Night,1144,960
2026-06-29,Plant C,M-03,P-01,Morning,816,781
2026-06-29,Plant C,M-03,P-03,Evening,996,827
2026-06-29,Plant C,M-03,P-03,Night,913,761
2026-06-29,Plant C,M-04,P-06,Morning,931,878
2026-06-29,Plant C,M-04,P-06,Evening,761,618
2026-06-29,Plant C,M-04,P-03,Night,993,859
2026-06-29,Plant C,M-05,P-05,Morning,908,883
2026-06-29,Plant C,M-05,P-04,Evening,750,543
2026-06-29,Plant C,M-05,P-01,Night,905,674
2026-06-30,Plant A,M-01,P-06,Morning,980,928
2026-06-30,Plant A,M-01,P-01,Evening,1034,827
2026-06-30,Plant A,M-01,P-02,Night,855,653
2026-06-30,Plant A,M-02,P-05,Morning,849,792
2026-06-30,Plant A,M-02,P-04,Evening,1092,1044
2026-06-30,Plant A,M-02,P-03,Night,772,616
2026-06-30,Plant A,M-03,P-02,Morning,916,814
2026-06-30,Plant A,M-03,P-06,Evening,835,830
2026-06-30,Plant A,M-03,P-06,Night,895,706
2026-06-30,Plant A,M-04,P-01,Morning,909,891
2026-06-30,Plant A,M-04,P-04,Evening,982,945
2026-06-30,Plant A,M-04,P-02,Night,1099,870
2026-06-30,Plant A,M-05,P-01,Morning,1117,1051
2026-06-30,Plant A,M-05,P-05,Evening,812,812
2026-06-30,Plant A,M-05,P-05,Night,1046,841
2026-06-30,Plant B,M-01,P-02,Morning,1044,923
2026-06-30,Plant B,M-01,P-06,Evening,970,915
2026-06-30,Plant B,M-01,P-05,Night,1096,895
2026-06-30,Plant B,M-02,P-06,Morning,811,795
2026-06-30,Plant B,M-02,P-05,Evening,993,922
2026-06-30,Plant B,M-02,P-03,Night,1089,906
2026-06-30,Plant B,M-03,P-02,Morning,1106,1037
2026-06-30,Plant B,M-03,P-02,Evening,802,718
2026-06-30,Plant B,M-03,P-04,Night,886,641
2026-06-30,Plant B,M-04,P-05,Morning,875,658
2026-06-30,Plant B,M-04,P-05,Evening,829,589
2026-06-30,Plant B,M-04,P-03,Night,1176,812
2026-06-30,Plant B,M-05,P-02,Morning,895,769
2026-06-30,Plant B,M-05,P-02,Evening,1120,1004
2026-06-30,Plant B,M-05,P-02,Night,947,774
2026-06-30,Plant C,M-01,P-02,Morning,897,847
2026-06-30,Plant C,M-01,P-04,Evening,957,855
2026-06-30,Plant C,M-01,P-02,Night,1111,872
2026-06-30,Plant C,M-02,P-03,Morning,938,945
2026-06-30,Plant C,M-02,P-04,Evening,1142,1026
2026-06-30,Plant C,M-02,P-02,Night,871,736
2026-06-30,Plant C,M-03,P-03,Morning,1176,1053
2026-06-30,Plant C,M-03,P-05,Evening,1164,1108
2026-06-30,Plant C,M-03,P-02,Night,779,682
2026-06-30,Plant C,M-04,P-03,Morning,1063,1069
2026-06-30,Plant C,M-04,P-04,Evening,1161,1114
2026-06-30,Plant C,M-04,P-02,Night,1173,968
2026-06-30,Plant C,M-05,P-01,Morning,968,926
2026-06-30,Plant C,M-05,P-04,Evening,926,839
2026-06-30,Plant C,M-05,P-01,Night,1048,833
