Date,Plant,Machine,Product,Units_Produced,Defective_Units
2026-01-01,Plant A,M-01,P-04,1035,21
2026-01-01,Plant A,M-01,P-03,901,12
2026-01-01,Plant A,M-01,P-05,714,43
2026-01-01,Plant A,M-02,P-04,936,17
2026-01-01,Plant A,M-02,P-01,720,24
2026-01-01,Plant A,M-02,P-01,942,10
2026-01-01,Plant A,M-03,P-03,901,20
2026-01-01,Plant A,M-03,P-02,911,21
2026-01-01,Plant A,M-03,P-06,775,18
2026-01-01,Plant A,M-04,P-04,1111,11
2026-01-01,Plant A,M-04,P-01,866,21
2026-01-01,Plant A,M-04,P-02,583,9
2026-01-01,Plant A,M-05,P-06,888,9
2026-01-01,Plant A,M-05,P-01,598,13
2026-01-01,Plant A,M-05,P-02,943,30
2026-01-01,Plant B,M-01,P-05,838,60
2026-01-01,Plant B,M-01,P-02,693,22
2026-01-01,Plant B,M-01,P-02,900,12
2026-01-01,Plant B,M-02,P-04,915,10
2026-01-01,Plant B,M-02,P-03,1118,19
2026-01-01,Plant B,M-02,P-04,832,12
2026-01-01,Plant B,M-03,P-04,768,11
2026-01-01,Plant B,M-03,P-04,853,12
2026-01-01,Plant B,M-03,P-05,891,45
2026-01-01,Plant B,M-04,P-05,762,53
2026-01-01,Plant B,M-04,P-01,874,15
2026-01-01,Plant B,M-04,P-06,734,10
2026-01-01,Plant B,M-05,P-04,729,12
2026-01-01,Plant B,M-05,P-03,962,31
2026-01-01,Plant B,M-05,P-03,743,11
2026-01-01,Plant C,M-01,P-02,950,24
2026-01-01,Plant C,M-01,P-04,1100,26
2026-01-01,Plant C,M-01,P-03,969,12
2026-01-01,Plant C,M-02,P-03,708,24
2026-01-01,Plant C,M-02,P-06,949,32
2026-01-01,Plant C,M-02,P-01,731,12
2026-01-01,Plant C,M-03,P-01,813,12
2026-01-01,Plant C,M-03,P-01,1049,16
2026-01-01,Plant C,M-03,P-02,946,16
2026-01-01,Plant C,M-04,P-02,979,11
2026-01-01,Plant C,M-04,P-06,879,13
2026-01-01,Plant C,M-04,P-04,887,22
2026-01-01,Plant C,M-05,P-05,1042,77
2026-01-01,Plant C,M-05,P-02,836,15
2026-01-01,Plant C,M-05,P-01,856,21
2026-01-02,Plant A,M-01,P-05,990,58
2026-01-02,Plant A,M-01,P-01,971,27
2026-01-02,Plant A,M-01,P-04,894,22
2026-01-02,Plant A,M-02,P-02,904,23
2026-01-02,Plant A,M-02,P-02,993,18
2026-01-02,Plant A,M-02,P-01,974,13
2026-01-02,Plant A,M-03,P-04,804,21
2026-01-02,Plant A,M-03,P-05,1034,75
2026-01-02,Plant A,M-03,P-05,839,56
2026-01-02,Plant A,M-04,P-03,866,20
2026-01-02,Plant A,M-04,P-05,875,58
2026-01-02,Plant A,M-04,P-01,917,30
2026-01-02,Plant A,M-05,P-03,1127,19
2026-01-02,Plant A,M-05,P-04,654,14
2026-01-02,Plant A,M-05,P-05,731,55
2026-01-02,Plant B,M-01,P-05,948,51
2026-01-02,Plant B,M-01,P-05,940,64
2026-01-02,Plant B,M-01,P-04,940,10
2026-01-02,Plant B,M-02,P-05,966,73
2026-01-02,Plant B,M-02,P-01,960,13
2026-01-02,Plant B,M-02,P-04,702,6
2026-01-02,Plant B,M-03,P-04,920,22
2026-01-02,Plant B,M-03,P-01,618,12
2026-01-02,Plant B,M-03,P-02,869,29
2026-01-02,Plant B,M-04,P-06,982,26
2026-01-02,Plant B,M-04,P-06,450,14
2026-01-02,Plant B,M-04,P-05,566,47
2026-01-02,Plant B,M-05,P-05,973,45
2026-01-02,Plant B,M-05,P-05,898,76
2026-01-02,Plant B,M-05,P-05,558,30
2026-01-02,Plant C,M-01,P-04,1030,18
2026-01-02,Plant C,M-01,P-02,910,31
2026-01-02,Plant C,M-01,P-03,861,21
2026-01-02,Plant C,M-02,P-03,862,19
2026-01-02,Plant C,M-02,P-02,902,14
2026-01-02,Plant C,M-02,P-01,690,14
2026-01-02,Plant C,M-03,P-05,1165,55
2026-01-02,Plant C,M-03,P-03,987,21
2026-01-02,Plant C,M-03,P-05,769,43
2026-01-02,Plant C,M-04,P-05,1040,60
2026-01-02,Plant C,M-04,P-02,858,10
2026-01-02,Plant C,M-04,P-01,604,8
2026-01-02,Plant C,M-05,P-06,898,13
2026-01-02,Plant C,M-05,P-06,1052,29
2026-01-02,Plant C,M-05,P-01,809,11
2026-01-03,Plant A,M-01,P-01,829,19
2026-01-03,Plant A,M-01,P-01,910,29
2026-01-03,Plant A,M-01,P-03,972,30
2026-01-03,Plant A,M-02,P-06,796,17
2026-01-03,Plant A,M-02,P-04,1077,28
2026-01-03,Plant A,M-02,P-03,948,12
2026-01-03,Plant A,M-03,P-03,911,21
2026-01-03,Plant A,M-03,P-04,965,19
2026-01-03,Plant A,M-03,P-02,836,14
2026-01-03,Plant A,M-04,P-06,1084,36
2026-01-03,Plant A,M-04,P-03,620,17
2026-01-03,Plant A,M-04,P-03,825,18
2026-01-03,Plant A,M-05,P-05,678,47
2026-01-03,Plant A,M-05,P-01,795,18
2026-01-03,Plant A,M-05,P-03,630,18
2026-01-03,Plant B,M-01,P-04,914,15
2026-01-03,Plant B,M-01,P-01,969,29
2026-01-03,Plant B,M-01,P-04,958,21
2026-01-03,Plant B,M-02,P-04,1044,15
2026-01-03,Plant B,M-02,P-03,895,30
2026-01-03,Plant B,M-02,P-05,683,52
2026-01-03,Plant B,M-03,P-02,821,22
2026-01-03,Plant B,M-03,P-06,930,16
2026-01-03,Plant B,M-03,P-02,966,18
2026-01-03,Plant B,M-04,P-03,862,17
2026-01-03,Plant B,M-04,P-01,687,16
2026-01-03,Plant B,M-04,P-04,774,16
2026-01-03,Plant B,M-05,P-05,893,47
2026-01-03,Plant B,M-05,P-05,910,60
2026-01-03,Plant B,M-05,P-02,771,13
2026-01-03,Plant C,M-01,P-03,1025,31
2026-01-03,Plant C,M-01,P-01,995,21
2026-01-03,Plant C,M-01,P-01,823,11
2026-01-03,Plant C,M-02,P-06,1102,20
2026-01-03,Plant C,M-02,P-02,643,20
2026-01-03,Plant C,M-02,P-04,656,19
2026-01-03,Plant C,M-03,P-06,1115,23
2026-01-03,Plant C,M-03,P-01,673,7
2026-01-03,Plant C,M-03,P-04,698,13
2026-01-03,Plant C,M-04,P-04,834,26
2026-01-03,Plant C,M-04,P-02,926,16
2026-01-03,Plant C,M-04,P-02,868,25
2026-01-03,Plant C,M-05,P-03,992,20
2026-01-03,Plant C,M-05,P-06,1069,24
2026-01-03,Plant C,M-05,P-04,916,15
2026-01-04,Plant A,M-01,P-01,855,12
2026-01-04,Plant A,M-01,P-05,702,54
2026-01-04,Plant A,M-01,P-01,890,20
2026-01-04,Plant A,M-02,P-05,726,51
2026-01-04,Plant A,M-02,P-01,1022,13
2026-01-04,Plant A,M-02,P-02,1002,19
2026-01-04,Plant A,M-03,P-06,1021,25
2026-01-04,Plant A,M-03,P-03,780,18
2026-01-04,Plant A,M-03,P-04,903,28
2026-01-04,Plant A,M-04,P-06,1204,11
2026-01-04,Plant A,M-04,P-05,1135,79
2026-01-04,Plant A,M-04,P-01,920,10
2026-01-04,Plant A,M-05,P-06,983,32
2026-01-04,Plant A,M-05,P-01,1005,24
2026-01-04,Plant A,M-05,P-02,703,21
2026-01-04,Plant B,M-01,P-03,1071,32
2026-01-04,Plant B,M-01,P-06,717,24
2026-01-04,Plant B,M-01,P-02,931,23
2026-01-04,Plant B,M-02,P-01,935,29
2026-01-04,Plant B,M-02,P-04,615,14
2026-01-04,Plant B,M-02,P-04,659,14
2026-01-04,Plant B,M-03,P-05,927,75
2026-01-04,Plant B,M-03,P-02,672,14
2026-01-04,Plant B,M-03,P-04,920,24
2026-01-04,Plant B,M-04,P-06,720,6
2026-01-04,Plant B,M-04,P-02,668,14
2026-01-04,Plant B,M-04,P-05,497,29
2026-01-04,Plant B,M-05,P-05,891,52
2026-01-04,Plant B,M-05,P-06,722,7
2026-01-04,Plant B,M-05,P-01,684,21
2026-01-04,Plant C,M-01,P-05,841,50
2026-01-04,Plant C,M-01,P-01,785,15
2026-01-04,Plant C,M-01,P-05,717,38
2026-01-04,Plant C,M-02,P-03,1010,25
2026-01-04,Plant C,M-02,P-01,1058,15
2026-01-04,Plant C,M-02,P-01,876,11
2026-01-04,Plant C,M-03,P-05,600,27
2026-01-04,Plant C,M-03,P-04,746,8
2026-01-04,Plant C,M-03,P-04,877,10
2026-01-04,Plant C,M-04,P-05,842,54
2026-01-04,Plant C,M-04,P-03,879,7
2026-01-04,Plant C,M-04,P-01,992,26
2026-01-04,Plant C,M-05,P-02,1041,10
2026-01-04,Plant C,M-05,P-02,1068,9
2026-01-04,Plant C,M-05,P-03,848,20
2026-01-05,Plant A,M-01,P-01,1006,21
2026-01-05,Plant A,M-01,P-04,1008,9
2026-01-05,Plant A,M-01,P-06,633,10
2026-01-05,Plant A,M-02,P-05,932,68
2026-01-05,Plant A,M-02,P-01,695,21
2026-01-05,Plant A,M-02,P-05,738,43
2026-01-05,Plant A,M-03,P-04,1139,21
2026-01-05,Plant A,M-03,P-02,1123,17
2026-01-05,Plant A,M-03,P-03,813,26
2026-01-05,Plant A,M-04,P-04,647,6
2026-01-05,Plant A,M-04,P-06,1011,25
2026-01-05,Plant A,M-04,P-04,662,19
2026-01-05,Plant A,M-05,P-05,1053,53
2026-01-05,Plant A,M-05,P-03,693,6
2026-01-05,Plant A,M-05,P-05,773,41
2026-01-05,Plant B,M-01,P-02,1101,10
2026-01-05,Plant B,M-01,P-03,892,10
2026-01-05,Plant B,M-01,P-03,891,28
2026-01-05,Plant B,M-02,P-03,861,9
2026-01-05,Plant B,M-02,P-06,634,19
2026-01-05,Plant B,M-02,P-02,959,10
2026-01-05,Plant B,M-03,P-04,968,18
2026-01-05,Plant B,M-03,P-02,1065,11
2026-01-05,Plant B,M-03,P-03,843,21
2026-01-05,Plant B,M-04,P-02,899,7
2026-01-05,Plant B,M-04,P-04,709,17
2026-01-05,Plant B,M-04,P-03,897,19
2026-01-05,Plant B,M-05,P-02,1125,13
2026-01-05,Plant B,M-05,P-04,863,19
2026-01-05,Plant B,M-05,P-03,875,22
2026-01-05,Plant C,M-01,P-04,984,15
2026-01-05,Plant C,M-01,P-04,913,24
2026-01-05,Plant C,M-01,P-04,696,9
2026-01-05,Plant C,M-02,P-01,1153,24
2026-01-05,Plant C,M-02,P-01,874,19
2026-01-05,Plant C,M-02,P-02,614,18
2026-01-05,Plant C,M-03,P-01,887,26
2026-01-05,Plant C,M-03,P-02,1091,34
2026-01-05,Plant C,M-03,P-05,804,44
2026-01-05,Plant C,M-04,P-01,1037,27
2026-01-05,Plant C,M-04,P-05,839,62
2026-01-05,Plant C,M-04,P-05,657,40
2026-01-05,Plant C,M-05,P-06,1110,15
2026-01-05,Plant C,M-05,P-06,851,17
2026-01-05,Plant C,M-05,P-02,801,7
2026-01-06,Plant A,M-01,P-04,992,10
2026-01-06,Plant A,M-01,P-04,746,25
2026-01-06,Plant A,M-01,P-04,881,19
2026-01-06,Plant A,M-02,P-02,835,7
2026-01-06,Plant A,M-02,P-02,910,13
2026-01-06,Plant A,M-02,P-03,777,24
2026-01-06,Plant A,M-03,P-01,751,23
2026-01-06,Plant A,M-03,P-06,691,8
2026-01-06,Plant A,M-03,P-06,791,9
2026-01-06,Plant A,M-04,P-04,760,25
2026-01-06,Plant A,M-04,P-05,823,41
2026-01-06,Plant A,M-04,P-04,557,8
2026-01-06,Plant A,M-05,P-05,657,39
2026-01-06,Plant A,M-05,P-02,959,18
2026-01-06,Plant A,M-05,P-05,898,62
2026-01-06,Plant B,M-01,P-01,793,9
2026-01-06,Plant B,M-01,P-06,994,20
2026-01-06,Plant B,M-01,P-05,627,34
2026-01-06,Plant B,M-02,P-02,1041,31
2026-01-06,Plant B,M-02,P-05,998,63
2026-01-06,Plant B,M-02,P-05,862,61
2026-01-06,Plant B,M-03,P-05,1092,79
2026-01-06,Plant B,M-03,P-05,717,54
2026-01-06,Plant B,M-03,P-02,756,9
2026-01-06,Plant B,M-04,P-01,666,18
2026-01-06,Plant B,M-04,P-03,700,23
2026-01-06,Plant B,M-04,P-03,446,13
2026-01-06,Plant B,M-05,P-02,774,26
2026-01-06,Plant B,M-05,P-03,740,18
2026-01-06,Plant B,M-05,P-06,780,9
2026-01-06,Plant C,M-01,P-01,1159,26
2026-01-06,Plant C,M-01,P-02,936,23
2026-01-06,Plant C,M-01,P-06,721,18
2026-01-06,Plant C,M-02,P-06,1072,35
2026-01-06,Plant C,M-02,P-02,921,31
2026-01-06,Plant C,M-02,P-04,783,9
2026-01-06,Plant C,M-03,P-04,1013,23
2026-01-06,Plant C,M-03,P-04,880,11
2026-01-06,Plant C,M-03,P-06,771,17
2026-01-06,Plant C,M-04,P-02,734,22
2026-01-06,Plant C,M-04,P-03,824,22
2026-01-06,Plant C,M-04,P-03,706,13
2026-01-06,Plant C,M-05,P-04,940,21
2026-01-06,Plant C,M-05,P-06,661,16
2026-01-06,Plant C,M-05,P-05,602,39
2026-01-07,Plant A,M-01,P-04,1053,31
2026-01-07,Plant A,M-01,P-01,751,16
2026-01-07,Plant A,M-01,P-06,650,15
2026-01-07,Plant A,M-02,P-03,882,23
2026-01-07,Plant A,M-02,P-03,923,19
2026-01-07,Plant A,M-02,P-05,922,75
2026-01-07,Plant A,M-03,P-04,1056,27
2026-01-07,Plant A,M-03,P-06,1073,16
2026-01-07,Plant A,M-03,P-06,682,6
2026-01-07,Plant A,M-04,P-03,745,16
2026-01-07,Plant A,M-04,P-06,775,7
2026-01-07,Plant A,M-04,P-06,856,21
2026-01-07,Plant A,M-05,P-01,1077,24
2026-01-07,Plant A,M-05,P-05,653,50
2026-01-07,Plant A,M-05,P-02,742,19
2026-01-07,Plant B,M-01,P-03,769,22
2026-01-07,Plant B,M-01,P-03,969,27
2026-01-07,Plant B,M-01,P-05,623,51
2026-01-07,Plant B,M-02,P-04,694,15
2026-01-07,Plant B,M-02,P-06,763,8
2026-01-07,Plant B,M-02,P-03,844,13
2026-01-07,Plant B,M-03,P-06,822,24
2026-01-07,Plant B,M-03,P-03,958,26
2026-01-07,Plant B,M-03,P-05,749,60
2026-01-07,Plant B,M-04,P-06,834,16
2026-01-07,Plant B,M-04,P-03,819,26
2026-01-07,Plant B,M-04,P-05,662,38
2026-01-07,Plant B,M-05,P-04,1108,33
2026-01-07,Plant B,M-05,P-02,954,16
2026-01-07,Plant B,M-05,P-02,678,18
2026-01-07,Plant C,M-01,P-06,981,26
2026-01-07,Plant C,M-01,P-06,813,21
2026-01-07,Plant C,M-01,P-06,787,25
2026-01-07,Plant C,M-02,P-01,1054,34
2026-01-07,Plant C,M-02,P-03,743,13
2026-01-07,Plant C,M-02,P-06,691,22
2026-01-07,Plant C,M-03,P-01,711,24
2026-01-07,Plant C,M-03,P-03,760,8
2026-01-07,Plant C,M-03,P-05,787,61
2026-01-07,Plant C,M-04,P-01,1087,35
2026-01-07,Plant C,M-04,P-01,764,14
2026-01-07,Plant C,M-04,P-06,607,8
2026-01-07,Plant C,M-05,P-05,843,68
2026-01-07,Plant C,M-05,P-01,820,20
2026-01-07,Plant C,M-05,P-05,775,64
2026-01-08,Plant A,M-01,P-02,981,9
2026-01-08,Plant A,M-01,P-01,721,14
2026-01-08,Plant A,M-01,P-03,955,12
2026-01-08,Plant A,M-02,P-06,818,11
2026-01-08,Plant A,M-02,P-06,1025,25
2026-01-08,Plant A,M-02,P-03,678,13
2026-01-08,Plant A,M-03,P-05,689,50
2026-01-08,Plant A,M-03,P-01,911,8
2026-01-08,Plant A,M-03,P-01,730,13
2026-01-08,Plant A,M-04,P-02,812,14
2026-01-08,Plant A,M-04,P-05,741,33
2026-01-08,Plant A,M-04,P-06,726,16
2026-01-08,Plant A,M-05,P-06,940,15
2026-01-08,Plant A,M-05,P-05,1071,51
2026-01-08,Plant A,M-05,P-03,725,11
2026-01-08,Plant B,M-01,P-04,950,17
2026-01-08,Plant B,M-01,P-04,1033,20
2026-01-08,Plant B,M-01,P-01,664,11
2026-01-08,Plant B,M-02,P-06,1105,24
2026-01-08,Plant B,M-02,P-04,1012,18
2026-01-08,Plant B,M-02,P-06,947,15
2026-01-08,Plant B,M-03,P-05,717,57
2026-01-08,Plant B,M-03,P-04,769,14
2026-01-08,Plant B,M-03,P-06,568,17
2026-01-08,Plant B,M-04,P-02,960,16
2026-01-08,Plant B,M-04,P-04,626,15
2026-01-08,Plant B,M-04,P-03,690,20
2026-01-08,Plant B,M-05,P-05,707,57
2026-01-08,Plant B,M-05,P-05,685,45
2026-01-08,Plant B,M-05,P-04,894,18
2026-01-08,Plant C,M-01,P-02,914,19
2026-01-08,Plant C,M-01,P-02,836,24
2026-01-08,Plant C,M-01,P-01,816,13
2026-01-08,Plant C,M-02,P-06,1029,21
2026-01-08,Plant C,M-02,P-03,965,24
2026-01-08,Plant C,M-02,P-01,696,19
2026-01-08,Plant C,M-03,P-05,832,60
2026-01-08,Plant C,M-03,P-01,965,22
2026-01-08,Plant C,M-03,P-05,744,49
2026-01-08,Plant C,M-04,P-01,1005,18
2026-01-08,Plant C,M-04,P-04,949,11
2026-01-08,Plant C,M-04,P-06,727,17
2026-01-08,Plant C,M-05,P-01,1010,20
2026-01-08,Plant C,M-05,P-06,648,19
2026-01-08,Plant C,M-05,P-04,706,15
2026-01-09,Plant A,M-01,P-02,917,19
2026-01-09,Plant A,M-01,P-06,913,15
2026-01-09,Plant A,M-01,P-05,797,54
2026-01-09,Plant A,M-02,P-03,825,21
2026-01-09,Plant A,M-02,P-02,1072,13
2026-01-09,Plant A,M-02,P-03,772,8
2026-01-09,Plant A,M-03,P-04,1030,21
2026-01-09,Plant A,M-03,P-06,914,11
2026-01-09,Plant A,M-03,P-04,612,8
2026-01-09,Plant A,M-04,P-05,969,72
2026-01-09,Plant A,M-04,P-04,1075,9
2026-01-09,Plant A,M-04,P-01,659,17
2026-01-09,Plant A,M-05,P-06,891,21
2026-01-09,Plant A,M-05,P-03,1021,29
2026-01-09,Plant A,M-05,P-01,704,12
2026-01-09,Plant B,M-01,P-05,808,57
2026-01-09,Plant B,M-01,P-03,977,15
2026-01-09,Plant B,M-01,P-03,657,9
2026-01-09,Plant B,M-02,P-04,1160,33
2026-01-09,Plant B,M-02,P-02,890,14
2026-01-09,Plant B,M-02,P-05,745,43
2026-01-09,Plant B,M-03,P-06,859,8
2026-01-09,Plant B,M-03,P-05,682,56
2026-01-09,Plant B,M-03,P-06,791,18
2026-01-09,Plant B,M-04,P-06,605,20
2026-01-09,Plant B,M-04,P-03,657,15
2026-01-09,Plant B,M-04,P-01,735,21
2026-01-09,Plant B,M-05,P-02,903,30
2026-01-09,Plant B,M-05,P-02,634,7
2026-01-09,Plant B,M-05,P-06,655,19
2026-01-09,Plant C,M-01,P-04,1088,16
2026-01-09,Plant C,M-01,P-05,1014,51
2026-01-09,Plant C,M-01,P-02,725,6
2026-01-09,Plant C,M-02,P-03,998,18
2026-01-09,Plant C,M-02,P-02,881,11
2026-01-09,Plant C,M-02,P-05,929,62
2026-01-09,Plant C,M-03,P-04,970,31
2026-01-09,Plant C,M-03,P-04,921,12
2026-01-09,Plant C,M-03,P-03,669,7
2026-01-09,Plant C,M-04,P-05,830,64
2026-01-09,Plant C,M-04,P-01,872,24
2026-01-09,Plant C,M-04,P-06,634,5
2026-01-09,Plant C,M-05,P-04,725,11
2026-01-09,Plant C,M-05,P-01,731,12
2026-01-09,Plant C,M-05,P-04,626,12
2026-01-10,Plant A,M-01,P-03,812,20
2026-01-10,Plant A,M-01,P-01,908,19
2026-01-10,Plant A,M-01,P-04,567,16
2026-01-10,Plant A,M-02,P-02,810,27
2026-01-10,Plant A,M-02,P-01,699,11
2026-01-10,Plant A,M-02,P-04,629,21
2026-01-10,Plant A,M-03,P-04,852,19
2026-01-10,Plant A,M-03,P-05,872,44
2026-01-10,Plant A,M-03,P-02,881,21
2026-01-10,Plant A,M-04,P-03,920,17
2026-01-10,Plant A,M-04,P-04,977,18
2026-01-10,Plant A,M-04,P-03,621,8
2026-01-10,Plant A,M-05,P-01,810,23
2026-01-10,Plant A,M-05,P-05,847,44
2026-01-10,Plant A,M-05,P-05,954,65
2026-01-10,Plant B,M-01,P-01,979,15
2026-01-10,Plant B,M-01,P-06,811,26
2026-01-10,Plant B,M-01,P-01,962,8
2026-01-10,Plant B,M-02,P-03,928,15
2026-01-10,Plant B,M-02,P-04,826,20
2026-01-10,Plant B,M-02,P-05,841,56
2026-01-10,Plant B,M-03,P-02,1051,11
2026-01-10,Plant B,M-03,P-06,887,17
2026-01-10,Plant B,M-03,P-05,971,69
2026-01-10,Plant B,M-04,P-05,677,55
2026-01-10,Plant B,M-04,P-01,916,22
2026-01-10,Plant B,M-04,P-02,397,11
2026-01-10,Plant B,M-05,P-05,894,73
2026-01-10,Plant B,M-05,P-01,948,29
2026-01-10,Plant B,M-05,P-03,919,20
2026-01-10,Plant C,M-01,P-04,687,16
2026-01-10,Plant C,M-01,P-06,936,24
2026-01-10,Plant C,M-01,P-06,914,30
2026-01-10,Plant C,M-02,P-03,756,16
2026-01-10,Plant C,M-02,P-02,660,21
2026-01-10,Plant C,M-02,P-04,702,21
2026-01-10,Plant C,M-03,P-01,725,22
2026-01-10,Plant C,M-03,P-01,999,18
2026-01-10,Plant C,M-03,P-05,913,67
2026-01-10,Plant C,M-04,P-06,965,22
2026-01-10,Plant C,M-04,P-02,679,10
2026-01-10,Plant C,M-04,P-06,965,21
2026-01-10,Plant C,M-05,P-02,1157,36
2026-01-10,Plant C,M-05,P-05,682,44
2026-01-10,Plant C,M-05,P-02,818,23
2026-01-11,Plant A,M-01,P-03,687,10
2026-01-11,Plant A,M-01,P-04,716,22
2026-01-11,Plant A,M-01,P-04,1034,32
2026-01-11,Plant A,M-02,P-05,1119,62
2026-01-11,Plant A,M-02,P-06,656,14
2026-01-11,Plant A,M-02,P-04,973,13
2026-01-11,Plant A,M-03,P-03,1161,38
2026-01-11,Plant A,M-03,P-02,713,7
2026-01-11,Plant A,M-03,P-01,946,26
2026-01-11,Plant A,M-04,P-03,877,11
2026-01-11,Plant A,M-04,P-05,1057,83
2026-01-11,Plant A,M-04,P-06,1020,15
2026-01-11,Plant A,M-05,P-03,1054,29
2026-01-11,Plant A,M-05,P-02,695,23
2026-01-11,Plant A,M-05,P-06,823,12
2026-01-11,Plant B,M-01,P-02,843,8
2026-01-11,Plant B,M-01,P-04,865,17
2026-01-11,Plant B,M-01,P-06,673,16
2026-01-11,Plant B,M-02,P-06,847,25
2026-01-11,Plant B,M-02,P-03,774,27
2026-01-11,Plant B,M-02,P-03,551,17
2026-01-11,Plant B,M-03,P-06,1109,9
2026-01-11,Plant B,M-03,P-02,1074,35
2026-01-11,Plant B,M-03,P-05,768,57
2026-01-11,Plant B,M-04,P-02,663,11
2026-01-11,Plant B,M-04,P-03,740,21
2026-01-11,Plant B,M-04,P-01,557,18
2026-01-11,Plant B,M-05,P-05,1024,48
2026-01-11,Plant B,M-05,P-01,651,8
2026-01-11,Plant B,M-05,P-01,1018,26
2026-01-11,Plant C,M-01,P-04,819,26
2026-01-11,Plant C,M-01,P-04,1049,20
2026-01-11,Plant C,M-01,P-04,722,23
2026-01-11,Plant C,M-02,P-05,981,52
2026-01-11,Plant C,M-02,P-01,857,29
2026-01-11,Plant C,M-02,P-02,901,8
2026-01-11,Plant C,M-03,P-02,904,15
2026-01-11,Plant C,M-03,P-06,742,13
2026-01-11,Plant C,M-03,P-04,736,8
2026-01-11,Plant C,M-04,P-06,1125,35
2026-01-11,Plant C,M-04,P-02,912,21
2026-01-11,Plant C,M-04,P-01,975,33
2026-01-11,Plant C,M-05,P-04,936,24
2026-01-11,Plant C,M-05,P-01,901,17
2026-01-11,Plant C,M-05,P-05,932,74
2026-01-12,Plant A,M-01,P-04,698,8
2026-01-12,Plant A,M-01,P-04,748,18
2026-01-12,Plant A,M-01,P-06,727,13
2026-01-12,Plant A,M-02,P-01,954,14
2026-01-12,Plant A,M-02,P-04,1035,30
2026-01-12,Plant A,M-02,P-05,913,49
2026-01-12,Plant A,M-03,P-06,1044,24
2026-01-12,Plant A,M-03,P-04,924,26
2026-01-12,Plant A,M-03,P-06,901,8
2026-01-12,Plant A,M-04,P-03,771,11
2026-01-12,Plant A,M-04,P-01,758,15
2026-01-12,Plant A,M-04,P-04,826,20
2026-01-12,Plant A,M-05,P-03,795,11
2026-01-12,Plant A,M-05,P-05,1021,57
2026-01-12,Plant A,M-05,P-01,693,17
2026-01-12,Plant B,M-01,P-06,904,25
2026-01-12,Plant B,M-01,P-03,832,22
2026-01-12,Plant B,M-01,P-06,690,7
2026-01-12,Plant B,M-02,P-01,1024,33
2026-01-12,Plant B,M-02,P-01,1046,8
2026-01-12,Plant B,M-02,P-01,761,24
2026-01-12,Plant B,M-03,P-02,1038,28
2026-01-12,Plant B,M-03,P-02,934,18
2026-01-12,Plant B,M-03,P-03,888,19
2026-01-12,Plant B,M-04,P-02,828,19
2026-01-12,Plant B,M-04,P-06,705,22
2026-01-12,Plant B,M-04,P-03,511,15
2026-01-12,Plant B,M-05,P-05,1092,76
2026-01-12,Plant B,M-05,P-04,927,13
2026-01-12,Plant B,M-05,P-06,624,5
2026-01-12,Plant C,M-01,P-06,658,15
2026-01-12,Plant C,M-01,P-05,907,52
2026-01-12,Plant C,M-01,P-01,709,16
2026-01-12,Plant C,M-02,P-05,749,34
2026-01-12,Plant C,M-02,P-02,943,15
2026-01-12,Plant C,M-02,P-03,964,27
2026-01-12,Plant C,M-03,P-03,997,18
2026-01-12,Plant C,M-03,P-05,1034,68
2026-01-12,Plant C,M-03,P-05,935,43
2026-01-12,Plant C,M-04,P-04,1131,17
2026-01-12,Plant C,M-04,P-02,966,15
2026-01-12,Plant C,M-04,P-06,826,26
2026-01-12,Plant C,M-05,P-06,1027,18
2026-01-12,Plant C,M-05,P-02,834,13
2026-01-12,Plant C,M-05,P-03,735,12
2026-01-13,Plant A,M-01,P-03,985,28
2026-01-13,Plant A,M-01,P-03,616,16
2026-01-13,Plant A,M-01,P-01,900,26
2026-01-13,Plant A,M-02,P-01,712,12
2026-01-13,Plant A,M-02,P-01,1015,31
2026-01-13,Plant A,M-02,P-01,1017,19
2026-01-13,Plant A,M-03,P-03,954,27
2026-01-13,Plant A,M-03,P-02,730,16
2026-01-13,Plant A,M-03,P-03,702,13
2026-01-13,Plant A,M-04,P-01,731,7
2026-01-13,Plant A,M-04,P-04,952,26
2026-01-13,Plant A,M-04,P-04,917,24
2026-01-13,Plant A,M-05,P-05,830,46
2026-01-13,Plant A,M-05,P-06,891,21
2026-01-13,Plant A,M-05,P-02,705,7
2026-01-13,Plant B,M-01,P-06,662,17
2026-01-13,Plant B,M-01,P-02,730,25
2026-01-13,Plant B,M-01,P-01,672,19
2026-01-13,Plant B,M-02,P-01,1052,21
2026-01-13,Plant B,M-02,P-01,954,18
2026-01-13,Plant B,M-02,P-03,927,29
2026-01-13,Plant B,M-03,P-01,763,18
2026-01-13,Plant B,M-03,P-03,1056,21
2026-01-13,Plant B,M-03,P-01,852,21
2026-01-13,Plant B,M-04,P-01,817,13
2026-01-13,Plant B,M-04,P-01,545,13
2026-01-13,Plant B,M-04,P-04,663,21
2026-01-13,Plant B,M-05,P-05,1061,83
2026-01-13,Plant B,M-05,P-02,778,25
2026-01-13,Plant B,M-05,P-01,946,14
2026-01-13,Plant C,M-01,P-03,842,9
2026-01-13,Plant C,M-01,P-04,945,15
2026-01-13,Plant C,M-01,P-03,802,9
2026-01-13,Plant C,M-02,P-05,908,43
2026-01-13,Plant C,M-02,P-06,1070,12
2026-01-13,Plant C,M-02,P-06,915,29
2026-01-13,Plant C,M-03,P-02,1176,31
2026-01-13,Plant C,M-03,P-04,838,22
2026-01-13,Plant C,M-03,P-04,770,22
2026-01-13,Plant C,M-04,P-05,1038,69
2026-01-13,Plant C,M-04,P-03,724,17
2026-01-13,Plant C,M-04,P-06,828,18
2026-01-13,Plant C,M-05,P-06,1068,34
2026-01-13,Plant C,M-05,P-04,783,25
2026-01-13,Plant C,M-05,P-01,819,27
2026-01-14,Plant A,M-01,P-02,679,7
2026-01-14,Plant A,M-01,P-01,644,13
2026-01-14,Plant A,M-01,P-05,768,34
2026-01-14,Plant A,M-02,P-05,699,35
2026-01-14,Plant A,M-02,P-02,783,14
2026-01-14,Plant A,M-02,P-01,803,11
2026-01-14,Plant A,M-03,P-02,887,14
2026-01-14,Plant A,M-03,P-03,956,23
2026-01-14,Plant A,M-03,P-06,954,15
2026-01-14,Plant A,M-04,P-04,942,32
2026-01-14,Plant A,M-04,P-06,670,14
2026-01-14,Plant A,M-04,P-05,584,41
2026-01-14,Plant A,M-05,P-06,919,26
2026-01-14,Plant A,M-05,P-04,1099,32
2026-01-14,Plant A,M-05,P-04,882,7
2026-01-14,Plant B,M-01,P-06,878,26
2026-01-14,Plant B,M-01,P-05,760,54
2026-01-14,Plant B,M-01,P-05,734,44
2026-01-14,Plant B,M-02,P-05,769,39
2026-01-14,Plant B,M-02,P-05,677,52
2026-01-14,Plant B,M-02,P-01,1012,20
2026-01-14,Plant B,M-03,P-02,639,11
2026-01-14,Plant B,M-03,P-05,1141,76
2026-01-14,Plant B,M-03,P-04,841,19
2026-01-14,Plant B,M-04,P-01,723,8
2026-01-14,Plant B,M-04,P-05,596,34
2026-01-14,Plant B,M-04,P-05,478,27
2026-01-14,Plant B,M-05,P-06,1066,13
2026-01-14,Plant B,M-05,P-02,723,13
2026-01-14,Plant B,M-05,P-04,854,16
2026-01-14,Plant C,M-01,P-06,893,31
2026-01-14,Plant C,M-01,P-06,711,18
2026-01-14,Plant C,M-01,P-06,620,15
2026-01-14,Plant C,M-02,P-03,1011,9
2026-01-14,Plant C,M-02,P-03,780,21
2026-01-14,Plant C,M-02,P-05,840,43
2026-01-14,Plant C,M-03,P-01,750,6
2026-01-14,Plant C,M-03,P-03,1051,11
2026-01-14,Plant C,M-03,P-01,835,19
2026-01-14,Plant C,M-04,P-05,1019,53
2026-01-14,Plant C,M-04,P-04,1011,24
2026-01-14,Plant C,M-04,P-06,907,12
2026-01-14,Plant C,M-05,P-04,1075,17
2026-01-14,Plant C,M-05,P-01,957,30
2026-01-14,Plant C,M-05,P-04,988,31
2026-01-15,Plant A,M-01,P-06,897,12
2026-01-15,Plant A,M-01,P-05,698,50
2026-01-15,Plant A,M-01,P-05,733,38
2026-01-15,Plant A,M-02,P-02,995,16
2026-01-15,Plant A,M-02,P-06,928,27
2026-01-15,Plant A,M-02,P-04,541,6
2026-01-15,Plant A,M-03,P-06,1032,24
2026-01-15,Plant A,M-03,P-01,752,21
2026-01-15,Plant A,M-03,P-02,756,16
2026-01-15,Plant A,M-04,P-02,902,18
2026-01-15,Plant A,M-04,P-06,842,26
2026-01-15,Plant A,M-04,P-01,712,17
2026-01-15,Plant A,M-05,P-05,717,55
2026-01-15,Plant A,M-05,P-01,833,20
2026-01-15,Plant A,M-05,P-05,616,35
2026-01-15,Plant B,M-01,P-02,787,13
2026-01-15,Plant B,M-01,P-03,785,25
2026-01-15,Plant B,M-01,P-02,1048,23
2026-01-15,Plant B,M-02,P-05,1140,54
2026-01-15,Plant B,M-02,P-06,734,9
2026-01-15,Plant B,M-02,P-02,739,19
2026-01-15,Plant B,M-03,P-01,1026,9
2026-01-15,Plant B,M-03,P-05,1087,80
2026-01-15,Plant B,M-03,P-01,964,14
2026-01-15,Plant B,M-04,P-03,584,8
2026-01-15,Plant B,M-04,P-01,588,15
2026-01-15,Plant B,M-04,P-01,456,13
2026-01-15,Plant B,M-05,P-06,826,8
2026-01-15,Plant B,M-05,P-06,736,22
2026-01-15,Plant B,M-05,P-01,775,15
2026-01-15,Plant C,M-01,P-04,807,27
2026-01-15,Plant C,M-01,P-02,975,31
2026-01-15,Plant C,M-01,P-03,702,7
2026-01-15,Plant C,M-02,P-01,883,27
2026-01-15,Plant C,M-02,P-04,679,10
2026-01-15,Plant C,M-02,P-04,790,21
2026-01-15,Plant C,M-03,P-01,751,14
2026-01-15,Plant C,M-03,P-06,736,24
2026-01-15,Plant C,M-03,P-02,748,16
2026-01-15,Plant C,M-04,P-06,803,20
2026-01-15,Plant C,M-04,P-02,676,22
2026-01-15,Plant C,M-04,P-05,813,41
2026-01-15,Plant C,M-05,P-04,1098,25
2026-01-15,Plant C,M-05,P-01,674,8
2026-01-15,Plant C,M-05,P-02,689,5
2026-01-16,Plant A,M-01,P-01,928,9
2026-01-16,Plant A,M-01,P-06,767,8
2026-01-16,Plant A,M-01,P-01,893,25
2026-01-16,Plant A,M-02,P-05,857,49
2026-01-16,Plant A,M-02,P-01,838,19
2026-01-16,Plant A,M-02,P-04,859,28
2026-01-16,Plant A,M-03,P-02,800,10
2026-01-16,Plant A,M-03,P-03,969,29
2026-01-16,Plant A,M-03,P-04,825,18
2026-01-16,Plant A,M-04,P-06,1020,20
2026-01-16,Plant A,M-04,P-04,956,12
2026-01-16,Plant A,M-04,P-02,710,11
2026-01-16,Plant A,M-05,P-01,945,10
2026-01-16,Plant A,M-05,P-04,1130,13
2026-01-16,Plant A,M-05,P-04,679,21
2026-01-16,Plant B,M-01,P-03,761,12
2026-01-16,Plant B,M-01,P-06,1025,17
2026-01-16,Plant B,M-01,P-03,850,23
2026-01-16,Plant B,M-02,P-01,967,8
2026-01-16,Plant B,M-02,P-03,1022,27
2026-01-16,Plant B,M-02,P-06,672,19
2026-01-16,Plant B,M-03,P-01,1031,35
2026-01-16,Plant B,M-03,P-02,655,17
2026-01-16,Plant B,M-03,P-04,911,27
2026-01-16,Plant B,M-04,P-05,875,49
2026-01-16,Plant B,M-04,P-02,656,20
2026-01-16,Plant B,M-04,P-02,857,8
2026-01-16,Plant B,M-05,P-05,934,44
2026-01-16,Plant B,M-05,P-04,927,26
2026-01-16,Plant B,M-05,P-02,695,7
2026-01-16,Plant C,M-01,P-04,937,15
2026-01-16,Plant C,M-01,P-05,749,59
2026-01-16,Plant C,M-01,P-06,894,9
2026-01-16,Plant C,M-02,P-01,1086,11
2026-01-16,Plant C,M-02,P-02,695,18
2026-01-16,Plant C,M-02,P-02,721,16
2026-01-16,Plant C,M-03,P-04,1063,22
2026-01-16,Plant C,M-03,P-04,1064,14
2026-01-16,Plant C,M-03,P-05,722,45
2026-01-16,Plant C,M-04,P-05,778,48
2026-01-16,Plant C,M-04,P-01,893,16
2026-01-16,Plant C,M-04,P-05,987,81
2026-01-16,Plant C,M-05,P-01,717,9
2026-01-16,Plant C,M-05,P-06,1064,34
2026-01-16,Plant C,M-05,P-04,833,16
2026-01-17,Plant A,M-01,P-02,1106,23
2026-01-17,Plant A,M-01,P-02,847,13
2026-01-17,Plant A,M-01,P-02,883,21
2026-01-17,Plant A,M-02,P-06,802,26
2026-01-17,Plant A,M-02,P-06,887,24
2026-01-17,Plant A,M-02,P-05,869,52
2026-01-17,Plant A,M-03,P-06,1078,20
2026-01-17,Plant A,M-03,P-02,1028,16
2026-01-17,Plant A,M-03,P-01,589,16
2026-01-17,Plant A,M-04,P-04,743,24
2026-01-17,Plant A,M-04,P-02,685,23
2026-01-17,Plant A,M-04,P-01,604,5
2026-01-17,Plant A,M-05,P-05,752,57
2026-01-17,Plant A,M-05,P-06,775,16
2026-01-17,Plant A,M-05,P-06,851,18
2026-01-17,Plant B,M-01,P-06,684,11
2026-01-17,Plant B,M-01,P-03,984,27
2026-01-17,Plant B,M-01,P-05,724,41
2026-01-17,Plant B,M-02,P-06,1099,36
2026-01-17,Plant B,M-02,P-02,655,9
2026-01-17,Plant B,M-02,P-04,566,18
2026-01-17,Plant B,M-03,P-04,1007,14
2026-01-17,Plant B,M-03,P-06,906,11
2026-01-17,Plant B,M-03,P-04,829,18
2026-01-17,Plant B,M-04,P-05,608,31
2026-01-17,Plant B,M-04,P-06,682,17
2026-01-17,Plant B,M-04,P-02,755,11
2026-01-17,Plant B,M-05,P-01,839,18
2026-01-17,Plant B,M-05,P-04,1145,16
2026-01-17,Plant B,M-05,P-01,597,9
2026-01-17,Plant C,M-01,P-06,1067,31
2026-01-17,Plant C,M-01,P-01,872,8
2026-01-17,Plant C,M-01,P-02,742,19
2026-01-17,Plant C,M-02,P-05,1022,68
2026-01-17,Plant C,M-02,P-01,714,8
2026-01-17,Plant C,M-02,P-03,852,15
2026-01-17,Plant C,M-03,P-01,1011,27
2026-01-17,Plant C,M-03,P-04,715,14
2026-01-17,Plant C,M-03,P-03,758,9
2026-01-17,Plant C,M-04,P-05,790,58
2026-01-17,Plant C,M-04,P-02,978,16
2026-01-17,Plant C,M-04,P-04,1023,11
2026-01-17,Plant C,M-05,P-03,1022,25
2026-01-17,Plant C,M-05,P-01,994,20
2026-01-17,Plant C,M-05,P-02,737,14
2026-01-18,Plant A,M-01,P-01,749,16
2026-01-18,Plant A,M-01,P-03,942,15
2026-01-18,Plant A,M-01,P-02,727,13
2026-01-18,Plant A,M-02,P-02,694,21
2026-01-18,Plant A,M-02,P-04,1039,26
2026-01-18,Plant A,M-02,P-03,996,25
2026-01-18,Plant A,M-03,P-04,727,6
2026-01-18,Plant A,M-03,P-02,751,21
2026-01-18,Plant A,M-03,P-02,644,21
2026-01-18,Plant A,M-04,P-05,848,42
2026-01-18,Plant A,M-04,P-01,788,15
2026-01-18,Plant A,M-04,P-05,830,68
2026-01-18,Plant A,M-05,P-01,751,18
2026-01-18,Plant A,M-05,P-04,886,25
2026-01-18,Plant A,M-05,P-04,655,20
2026-01-18,Plant B,M-01,P-04,1065,16
2026-01-18,Plant B,M-01,P-03,895,23
2026-01-18,Plant B,M-01,P-04,981,9
2026-01-18,Plant B,M-02,P-01,893,22
2026-01-18,Plant B,M-02,P-02,736,18
2026-01-18,Plant B,M-02,P-01,761,20
2026-01-18,Plant B,M-03,P-06,1106,37
2026-01-18,Plant B,M-03,P-03,915,15
2026-01-18,Plant B,M-03,P-02,578,18
2026-01-18,Plant B,M-04,P-02,917,30
2026-01-18,Plant B,M-04,P-01,747,8
2026-01-18,Plant B,M-04,P-03,603,19
2026-01-18,Plant B,M-05,P-02,869,20
2026-01-18,Plant B,M-05,P-06,706,14
2026-01-18,Plant B,M-05,P-02,925,30
2026-01-18,Plant C,M-01,P-04,704,16
2026-01-18,Plant C,M-01,P-02,828,26
2026-01-18,Plant C,M-01,P-05,992,73
2026-01-18,Plant C,M-02,P-05,932,78
2026-01-18,Plant C,M-02,P-02,1029,15
2026-01-18,Plant C,M-02,P-01,912,9
2026-01-18,Plant C,M-03,P-05,1014,52
2026-01-18,Plant C,M-03,P-06,764,14
2026-01-18,Plant C,M-03,P-04,566,17
2026-01-18,Plant C,M-04,P-05,1002,57
2026-01-18,Plant C,M-04,P-02,911,25
2026-01-18,Plant C,M-04,P-06,933,16
2026-01-18,Plant C,M-05,P-01,930,23
2026-01-18,Plant C,M-05,P-05,793,46
2026-01-18,Plant C,M-05,P-06,766,23
2026-01-19,Plant A,M-01,P-05,975,44
2026-01-19,Plant A,M-01,P-01,987,12
2026-01-19,Plant A,M-01,P-02,874,22
2026-01-19,Plant A,M-02,P-03,749,26
2026-01-19,Plant A,M-02,P-01,855,20
2026-01-19,Plant A,M-02,P-02,882,26
2026-01-19,Plant A,M-03,P-02,1045,34
2026-01-19,Plant A,M-03,P-02,891,27
2026-01-19,Plant A,M-03,P-02,702,7
2026-01-19,Plant A,M-04,P-04,742,21
2026-01-19,Plant A,M-04,P-05,900,59
2026-01-19,Plant A,M-04,P-02,690,9
2026-01-19,Plant A,M-05,P-02,1097,37
2026-01-19,Plant A,M-05,P-01,1011,32
2026-01-19,Plant A,M-05,P-05,855,55
2026-01-19,Plant B,M-01,P-03,849,11
2026-01-19,Plant B,M-01,P-06,794,14
2026-01-19,Plant B,M-01,P-04,659,5
2026-01-19,Plant B,M-02,P-05,718,34
2026-01-19,Plant B,M-02,P-02,753,22
2026-01-19,Plant B,M-02,P-05,642,30
2026-01-19,Plant B,M-03,P-05,799,65
2026-01-19,Plant B,M-03,P-06,828,13
2026-01-19,Plant B,M-03,P-01,909,10
2026-01-19,Plant B,M-04,P-02,473,7
2026-01-19,Plant B,M-04,P-02,834,13
2026-01-19,Plant B,M-04,P-02,527,11
2026-01-19,Plant B,M-05,P-06,779,23
2026-01-19,Plant B,M-05,P-01,869,12
2026-01-19,Plant B,M-05,P-05,660,50
2026-01-19,Plant C,M-01,P-02,1139,18
2026-01-19,Plant C,M-01,P-03,870,11
2026-01-19,Plant C,M-01,P-03,915,26
2026-01-19,Plant C,M-02,P-01,833,25
2026-01-19,Plant C,M-02,P-06,871,13
2026-01-19,Plant C,M-02,P-04,860,23
2026-01-19,Plant C,M-03,P-04,983,27
2026-01-19,Plant C,M-03,P-06,740,21
2026-01-19,Plant C,M-03,P-04,687,15
2026-01-19,Plant C,M-04,P-02,830,9
2026-01-19,Plant C,M-04,P-03,944,11
2026-01-19,Plant C,M-04,P-06,746,16
2026-01-19,Plant C,M-05,P-06,1189,30
2026-01-19,Plant C,M-05,P-04,924,19
2026-01-19,Plant C,M-05,P-03,1020,31
2026-01-20,Plant A,M-01,P-06,883,14
2026-01-20,Plant A,M-01,P-05,957,56
2026-01-20,Plant A,M-01,P-03,928,27
2026-01-20,Plant A,M-02,P-03,931,22
2026-01-20,Plant A,M-02,P-05,828,68
2026-01-20,Plant A,M-02,P-02,774,13
2026-01-20,Plant A,M-03,P-01,1079,13
2026-01-20,Plant A,M-03,P-04,1064,10
2026-01-20,Plant A,M-03,P-01,627,7
2026-01-20,Plant A,M-04,P-04,785,19
2026-01-20,Plant A,M-04,P-02,927,29
2026-01-20,Plant A,M-04,P-03,729,8
2026-01-20,Plant A,M-05,P-03,1123,19
2026-01-20,Plant A,M-05,P-03,870,22
2026-01-20,Plant A,M-05,P-04,879,20
2026-01-20,Plant B,M-01,P-03,993,20
2026-01-20,Plant B,M-01,P-03,822,22
2026-01-20,Plant B,M-01,P-06,964,17
2026-01-20,Plant B,M-02,P-03,1042,32
2026-01-20,Plant B,M-02,P-06,905,21
2026-01-20,Plant B,M-02,P-02,796,8
2026-01-20,Plant B,M-03,P-02,1061,29
2026-01-20,Plant B,M-03,P-05,926,48
2026-01-20,Plant B,M-03,P-06,882,26
2026-01-20,Plant B,M-04,P-05,885,46
2026-01-20,Plant B,M-04,P-03,545,8
2026-01-20,Plant B,M-04,P-01,517,7
2026-01-20,Plant B,M-05,P-01,915,12
2026-01-20,Plant B,M-05,P-05,662,32
2026-01-20,Plant B,M-05,P-03,864,24
2026-01-20,Plant C,M-01,P-02,862,21
2026-01-20,Plant C,M-01,P-04,1006,26
2026-01-20,Plant C,M-01,P-05,675,44
2026-01-20,Plant C,M-02,P-06,867,9
2026-01-20,Plant C,M-02,P-04,666,23
2026-01-20,Plant C,M-02,P-03,802,10
2026-01-20,Plant C,M-03,P-02,906,20
2026-01-20,Plant C,M-03,P-01,1022,25
2026-01-20,Plant C,M-03,P-03,707,13
2026-01-20,Plant C,M-04,P-06,1017,35
2026-01-20,Plant C,M-04,P-06,862,26
2026-01-20,Plant C,M-04,P-06,798,27
2026-01-20,Plant C,M-05,P-02,988,11
2026-01-20,Plant C,M-05,P-02,834,17
2026-01-20,Plant C,M-05,P-01,880,12
2026-01-21,Plant A,M-01,P-05,939,49
2026-01-21,Plant A,M-01,P-02,952,27
2026-01-21,Plant A,M-01,P-03,855,12
2026-01-21,Plant A,M-02,P-02,1022,14
2026-01-21,Plant A,M-02,P-05,900,71
2026-01-21,Plant A,M-02,P-03,698,18
2026-01-21,Plant A,M-03,P-02,875,18
2026-01-21,Plant A,M-03,P-01,807,13
2026-01-21,Plant A,M-03,P-04,1023,29
2026-01-21,Plant A,M-04,P-05,892,45
2026-01-21,Plant A,M-04,P-04,833,16
2026-01-21,Plant A,M-04,P-01,598,10
2026-01-21,Plant A,M-05,P-03,898,15
2026-01-21,Plant A,M-05,P-05,879,50
2026-01-21,Plant A,M-05,P-01,674,16
2026-01-21,Plant B,M-01,P-03,904,27
2026-01-21,Plant B,M-01,P-04,722,7
2026-01-21,Plant B,M-01,P-01,726,13
2026-01-21,Plant B,M-02,P-02,874,24
2026-01-21,Plant B,M-02,P-04,705,17
2026-01-21,Plant B,M-02,P-05,824,40
2026-01-21,Plant B,M-03,P-05,826,65
2026-01-21,Plant B,M-03,P-02,750,9
2026-01-21,Plant B,M-03,P-05,903,53
2026-01-21,Plant B,M-04,P-05,682,48
2026-01-21,Plant B,M-04,P-03,463,10
2026-01-21,Plant B,M-04,P-02,811,13
2026-01-21,Plant B,M-05,P-03,845,25
2026-01-21,Plant B,M-05,P-02,985,13
2026-01-21,Plant B,M-05,P-06,593,15
2026-01-21,Plant C,M-01,P-04,1111,13
2026-01-21,Plant C,M-01,P-05,913,68
2026-01-21,Plant C,M-01,P-02,774,14
2026-01-21,Plant C,M-02,P-05,802,43
2026-01-21,Plant C,M-02,P-01,752,23
2026-01-21,Plant C,M-02,P-03,1004,23
2026-01-21,Plant C,M-03,P-04,1005,15
2026-01-21,Plant C,M-03,P-06,974,22
2026-01-21,Plant C,M-03,P-05,955,66
2026-01-21,Plant C,M-04,P-06,1168,11
2026-01-21,Plant C,M-04,P-05,749,57
2026-01-21,Plant C,M-04,P-02,759,8
2026-01-21,Plant C,M-05,P-01,673,15
2026-01-21,Plant C,M-05,P-03,933,18
2026-01-21,Plant C,M-05,P-03,941,21
2026-01-22,Plant A,M-01,P-03,894,30
2026-01-22,Plant A,M-01,P-06,884,13
2026-01-22,Plant A,M-01,P-05,869,52
2026-01-22,Plant A,M-02,P-03,863,8
2026-01-22,Plant A,M-02,P-03,834,15
2026-01-22,Plant A,M-02,P-01,857,29
2026-01-22,Plant A,M-03,P-02,626,8
2026-01-22,Plant A,M-03,P-05,898,66
2026-01-22,Plant A,M-03,P-02,903,25
2026-01-22,Plant A,M-04,P-01,931,30
2026-01-22,Plant A,M-04,P-01,809,16
2026-01-22,Plant A,M-04,P-06,982,19
2026-01-22,Plant A,M-05,P-03,930,26
2026-01-22,Plant A,M-05,P-04,980,17
2026-01-22,Plant A,M-05,P-06,616,8
2026-01-22,Plant B,M-01,P-04,910,15
2026-01-22,Plant B,M-01,P-04,1018,9
2026-01-22,Plant B,M-01,P-02,833,8
2026-01-22,Plant B,M-02,P-06,1213,17
2026-01-22,Plant B,M-02,P-04,619,16
2026-01-22,Plant B,M-02,P-03,853,13
2026-01-22,Plant B,M-03,P-06,754,17
2026-01-22,Plant B,M-03,P-01,918,27
2026-01-22,Plant B,M-03,P-01,915,18
2026-01-22,Plant B,M-04,P-05,655,33
2026-01-22,Plant B,M-04,P-01,789,24
2026-01-22,Plant B,M-04,P-01,796,11
2026-01-22,Plant B,M-05,P-03,990,8
2026-01-22,Plant B,M-05,P-03,885,26
2026-01-22,Plant B,M-05,P-01,680,10
2026-01-22,Plant C,M-01,P-01,1035,36
2026-01-22,Plant C,M-01,P-04,627,6
2026-01-22,Plant C,M-01,P-01,651,14
2026-01-22,Plant C,M-02,P-01,847,27
2026-01-22,Plant C,M-02,P-02,990,18
2026-01-22,Plant C,M-02,P-02,939,22
2026-01-22,Plant C,M-03,P-01,996,19
2026-01-22,Plant C,M-03,P-04,1057,36
2026-01-22,Plant C,M-03,P-04,720,22
2026-01-22,Plant C,M-04,P-06,864,22
2026-01-22,Plant C,M-04,P-05,943,57
2026-01-22,Plant C,M-04,P-04,621,6
2026-01-22,Plant C,M-05,P-04,1089,10
2026-01-22,Plant C,M-05,P-06,984,27
2026-01-22,Plant C,M-05,P-01,910,23
2026-01-23,Plant A,M-01,P-04,890,8
2026-01-23,Plant A,M-01,P-03,922,14
2026-01-23,Plant A,M-01,P-03,981,30
2026-01-23,Plant A,M-02,P-03,753,15
2026-01-23,Plant A,M-02,P-05,625,52
2026-01-23,Plant A,M-02,P-02,945,10
2026-01-23,Plant A,M-03,P-04,1010,24
2026-01-23,Plant A,M-03,P-01,799,18
2026-01-23,Plant A,M-03,P-03,729,7
2026-01-23,Plant A,M-04,P-03,965,17
2026-01-23,Plant A,M-04,P-02,711,7
2026-01-23,Plant A,M-04,P-03,574,12
2026-01-23,Plant A,M-05,P-04,872,7
2026-01-23,Plant A,M-05,P-04,686,8
2026-01-23,Plant A,M-05,P-06,969,8
2026-01-23,Plant B,M-01,P-02,713,21
2026-01-23,Plant B,M-01,P-03,769,6
2026-01-23,Plant B,M-01,P-06,876,17
2026-01-23,Plant B,M-02,P-02,1003,28
2026-01-23,Plant B,M-02,P-06,779,17
2026-01-23,Plant B,M-02,P-01,847,9
2026-01-23,Plant B,M-03,P-02,879,15
2026-01-23,Plant B,M-03,P-01,1094,33
2026-01-23,Plant B,M-03,P-04,797,12
2026-01-23,Plant B,M-04,P-06,805,11
2026-01-23,Plant B,M-04,P-01,627,16
2026-01-23,Plant B,M-04,P-04,698,12
2026-01-23,Plant B,M-05,P-03,1111,30
2026-01-23,Plant B,M-05,P-05,965,69
2026-01-23,Plant B,M-05,P-02,720,14
2026-01-23,Plant C,M-01,P-05,1080,53
2026-01-23,Plant C,M-01,P-02,1023,11
2026-01-23,Plant C,M-01,P-03,738,25
2026-01-23,Plant C,M-02,P-02,935,14
2026-01-23,Plant C,M-02,P-05,779,39
2026-01-23,Plant C,M-02,P-03,879,20
2026-01-23,Plant C,M-03,P-05,912,50
2026-01-23,Plant C,M-03,P-05,753,39
2026-01-23,Plant C,M-03,P-05,613,45
2026-01-23,Plant C,M-04,P-02,846,16
2026-01-23,Plant C,M-04,P-01,766,8
2026-01-23,Plant C,M-04,P-06,726,18
2026-01-23,Plant C,M-05,P-05,1005,84
2026-01-23,Plant C,M-05,P-06,720,23
2026-01-23,Plant C,M-05,P-01,837,25
2026-01-24,Plant A,M-01,P-01,829,9
2026-01-24,Plant A,M-01,P-05,1067,65
2026-01-24,Plant A,M-01,P-01,757,25
2026-01-24,Plant A,M-02,P-05,926,73
2026-01-24,Plant A,M-02,P-04,731,21
2026-01-24,Plant A,M-02,P-01,810,17
2026-01-24,Plant A,M-03,P-02,784,11
2026-01-24,Plant A,M-03,P-03,748,17
2026-01-24,Plant A,M-03,P-05,727,57
2026-01-24,Plant A,M-04,P-04,773,26
2026-01-24,Plant A,M-04,P-01,793,18
2026-01-24,Plant A,M-04,P-01,776,23
2026-01-24,Plant A,M-05,P-05,735,43
2026-01-24,Plant A,M-05,P-01,811,22
2026-01-24,Plant A,M-05,P-06,648,17
2026-01-24,Plant B,M-01,P-05,1071,83
2026-01-24,Plant B,M-01,P-04,648,22
2026-01-24,Plant B,M-01,P-06,985,12
2026-01-24,Plant B,M-02,P-01,838,24
2026-01-24,Plant B,M-02,P-05,880,50
2026-01-24,Plant B,M-02,P-03,930,11
2026-01-24,Plant B,M-03,P-01,885,18
2026-01-24,Plant B,M-03,P-02,627,6
2026-01-24,Plant B,M-03,P-03,563,7
2026-01-24,Plant B,M-04,P-06,608,5
2026-01-24,Plant B,M-04,P-03,738,9
2026-01-24,Plant B,M-04,P-05,524,37
2026-01-24,Plant B,M-05,P-05,878,65
2026-01-24,Plant B,M-05,P-05,957,66
2026-01-24,Plant B,M-05,P-05,548,37
2026-01-24,Plant C,M-01,P-03,886,18
2026-01-24,Plant C,M-01,P-04,732,21
2026-01-24,Plant C,M-01,P-06,943,8
2026-01-24,Plant C,M-02,P-04,1003,9
2026-01-24,Plant C,M-02,P-01,1002,11
2026-01-24,Plant C,M-02,P-03,696,20
2026-01-24,Plant C,M-03,P-06,902,21
2026-01-24,Plant C,M-03,P-04,749,6
2026-01-24,Plant C,M-03,P-02,1011,11
2026-01-24,Plant C,M-04,P-01,849,15
2026-01-24,Plant C,M-04,P-01,809,8
2026-01-24,Plant C,M-04,P-06,939,16
2026-01-24,Plant C,M-05,P-03,825,26
2026-01-24,Plant C,M-05,P-06,807,12
2026-01-24,Plant C,M-05,P-02,557,18
2026-01-25,Plant A,M-01,P-04,1007,18
2026-01-25,Plant A,M-01,P-04,901,12
2026-01-25,Plant A,M-01,P-04,922,23
2026-01-25,Plant A,M-02,P-02,1074,21
2026-01-25,Plant A,M-02,P-03,894,19
2026-01-25,Plant A,M-02,P-03,717,22
2026-01-25,Plant A,M-03,P-02,757,23
2026-01-25,Plant A,M-03,P-05,883,50
2026-01-25,Plant A,M-03,P-02,811,12
2026-01-25,Plant A,M-04,P-04,869,17
2026-01-25,Plant A,M-04,P-01,740,16
2026-01-25,Plant A,M-04,P-02,956,18
2026-01-25,Plant A,M-05,P-02,741,24
2026-01-25,Plant A,M-05,P-06,982,19
2026-01-25,Plant A,M-05,P-04,899,15
2026-01-25,Plant B,M-01,P-05,852,65
2026-01-25,Plant B,M-01,P-03,859,9
2026-01-25,Plant B,M-01,P-01,846,13
2026-01-25,Plant B,M-02,P-03,834,14
2026-01-25,Plant B,M-02,P-03,809,20
2026-01-25,Plant B,M-02,P-01,1028,17
2026-01-25,Plant B,M-03,P-02,1102,34
2026-01-25,Plant B,M-03,P-03,875,30
2026-01-25,Plant B,M-03,P-06,778,13
2026-01-25,Plant B,M-04,P-01,936,15
2026-01-25,Plant B,M-04,P-05,690,34
2026-01-25,Plant B,M-04,P-05,608,34
2026-01-25,Plant B,M-05,P-01,878,28
2026-01-25,Plant B,M-05,P-04,922,18
2026-01-25,Plant B,M-05,P-03,772,22
2026-01-25,Plant C,M-01,P-04,767,10
2026-01-25,Plant C,M-01,P-05,968,45
2026-01-25,Plant C,M-01,P-03,848,14
2026-01-25,Plant C,M-02,P-01,1157,23
2026-01-25,Plant C,M-02,P-03,815,20
2026-01-25,Plant C,M-02,P-03,911,20
2026-01-25,Plant C,M-03,P-04,606,8
2026-01-25,Plant C,M-03,P-03,923,13
2026-01-25,Plant C,M-03,P-02,784,8
2026-01-25,Plant C,M-04,P-03,764,11
2026-01-25,Plant C,M-04,P-04,920,12
2026-01-25,Plant C,M-04,P-01,794,14
2026-01-25,Plant C,M-05,P-04,1134,12
2026-01-25,Plant C,M-05,P-02,796,11
2026-01-25,Plant C,M-05,P-01,722,12
2026-01-26,Plant A,M-01,P-03,870,25
2026-01-26,Plant A,M-01,P-05,1088,79
2026-01-26,Plant A,M-01,P-02,657,15
2026-01-26,Plant A,M-02,P-06,858,25
2026-01-26,Plant A,M-02,P-03,796,15
2026-01-26,Plant A,M-02,P-05,597,28
2026-01-26,Plant A,M-03,P-03,1054,14
2026-01-26,Plant A,M-03,P-04,1097,18
2026-01-26,Plant A,M-03,P-04,883,12
2026-01-26,Plant A,M-04,P-05,1107,55
2026-01-26,Plant A,M-04,P-02,1030,33
2026-01-26,Plant A,M-04,P-04,868,25
2026-01-26,Plant A,M-05,P-05,723,42
2026-01-26,Plant A,M-05,P-06,939,10
2026-01-26,Plant A,M-05,P-05,618,31
2026-01-26,Plant B,M-01,P-02,954,24
2026-01-26,Plant B,M-01,P-03,746,6
2026-01-26,Plant B,M-01,P-01,963,9
2026-01-26,Plant B,M-02,P-02,882,22
2026-01-26,Plant B,M-02,P-01,988,21
2026-01-26,Plant B,M-02,P-03,768,9
2026-01-26,Plant B,M-03,P-03,879,30
2026-01-26,Plant B,M-03,P-04,777,23
2026-01-26,Plant B,M-03,P-06,1024,14
2026-01-26,Plant B,M-04,P-04,677,14
2026-01-26,Plant B,M-04,P-02,674,18
2026-01-26,Plant B,M-04,P-03,733,14
2026-01-26,Plant B,M-05,P-03,1156,14
2026-01-26,Plant B,M-05,P-05,1029,85
2026-01-26,Plant B,M-05,P-02,811,27
2026-01-26,Plant C,M-01,P-06,779,23
2026-01-26,Plant C,M-01,P-01,703,14
2026-01-26,Plant C,M-01,P-01,707,17
2026-01-26,Plant C,M-02,P-04,753,14
2026-01-26,Plant C,M-02,P-02,758,10
2026-01-26,Plant C,M-02,P-03,675,11
2026-01-26,Plant C,M-03,P-03,945,26
2026-01-26,Plant C,M-03,P-03,822,25
2026-01-26,Plant C,M-03,P-05,770,46
2026-01-26,Plant C,M-04,P-03,1012,12
2026-01-26,Plant C,M-04,P-06,973,28
2026-01-26,Plant C,M-04,P-03,587,11
2026-01-26,Plant C,M-05,P-03,911,8
2026-01-26,Plant C,M-05,P-02,815,21
2026-01-26,Plant C,M-05,P-01,997,30
2026-01-27,Plant A,M-01,P-05,919,50
2026-01-27,Plant A,M-01,P-03,870,7
2026-01-27,Plant A,M-01,P-04,804,20
2026-01-27,Plant A,M-02,P-06,1055,28
2026-01-27,Plant A,M-02,P-05,1046,83
2026-01-27,Plant A,M-02,P-02,646,10
2026-01-27,Plant A,M-03,P-06,961,30
2026-01-27,Plant A,M-03,P-02,730,15
2026-01-27,Plant A,M-03,P-05,723,33
2026-01-27,Plant A,M-04,P-04,685,12
2026-01-27,Plant A,M-04,P-05,897,64
2026-01-27,Plant A,M-04,P-03,840,24
2026-01-27,Plant A,M-05,P-05,1012,85
2026-01-27,Plant A,M-05,P-02,740,9
2026-01-27,Plant A,M-05,P-05,621,35
2026-01-27,Plant B,M-01,P-04,1039,16
2026-01-27,Plant B,M-01,P-06,932,26
2026-01-27,Plant B,M-01,P-01,920,27
2026-01-27,Plant B,M-02,P-03,974,22
2026-01-27,Plant B,M-02,P-01,1058,22
2026-01-27,Plant B,M-02,P-06,768,9
2026-01-27,Plant B,M-03,P-05,1096,66
2026-01-27,Plant B,M-03,P-02,679,5
2026-01-27,Plant B,M-03,P-05,645,41
2026-01-27,Plant B,M-04,P-05,897,58
2026-01-27,Plant B,M-04,P-02,809,18
2026-01-27,Plant B,M-04,P-05,739,39
2026-01-27,Plant B,M-05,P-02,955,11
2026-01-27,Plant B,M-05,P-03,1081,36
2026-01-27,Plant B,M-05,P-04,909,21
2026-01-27,Plant C,M-01,P-03,836,22
2026-01-27,Plant C,M-01,P-06,1022,8
2026-01-27,Plant C,M-01,P-02,727,13
2026-01-27,Plant C,M-02,P-01,934,14
2026-01-27,Plant C,M-02,P-03,875,23
2026-01-27,Plant C,M-02,P-03,914,24
2026-01-27,Plant C,M-03,P-01,978,29
2026-01-27,Plant C,M-03,P-01,885,11
2026-01-27,Plant C,M-03,P-04,883,21
2026-01-27,Plant C,M-04,P-06,961,20
2026-01-27,Plant C,M-04,P-03,983,28
2026-01-27,Plant C,M-04,P-06,699,13
2026-01-27,Plant C,M-05,P-06,697,20
2026-01-27,Plant C,M-05,P-06,1036,23
2026-01-27,Plant C,M-05,P-06,918,27
2026-01-28,Plant A,M-01,P-05,1039,51
2026-01-28,Plant A,M-01,P-03,1056,17
2026-01-28,Plant A,M-01,P-04,710,20
2026-01-28,Plant A,M-02,P-04,710,15
2026-01-28,Plant A,M-02,P-05,874,61
2026-01-28,Plant A,M-02,P-04,915,14
2026-01-28,Plant A,M-03,P-06,991,22
2026-01-28,Plant A,M-03,P-05,1041,71
2026-01-28,Plant A,M-03,P-01,746,6
2026-01-28,Plant A,M-04,P-04,1123,9
2026-01-28,Plant A,M-04,P-04,628,6
2026-01-28,Plant A,M-04,P-03,772,14
2026-01-28,Plant A,M-05,P-05,867,46
2026-01-28,Plant A,M-05,P-03,915,27
2026-01-28,Plant A,M-05,P-01,760,20
2026-01-28,Plant B,M-01,P-04,952,7
2026-01-28,Plant B,M-01,P-01,841,15
2026-01-28,Plant B,M-01,P-03,937,21
2026-01-28,Plant B,M-02,P-02,976,8
2026-01-28,Plant B,M-02,P-01,787,7
2026-01-28,Plant B,M-02,P-01,748,9
2026-01-28,Plant B,M-03,P-04,1078,27
2026-01-28,Plant B,M-03,P-05,674,40
2026-01-28,Plant B,M-03,P-06,921,27
2026-01-28,Plant B,M-04,P-06,812,11
2026-01-28,Plant B,M-04,P-06,790,23
2026-01-28,Plant B,M-04,P-06,677,10
2026-01-28,Plant B,M-05,P-04,995,15
2026-01-28,Plant B,M-05,P-02,691,21
2026-01-28,Plant B,M-05,P-05,849,48
2026-01-28,Plant C,M-01,P-05,811,38
2026-01-28,Plant C,M-01,P-04,707,16
2026-01-28,Plant C,M-01,P-01,699,6
2026-01-28,Plant C,M-02,P-03,878,27
2026-01-28,Plant C,M-02,P-04,622,11
2026-01-28,Plant C,M-02,P-02,956,17
2026-01-28,Plant C,M-03,P-06,1074,17
2026-01-28,Plant C,M-03,P-02,1123,39
2026-01-28,Plant C,M-03,P-03,690,12
2026-01-28,Plant C,M-04,P-06,767,21
2026-01-28,Plant C,M-04,P-06,870,10
2026-01-28,Plant C,M-04,P-03,1000,28
2026-01-28,Plant C,M-05,P-01,826,23
2026-01-28,Plant C,M-05,P-05,987,63
2026-01-28,Plant C,M-05,P-05,727,43
2026-01-29,Plant A,M-01,P-04,1039,30
2026-01-29,Plant A,M-01,P-01,763,17
2026-01-29,Plant A,M-01,P-01,1007,34
2026-01-29,Plant A,M-02,P-03,793,11
2026-01-29,Plant A,M-02,P-04,1069,31
2026-01-29,Plant A,M-02,P-04,808,10
2026-01-29,Plant A,M-03,P-06,1077,12
2026-01-29,Plant A,M-03,P-05,981,70
2026-01-29,Plant A,M-03,P-01,908,28
2026-01-29,Plant A,M-04,P-01,1041,9
2026-01-29,Plant A,M-04,P-01,877,7
2026-01-29,Plant A,M-04,P-01,735,20
2026-01-29,Plant A,M-05,P-05,1053,72
2026-01-29,Plant A,M-05,P-03,1102,36
2026-01-29,Plant A,M-05,P-06,820,26
2026-01-29,Plant B,M-01,P-05,1180,66
2026-01-29,Plant B,M-01,P-03,753,15
2026-01-29,Plant B,M-01,P-04,715,8
2026-01-29,Plant B,M-02,P-04,852,10
2026-01-29,Plant B,M-02,P-04,816,24
2026-01-29,Plant B,M-02,P-04,919,13
2026-01-29,Plant B,M-03,P-05,699,32
2026-01-29,Plant B,M-03,P-05,1015,74
2026-01-29,Plant B,M-03,P-04,602,19
2026-01-29,Plant B,M-04,P-05,682,43
2026-01-29,Plant B,M-04,P-02,701,14
2026-01-29,Plant B,M-04,P-05,623,49
2026-01-29,Plant B,M-05,P-05,907,72
2026-01-29,Plant B,M-05,P-04,811,17
2026-01-29,Plant B,M-05,P-03,963,20
2026-01-29,Plant C,M-01,P-03,939,28
2026-01-29,Plant C,M-01,P-01,715,9
2026-01-29,Plant C,M-01,P-05,690,44
2026-01-29,Plant C,M-02,P-03,800,24
2026-01-29,Plant C,M-02,P-02,721,19
2026-01-29,Plant C,M-02,P-03,643,6
2026-01-29,Plant C,M-03,P-02,1160,10
2026-01-29,Plant C,M-03,P-02,994,9
2026-01-29,Plant C,M-03,P-03,647,16
2026-01-29,Plant C,M-04,P-05,849,62
2026-01-29,Plant C,M-04,P-01,821,10
2026-01-29,Plant C,M-04,P-01,999,16
2026-01-29,Plant C,M-05,P-06,1024,25
2026-01-29,Plant C,M-05,P-06,979,23
2026-01-29,Plant C,M-05,P-06,590,9
2026-01-30,Plant A,M-01,P-03,727,17
2026-01-30,Plant A,M-01,P-04,1092,22
2026-01-30,Plant A,M-01,P-01,699,20
2026-01-30,Plant A,M-02,P-06,851,13
2026-01-30,Plant A,M-02,P-02,849,17
2026-01-30,Plant A,M-02,P-01,488,13
2026-01-30,Plant A,M-03,P-01,1064,10
2026-01-30,Plant A,M-03,P-02,875,8
2026-01-30,Plant A,M-03,P-06,773,15
2026-01-30,Plant A,M-04,P-05,860,71
2026-01-30,Plant A,M-04,P-06,1126,25
2026-01-30,Plant A,M-04,P-02,928,20
2026-01-30,Plant A,M-05,P-02,889,13
2026-01-30,Plant A,M-05,P-05,850,69
2026-01-30,Plant A,M-05,P-03,650,16
2026-01-30,Plant B,M-01,P-03,933,8
2026-01-30,Plant B,M-01,P-06,688,23
2026-01-30,Plant B,M-01,P-06,898,26
2026-01-30,Plant B,M-02,P-04,668,12
2026-01-30,Plant B,M-02,P-01,993,12
2026-01-30,Plant B,M-02,P-04,874,12
2026-01-30,Plant B,M-03,P-06,767,14
2026-01-30,Plant B,M-03,P-05,737,44
2026-01-30,Plant B,M-03,P-06,838,18
2026-01-30,Plant B,M-04,P-06,811,6
2026-01-30,Plant B,M-04,P-02,533,7
2026-01-30,Plant B,M-04,P-03,567,16
2026-01-30,Plant B,M-05,P-01,986,25
2026-01-30,Plant B,M-05,P-03,869,25
2026-01-30,Plant B,M-05,P-02,1061,36
2026-01-30,Plant C,M-01,P-05,961,70
2026-01-30,Plant C,M-01,P-02,1112,35
2026-01-30,Plant C,M-01,P-06,860,23
2026-01-30,Plant C,M-02,P-03,826,8
2026-01-30,Plant C,M-02,P-02,716,23
2026-01-30,Plant C,M-02,P-03,766,21
2026-01-30,Plant C,M-03,P-03,706,21
2026-01-30,Plant C,M-03,P-05,699,57
2026-01-30,Plant C,M-03,P-05,627,40
2026-01-30,Plant C,M-04,P-05,1048,68
2026-01-30,Plant C,M-04,P-06,786,18
2026-01-30,Plant C,M-04,P-04,871,21
2026-01-30,Plant C,M-05,P-05,1019,47
2026-01-30,Plant C,M-05,P-01,896,29
2026-01-30,Plant C,M-05,P-02,971,13
2026-01-31,Plant A,M-01,P-02,985,33
2026-01-31,Plant A,M-01,P-02,1005,28
2026-01-31,Plant A,M-01,P-02,755,16
2026-01-31,Plant A,M-02,P-05,1095,79
2026-01-31,Plant A,M-02,P-04,694,7
2026-01-31,Plant A,M-02,P-02,612,19
2026-01-31,Plant A,M-03,P-05,745,57
2026-01-31,Plant A,M-03,P-02,722,18
2026-01-31,Plant A,M-03,P-03,617,9
2026-01-31,Plant A,M-04,P-05,1031,86
2026-01-31,Plant A,M-04,P-02,853,9
2026-01-31,Plant A,M-04,P-01,1009,29
2026-01-31,Plant A,M-05,P-02,783,6
2026-01-31,Plant A,M-05,P-01,995,31
2026-01-31,Plant A,M-05,P-06,713,16
2026-01-31,Plant B,M-01,P-02,1027,13
2026-01-31,Plant B,M-01,P-03,988,10
2026-01-31,Plant B,M-01,P-02,825,19
2026-01-31,Plant B,M-02,P-03,790,10
2026-01-31,Plant B,M-02,P-03,850,23
2026-01-31,Plant B,M-02,P-04,942,31
2026-01-31,Plant B,M-03,P-03,869,7
2026-01-31,Plant B,M-03,P-01,774,10
2026-01-31,Plant B,M-03,P-02,862,21
2026-01-31,Plant B,M-04,P-03,488,12
2026-01-31,Plant B,M-04,P-05,583,41
2026-01-31,Plant B,M-04,P-05,554,33
2026-01-31,Plant B,M-05,P-04,1000,29
2026-01-31,Plant B,M-05,P-03,958,26
2026-01-31,Plant B,M-05,P-02,974,33
2026-01-31,Plant C,M-01,P-01,773,13
2026-01-31,Plant C,M-01,P-04,719,12
2026-01-31,Plant C,M-01,P-06,729,22
2026-01-31,Plant C,M-02,P-01,1002,12
2026-01-31,Plant C,M-02,P-03,730,20
2026-01-31,Plant C,M-02,P-04,893,17
2026-01-31,Plant C,M-03,P-05,640,32
2026-01-31,Plant C,M-03,P-04,903,31
2026-01-31,Plant C,M-03,P-05,800,63
2026-01-31,Plant C,M-04,P-01,864,21
2026-01-31,Plant C,M-04,P-03,631,12
2026-01-31,Plant C,M-04,P-04,910,20
2026-01-31,Plant C,M-05,P-01,869,12
2026-01-31,Plant C,M-05,P-04,640,19
2026-01-31,Plant C,M-05,P-06,663,9
2026-02-01,Plant A,M-01,P-01,947,18
2026-02-01,Plant A,M-01,P-01,937,19
2026-02-01,Plant A,M-01,P-04,723,10
2026-02-01,Plant A,M-02,P-04,703,12
2026-02-01,Plant A,M-02,P-03,679,6
2026-02-01,Plant A,M-02,P-03,757,21
2026-02-01,Plant A,M-03,P-01,964,11
2026-02-01,Plant A,M-03,P-06,694,6
2026-02-01,Plant A,M-03,P-06,852,13
2026-02-01,Plant A,M-04,P-05,886,71
2026-02-01,Plant A,M-04,P-06,1122,16
2026-02-01,Plant A,M-04,P-03,1001,18
2026-02-01,Plant A,M-05,P-01,759,15
2026-02-01,Plant A,M-05,P-01,889,22
2026-02-01,Plant A,M-05,P-03,644,16
2026-02-01,Plant B,M-01,P-03,716,6
2026-02-01,Plant B,M-01,P-05,617,32
2026-02-01,Plant B,M-01,P-03,875,24
2026-02-01,Plant B,M-02,P-05,1064,85
2026-02-01,Plant B,M-02,P-05,922,68
2026-02-01,Plant B,M-02,P-05,907,65
2026-02-01,Plant B,M-03,P-01,853,25
2026-02-01,Plant B,M-03,P-03,934,16
2026-02-01,Plant B,M-03,P-04,731,10
2026-02-01,Plant B,M-04,P-06,800,17
2026-02-01,Plant B,M-04,P-03,868,25
2026-02-01,Plant B,M-04,P-01,630,15
2026-02-01,Plant B,M-05,P-02,740,18
2026-02-01,Plant B,M-05,P-03,1086,19
2026-02-01,Plant B,M-05,P-04,971,9
2026-02-01,Plant C,M-01,P-01,1082,17
2026-02-01,Plant C,M-01,P-01,893,9
2026-02-01,Plant C,M-01,P-05,637,48
2026-02-01,Plant C,M-02,P-02,961,22
2026-02-01,Plant C,M-02,P-02,1024,35
2026-02-01,Plant C,M-02,P-06,899,17
2026-02-01,Plant C,M-03,P-02,735,9
2026-02-01,Plant C,M-03,P-06,863,10
2026-02-01,Plant C,M-03,P-06,779,6
2026-02-01,Plant C,M-04,P-01,684,15
2026-02-01,Plant C,M-04,P-04,1041,22
2026-02-01,Plant C,M-04,P-04,791,6
2026-02-01,Plant C,M-05,P-05,1035,67
2026-02-01,Plant C,M-05,P-05,623,52
2026-02-01,Plant C,M-05,P-03,930,14
2026-02-02,Plant A,M-01,P-02,742,11
2026-02-02,Plant A,M-01,P-05,1066,71
2026-02-02,Plant A,M-01,P-06,972,27
2026-02-02,Plant A,M-02,P-04,714,18
2026-02-02,Plant A,M-02,P-06,987,26
2026-02-02,Plant A,M-02,P-06,943,23
2026-02-02,Plant A,M-03,P-01,971,11
2026-02-02,Plant A,M-03,P-05,829,69
2026-02-02,Plant A,M-03,P-06,868,17
2026-02-02,Plant A,M-04,P-06,847,16
2026-02-02,Plant A,M-04,P-04,945,18
2026-02-02,Plant A,M-04,P-01,929,23
2026-02-02,Plant A,M-05,P-02,800,17
2026-02-02,Plant A,M-05,P-03,1113,24
2026-02-02,Plant A,M-05,P-01,724,16
2026-02-02,Plant B,M-01,P-01,1007,22
2026-02-02,Plant B,M-01,P-02,665,19
2026-02-02,Plant B,M-01,P-04,684,16
2026-02-02,Plant B,M-02,P-02,882,9
2026-02-02,Plant B,M-02,P-04,722,18
2026-02-02,Plant B,M-02,P-01,802,20
2026-02-02,Plant B,M-03,P-03,1144,12
2026-02-02,Plant B,M-03,P-02,1112,36
2026-02-02,Plant B,M-03,P-02,746,24
2026-02-02,Plant B,M-04,P-04,555,4
2026-02-02,Plant B,M-04,P-05,952,76
2026-02-02,Plant B,M-04,P-04,566,7
2026-02-02,Plant B,M-05,P-02,724,18
2026-02-02,Plant B,M-05,P-02,675,21
2026-02-02,Plant B,M-05,P-01,668,22
2026-02-02,Plant C,M-01,P-02,1052,35
2026-02-02,Plant C,M-01,P-06,887,21
2026-02-02,Plant C,M-01,P-05,863,65
2026-02-02,Plant C,M-02,P-02,907,12
2026-02-02,Plant C,M-02,P-01,914,15
2026-02-02,Plant C,M-02,P-04,915,14
2026-02-02,Plant C,M-03,P-06,1039,12
2026-02-02,Plant C,M-03,P-06,676,9
2026-02-02,Plant C,M-03,P-04,831,17
2026-02-02,Plant C,M-04,P-06,962,13
2026-02-02,Plant C,M-04,P-04,1008,10
2026-02-02,Plant C,M-04,P-04,936,8
2026-02-02,Plant C,M-05,P-06,767,17
2026-02-02,Plant C,M-05,P-06,930,16
2026-02-02,Plant C,M-05,P-04,791,25
2026-02-03,Plant A,M-01,P-02,1138,28
2026-02-03,Plant A,M-01,P-05,928,47
2026-02-03,Plant A,M-01,P-05,754,53
2026-02-03,Plant A,M-02,P-04,1102,25
2026-02-03,Plant A,M-02,P-01,1013,21
2026-02-03,Plant A,M-02,P-06,807,20
2026-02-03,Plant A,M-03,P-01,1029,22
2026-02-03,Plant A,M-03,P-04,817,16
2026-02-03,Plant A,M-03,P-02,638,17
2026-02-03,Plant A,M-04,P-06,841,15
2026-02-03,Plant A,M-04,P-01,906,15
2026-02-03,Plant A,M-04,P-01,937,21
2026-02-03,Plant A,M-05,P-03,969,32
2026-02-03,Plant A,M-05,P-05,785,38
2026-02-03,Plant A,M-05,P-02,914,28
2026-02-03,Plant B,M-01,P-06,857,7
2026-02-03,Plant B,M-01,P-06,810,23
2026-02-03,Plant B,M-01,P-05,869,63
2026-02-03,Plant B,M-02,P-06,1149,26
2026-02-03,Plant B,M-02,P-04,701,13
2026-02-03,Plant B,M-02,P-02,914,8
2026-02-03,Plant B,M-03,P-01,823,15
2026-02-03,Plant B,M-03,P-05,674,44
2026-02-03,Plant B,M-03,P-03,749,12
2026-02-03,Plant B,M-04,P-02,663,14
2026-02-03,Plant B,M-04,P-04,802,6
2026-02-03,Plant B,M-04,P-01,636,15
2026-02-03,Plant B,M-05,P-02,781,23
2026-02-03,Plant B,M-05,P-06,792,10
2026-02-03,Plant B,M-05,P-05,649,45
2026-02-03,Plant C,M-01,P-03,824,24
2026-02-03,Plant C,M-01,P-02,1000,10
2026-02-03,Plant C,M-01,P-04,671,20
2026-02-03,Plant C,M-02,P-05,873,71
2026-02-03,Plant C,M-02,P-04,1030,15
2026-02-03,Plant C,M-02,P-02,805,22
2026-02-03,Plant C,M-03,P-04,716,8
2026-02-03,Plant C,M-03,P-01,687,21
2026-02-03,Plant C,M-03,P-03,829,18
2026-02-03,Plant C,M-04,P-02,1123,29
2026-02-03,Plant C,M-04,P-03,830,12
2026-02-03,Plant C,M-04,P-06,578,18
2026-02-03,Plant C,M-05,P-05,748,36
2026-02-03,Plant C,M-05,P-04,738,24
2026-02-03,Plant C,M-05,P-04,762,11
2026-02-04,Plant A,M-01,P-01,896,7
2026-02-04,Plant A,M-01,P-01,840,16
2026-02-04,Plant A,M-01,P-05,589,39
2026-02-04,Plant A,M-02,P-04,665,5
2026-02-04,Plant A,M-02,P-06,881,16
2026-02-04,Plant A,M-02,P-05,778,64
2026-02-04,Plant A,M-03,P-05,874,64
2026-02-04,Plant A,M-03,P-06,952,32
2026-02-04,Plant A,M-03,P-05,660,35
2026-02-04,Plant A,M-04,P-05,824,50
2026-02-04,Plant A,M-04,P-05,1038,83
2026-02-04,Plant A,M-04,P-01,908,26
2026-02-04,Plant A,M-05,P-03,1074,28
2026-02-04,Plant A,M-05,P-02,912,7
2026-02-04,Plant A,M-05,P-02,654,9
2026-02-04,Plant B,M-01,P-05,1106,79
2026-02-04,Plant B,M-01,P-06,900,12
2026-02-04,Plant B,M-01,P-02,785,20
2026-02-04,Plant B,M-02,P-04,1052,26
2026-02-04,Plant B,M-02,P-02,664,21
2026-02-04,Plant B,M-02,P-02,1007,23
2026-02-04,Plant B,M-03,P-05,892,54
2026-02-04,Plant B,M-03,P-06,888,16
2026-02-04,Plant B,M-03,P-04,912,13
2026-02-04,Plant B,M-04,P-05,729,59
2026-02-04,Plant B,M-04,P-06,828,16
2026-02-04,Plant B,M-04,P-01,888,28
2026-02-04,Plant B,M-05,P-03,935,16
2026-02-04,Plant B,M-05,P-05,874,58
2026-02-04,Plant B,M-05,P-05,710,48
2026-02-04,Plant C,M-01,P-03,963,19
2026-02-04,Plant C,M-01,P-04,852,19
2026-02-04,Plant C,M-01,P-04,925,27
2026-02-04,Plant C,M-02,P-06,816,20
2026-02-04,Plant C,M-02,P-02,1033,17
2026-02-04,Plant C,M-02,P-03,961,29
2026-02-04,Plant C,M-03,P-06,743,25
2026-02-04,Plant C,M-03,P-06,771,15
2026-02-04,Plant C,M-03,P-01,696,21
2026-02-04,Plant C,M-04,P-05,983,48
2026-02-04,Plant C,M-04,P-06,804,17
2026-02-04,Plant C,M-04,P-02,864,26
2026-02-04,Plant C,M-05,P-04,768,9
2026-02-04,Plant C,M-05,P-03,722,23
2026-02-04,Plant C,M-05,P-06,827,22
2026-02-05,Plant A,M-01,P-01,879,8
2026-02-05,Plant A,M-01,P-04,830,11
2026-02-05,Plant A,M-01,P-01,936,16
2026-02-05,Plant A,M-02,P-01,917,23
2026-02-05,Plant A,M-02,P-02,847,28
2026-02-05,Plant A,M-02,P-01,812,17
2026-02-05,Plant A,M-03,P-06,1175,30
2026-02-05,Plant A,M-03,P-03,868,13
2026-02-05,Plant A,M-03,P-04,771,18
2026-02-05,Plant A,M-04,P-05,917,71
2026-02-05,Plant A,M-04,P-02,1012,11
2026-02-05,Plant A,M-04,P-03,763,14
2026-02-05,Plant A,M-05,P-02,763,26
2026-02-05,Plant A,M-05,P-04,684,11
2026-02-05,Plant A,M-05,P-04,765,20
2026-02-05,Plant B,M-01,P-03,867,16
2026-02-05,Plant B,M-01,P-04,745,13
2026-02-05,Plant B,M-01,P-03,657,21
2026-02-05,Plant B,M-02,P-05,718,47
2026-02-05,Plant B,M-02,P-05,976,78
2026-02-05,Plant B,M-02,P-02,715,12
2026-02-05,Plant B,M-03,P-02,862,25
2026-02-05,Plant B,M-03,P-02,883,24
2026-02-05,Plant B,M-03,P-06,809,25
2026-02-05,Plant B,M-04,P-02,951,10
2026-02-05,Plant B,M-04,P-04,653,20
2026-02-05,Plant B,M-04,P-01,543,8
2026-02-05,Plant B,M-05,P-01,905,26
2026-02-05,Plant B,M-05,P-01,877,10
2026-02-05,Plant B,M-05,P-02,943,23
2026-02-05,Plant C,M-01,P-04,865,29
2026-02-05,Plant C,M-01,P-01,631,16
2026-02-05,Plant C,M-01,P-01,739,21
2026-02-05,Plant C,M-02,P-06,1020,30
2026-02-05,Plant C,M-02,P-06,833,22
2026-02-05,Plant C,M-02,P-01,843,24
2026-02-05,Plant C,M-03,P-04,1139,11
2026-02-05,Plant C,M-03,P-06,734,13
2026-02-05,Plant C,M-03,P-06,873,9
2026-02-05,Plant C,M-04,P-04,967,27
2026-02-05,Plant C,M-04,P-05,847,48
2026-02-05,Plant C,M-04,P-05,828,60
2026-02-05,Plant C,M-05,P-03,1012,35
2026-02-05,Plant C,M-05,P-02,664,8
2026-02-05,Plant C,M-05,P-01,946,10
2026-02-06,Plant A,M-01,P-01,771,24
2026-02-06,Plant A,M-01,P-05,711,34
2026-02-06,Plant A,M-01,P-01,685,23
2026-02-06,Plant A,M-02,P-02,917,21
2026-02-06,Plant A,M-02,P-05,786,39
2026-02-06,Plant A,M-02,P-03,659,8
2026-02-06,Plant A,M-03,P-02,840,27
2026-02-06,Plant A,M-03,P-05,714,45
2026-02-06,Plant A,M-03,P-01,895,27
2026-02-06,Plant A,M-04,P-01,1063,18
2026-02-06,Plant A,M-04,P-02,1052,26
2026-02-06,Plant A,M-04,P-04,795,23
2026-02-06,Plant A,M-05,P-02,1032,16
2026-02-06,Plant A,M-05,P-04,693,19
2026-02-06,Plant A,M-05,P-06,942,19
2026-02-06,Plant B,M-01,P-03,768,9
2026-02-06,Plant B,M-01,P-06,780,21
2026-02-06,Plant B,M-01,P-06,826,11
2026-02-06,Plant B,M-02,P-04,1108,32
2026-02-06,Plant B,M-02,P-06,776,15
2026-02-06,Plant B,M-02,P-02,719,9
2026-02-06,Plant B,M-03,P-01,803,26
2026-02-06,Plant B,M-03,P-06,739,14
2026-02-06,Plant B,M-03,P-03,718,6
2026-02-06,Plant B,M-04,P-05,748,45
2026-02-06,Plant B,M-04,P-04,884,13
2026-02-06,Plant B,M-04,P-04,626,21
2026-02-06,Plant B,M-05,P-01,794,9
2026-02-06,Plant B,M-05,P-01,838,22
2026-02-06,Plant B,M-05,P-05,894,67
2026-02-06,Plant C,M-01,P-06,1143,36
2026-02-06,Plant C,M-01,P-02,825,12
2026-02-06,Plant C,M-01,P-06,707,11
2026-02-06,Plant C,M-02,P-02,662,12
2026-02-06,Plant C,M-02,P-04,740,10
2026-02-06,Plant C,M-02,P-04,921,15
2026-02-06,Plant C,M-03,P-06,1058,17
2026-02-06,Plant C,M-03,P-05,1033,81
2026-02-06,Plant C,M-03,P-04,776,20
2026-02-06,Plant C,M-04,P-01,760,15
2026-02-06,Plant C,M-04,P-05,770,46
2026-02-06,Plant C,M-04,P-06,851,7
2026-02-06,Plant C,M-05,P-02,703,18
2026-02-06,Plant C,M-05,P-05,808,40
2026-02-06,Plant C,M-05,P-04,653,16
2026-02-07,Plant A,M-01,P-03,893,23
2026-02-07,Plant A,M-01,P-04,839,13
2026-02-07,Plant A,M-01,P-06,892,20
2026-02-07,Plant A,M-02,P-03,682,13
2026-02-07,Plant A,M-02,P-03,933,10
2026-02-07,Plant A,M-02,P-03,786,15
2026-02-07,Plant A,M-03,P-06,896,10
2026-02-07,Plant A,M-03,P-01,1074,22
2026-02-07,Plant A,M-03,P-03,717,19
2026-02-07,Plant A,M-04,P-01,969,13
2026-02-07,Plant A,M-04,P-04,800,22
2026-02-07,Plant A,M-04,P-03,741,23
2026-02-07,Plant A,M-05,P-05,708,40
2026-02-07,Plant A,M-05,P-04,738,11
2026-02-07,Plant A,M-05,P-01,799,15
2026-02-07,Plant B,M-01,P-04,1062,34
2026-02-07,Plant B,M-01,P-05,692,48
2026-02-07,Plant B,M-01,P-02,773,18
2026-02-07,Plant B,M-02,P-02,810,9
2026-02-07,Plant B,M-02,P-01,971,23
2026-02-07,Plant B,M-02,P-02,657,12
2026-02-07,Plant B,M-03,P-06,1027,18
2026-02-07,Plant B,M-03,P-06,937,18
2026-02-07,Plant B,M-03,P-01,980,9
2026-02-07,Plant B,M-04,P-05,875,60
2026-02-07,Plant B,M-04,P-01,575,9
2026-02-07,Plant B,M-04,P-01,680,5
2026-02-07,Plant B,M-05,P-02,776,17
2026-02-07,Plant B,M-05,P-02,822,8
2026-02-07,Plant B,M-05,P-06,753,7
2026-02-07,Plant C,M-01,P-06,688,11
2026-02-07,Plant C,M-01,P-03,979,10
2026-02-07,Plant C,M-01,P-06,871,8
2026-02-07,Plant C,M-02,P-03,862,25
2026-02-07,Plant C,M-02,P-06,789,27
2026-02-07,Plant C,M-02,P-02,827,24
2026-02-07,Plant C,M-03,P-06,800,7
2026-02-07,Plant C,M-03,P-06,769,26
2026-02-07,Plant C,M-03,P-06,784,12
2026-02-07,Plant C,M-04,P-03,936,32
2026-02-07,Plant C,M-04,P-03,917,30
2026-02-07,Plant C,M-04,P-03,827,22
2026-02-07,Plant C,M-05,P-02,668,13
2026-02-07,Plant C,M-05,P-05,791,35
2026-02-07,Plant C,M-05,P-04,863,22
2026-02-08,Plant A,M-01,P-01,797,10
2026-02-08,Plant A,M-01,P-03,616,20
2026-02-08,Plant A,M-01,P-02,1020,23
2026-02-08,Plant A,M-02,P-04,644,13
2026-02-08,Plant A,M-02,P-03,787,23
2026-02-08,Plant A,M-02,P-05,841,69
2026-02-08,Plant A,M-03,P-01,811,18
2026-02-08,Plant A,M-03,P-04,724,19
2026-02-08,Plant A,M-03,P-01,626,5
2026-02-08,Plant A,M-04,P-05,851,56
2026-02-08,Plant A,M-04,P-03,829,28
2026-02-08,Plant A,M-04,P-03,815,14
2026-02-08,Plant A,M-05,P-05,753,50
2026-02-08,Plant A,M-05,P-06,920,29
2026-02-08,Plant A,M-05,P-04,809,26
2026-02-08,Plant B,M-01,P-01,874,17
2026-02-08,Plant B,M-01,P-06,974,20
2026-02-08,Plant B,M-01,P-03,731,21
2026-02-08,Plant B,M-02,P-02,1073,28
2026-02-08,Plant B,M-02,P-02,719,14
2026-02-08,Plant B,M-02,P-02,775,14
2026-02-08,Plant B,M-03,P-01,882,23
2026-02-08,Plant B,M-03,P-04,969,28
2026-02-08,Plant B,M-03,P-05,975,69
2026-02-08,Plant B,M-04,P-05,933,59
2026-02-08,Plant B,M-04,P-04,957,14
2026-02-08,Plant B,M-04,P-04,643,10
2026-02-08,Plant B,M-05,P-06,1009,15
2026-02-08,Plant B,M-05,P-03,745,18
2026-02-08,Plant B,M-05,P-04,784,8
2026-02-08,Plant C,M-01,P-02,701,20
2026-02-08,Plant C,M-01,P-05,947,76
2026-02-08,Plant C,M-01,P-01,752,16
2026-02-08,Plant C,M-02,P-03,1106,11
2026-02-08,Plant C,M-02,P-01,834,23
2026-02-08,Plant C,M-02,P-03,883,9
2026-02-08,Plant C,M-03,P-02,784,12
2026-02-08,Plant C,M-03,P-06,676,16
2026-02-08,Plant C,M-03,P-06,820,18
2026-02-08,Plant C,M-04,P-05,1060,71
2026-02-08,Plant C,M-04,P-04,725,11
2026-02-08,Plant C,M-04,P-05,675,35
2026-02-08,Plant C,M-05,P-05,807,47
2026-02-08,Plant C,M-05,P-02,1010,12
2026-02-08,Plant C,M-05,P-01,931,25
2026-02-09,Plant A,M-01,P-05,891,69
2026-02-09,Plant A,M-01,P-02,824,25
2026-02-09,Plant A,M-01,P-03,782,11
2026-02-09,Plant A,M-02,P-05,772,41
2026-02-09,Plant A,M-02,P-06,816,22
2026-02-09,Plant A,M-02,P-06,793,22
2026-02-09,Plant A,M-03,P-06,626,18
2026-02-09,Plant A,M-03,P-06,775,25
2026-02-09,Plant A,M-03,P-05,981,66
2026-02-09,Plant A,M-04,P-04,963,22
2026-02-09,Plant A,M-04,P-03,702,23
2026-02-09,Plant A,M-04,P-03,941,12
2026-02-09,Plant A,M-05,P-02,1067,9
2026-02-09,Plant A,M-05,P-01,726,13
2026-02-09,Plant A,M-05,P-02,937,18
2026-02-09,Plant B,M-01,P-04,1105,33
2026-02-09,Plant B,M-01,P-03,909,17
2026-02-09,Plant B,M-01,P-05,720,32
2026-02-09,Plant B,M-02,P-01,1059,21
2026-02-09,Plant B,M-02,P-06,1035,29
2026-02-09,Plant B,M-02,P-03,804,7
2026-02-09,Plant B,M-03,P-05,795,50
2026-02-09,Plant B,M-03,P-05,782,35
2026-02-09,Plant B,M-03,P-05,894,50
2026-02-09,Plant B,M-04,P-04,748,8
2026-02-09,Plant B,M-04,P-03,578,19
2026-02-09,Plant B,M-04,P-06,518,15
2026-02-09,Plant B,M-05,P-05,1092,67
2026-02-09,Plant B,M-05,P-03,862,9
2026-02-09,Plant B,M-05,P-02,859,16
2026-02-09,Plant C,M-01,P-05,1046,83
2026-02-09,Plant C,M-01,P-02,942,12
2026-02-09,Plant C,M-01,P-02,929,9
2026-02-09,Plant C,M-02,P-01,964,12
2026-02-09,Plant C,M-02,P-04,795,14
2026-02-09,Plant C,M-02,P-05,894,69
2026-02-09,Plant C,M-03,P-06,831,15
2026-02-09,Plant C,M-03,P-02,874,12
2026-02-09,Plant C,M-03,P-02,644,5
2026-02-09,Plant C,M-04,P-04,691,17
2026-02-09,Plant C,M-04,P-03,1117,36
2026-02-09,Plant C,M-04,P-04,936,22
2026-02-09,Plant C,M-05,P-05,861,42
2026-02-09,Plant C,M-05,P-04,718,24
2026-02-09,Plant C,M-05,P-01,823,20
2026-02-10,Plant A,M-01,P-06,765,16
2026-02-10,Plant A,M-01,P-06,1091,8
2026-02-10,Plant A,M-01,P-04,704,22
2026-02-10,Plant A,M-02,P-01,1013,18
2026-02-10,Plant A,M-02,P-02,824,25
2026-02-10,Plant A,M-02,P-04,842,16
2026-02-10,Plant A,M-03,P-06,658,12
2026-02-10,Plant A,M-03,P-02,1146,20
2026-02-10,Plant A,M-03,P-01,707,16
2026-02-10,Plant A,M-04,P-01,1067,27
2026-02-10,Plant A,M-04,P-02,998,16
2026-02-10,Plant A,M-04,P-03,968,22
2026-02-10,Plant A,M-05,P-02,907,19
2026-02-10,Plant A,M-05,P-01,924,14
2026-02-10,Plant A,M-05,P-02,874,18
2026-02-10,Plant B,M-01,P-05,949,69
2026-02-10,Plant B,M-01,P-04,996,17
2026-02-10,Plant B,M-01,P-04,945,23
2026-02-10,Plant B,M-02,P-03,962,9
2026-02-10,Plant B,M-02,P-02,879,29
2026-02-10,Plant B,M-02,P-02,962,12
2026-02-10,Plant B,M-03,P-02,715,24
2026-02-10,Plant B,M-03,P-05,1004,74
2026-02-10,Plant B,M-03,P-01,624,5
2026-02-10,Plant B,M-04,P-06,948,25
2026-02-10,Plant B,M-04,P-03,772,25
2026-02-10,Plant B,M-04,P-02,444,7
2026-02-10,Plant B,M-05,P-03,953,10
2026-02-10,Plant B,M-05,P-01,1086,20
2026-02-10,Plant B,M-05,P-06,841,25
2026-02-10,Plant C,M-01,P-04,777,16
2026-02-10,Plant C,M-01,P-03,745,23
2026-02-10,Plant C,M-01,P-01,967,12
2026-02-10,Plant C,M-02,P-01,936,29
2026-02-10,Plant C,M-02,P-03,865,21
2026-02-10,Plant C,M-02,P-06,623,9
2026-02-10,Plant C,M-03,P-04,813,20
2026-02-10,Plant C,M-03,P-06,967,15
2026-02-10,Plant C,M-03,P-04,635,17
2026-02-10,Plant C,M-04,P-03,866,29
2026-02-10,Plant C,M-04,P-02,860,19
2026-02-10,Plant C,M-04,P-05,866,51
2026-02-10,Plant C,M-05,P-04,716,10
2026-02-10,Plant C,M-05,P-03,1017,14
2026-02-10,Plant C,M-05,P-02,617,15
2026-02-11,Plant A,M-01,P-02,863,22
2026-02-11,Plant A,M-01,P-05,671,54
2026-02-11,Plant A,M-01,P-01,643,11
2026-02-11,Plant A,M-02,P-06,773,12
2026-02-11,Plant A,M-02,P-01,872,28
2026-02-11,Plant A,M-02,P-02,954,21
2026-02-11,Plant A,M-03,P-01,1071,35
2026-02-11,Plant A,M-03,P-01,864,13
2026-02-11,Plant A,M-03,P-05,975,78
2026-02-11,Plant A,M-04,P-06,830,26
2026-02-11,Plant A,M-04,P-05,1096,78
2026-02-11,Plant A,M-04,P-03,986,27
2026-02-11,Plant A,M-05,P-06,1132,25
2026-02-11,Plant A,M-05,P-01,1089,16
2026-02-11,Plant A,M-05,P-01,615,6
2026-02-11,Plant B,M-01,P-05,797,58
2026-02-11,Plant B,M-01,P-05,839,60
2026-02-11,Plant B,M-01,P-05,817,43
2026-02-11,Plant B,M-02,P-05,1096,62
2026-02-11,Plant B,M-02,P-05,692,47
2026-02-11,Plant B,M-02,P-05,628,32
2026-02-11,Plant B,M-03,P-06,815,10
2026-02-11,Plant B,M-03,P-06,735,14
2026-02-11,Plant B,M-03,P-02,675,7
2026-02-11,Plant B,M-04,P-06,719,17
2026-02-11,Plant B,M-04,P-01,735,14
2026-02-11,Plant B,M-04,P-01,641,18
2026-02-11,Plant B,M-05,P-03,909,30
2026-02-11,Plant B,M-05,P-03,722,22
2026-02-11,Plant B,M-05,P-04,1014,30
2026-02-11,Plant C,M-01,P-04,773,8
2026-02-11,Plant C,M-01,P-05,928,43
2026-02-11,Plant C,M-01,P-02,857,23
2026-02-11,Plant C,M-02,P-01,675,9
2026-02-11,Plant C,M-02,P-05,775,50
2026-02-11,Plant C,M-02,P-05,898,70
2026-02-11,Plant C,M-03,P-03,967,28
2026-02-11,Plant C,M-03,P-03,729,12
2026-02-11,Plant C,M-03,P-01,771,11
2026-02-11,Plant C,M-04,P-06,1095,10
2026-02-11,Plant C,M-04,P-06,853,11
2026-02-11,Plant C,M-04,P-05,865,64
2026-02-11,Plant C,M-05,P-04,920,16
2026-02-11,Plant C,M-05,P-01,1059,22
2026-02-11,Plant C,M-05,P-04,1036,12
2026-02-12,Plant A,M-01,P-04,857,18
2026-02-12,Plant A,M-01,P-03,817,13
2026-02-12,Plant A,M-01,P-01,623,14
2026-02-12,Plant A,M-02,P-04,876,12
2026-02-12,Plant A,M-02,P-04,843,27
2026-02-12,Plant A,M-02,P-06,833,24
2026-02-12,Plant A,M-03,P-02,874,27
2026-02-12,Plant A,M-03,P-02,922,18
2026-02-12,Plant A,M-03,P-01,882,18
2026-02-12,Plant A,M-04,P-05,949,69
2026-02-12,Plant A,M-04,P-03,800,9
2026-02-12,Plant A,M-04,P-05,642,49
2026-02-12,Plant A,M-05,P-02,1014,22
2026-02-12,Plant A,M-05,P-05,988,57
2026-02-12,Plant A,M-05,P-03,706,18
2026-02-12,Plant B,M-01,P-05,963,57
2026-02-12,Plant B,M-01,P-05,951,51
2026-02-12,Plant B,M-01,P-02,890,18
2026-02-12,Plant B,M-02,P-05,813,61
2026-02-12,Plant B,M-02,P-05,627,50
2026-02-12,Plant B,M-02,P-01,726,21
2026-02-12,Plant B,M-03,P-03,1041,34
2026-02-12,Plant B,M-03,P-04,852,15
2026-02-12,Plant B,M-03,P-05,661,51
2026-02-12,Plant B,M-04,P-03,863,29
2026-02-12,Plant B,M-04,P-04,443,4
2026-02-12,Plant B,M-04,P-03,847,16
2026-02-12,Plant B,M-05,P-03,1116,38
2026-02-12,Plant B,M-05,P-02,743,17
2026-02-12,Plant B,M-05,P-05,878,49
2026-02-12,Plant C,M-01,P-04,1003,21
2026-02-12,Plant C,M-01,P-03,763,19
2026-02-12,Plant C,M-01,P-03,772,14
2026-02-12,Plant C,M-02,P-06,778,25
2026-02-12,Plant C,M-02,P-06,954,26
2026-02-12,Plant C,M-02,P-01,614,6
2026-02-12,Plant C,M-03,P-03,646,14
2026-02-12,Plant C,M-03,P-02,705,7
2026-02-12,Plant C,M-03,P-06,950,23
2026-02-12,Plant C,M-04,P-05,965,44
2026-02-12,Plant C,M-04,P-01,1038,16
2026-02-12,Plant C,M-04,P-05,687,36
2026-02-12,Plant C,M-05,P-06,898,24
2026-02-12,Plant C,M-05,P-01,1072,10
2026-02-12,Plant C,M-05,P-05,713,54
2026-02-13,Plant A,M-01,P-04,1019,8
2026-02-13,Plant A,M-01,P-06,984,8
2026-02-13,Plant A,M-01,P-02,867,23
2026-02-13,Plant A,M-02,P-06,1088,10
2026-02-13,Plant A,M-02,P-04,1042,33
2026-02-13,Plant A,M-02,P-03,624,13
2026-02-13,Plant A,M-03,P-05,776,43
2026-02-13,Plant A,M-03,P-06,725,9
2026-02-13,Plant A,M-03,P-06,948,7
2026-02-13,Plant A,M-04,P-01,910,26
2026-02-13,Plant A,M-04,P-03,966,18
2026-02-13,Plant A,M-04,P-06,951,17
2026-02-13,Plant A,M-05,P-01,872,26
2026-02-13,Plant A,M-05,P-02,653,20
2026-02-13,Plant A,M-05,P-01,890,11
2026-02-13,Plant B,M-01,P-05,939,63
2026-02-13,Plant B,M-01,P-03,815,22
2026-02-13,Plant B,M-01,P-01,908,19
2026-02-13,Plant B,M-02,P-05,967,70
2026-02-13,Plant B,M-02,P-04,1053,32
2026-02-13,Plant B,M-02,P-04,857,24
2026-02-13,Plant B,M-03,P-03,785,20
2026-02-13,Plant B,M-03,P-02,756,21
2026-02-13,Plant B,M-03,P-06,679,6
2026-02-13,Plant B,M-04,P-04,610,13
2026-02-13,Plant B,M-04,P-03,995,18
2026-02-13,Plant B,M-04,P-04,555,17
2026-02-13,Plant B,M-05,P-04,868,14
2026-02-13,Plant B,M-05,P-05,719,55
2026-02-13,Plant B,M-05,P-05,910,54
2026-02-13,Plant C,M-01,P-04,1110,27
2026-02-13,Plant C,M-01,P-01,741,16
2026-02-13,Plant C,M-01,P-01,654,11
2026-02-13,Plant C,M-02,P-03,1056,10
2026-02-13,Plant C,M-02,P-01,990,30
2026-02-13,Plant C,M-02,P-06,737,7
2026-02-13,Plant C,M-03,P-01,1026,35
2026-02-13,Plant C,M-03,P-02,848,16
2026-02-13,Plant C,M-03,P-04,869,30
2026-02-13,Plant C,M-04,P-02,1044,35
2026-02-13,Plant C,M-04,P-05,1018,67
2026-02-13,Plant C,M-04,P-03,913,19
2026-02-13,Plant C,M-05,P-05,924,48
2026-02-13,Plant C,M-05,P-02,1001,9
2026-02-13,Plant C,M-05,P-01,995,12
2026-02-14,Plant A,M-01,P-02,786,8
2026-02-14,Plant A,M-01,P-02,923,12
2026-02-14,Plant A,M-01,P-04,759,20
2026-02-14,Plant A,M-02,P-04,1076,9
2026-02-14,Plant A,M-02,P-04,595,14
2026-02-14,Plant A,M-02,P-02,613,9
2026-02-14,Plant A,M-03,P-06,1179,14
2026-02-14,Plant A,M-03,P-05,865,42
2026-02-14,Plant A,M-03,P-01,941,11
2026-02-14,Plant A,M-04,P-03,845,28
2026-02-14,Plant A,M-04,P-05,728,41
2026-02-14,Plant A,M-04,P-01,830,25
2026-02-14,Plant A,M-05,P-03,876,9
2026-02-14,Plant A,M-05,P-04,846,16
2026-02-14,Plant A,M-05,P-06,708,7
2026-02-14,Plant B,M-01,P-05,857,59
2026-02-14,Plant B,M-01,P-02,712,9
2026-02-14,Plant B,M-01,P-05,885,71
2026-02-14,Plant B,M-02,P-03,839,15
2026-02-14,Plant B,M-02,P-03,977,17
2026-02-14,Plant B,M-02,P-02,764,15
2026-02-14,Plant B,M-03,P-04,747,20
2026-02-14,Plant B,M-03,P-06,919,21
2026-02-14,Plant B,M-03,P-01,611,13
2026-02-14,Plant B,M-04,P-05,878,52
2026-02-14,Plant B,M-04,P-03,604,8
2026-02-14,Plant B,M-04,P-06,623,17
2026-02-14,Plant B,M-05,P-02,917,24
2026-02-14,Plant B,M-05,P-03,994,18
2026-02-14,Plant B,M-05,P-04,832,6
2026-02-14,Plant C,M-01,P-04,980,17
2026-02-14,Plant C,M-01,P-03,892,18
2026-02-14,Plant C,M-01,P-05,978,69
2026-02-14,Plant C,M-02,P-06,722,16
2026-02-14,Plant C,M-02,P-06,784,11
2026-02-14,Plant C,M-02,P-06,1007,31
2026-02-14,Plant C,M-03,P-02,1104,31
2026-02-14,Plant C,M-03,P-06,749,14
2026-02-14,Plant C,M-03,P-01,984,34
2026-02-14,Plant C,M-04,P-03,901,9
2026-02-14,Plant C,M-04,P-05,868,43
2026-02-14,Plant C,M-04,P-06,952,14
2026-02-14,Plant C,M-05,P-06,860,26
2026-02-14,Plant C,M-05,P-04,1014,16
2026-02-14,Plant C,M-05,P-05,653,36
2026-02-15,Plant A,M-01,P-01,1001,16
2026-02-15,Plant A,M-01,P-05,681,51
2026-02-15,Plant A,M-01,P-06,628,15
2026-02-15,Plant A,M-02,P-05,1092,85
2026-02-15,Plant A,M-02,P-04,977,15
2026-02-15,Plant A,M-02,P-04,744,23
2026-02-15,Plant A,M-03,P-02,715,22
2026-02-15,Plant A,M-03,P-02,816,13
2026-02-15,Plant A,M-03,P-06,803,27
2026-02-15,Plant A,M-04,P-03,1053,12
2026-02-15,Plant A,M-04,P-02,672,15
2026-02-15,Plant A,M-04,P-06,625,5
2026-02-15,Plant A,M-05,P-05,950,80
2026-02-15,Plant A,M-05,P-01,618,11
2026-02-15,Plant A,M-05,P-05,741,49
2026-02-15,Plant B,M-01,P-02,774,7
2026-02-15,Plant B,M-01,P-02,982,25
2026-02-15,Plant B,M-01,P-04,574,7
2026-02-15,Plant B,M-02,P-04,1153,34
2026-02-15,Plant B,M-02,P-05,1069,87
2026-02-15,Plant B,M-02,P-05,840,45
2026-02-15,Plant B,M-03,P-01,966,20
2026-02-15,Plant B,M-03,P-02,970,17
2026-02-15,Plant B,M-03,P-05,700,49
2026-02-15,Plant B,M-04,P-03,574,15
2026-02-15,Plant B,M-04,P-06,861,26
2026-02-15,Plant B,M-04,P-04,535,12
2026-02-15,Plant B,M-05,P-04,1085,32
2026-02-15,Plant B,M-05,P-01,852,27
2026-02-15,Plant B,M-05,P-01,734,14
2026-02-15,Plant C,M-01,P-02,880,22
2026-02-15,Plant C,M-01,P-05,845,62
2026-02-15,Plant C,M-01,P-05,588,38
2026-02-15,Plant C,M-02,P-01,980,15
2026-02-15,Plant C,M-02,P-02,973,8
2026-02-15,Plant C,M-02,P-02,866,28
2026-02-15,Plant C,M-03,P-01,815,16
2026-02-15,Plant C,M-03,P-02,820,16
2026-02-15,Plant C,M-03,P-01,934,17
2026-02-15,Plant C,M-04,P-06,1148,24
2026-02-15,Plant C,M-04,P-04,1047,25
2026-02-15,Plant C,M-04,P-01,906,29
2026-02-15,Plant C,M-05,P-06,1028,14
2026-02-15,Plant C,M-05,P-03,788,25
2026-02-15,Plant C,M-05,P-05,685,57
2026-02-16,Plant A,M-01,P-04,670,15
2026-02-16,Plant A,M-01,P-05,1003,50
2026-02-16,Plant A,M-01,P-04,707,8
2026-02-16,Plant A,M-02,P-03,873,30
2026-02-16,Plant A,M-02,P-05,1118,66
2026-02-16,Plant A,M-02,P-06,786,14
2026-02-16,Plant A,M-03,P-04,986,20
2026-02-16,Plant A,M-03,P-01,683,8
2026-02-16,Plant A,M-03,P-06,916,13
2026-02-16,Plant A,M-04,P-01,1160,17
2026-02-16,Plant A,M-04,P-01,683,8
2026-02-16,Plant A,M-04,P-02,802,20
2026-02-16,Plant A,M-05,P-03,1002,20
2026-02-16,Plant A,M-05,P-03,944,7
2026-02-16,Plant A,M-05,P-03,825,23
2026-02-16,Plant B,M-01,P-06,786,15
2026-02-16,Plant B,M-01,P-02,986,10
2026-02-16,Plant B,M-01,P-05,579,34
2026-02-16,Plant B,M-02,P-05,876,51
2026-02-16,Plant B,M-02,P-05,652,32
2026-02-16,Plant B,M-02,P-02,822,8
2026-02-16,Plant B,M-03,P-05,807,54
2026-02-16,Plant B,M-03,P-06,762,24
2026-02-16,Plant B,M-03,P-04,948,26
2026-02-16,Plant B,M-04,P-06,554,6
2026-02-16,Plant B,M-04,P-06,766,10
2026-02-16,Plant B,M-04,P-01,477,9
2026-02-16,Plant B,M-05,P-06,861,28
2026-02-16,Plant B,M-05,P-01,620,20
2026-02-16,Plant B,M-05,P-04,831,16
2026-02-16,Plant C,M-01,P-05,838,43
2026-02-16,Plant C,M-01,P-04,703,24
2026-02-16,Plant C,M-01,P-02,870,11
2026-02-16,Plant C,M-02,P-04,1219,35
2026-02-16,Plant C,M-02,P-03,1079,19
2026-02-16,Plant C,M-02,P-05,618,40
2026-02-16,Plant C,M-03,P-05,1139,75
2026-02-16,Plant C,M-03,P-05,800,39
2026-02-16,Plant C,M-03,P-02,758,17
2026-02-16,Plant C,M-04,P-03,1010,34
2026-02-16,Plant C,M-04,P-05,811,51
2026-02-16,Plant C,M-04,P-06,795,26
2026-02-16,Plant C,M-05,P-04,742,24
2026-02-16,Plant C,M-05,P-03,988,30
2026-02-16,Plant C,M-05,P-02,894,26
2026-02-17,Plant A,M-01,P-04,877,25
2026-02-17,Plant A,M-01,P-02,874,9
2026-02-17,Plant A,M-01,P-05,879,62
2026-02-17,Plant A,M-02,P-01,1084,26
2026-02-17,Plant A,M-02,P-01,1005,25
2026-02-17,Plant A,M-02,P-05,711,39
2026-02-17,Plant A,M-03,P-04,1186,28
2026-02-17,Plant A,M-03,P-04,966,12
2026-02-17,Plant A,M-03,P-02,522,10
2026-02-17,Plant A,M-04,P-01,1029,19
2026-02-17,Plant A,M-04,P-03,736,10
2026-02-17,Plant A,M-04,P-01,847,18
2026-02-17,Plant A,M-05,P-02,770,8
2026-02-17,Plant A,M-05,P-03,952,19
2026-02-17,Plant A,M-05,P-06,825,25
2026-02-17,Plant B,M-01,P-03,846,7
2026-02-17,Plant B,M-01,P-05,707,47
2026-02-17,Plant B,M-01,P-03,952,11
2026-02-17,Plant B,M-02,P-02,880,11
2026-02-17,Plant B,M-02,P-06,789,13
2026-02-17,Plant B,M-02,P-06,943,25
2026-02-17,Plant B,M-03,P-05,908,73
2026-02-17,Plant B,M-03,P-01,705,14
2026-02-17,Plant B,M-03,P-03,812,17
2026-02-17,Plant B,M-04,P-01,912,16
2026-02-17,Plant B,M-04,P-02,599,5
2026-02-17,Plant B,M-04,P-04,673,10
2026-02-17,Plant B,M-05,P-02,860,8
2026-02-17,Plant B,M-05,P-02,922,24
2026-02-17,Plant B,M-05,P-01,974,16
2026-02-17,Plant C,M-01,P-03,841,23
2026-02-17,Plant C,M-01,P-05,917,49
2026-02-17,Plant C,M-01,P-03,646,9
2026-02-17,Plant C,M-02,P-03,1028,21
2026-02-17,Plant C,M-02,P-02,804,6
2026-02-17,Plant C,M-02,P-03,831,28
2026-02-17,Plant C,M-03,P-04,1085,14
2026-02-17,Plant C,M-03,P-05,660,30
2026-02-17,Plant C,M-03,P-03,879,12
2026-02-17,Plant C,M-04,P-05,1037,83
2026-02-17,Plant C,M-04,P-04,1088,35
2026-02-17,Plant C,M-04,P-02,874,17
2026-02-17,Plant C,M-05,P-01,1037,22
2026-02-17,Plant C,M-05,P-01,833,16
2026-02-17,Plant C,M-05,P-02,594,4
2026-02-18,Plant A,M-01,P-03,1113,19
2026-02-18,Plant A,M-01,P-02,863,22
2026-02-18,Plant A,M-01,P-04,918,24
2026-02-18,Plant A,M-02,P-03,748,15
2026-02-18,Plant A,M-02,P-04,853,18
2026-02-18,Plant A,M-02,P-04,734,20
2026-02-18,Plant A,M-03,P-04,1203,36
2026-02-18,Plant A,M-03,P-04,1011,27
2026-02-18,Plant A,M-03,P-05,736,50
2026-02-18,Plant A,M-04,P-01,793,19
2026-02-18,Plant A,M-04,P-02,973,29
2026-02-18,Plant A,M-04,P-01,708,16
2026-02-18,Plant A,M-05,P-06,832,19
2026-02-18,Plant A,M-05,P-02,699,17
2026-02-18,Plant A,M-05,P-06,687,6
2026-02-18,Plant B,M-01,P-03,865,17
2026-02-18,Plant B,M-01,P-04,785,6
2026-02-18,Plant B,M-01,P-02,768,22
2026-02-18,Plant B,M-02,P-03,795,22
2026-02-18,Plant B,M-02,P-03,1039,9
2026-02-18,Plant B,M-02,P-02,1043,25
2026-02-18,Plant B,M-03,P-01,986,20
2026-02-18,Plant B,M-03,P-01,1043,21
2026-02-18,Plant B,M-03,P-06,656,7
2026-02-18,Plant B,M-04,P-03,510,7
2026-02-18,Plant B,M-04,P-01,520,18
2026-02-18,Plant B,M-04,P-02,754,12
2026-02-18,Plant B,M-05,P-02,928,12
2026-02-18,Plant B,M-05,P-06,1065,21
2026-02-18,Plant B,M-05,P-06,972,15
2026-02-18,Plant C,M-01,P-05,979,59
2026-02-18,Plant C,M-01,P-02,944,29
2026-02-18,Plant C,M-01,P-04,644,17
2026-02-18,Plant C,M-02,P-01,825,14
2026-02-18,Plant C,M-02,P-03,771,18
2026-02-18,Plant C,M-02,P-02,994,21
2026-02-18,Plant C,M-03,P-01,1074,9
2026-02-18,Plant C,M-03,P-02,747,17
2026-02-18,Plant C,M-03,P-04,589,12
2026-02-18,Plant C,M-04,P-06,1023,8
2026-02-18,Plant C,M-04,P-05,1010,59
2026-02-18,Plant C,M-04,P-02,819,7
2026-02-18,Plant C,M-05,P-06,963,21
2026-02-18,Plant C,M-05,P-03,979,20
2026-02-18,Plant C,M-05,P-05,622,30
2026-02-19,Plant A,M-01,P-03,971,24
2026-02-19,Plant A,M-01,P-05,678,34
2026-02-19,Plant A,M-01,P-01,851,27
2026-02-19,Plant A,M-02,P-01,746,14
2026-02-19,Plant A,M-02,P-05,986,53
2026-02-19,Plant A,M-02,P-04,710,9
2026-02-19,Plant A,M-03,P-02,1015,9
2026-02-19,Plant A,M-03,P-02,1018,21
2026-02-19,Plant A,M-03,P-03,761,16
2026-02-19,Plant A,M-04,P-05,995,58
2026-02-19,Plant A,M-04,P-05,783,65
2026-02-19,Plant A,M-04,P-06,988,33
2026-02-19,Plant A,M-05,P-03,773,26
2026-02-19,Plant A,M-05,P-04,640,14
2026-02-19,Plant A,M-05,P-01,674,13
2026-02-19,Plant B,M-01,P-01,694,20
2026-02-19,Plant B,M-01,P-06,853,12
2026-02-19,Plant B,M-01,P-04,869,7
2026-02-19,Plant B,M-02,P-05,1007,73
2026-02-19,Plant B,M-02,P-04,981,27
2026-02-19,Plant B,M-02,P-04,585,10
2026-02-19,Plant B,M-03,P-02,733,10
2026-02-19,Plant B,M-03,P-03,1095,34
2026-02-19,Plant B,M-03,P-03,974,11
2026-02-19,Plant B,M-04,P-05,666,48
2026-02-19,Plant B,M-04,P-04,401,7
2026-02-19,Plant B,M-04,P-06,575,6
2026-02-19,Plant B,M-05,P-01,708,8
2026-02-19,Plant B,M-05,P-03,931,29
2026-02-19,Plant B,M-05,P-05,676,45
2026-02-19,Plant C,M-01,P-01,778,12
2026-02-19,Plant C,M-01,P-02,1027,11
2026-02-19,Plant C,M-01,P-01,864,26
2026-02-19,Plant C,M-02,P-01,940,15
2026-02-19,Plant C,M-02,P-03,1072,14
2026-02-19,Plant C,M-02,P-04,962,33
2026-02-19,Plant C,M-03,P-05,954,74
2026-02-19,Plant C,M-03,P-04,1100,17
2026-02-19,Plant C,M-03,P-05,707,50
2026-02-19,Plant C,M-04,P-01,896,20
2026-02-19,Plant C,M-04,P-06,1058,14
2026-02-19,Plant C,M-04,P-01,931,22
2026-02-19,Plant C,M-05,P-06,905,10
2026-02-19,Plant C,M-05,P-01,923,15
2026-02-19,Plant C,M-05,P-02,775,9
2026-02-20,Plant A,M-01,P-01,718,18
2026-02-20,Plant A,M-01,P-03,714,9
2026-02-20,Plant A,M-01,P-06,953,17
2026-02-20,Plant A,M-02,P-01,816,13
2026-02-20,Plant A,M-02,P-01,902,26
2026-02-20,Plant A,M-02,P-05,771,45
2026-02-20,Plant A,M-03,P-03,719,9
2026-02-20,Plant A,M-03,P-04,683,23
2026-02-20,Plant A,M-03,P-04,730,10
2026-02-20,Plant A,M-04,P-04,802,20
2026-02-20,Plant A,M-04,P-02,821,9
2026-02-20,Plant A,M-04,P-02,672,11
2026-02-20,Plant A,M-05,P-06,1064,30
2026-02-20,Plant A,M-05,P-06,714,23
2026-02-20,Plant A,M-05,P-01,909,15
2026-02-20,Plant B,M-01,P-06,997,34
2026-02-20,Plant B,M-01,P-05,793,63
2026-02-20,Plant B,M-01,P-06,737,12
2026-02-20,Plant B,M-02,P-04,875,11
2026-02-20,Plant B,M-02,P-04,962,9
2026-02-20,Plant B,M-02,P-01,846,18
2026-02-20,Plant B,M-03,P-04,789,6
2026-02-20,Plant B,M-03,P-06,855,15
2026-02-20,Plant B,M-03,P-06,795,11
2026-02-20,Plant B,M-04,P-01,669,14
2026-02-20,Plant B,M-04,P-03,494,7
2026-02-20,Plant B,M-04,P-02,572,13
2026-02-20,Plant B,M-05,P-02,913,23
2026-02-20,Plant B,M-05,P-04,772,20
2026-02-20,Plant B,M-05,P-05,867,51
2026-02-20,Plant C,M-01,P-01,782,20
2026-02-20,Plant C,M-01,P-04,697,16
2026-02-20,Plant C,M-01,P-04,860,14
2026-02-20,Plant C,M-02,P-06,752,23
2026-02-20,Plant C,M-02,P-03,853,16
2026-02-20,Plant C,M-02,P-03,938,15
2026-02-20,Plant C,M-03,P-02,1100,12
2026-02-20,Plant C,M-03,P-02,848,8
2026-02-20,Plant C,M-03,P-04,1018,25
2026-02-20,Plant C,M-04,P-06,826,10
2026-02-20,Plant C,M-04,P-03,996,33
2026-02-20,Plant C,M-04,P-02,1055,13
2026-02-20,Plant C,M-05,P-02,862,16
2026-02-20,Plant C,M-05,P-06,1011,31
2026-02-20,Plant C,M-05,P-02,877,24
2026-02-21,Plant A,M-01,P-01,632,19
2026-02-21,Plant A,M-01,P-02,779,14
2026-02-21,Plant A,M-01,P-06,744,25
2026-02-21,Plant A,M-02,P-01,760,23
2026-02-21,Plant A,M-02,P-01,849,28
2026-02-21,Plant A,M-02,P-03,710,13
2026-02-21,Plant A,M-03,P-06,923,22
2026-02-21,Plant A,M-03,P-03,812,12
2026-02-21,Plant A,M-03,P-05,771,52
2026-02-21,Plant A,M-04,P-03,954,29
2026-02-21,Plant A,M-04,P-04,811,8
2026-02-21,Plant A,M-04,P-04,655,21
2026-02-21,Plant A,M-05,P-06,887,29
2026-02-21,Plant A,M-05,P-05,1050,72
2026-02-21,Plant A,M-05,P-02,1033,9
2026-02-21,Plant B,M-01,P-02,967,31
2026-02-21,Plant B,M-01,P-06,859,25
2026-02-21,Plant B,M-01,P-06,784,27
2026-02-21,Plant B,M-02,P-04,1060,24
2026-02-21,Plant B,M-02,P-01,860,22
2026-02-21,Plant B,M-02,P-02,649,8
2026-02-21,Plant B,M-03,P-03,1084,26
2026-02-21,Plant B,M-03,P-05,724,41
2026-02-21,Plant B,M-03,P-03,755,10
2026-02-21,Plant B,M-04,P-04,763,22
2026-02-21,Plant B,M-04,P-01,658,8
2026-02-21,Plant B,M-04,P-02,720,9
2026-02-21,Plant B,M-05,P-06,761,22
2026-02-21,Plant B,M-05,P-03,685,23
2026-02-21,Plant B,M-05,P-03,774,22
2026-02-21,Plant C,M-01,P-04,834,14
2026-02-21,Plant C,M-01,P-03,1072,20
2026-02-21,Plant C,M-01,P-01,668,14
2026-02-21,Plant C,M-02,P-06,753,15
2026-02-21,Plant C,M-02,P-06,837,13
2026-02-21,Plant C,M-02,P-01,785,15
2026-02-21,Plant C,M-03,P-03,845,25
2026-02-21,Plant C,M-03,P-04,792,23
2026-02-21,Plant C,M-03,P-05,726,34
2026-02-21,Plant C,M-04,P-02,796,24
2026-02-21,Plant C,M-04,P-01,723,11
2026-02-21,Plant C,M-04,P-05,877,67
2026-02-21,Plant C,M-05,P-06,890,18
2026-02-21,Plant C,M-05,P-01,784,8
2026-02-21,Plant C,M-05,P-05,586,38
2026-02-22,Plant A,M-01,P-05,788,51
2026-02-22,Plant A,M-01,P-01,725,25
2026-02-22,Plant A,M-01,P-05,637,53
2026-02-22,Plant A,M-02,P-04,846,20
2026-02-22,Plant A,M-02,P-02,906,18
2026-02-22,Plant A,M-02,P-01,678,21
2026-02-22,Plant A,M-03,P-04,990,33
2026-02-22,Plant A,M-03,P-03,756,14
2026-02-22,Plant A,M-03,P-03,891,13
2026-02-22,Plant A,M-04,P-02,945,18
2026-02-22,Plant A,M-04,P-05,1064,74
2026-02-22,Plant A,M-04,P-06,735,7
2026-02-22,Plant A,M-05,P-04,975,20
2026-02-22,Plant A,M-05,P-03,672,9
2026-02-22,Plant A,M-05,P-03,1003,9
2026-02-22,Plant B,M-01,P-06,1007,17
2026-02-22,Plant B,M-01,P-01,740,18
2026-02-22,Plant B,M-01,P-01,876,15
2026-02-22,Plant B,M-02,P-02,897,28
2026-02-22,Plant B,M-02,P-04,1050,34
2026-02-22,Plant B,M-02,P-01,839,21
2026-02-22,Plant B,M-03,P-04,1008,16
2026-02-22,Plant B,M-03,P-04,707,9
2026-02-22,Plant B,M-03,P-04,921,28
2026-02-22,Plant B,M-04,P-06,709,7
2026-02-22,Plant B,M-04,P-01,451,10
2026-02-22,Plant B,M-04,P-06,766,17
2026-02-22,Plant B,M-05,P-04,859,7
2026-02-22,Plant B,M-05,P-01,883,10
2026-02-22,Plant B,M-05,P-04,825,27
2026-02-22,Plant C,M-01,P-06,980,9
2026-02-22,Plant C,M-01,P-03,724,24
2026-02-22,Plant C,M-01,P-05,1015,59
2026-02-22,Plant C,M-02,P-04,993,30
2026-02-22,Plant C,M-02,P-03,890,10
2026-02-22,Plant C,M-02,P-03,951,33
2026-02-22,Plant C,M-03,P-06,1105,15
2026-02-22,Plant C,M-03,P-01,872,8
2026-02-22,Plant C,M-03,P-05,561,40
2026-02-22,Plant C,M-04,P-01,897,21
2026-02-22,Plant C,M-04,P-03,999,26
2026-02-22,Plant C,M-04,P-02,770,19
2026-02-22,Plant C,M-05,P-02,952,32
2026-02-22,Plant C,M-05,P-06,899,14
2026-02-22,Plant C,M-05,P-06,848,29
2026-02-23,Plant A,M-01,P-03,896,10
2026-02-23,Plant A,M-01,P-06,749,9
2026-02-23,Plant A,M-01,P-04,953,19
2026-02-23,Plant A,M-02,P-02,913,13
2026-02-23,Plant A,M-02,P-04,957,13
2026-02-23,Plant A,M-02,P-06,935,22
2026-02-23,Plant A,M-03,P-03,661,8
2026-02-23,Plant A,M-03,P-04,671,9
2026-02-23,Plant A,M-03,P-02,720,22
2026-02-23,Plant A,M-04,P-02,990,8
2026-02-23,Plant A,M-04,P-03,1060,27
2026-02-23,Plant A,M-04,P-05,649,42
2026-02-23,Plant A,M-05,P-06,688,18
2026-02-23,Plant A,M-05,P-06,1081,21
2026-02-23,Plant A,M-05,P-06,827,17
2026-02-23,Plant B,M-01,P-04,874,17
2026-02-23,Plant B,M-01,P-02,1068,13
2026-02-23,Plant B,M-01,P-03,685,14
2026-02-23,Plant B,M-02,P-01,684,8
2026-02-23,Plant B,M-02,P-03,915,13
2026-02-23,Plant B,M-02,P-04,698,10
2026-02-23,Plant B,M-03,P-05,1128,86
2026-02-23,Plant B,M-03,P-04,987,23
2026-02-23,Plant B,M-03,P-02,851,15
2026-02-23,Plant B,M-04,P-03,607,10
2026-02-23,Plant B,M-04,P-03,641,7
2026-02-23,Plant B,M-04,P-02,734,12
2026-02-23,Plant B,M-05,P-06,994,29
2026-02-23,Plant B,M-05,P-01,902,26
2026-02-23,Plant B,M-05,P-06,785,20
2026-02-23,Plant C,M-01,P-02,821,9
2026-02-23,Plant C,M-01,P-04,935,16
2026-02-23,Plant C,M-01,P-02,727,12
2026-02-23,Plant C,M-02,P-02,698,16
2026-02-23,Plant C,M-02,P-03,1032,34
2026-02-23,Plant C,M-02,P-01,667,13
2026-02-23,Plant C,M-03,P-05,1028,59
2026-02-23,Plant C,M-03,P-05,800,47
2026-02-23,Plant C,M-03,P-04,797,13
2026-02-23,Plant C,M-04,P-06,1178,10
2026-02-23,Plant C,M-04,P-05,873,70
2026-02-23,Plant C,M-04,P-02,645,6
2026-02-23,Plant C,M-05,P-02,939,14
2026-02-23,Plant C,M-05,P-01,842,27
2026-02-23,Plant C,M-05,P-06,977,10
2026-02-24,Plant A,M-01,P-05,952,63
2026-02-24,Plant A,M-01,P-02,945,16
2026-02-24,Plant A,M-01,P-04,933,19
2026-02-24,Plant A,M-02,P-04,982,33
2026-02-24,Plant A,M-02,P-04,1045,30
2026-02-24,Plant A,M-02,P-01,763,17
2026-02-24,Plant A,M-03,P-05,1079,85
2026-02-24,Plant A,M-03,P-03,1063,34
2026-02-24,Plant A,M-03,P-02,577,5
2026-02-24,Plant A,M-04,P-02,840,15
2026-02-24,Plant A,M-04,P-05,837,69
2026-02-24,Plant A,M-04,P-01,807,23
2026-02-24,Plant A,M-05,P-02,775,20
2026-02-24,Plant A,M-05,P-02,762,15
2026-02-24,Plant A,M-05,P-05,774,53
2026-02-24,Plant B,M-01,P-06,782,19
2026-02-24,Plant B,M-01,P-05,928,58
2026-02-24,Plant B,M-01,P-05,926,58
2026-02-24,Plant B,M-02,P-04,1094,13
2026-02-24,Plant B,M-02,P-05,877,64
2026-02-24,Plant B,M-02,P-03,903,31
2026-02-24,Plant B,M-03,P-04,1088,21
2026-02-24,Plant B,M-03,P-01,1061,30
2026-02-24,Plant B,M-03,P-02,944,22
2026-02-24,Plant B,M-04,P-06,710,19
2026-02-24,Plant B,M-04,P-02,681,18
2026-02-24,Plant B,M-04,P-02,718,8
2026-02-24,Plant B,M-05,P-05,1134,68
2026-02-24,Plant B,M-05,P-03,911,27
2026-02-24,Plant B,M-05,P-04,767,11
2026-02-24,Plant C,M-01,P-01,779,24
2026-02-24,Plant C,M-01,P-03,740,9
2026-02-24,Plant C,M-01,P-06,977,18
2026-02-24,Plant C,M-02,P-06,1074,36
2026-02-24,Plant C,M-02,P-01,1033,17
2026-02-24,Plant C,M-02,P-06,927,25
2026-02-24,Plant C,M-03,P-04,946,28
2026-02-24,Plant C,M-03,P-01,744,17
2026-02-24,Plant C,M-03,P-06,974,19
2026-02-24,Plant C,M-04,P-05,1163,63
2026-02-24,Plant C,M-04,P-06,748,9
2026-02-24,Plant C,M-04,P-03,721,18
2026-02-24,Plant C,M-05,P-02,1020,15
2026-02-24,Plant C,M-05,P-01,686,14
2026-02-24,Plant C,M-05,P-04,857,13
2026-02-25,Plant A,M-01,P-03,698,17
2026-02-25,Plant A,M-01,P-03,792,15
2026-02-25,Plant A,M-01,P-05,639,54
2026-02-25,Plant A,M-02,P-03,877,18
2026-02-25,Plant A,M-02,P-05,858,62
2026-02-25,Plant A,M-02,P-04,814,21
2026-02-25,Plant A,M-03,P-05,721,33
2026-02-25,Plant A,M-03,P-01,769,6
2026-02-25,Plant A,M-03,P-06,653,8
2026-02-25,Plant A,M-04,P-04,1065,12
2026-02-25,Plant A,M-04,P-06,735,17
2026-02-25,Plant A,M-04,P-05,857,53
2026-02-25,Plant A,M-05,P-02,1013,14
2026-02-25,Plant A,M-05,P-04,975,30
2026-02-25,Plant A,M-05,P-03,749,6
2026-02-25,Plant B,M-01,P-05,1069,81
2026-02-25,Plant B,M-01,P-04,1013,18
2026-02-25,Plant B,M-01,P-06,822,9
2026-02-25,Plant B,M-02,P-05,817,65
2026-02-25,Plant B,M-02,P-04,985,14
2026-02-25,Plant B,M-02,P-04,765,21
2026-02-25,Plant B,M-03,P-01,683,19
2026-02-25,Plant B,M-03,P-03,887,16
2026-02-25,Plant B,M-03,P-03,577,15
2026-02-25,Plant B,M-04,P-02,547,14
2026-02-25,Plant B,M-04,P-02,638,13
2026-02-25,Plant B,M-04,P-04,412,6
2026-02-25,Plant B,M-05,P-03,1212,26
2026-02-25,Plant B,M-05,P-01,1066,22
2026-02-25,Plant B,M-05,P-05,666,52
2026-02-25,Plant C,M-01,P-06,716,16
2026-02-25,Plant C,M-01,P-04,976,9
2026-02-25,Plant C,M-01,P-03,927,25
2026-02-25,Plant C,M-02,P-03,1041,10
2026-02-25,Plant C,M-02,P-01,952,17
2026-02-25,Plant C,M-02,P-01,747,13
2026-02-25,Plant C,M-03,P-05,952,63
2026-02-25,Plant C,M-03,P-05,887,53
2026-02-25,Plant C,M-03,P-02,958,8
2026-02-25,Plant C,M-04,P-02,858,26
2026-02-25,Plant C,M-04,P-06,876,30
2026-02-25,Plant C,M-04,P-04,883,17
2026-02-25,Plant C,M-05,P-01,787,7
2026-02-25,Plant C,M-05,P-06,1044,28
2026-02-25,Plant C,M-05,P-02,955,31
2026-02-26,Plant A,M-01,P-06,1059,29
2026-02-26,Plant A,M-01,P-05,876,73
2026-02-26,Plant A,M-01,P-03,806,25
2026-02-26,Plant A,M-02,P-04,1006,29
2026-02-26,Plant A,M-02,P-03,1089,19
2026-02-26,Plant A,M-02,P-01,945,23
2026-02-26,Plant A,M-03,P-03,1016,30
2026-02-26,Plant A,M-03,P-03,947,16
2026-02-26,Plant A,M-03,P-02,930,13
2026-02-26,Plant A,M-04,P-05,1112,54
2026-02-26,Plant A,M-04,P-03,655,8
2026-02-26,Plant A,M-04,P-06,738,11
2026-02-26,Plant A,M-05,P-05,864,70
2026-02-26,Plant A,M-05,P-02,856,11
2026-02-26,Plant A,M-05,P-04,712,19
2026-02-26,Plant B,M-01,P-05,716,47
2026-02-26,Plant B,M-01,P-04,971,28
2026-02-26,Plant B,M-01,P-03,792,7
2026-02-26,Plant B,M-02,P-02,1153,21
2026-02-26,Plant B,M-02,P-05,836,52
2026-02-26,Plant B,M-02,P-05,926,47
2026-02-26,Plant B,M-03,P-05,1022,67
2026-02-26,Plant B,M-03,P-02,975,28
2026-02-26,Plant B,M-03,P-01,876,23
2026-02-26,Plant B,M-04,P-05,847,61
2026-02-26,Plant B,M-04,P-04,885,30
2026-02-26,Plant B,M-04,P-02,605,20
2026-02-26,Plant B,M-05,P-05,1049,58
2026-02-26,Plant B,M-05,P-02,683,22
2026-02-26,Plant B,M-05,P-01,756,24
2026-02-26,Plant C,M-01,P-01,1103,29
2026-02-26,Plant C,M-01,P-04,1102,15
2026-02-26,Plant C,M-01,P-03,767,6
2026-02-26,Plant C,M-02,P-04,897,11
2026-02-26,Plant C,M-02,P-04,984,26
2026-02-26,Plant C,M-02,P-06,680,21
2026-02-26,Plant C,M-03,P-03,1045,10
2026-02-26,Plant C,M-03,P-04,802,24
2026-02-26,Plant C,M-03,P-06,863,20
2026-02-26,Plant C,M-04,P-04,887,11
2026-02-26,Plant C,M-04,P-05,809,61
2026-02-26,Plant C,M-04,P-01,684,22
2026-02-26,Plant C,M-05,P-05,841,63
2026-02-26,Plant C,M-05,P-03,647,13
2026-02-26,Plant C,M-05,P-04,728,24
2026-02-27,Plant A,M-01,P-02,692,13
2026-02-27,Plant A,M-01,P-02,911,18
2026-02-27,Plant A,M-01,P-05,802,50
2026-02-27,Plant A,M-02,P-05,755,49
2026-02-27,Plant A,M-02,P-06,946,28
2026-02-27,Plant A,M-02,P-04,946,19
2026-02-27,Plant A,M-03,P-03,740,14
2026-02-27,Plant A,M-03,P-05,1073,61
2026-02-27,Plant A,M-03,P-05,675,56
2026-02-27,Plant A,M-04,P-03,1057,15
2026-02-27,Plant A,M-04,P-01,792,7
2026-02-27,Plant A,M-04,P-02,647,22
2026-02-27,Plant A,M-05,P-02,681,18
2026-02-27,Plant A,M-05,P-04,915,19
2026-02-27,Plant A,M-05,P-05,806,45
2026-02-27,Plant B,M-01,P-03,803,8
2026-02-27,Plant B,M-01,P-06,877,15
2026-02-27,Plant B,M-01,P-05,753,36
2026-02-27,Plant B,M-02,P-02,1050,23
2026-02-27,Plant B,M-02,P-04,1047,23
2026-02-27,Plant B,M-02,P-02,932,22
2026-02-27,Plant B,M-03,P-03,788,16
2026-02-27,Plant B,M-03,P-03,782,13
2026-02-27,Plant B,M-03,P-03,918,22
2026-02-27,Plant B,M-04,P-06,828,17
2026-02-27,Plant B,M-04,P-04,914,15
2026-02-27,Plant B,M-04,P-05,598,46
2026-02-27,Plant B,M-05,P-03,1084,12
2026-02-27,Plant B,M-05,P-02,767,13
2026-02-27,Plant B,M-05,P-04,846,22
2026-02-27,Plant C,M-01,P-05,961,47
2026-02-27,Plant C,M-01,P-04,1056,27
2026-02-27,Plant C,M-01,P-06,831,19
2026-02-27,Plant C,M-02,P-01,1008,18
2026-02-27,Plant C,M-02,P-01,1059,11
2026-02-27,Plant C,M-02,P-05,660,36
2026-02-27,Plant C,M-03,P-06,926,28
2026-02-27,Plant C,M-03,P-01,1033,22
2026-02-27,Plant C,M-03,P-03,992,20
2026-02-27,Plant C,M-04,P-04,1091,19
2026-02-27,Plant C,M-04,P-01,995,24
2026-02-27,Plant C,M-04,P-01,878,17
2026-02-27,Plant C,M-05,P-01,744,6
2026-02-27,Plant C,M-05,P-01,1037,31
2026-02-27,Plant C,M-05,P-03,909,18
2026-02-28,Plant A,M-01,P-01,998,22
2026-02-28,Plant A,M-01,P-04,844,26
2026-02-28,Plant A,M-01,P-03,777,26
2026-02-28,Plant A,M-02,P-06,1153,17
2026-02-28,Plant A,M-02,P-03,871,10
2026-02-28,Plant A,M-02,P-01,993,20
2026-02-28,Plant A,M-03,P-01,1001,31
2026-02-28,Plant A,M-03,P-01,805,11
2026-02-28,Plant A,M-03,P-06,694,18
2026-02-28,Plant A,M-04,P-03,1152,33
2026-02-28,Plant A,M-04,P-03,1078,10
2026-02-28,Plant A,M-04,P-02,800,18
2026-02-28,Plant A,M-05,P-01,841,11
2026-02-28,Plant A,M-05,P-06,1076,11
2026-02-28,Plant A,M-05,P-06,832,23
2026-02-28,Plant B,M-01,P-06,1073,22
2026-02-28,Plant B,M-01,P-03,614,15
2026-02-28,Plant B,M-01,P-03,781,13
2026-02-28,Plant B,M-02,P-06,1043,15
2026-02-28,Plant B,M-02,P-02,900,20
2026-02-28,Plant B,M-02,P-05,803,65
2026-02-28,Plant B,M-03,P-02,947,7
2026-02-28,Plant B,M-03,P-03,743,15
2026-02-28,Plant B,M-03,P-05,1056,65
2026-02-28,Plant B,M-04,P-02,489,9
2026-02-28,Plant B,M-04,P-05,659,42
2026-02-28,Plant B,M-04,P-03,717,5
2026-02-28,Plant B,M-05,P-04,1200,22
2026-02-28,Plant B,M-05,P-02,755,16
2026-02-28,Plant B,M-05,P-06,960,17
2026-02-28,Plant C,M-01,P-02,1120,31
2026-02-28,Plant C,M-01,P-02,1049,10
2026-02-28,Plant C,M-01,P-05,761,62
2026-02-28,Plant C,M-02,P-04,900,13
2026-02-28,Plant C,M-02,P-03,668,18
2026-02-28,Plant C,M-02,P-01,818,10
2026-02-28,Plant C,M-03,P-05,1046,47
2026-02-28,Plant C,M-03,P-02,918,9
2026-02-28,Plant C,M-03,P-03,923,31
2026-02-28,Plant C,M-04,P-01,1020,26
2026-02-28,Plant C,M-04,P-01,674,9
2026-02-28,Plant C,M-04,P-02,680,20
2026-02-28,Plant C,M-05,P-01,919,13
2026-02-28,Plant C,M-05,P-04,998,28
2026-02-28,Plant C,M-05,P-01,876,30
2026-03-01,Plant A,M-01,P-03,1002,22
2026-03-01,Plant A,M-01,P-02,875,30
2026-03-01,Plant A,M-01,P-05,1044,59
2026-03-01,Plant A,M-02,P-05,884,72
2026-03-01,Plant A,M-02,P-02,716,5
2026-03-01,Plant A,M-02,P-04,897,24
2026-03-01,Plant A,M-03,P-03,1040,11
2026-03-01,Plant A,M-03,P-01,842,7
2026-03-01,Plant A,M-03,P-01,805,21
2026-03-01,Plant A,M-04,P-06,900,20
2026-03-01,Plant A,M-04,P-02,945,26
2026-03-01,Plant A,M-04,P-05,879,58
2026-03-01,Plant A,M-05,P-06,969,32
2026-03-01,Plant A,M-05,P-03,763,21
2026-03-01,Plant A,M-05,P-03,906,25
2026-03-01,Plant B,M-01,P-06,906,11
2026-03-01,Plant B,M-01,P-02,773,10
2026-03-01,Plant B,M-01,P-01,672,11
2026-03-01,Plant B,M-02,P-04,860,26
2026-03-01,Plant B,M-02,P-04,1074,29
2026-03-01,Plant B,M-02,P-05,661,41
2026-03-01,Plant B,M-03,P-01,746,19
2026-03-01,Plant B,M-03,P-04,945,10
2026-03-01,Plant B,M-03,P-03,663,21
2026-03-01,Plant B,M-04,P-02,804,10
2026-03-01,Plant B,M-04,P-01,824,28
2026-03-01,Plant B,M-04,P-03,537,9
2026-03-01,Plant B,M-05,P-05,1037,81
2026-03-01,Plant B,M-05,P-05,842,56
2026-03-01,Plant B,M-05,P-03,873,16
2026-03-01,Plant C,M-01,P-01,1072,22
2026-03-01,Plant C,M-01,P-01,938,20
2026-03-01,Plant C,M-01,P-01,726,12
2026-03-01,Plant C,M-02,P-05,714,33
2026-03-01,Plant C,M-02,P-05,962,54
2026-03-01,Plant C,M-02,P-05,907,66
2026-03-01,Plant C,M-03,P-04,837,25
2026-03-01,Plant C,M-03,P-03,1001,29
2026-03-01,Plant C,M-03,P-01,842,25
2026-03-01,Plant C,M-04,P-02,1027,20
2026-03-01,Plant C,M-04,P-01,1101,26
2026-03-01,Plant C,M-04,P-01,791,21
2026-03-01,Plant C,M-05,P-06,792,24
2026-03-01,Plant C,M-05,P-05,820,65
2026-03-01,Plant C,M-05,P-06,974,15
2026-03-02,Plant A,M-01,P-03,913,26
2026-03-02,Plant A,M-01,P-05,981,63
2026-03-02,Plant A,M-01,P-04,585,10
2026-03-02,Plant A,M-02,P-02,1061,24
2026-03-02,Plant A,M-02,P-05,1068,84
2026-03-02,Plant A,M-02,P-05,794,66
2026-03-02,Plant A,M-03,P-04,892,10
2026-03-02,Plant A,M-03,P-04,780,10
2026-03-02,Plant A,M-03,P-03,681,9
2026-03-02,Plant A,M-04,P-06,1086,21
2026-03-02,Plant A,M-04,P-06,763,20
2026-03-02,Plant A,M-04,P-01,876,23
2026-03-02,Plant A,M-05,P-03,738,19
2026-03-02,Plant A,M-05,P-04,879,28
2026-03-02,Plant A,M-05,P-04,706,14
2026-03-02,Plant B,M-01,P-03,960,10
2026-03-02,Plant B,M-01,P-02,803,19
2026-03-02,Plant B,M-01,P-05,665,41
2026-03-02,Plant B,M-02,P-03,703,14
2026-03-02,Plant B,M-02,P-04,750,15
2026-03-02,Plant B,M-02,P-01,641,6
2026-03-02,Plant B,M-03,P-02,1049,22
2026-03-02,Plant B,M-03,P-03,783,11
2026-03-02,Plant B,M-03,P-05,941,58
2026-03-02,Plant B,M-04,P-03,959,25
2026-03-02,Plant B,M-04,P-03,832,13
2026-03-02,Plant B,M-04,P-02,498,7
2026-03-02,Plant B,M-05,P-04,1036,27
2026-03-02,Plant B,M-05,P-06,684,9
2026-03-02,Plant B,M-05,P-01,685,7
2026-03-02,Plant C,M-01,P-03,695,18
2026-03-02,Plant C,M-01,P-03,952,14
2026-03-02,Plant C,M-01,P-02,845,15
2026-03-02,Plant C,M-02,P-01,925,7
2026-03-02,Plant C,M-02,P-06,953,25
2026-03-02,Plant C,M-02,P-04,725,17
2026-03-02,Plant C,M-03,P-06,832,8
2026-03-02,Plant C,M-03,P-06,908,23
2026-03-02,Plant C,M-03,P-06,674,12
2026-03-02,Plant C,M-04,P-04,788,14
2026-03-02,Plant C,M-04,P-05,828,48
2026-03-02,Plant C,M-04,P-06,945,8
2026-03-02,Plant C,M-05,P-04,716,11
2026-03-02,Plant C,M-05,P-01,800,15
2026-03-02,Plant C,M-05,P-04,608,21
2026-03-03,Plant A,M-01,P-04,721,14
2026-03-03,Plant A,M-01,P-01,659,11
2026-03-03,Plant A,M-01,P-02,876,12
2026-03-03,Plant A,M-02,P-03,971,8
2026-03-03,Plant A,M-02,P-04,1037,25
2026-03-03,Plant A,M-02,P-02,652,10
2026-03-03,Plant A,M-03,P-05,1142,78
2026-03-03,Plant A,M-03,P-04,720,7
2026-03-03,Plant A,M-03,P-05,877,69
2026-03-03,Plant A,M-04,P-06,963,19
2026-03-03,Plant A,M-04,P-03,1032,14
2026-03-03,Plant A,M-04,P-06,842,14
2026-03-03,Plant A,M-05,P-05,773,39
2026-03-03,Plant A,M-05,P-03,786,13
2026-03-03,Plant A,M-05,P-04,792,10
2026-03-03,Plant B,M-01,P-05,767,56
2026-03-03,Plant B,M-01,P-01,1038,28
2026-03-03,Plant B,M-01,P-05,881,60
2026-03-03,Plant B,M-02,P-01,893,10
2026-03-03,Plant B,M-02,P-04,946,20
2026-03-03,Plant B,M-02,P-03,733,21
2026-03-03,Plant B,M-03,P-02,752,7
2026-03-03,Plant B,M-03,P-03,972,13
2026-03-03,Plant B,M-03,P-04,839,12
2026-03-03,Plant B,M-04,P-06,948,26
2026-03-03,Plant B,M-04,P-03,697,16
2026-03-03,Plant B,M-04,P-04,822,10
2026-03-03,Plant B,M-05,P-04,769,22
2026-03-03,Plant B,M-05,P-01,868,23
2026-03-03,Plant B,M-05,P-06,910,29
2026-03-03,Plant C,M-01,P-04,888,25
2026-03-03,Plant C,M-01,P-02,997,30
2026-03-03,Plant C,M-01,P-05,635,34
2026-03-03,Plant C,M-02,P-01,840,10
2026-03-03,Plant C,M-02,P-06,1082,14
2026-03-03,Plant C,M-02,P-03,860,12
2026-03-03,Plant C,M-03,P-06,1067,34
2026-03-03,Plant C,M-03,P-06,744,19
2026-03-03,Plant C,M-03,P-06,1029,14
2026-03-03,Plant C,M-04,P-06,866,20
2026-03-03,Plant C,M-04,P-06,840,29
2026-03-03,Plant C,M-04,P-01,884,24
2026-03-03,Plant C,M-05,P-03,1099,15
2026-03-03,Plant C,M-05,P-04,1030,33
2026-03-03,Plant C,M-05,P-05,797,53
2026-03-04,Plant A,M-01,P-06,752,14
2026-03-04,Plant A,M-01,P-01,1004,13
2026-03-04,Plant A,M-01,P-02,598,11
2026-03-04,Plant A,M-02,P-01,908,22
2026-03-04,Plant A,M-02,P-01,784,15
2026-03-04,Plant A,M-02,P-05,968,48
2026-03-04,Plant A,M-03,P-03,778,9
2026-03-04,Plant A,M-03,P-04,745,11
2026-03-04,Plant A,M-03,P-05,650,42
2026-03-04,Plant A,M-04,P-05,739,58
2026-03-04,Plant A,M-04,P-03,1049,33
2026-03-04,Plant A,M-04,P-03,696,9
2026-03-04,Plant A,M-05,P-05,950,67
2026-03-04,Plant A,M-05,P-05,713,45
2026-03-04,Plant A,M-05,P-06,800,7
2026-03-04,Plant B,M-01,P-03,1039,35
2026-03-04,Plant B,M-01,P-02,946,13
2026-03-04,Plant B,M-01,P-02,787,26
2026-03-04,Plant B,M-02,P-03,1033,24
2026-03-04,Plant B,M-02,P-03,808,24
2026-03-04,Plant B,M-02,P-02,594,7
2026-03-04,Plant B,M-03,P-01,930,28
2026-03-04,Plant B,M-03,P-03,956,12
2026-03-04,Plant B,M-03,P-02,696,9
2026-03-04,Plant B,M-04,P-01,704,10
2026-03-04,Plant B,M-04,P-04,560,13
2026-03-04,Plant B,M-04,P-06,587,11
2026-03-04,Plant B,M-05,P-05,883,43
2026-03-04,Plant B,M-05,P-03,895,12
2026-03-04,Plant B,M-05,P-03,805,24
2026-03-04,Plant C,M-01,P-03,843,19
2026-03-04,Plant C,M-01,P-03,1069,9
2026-03-04,Plant C,M-01,P-05,746,43
2026-03-04,Plant C,M-02,P-04,1047,30
2026-03-04,Plant C,M-02,P-01,1010,14
2026-03-04,Plant C,M-02,P-04,856,21
2026-03-04,Plant C,M-03,P-05,765,62
2026-03-04,Plant C,M-03,P-01,883,11
2026-03-04,Plant C,M-03,P-03,852,28
2026-03-04,Plant C,M-04,P-05,1071,56
2026-03-04,Plant C,M-04,P-05,928,55
2026-03-04,Plant C,M-04,P-01,868,17
2026-03-04,Plant C,M-05,P-04,980,10
2026-03-04,Plant C,M-05,P-02,898,14
2026-03-04,Plant C,M-05,P-03,874,12
2026-03-05,Plant A,M-01,P-04,755,14
2026-03-05,Plant A,M-01,P-01,751,16
2026-03-05,Plant A,M-01,P-03,589,11
2026-03-05,Plant A,M-02,P-02,849,7
2026-03-05,Plant A,M-02,P-04,981,16
2026-03-05,Plant A,M-02,P-02,667,10
2026-03-05,Plant A,M-03,P-03,791,9
2026-03-05,Plant A,M-03,P-01,919,22
2026-03-05,Plant A,M-03,P-04,773,15
2026-03-05,Plant A,M-04,P-05,1178,53
2026-03-05,Plant A,M-04,P-01,975,29
2026-03-05,Plant A,M-04,P-03,1002,14
2026-03-05,Plant A,M-05,P-04,975,10
2026-03-05,Plant A,M-05,P-05,640,51
2026-03-05,Plant A,M-05,P-01,653,12
2026-03-05,Plant B,M-01,P-02,1114,23
2026-03-05,Plant B,M-01,P-06,914,24
2026-03-05,Plant B,M-01,P-03,764,8
2026-03-05,Plant B,M-02,P-01,1005,23
2026-03-05,Plant B,M-02,P-06,911,25
2026-03-05,Plant B,M-02,P-05,910,70
2026-03-05,Plant B,M-03,P-03,759,11
2026-03-05,Plant B,M-03,P-04,663,18
2026-03-05,Plant B,M-03,P-04,648,15
2026-03-05,Plant B,M-04,P-04,963,21
2026-03-05,Plant B,M-04,P-01,934,24
2026-03-05,Plant B,M-04,P-06,769,7
2026-03-05,Plant B,M-05,P-01,1117,29
2026-03-05,Plant B,M-05,P-06,732,18
2026-03-05,Plant B,M-05,P-02,939,23
2026-03-05,Plant C,M-01,P-02,935,14
2026-03-05,Plant C,M-01,P-04,1001,18
2026-03-05,Plant C,M-01,P-04,560,6
2026-03-05,Plant C,M-02,P-01,753,7
2026-03-05,Plant C,M-02,P-05,930,73
2026-03-05,Plant C,M-02,P-06,899,26
2026-03-05,Plant C,M-03,P-05,1089,56
2026-03-05,Plant C,M-03,P-04,1010,18
2026-03-05,Plant C,M-03,P-03,966,9
2026-03-05,Plant C,M-04,P-03,735,16
2026-03-05,Plant C,M-04,P-04,1025,12
2026-03-05,Plant C,M-04,P-01,754,11
2026-03-05,Plant C,M-05,P-05,811,62
2026-03-05,Plant C,M-05,P-06,754,11
2026-03-05,Plant C,M-05,P-05,733,44
2026-03-06,Plant A,M-01,P-02,666,8
2026-03-06,Plant A,M-01,P-02,889,24
2026-03-06,Plant A,M-01,P-04,714,18
2026-03-06,Plant A,M-02,P-06,992,31
2026-03-06,Plant A,M-02,P-01,695,6
2026-03-06,Plant A,M-02,P-01,718,8
2026-03-06,Plant A,M-03,P-01,886,30
2026-03-06,Plant A,M-03,P-05,775,41
2026-03-06,Plant A,M-03,P-05,920,51
2026-03-06,Plant A,M-04,P-03,941,16
2026-03-06,Plant A,M-04,P-03,823,20
2026-03-06,Plant A,M-04,P-06,752,13
2026-03-06,Plant A,M-05,P-02,1045,8
2026-03-06,Plant A,M-05,P-06,825,28
2026-03-06,Plant A,M-05,P-01,848,14
2026-03-06,Plant B,M-01,P-02,964,22
2026-03-06,Plant B,M-01,P-05,846,70
2026-03-06,Plant B,M-01,P-04,979,26
2026-03-06,Plant B,M-02,P-04,869,12
2026-03-06,Plant B,M-02,P-01,865,20
2026-03-06,Plant B,M-02,P-03,615,19
2026-03-06,Plant B,M-03,P-02,714,13
2026-03-06,Plant B,M-03,P-06,755,20
2026-03-06,Plant B,M-03,P-05,871,58
2026-03-06,Plant B,M-04,P-01,884,18
2026-03-06,Plant B,M-04,P-05,952,55
2026-03-06,Plant B,M-04,P-04,690,11
2026-03-06,Plant B,M-05,P-01,833,27
2026-03-06,Plant B,M-05,P-03,897,9
2026-03-06,Plant B,M-05,P-03,863,18
2026-03-06,Plant C,M-01,P-02,777,26
2026-03-06,Plant C,M-01,P-01,843,10
2026-03-06,Plant C,M-01,P-06,665,22
2026-03-06,Plant C,M-02,P-06,820,12
2026-03-06,Plant C,M-02,P-06,740,14
2026-03-06,Plant C,M-02,P-04,815,13
2026-03-06,Plant C,M-03,P-06,754,6
2026-03-06,Plant C,M-03,P-02,1109,20
2026-03-06,Plant C,M-03,P-04,877,10
2026-03-06,Plant C,M-04,P-01,809,13
2026-03-06,Plant C,M-04,P-06,843,7
2026-03-06,Plant C,M-04,P-01,673,7
2026-03-06,Plant C,M-05,P-05,905,59
2026-03-06,Plant C,M-05,P-06,940,7
2026-03-06,Plant C,M-05,P-03,866,19
2026-03-07,Plant A,M-01,P-06,903,18
2026-03-07,Plant A,M-01,P-04,951,23
2026-03-07,Plant A,M-01,P-05,750,53
2026-03-07,Plant A,M-02,P-01,827,25
2026-03-07,Plant A,M-02,P-01,1027,24
2026-03-07,Plant A,M-02,P-06,871,24
2026-03-07,Plant A,M-03,P-05,995,47
2026-03-07,Plant A,M-03,P-03,959,13
2026-03-07,Plant A,M-03,P-01,866,21
2026-03-07,Plant A,M-04,P-06,955,16
2026-03-07,Plant A,M-04,P-04,765,11
2026-03-07,Plant A,M-04,P-06,985,8
2026-03-07,Plant A,M-05,P-04,732,15
2026-03-07,Plant A,M-05,P-04,962,25
2026-03-07,Plant A,M-05,P-04,600,5
2026-03-07,Plant B,M-01,P-05,949,75
2026-03-07,Plant B,M-01,P-01,701,13
2026-03-07,Plant B,M-01,P-06,605,18
2026-03-07,Plant B,M-02,P-03,834,28
2026-03-07,Plant B,M-02,P-05,664,32
2026-03-07,Plant B,M-02,P-03,633,7
2026-03-07,Plant B,M-03,P-01,1145,34
2026-03-07,Plant B,M-03,P-06,960,19
2026-03-07,Plant B,M-03,P-04,671,7
2026-03-07,Plant B,M-04,P-01,1003,31
2026-03-07,Plant B,M-04,P-02,649,5
2026-03-07,Plant B,M-04,P-01,641,8
2026-03-07,Plant B,M-05,P-06,1122,19
2026-03-07,Plant B,M-05,P-05,1067,87
2026-03-07,Plant B,M-05,P-05,864,57
2026-03-07,Plant C,M-01,P-05,1039,46
2026-03-07,Plant C,M-01,P-05,937,70
2026-03-07,Plant C,M-01,P-03,1012,12
2026-03-07,Plant C,M-02,P-05,917,56
2026-03-07,Plant C,M-02,P-06,696,20
2026-03-07,Plant C,M-02,P-05,626,40
2026-03-07,Plant C,M-03,P-05,934,70
2026-03-07,Plant C,M-03,P-04,786,21
2026-03-07,Plant C,M-03,P-04,710,5
2026-03-07,Plant C,M-04,P-05,1155,77
2026-03-07,Plant C,M-04,P-05,823,55
2026-03-07,Plant C,M-04,P-04,801,15
2026-03-07,Plant C,M-05,P-02,792,12
2026-03-07,Plant C,M-05,P-01,686,10
2026-03-07,Plant C,M-05,P-06,685,9
2026-03-08,Plant A,M-01,P-06,1031,32
2026-03-08,Plant A,M-01,P-06,823,11
2026-03-08,Plant A,M-01,P-02,738,18
2026-03-08,Plant A,M-02,P-04,874,19
2026-03-08,Plant A,M-02,P-05,717,39
2026-03-08,Plant A,M-02,P-06,908,7
2026-03-08,Plant A,M-03,P-01,918,12
2026-03-08,Plant A,M-03,P-04,754,24
2026-03-08,Plant A,M-03,P-06,681,13
2026-03-08,Plant A,M-04,P-02,823,18
2026-03-08,Plant A,M-04,P-06,697,15
2026-03-08,Plant A,M-04,P-06,971,13
2026-03-08,Plant A,M-05,P-01,730,10
2026-03-08,Plant A,M-05,P-05,995,45
2026-03-08,Plant A,M-05,P-03,852,20
2026-03-08,Plant B,M-01,P-01,769,24
2026-03-08,Plant B,M-01,P-04,952,27
2026-03-08,Plant B,M-01,P-06,985,32
2026-03-08,Plant B,M-02,P-03,822,21
2026-03-08,Plant B,M-02,P-06,886,10
2026-03-08,Plant B,M-02,P-01,920,20
2026-03-08,Plant B,M-03,P-06,1004,12
2026-03-08,Plant B,M-03,P-03,827,28
2026-03-08,Plant B,M-03,P-02,602,17
2026-03-08,Plant B,M-04,P-06,618,21
2026-03-08,Plant B,M-04,P-04,722,10
2026-03-08,Plant B,M-04,P-05,838,53
2026-03-08,Plant B,M-05,P-05,1116,92
2026-03-08,Plant B,M-05,P-05,919,65
2026-03-08,Plant B,M-05,P-04,699,22
2026-03-08,Plant C,M-01,P-04,1078,36
2026-03-08,Plant C,M-01,P-02,1079,30
2026-03-08,Plant C,M-01,P-01,911,16
2026-03-08,Plant C,M-02,P-04,1130,32
2026-03-08,Plant C,M-02,P-04,790,15
2026-03-08,Plant C,M-02,P-03,721,8
2026-03-08,Plant C,M-03,P-06,678,12
2026-03-08,Plant C,M-03,P-06,925,24
2026-03-08,Plant C,M-03,P-01,921,26
2026-03-08,Plant C,M-04,P-03,1012,9
2026-03-08,Plant C,M-04,P-04,1034,18
2026-03-08,Plant C,M-04,P-04,931,25
2026-03-08,Plant C,M-05,P-04,934,10
2026-03-08,Plant C,M-05,P-01,1028,20
2026-03-08,Plant C,M-05,P-05,808,48
2026-03-09,Plant A,M-01,P-04,835,16
2026-03-09,Plant A,M-01,P-02,765,16
2026-03-09,Plant A,M-01,P-01,950,25
2026-03-09,Plant A,M-02,P-05,1073,84
2026-03-09,Plant A,M-02,P-04,590,16
2026-03-09,Plant A,M-02,P-06,766,17
2026-03-09,Plant A,M-03,P-04,1066,22
2026-03-09,Plant A,M-03,P-01,766,22
2026-03-09,Plant A,M-03,P-05,584,27
2026-03-09,Plant A,M-04,P-04,943,25
2026-03-09,Plant A,M-04,P-05,926,71
2026-03-09,Plant A,M-04,P-01,970,22
2026-03-09,Plant A,M-05,P-04,918,10
2026-03-09,Plant A,M-05,P-06,1083,26
2026-03-09,Plant A,M-05,P-04,784,6
2026-03-09,Plant B,M-01,P-01,775,18
2026-03-09,Plant B,M-01,P-06,644,5
2026-03-09,Plant B,M-01,P-05,781,45
2026-03-09,Plant B,M-02,P-02,586,5
2026-03-09,Plant B,M-02,P-04,980,28
2026-03-09,Plant B,M-02,P-05,791,37
2026-03-09,Plant B,M-03,P-04,776,6
2026-03-09,Plant B,M-03,P-02,919,15
2026-03-09,Plant B,M-03,P-05,847,49
2026-03-09,Plant B,M-04,P-05,634,47
2026-03-09,Plant B,M-04,P-03,977,12
2026-03-09,Plant B,M-04,P-05,588,44
2026-03-09,Plant B,M-05,P-04,811,11
2026-03-09,Plant B,M-05,P-03,962,22
2026-03-09,Plant B,M-05,P-05,597,29
2026-03-09,Plant C,M-01,P-05,1147,88
2026-03-09,Plant C,M-01,P-02,867,28
2026-03-09,Plant C,M-01,P-06,790,24
2026-03-09,Plant C,M-02,P-05,1097,89
2026-03-09,Plant C,M-02,P-01,873,20
2026-03-09,Plant C,M-02,P-02,826,28
2026-03-09,Plant C,M-03,P-04,1046,28
2026-03-09,Plant C,M-03,P-03,705,14
2026-03-09,Plant C,M-03,P-06,721,11
2026-03-09,Plant C,M-04,P-01,1035,19
2026-03-09,Plant C,M-04,P-03,1083,21
2026-03-09,Plant C,M-04,P-03,868,18
2026-03-09,Plant C,M-05,P-04,735,6
2026-03-09,Plant C,M-05,P-01,1036,35
2026-03-09,Plant C,M-05,P-01,827,12
2026-03-10,Plant A,M-01,P-04,927,21
2026-03-10,Plant A,M-01,P-02,1123,26
2026-03-10,Plant A,M-01,P-06,572,7
2026-03-10,Plant A,M-02,P-01,1117,19
2026-03-10,Plant A,M-02,P-06,867,17
2026-03-10,Plant A,M-02,P-04,849,8
2026-03-10,Plant A,M-03,P-03,1037,17
2026-03-10,Plant A,M-03,P-06,951,8
2026-03-10,Plant A,M-03,P-01,869,18
2026-03-10,Plant A,M-04,P-02,734,17
2026-03-10,Plant A,M-04,P-05,1010,48
2026-03-10,Plant A,M-04,P-03,896,24
2026-03-10,Plant A,M-05,P-04,883,30
2026-03-10,Plant A,M-05,P-02,1044,9
2026-03-10,Plant A,M-05,P-01,733,7
2026-03-10,Plant B,M-01,P-03,1053,20
2026-03-10,Plant B,M-01,P-02,775,18
2026-03-10,Plant B,M-01,P-02,847,21
2026-03-10,Plant B,M-02,P-05,938,52
2026-03-10,Plant B,M-02,P-06,957,17
2026-03-10,Plant B,M-02,P-03,615,13
2026-03-10,Plant B,M-03,P-01,851,10
2026-03-10,Plant B,M-03,P-01,991,31
2026-03-10,Plant B,M-03,P-05,815,42
2026-03-10,Plant B,M-04,P-02,608,19
2026-03-10,Plant B,M-04,P-04,419,7
2026-03-10,Plant B,M-04,P-06,540,17
2026-03-10,Plant B,M-05,P-01,1059,24
2026-03-10,Plant B,M-05,P-04,679,9
2026-03-10,Plant B,M-05,P-03,1034,26
2026-03-10,Plant C,M-01,P-01,727,12
2026-03-10,Plant C,M-01,P-05,696,32
2026-03-10,Plant C,M-01,P-01,718,20
2026-03-10,Plant C,M-02,P-04,960,21
2026-03-10,Plant C,M-02,P-01,917,21
2026-03-10,Plant C,M-02,P-01,785,21
2026-03-10,Plant C,M-03,P-01,695,21
2026-03-10,Plant C,M-03,P-04,1048,27
2026-03-10,Plant C,M-03,P-03,652,6
2026-03-10,Plant C,M-04,P-03,1078,30
2026-03-10,Plant C,M-04,P-05,890,63
2026-03-10,Plant C,M-04,P-06,845,19
2026-03-10,Plant C,M-05,P-05,768,49
2026-03-10,Plant C,M-05,P-04,883,16
2026-03-10,Plant C,M-05,P-05,897,73
2026-03-11,Plant A,M-01,P-01,1011,18
2026-03-11,Plant A,M-01,P-02,1047,11
2026-03-11,Plant A,M-01,P-06,991,14
2026-03-11,Plant A,M-02,P-03,790,16
2026-03-11,Plant A,M-02,P-01,705,18
2026-03-11,Plant A,M-02,P-03,814,25
2026-03-11,Plant A,M-03,P-01,986,24
2026-03-11,Plant A,M-03,P-01,796,18
2026-03-11,Plant A,M-03,P-01,966,31
2026-03-11,Plant A,M-04,P-03,944,13
2026-03-11,Plant A,M-04,P-05,809,62
2026-03-11,Plant A,M-04,P-03,757,20
2026-03-11,Plant A,M-05,P-01,855,10
2026-03-11,Plant A,M-05,P-02,761,11
2026-03-11,Plant A,M-05,P-01,567,9
2026-03-11,Plant B,M-01,P-02,922,26
2026-03-11,Plant B,M-01,P-01,821,21
2026-03-11,Plant B,M-01,P-01,859,25
2026-03-11,Plant B,M-02,P-03,1172,31
2026-03-11,Plant B,M-02,P-05,1054,57
2026-03-11,Plant B,M-02,P-05,684,50
2026-03-11,Plant B,M-03,P-02,1005,28
2026-03-11,Plant B,M-03,P-04,865,25
2026-03-11,Plant B,M-03,P-05,823,64
2026-03-11,Plant B,M-04,P-03,852,29
2026-03-11,Plant B,M-04,P-06,908,27
2026-03-11,Plant B,M-04,P-04,615,21
2026-03-11,Plant B,M-05,P-01,1046,20
2026-03-11,Plant B,M-05,P-05,783,38
2026-03-11,Plant B,M-05,P-05,695,58
2026-03-11,Plant C,M-01,P-05,1114,81
2026-03-11,Plant C,M-01,P-03,915,17
2026-03-11,Plant C,M-01,P-03,891,31
2026-03-11,Plant C,M-02,P-03,737,25
2026-03-11,Plant C,M-02,P-05,975,63
2026-03-11,Plant C,M-02,P-04,568,11
2026-03-11,Plant C,M-03,P-04,885,9
2026-03-11,Plant C,M-03,P-03,766,13
2026-03-11,Plant C,M-03,P-06,946,13
2026-03-11,Plant C,M-04,P-03,920,12
2026-03-11,Plant C,M-04,P-05,1074,59
2026-03-11,Plant C,M-04,P-03,701,10
2026-03-11,Plant C,M-05,P-03,875,24
2026-03-11,Plant C,M-05,P-03,815,7
2026-03-11,Plant C,M-05,P-03,756,13
2026-03-12,Plant A,M-01,P-05,827,42
2026-03-12,Plant A,M-01,P-05,862,58
2026-03-12,Plant A,M-01,P-06,928,25
2026-03-12,Plant A,M-02,P-06,1063,23
2026-03-12,Plant A,M-02,P-04,934,8
2026-03-12,Plant A,M-02,P-02,1032,24
2026-03-12,Plant A,M-03,P-04,921,22
2026-03-12,Plant A,M-03,P-06,732,10
2026-03-12,Plant A,M-03,P-02,697,13
2026-03-12,Plant A,M-04,P-01,802,26
2026-03-12,Plant A,M-04,P-04,694,17
2026-03-12,Plant A,M-04,P-04,781,17
2026-03-12,Plant A,M-05,P-02,835,24
2026-03-12,Plant A,M-05,P-05,679,55
2026-03-12,Plant A,M-05,P-06,937,24
2026-03-12,Plant B,M-01,P-03,1142,16
2026-03-12,Plant B,M-01,P-03,683,18
2026-03-12,Plant B,M-01,P-05,1042,61
2026-03-12,Plant B,M-02,P-03,982,11
2026-03-12,Plant B,M-02,P-03,885,10
2026-03-12,Plant B,M-02,P-01,902,11
2026-03-12,Plant B,M-03,P-01,890,30
2026-03-12,Plant B,M-03,P-02,989,18
2026-03-12,Plant B,M-03,P-05,768,59
2026-03-12,Plant B,M-04,P-02,800,10
2026-03-12,Plant B,M-04,P-04,773,13
2026-03-12,Plant B,M-04,P-05,394,23
2026-03-12,Plant B,M-05,P-05,989,71
2026-03-12,Plant B,M-05,P-03,572,6
2026-03-12,Plant B,M-05,P-06,763,21
2026-03-12,Plant C,M-01,P-03,816,23
2026-03-12,Plant C,M-01,P-04,860,16
2026-03-12,Plant C,M-01,P-04,644,9
2026-03-12,Plant C,M-02,P-02,1024,16
2026-03-12,Plant C,M-02,P-04,998,22
2026-03-12,Plant C,M-02,P-05,800,40
2026-03-12,Plant C,M-03,P-05,938,57
2026-03-12,Plant C,M-03,P-03,917,12
2026-03-12,Plant C,M-03,P-01,813,11
2026-03-12,Plant C,M-04,P-01,924,26
2026-03-12,Plant C,M-04,P-05,969,45
2026-03-12,Plant C,M-04,P-06,796,15
2026-03-12,Plant C,M-05,P-04,1049,26
2026-03-12,Plant C,M-05,P-01,809,24
2026-03-12,Plant C,M-05,P-05,734,45
2026-03-13,Plant A,M-01,P-03,1029,33
2026-03-13,Plant A,M-01,P-05,1000,55
2026-03-13,Plant A,M-01,P-01,1034,11
2026-03-13,Plant A,M-02,P-03,974,25
2026-03-13,Plant A,M-02,P-02,1147,18
2026-03-13,Plant A,M-02,P-04,701,11
2026-03-13,Plant A,M-03,P-05,638,34
2026-03-13,Plant A,M-03,P-02,835,19
2026-03-13,Plant A,M-03,P-05,895,44
2026-03-13,Plant A,M-04,P-03,757,16
2026-03-13,Plant A,M-04,P-04,785,15
2026-03-13,Plant A,M-04,P-03,882,19
2026-03-13,Plant A,M-05,P-04,845,8
2026-03-13,Plant A,M-05,P-03,737,18
2026-03-13,Plant A,M-05,P-05,650,34
2026-03-13,Plant B,M-01,P-05,1171,78
2026-03-13,Plant B,M-01,P-02,847,8
2026-03-13,Plant B,M-01,P-05,996,83
2026-03-13,Plant B,M-02,P-04,1001,27
2026-03-13,Plant B,M-02,P-06,763,14
2026-03-13,Plant B,M-02,P-04,882,23
2026-03-13,Plant B,M-03,P-04,1128,37
2026-03-13,Plant B,M-03,P-03,785,22
2026-03-13,Plant B,M-03,P-03,597,16
2026-03-13,Plant B,M-04,P-04,572,5
2026-03-13,Plant B,M-04,P-01,731,11
2026-03-13,Plant B,M-04,P-01,537,13
2026-03-13,Plant B,M-05,P-02,1129,15
2026-03-13,Plant B,M-05,P-05,671,30
2026-03-13,Plant B,M-05,P-06,722,9
2026-03-13,Plant C,M-01,P-01,817,21
2026-03-13,Plant C,M-01,P-02,904,18
2026-03-13,Plant C,M-01,P-01,728,15
2026-03-13,Plant C,M-02,P-04,723,23
2026-03-13,Plant C,M-02,P-01,924,29
2026-03-13,Plant C,M-02,P-06,985,31
2026-03-13,Plant C,M-03,P-06,968,21
2026-03-13,Plant C,M-03,P-06,663,9
2026-03-13,Plant C,M-03,P-06,608,12
2026-03-13,Plant C,M-04,P-03,840,24
2026-03-13,Plant C,M-04,P-02,763,18
2026-03-13,Plant C,M-04,P-03,799,7
2026-03-13,Plant C,M-05,P-01,1057,24
2026-03-13,Plant C,M-05,P-04,1032,12
2026-03-13,Plant C,M-05,P-03,806,15
2026-03-14,Plant A,M-01,P-01,907,19
2026-03-14,Plant A,M-01,P-02,854,24
2026-03-14,Plant A,M-01,P-01,775,9
2026-03-14,Plant A,M-02,P-03,754,6
2026-03-14,Plant A,M-02,P-01,856,13
2026-03-14,Plant A,M-02,P-02,945,19
2026-03-14,Plant A,M-03,P-02,931,30
2026-03-14,Plant A,M-03,P-06,832,17
2026-03-14,Plant A,M-03,P-03,600,11
2026-03-14,Plant A,M-04,P-06,796,17
2026-03-14,Plant A,M-04,P-06,822,21
2026-03-14,Plant A,M-04,P-06,743,20
2026-03-14,Plant A,M-05,P-05,726,57
2026-03-14,Plant A,M-05,P-02,1059,36
2026-03-14,Plant A,M-05,P-02,685,17
2026-03-14,Plant B,M-01,P-02,732,7
2026-03-14,Plant B,M-01,P-01,968,31
2026-03-14,Plant B,M-01,P-05,980,45
2026-03-14,Plant B,M-02,P-05,974,78
2026-03-14,Plant B,M-02,P-01,1000,21
2026-03-14,Plant B,M-02,P-06,777,13
2026-03-14,Plant B,M-03,P-04,769,15
2026-03-14,Plant B,M-03,P-04,731,16
2026-03-14,Plant B,M-03,P-04,904,31
2026-03-14,Plant B,M-04,P-02,678,14
2026-03-14,Plant B,M-04,P-06,874,27
2026-03-14,Plant B,M-04,P-01,721,18
2026-03-14,Plant B,M-05,P-04,941,13
2026-03-14,Plant B,M-05,P-01,899,28
2026-03-14,Plant B,M-05,P-03,595,5
2026-03-14,Plant C,M-01,P-02,974,13
2026-03-14,Plant C,M-01,P-02,1056,34
2026-03-14,Plant C,M-01,P-06,1032,35
2026-03-14,Plant C,M-02,P-01,859,27
2026-03-14,Plant C,M-02,P-06,706,16
2026-03-14,Plant C,M-02,P-01,852,14
2026-03-14,Plant C,M-03,P-06,815,18
2026-03-14,Plant C,M-03,P-06,714,13
2026-03-14,Plant C,M-03,P-04,951,15
2026-03-14,Plant C,M-04,P-03,1054,30
2026-03-14,Plant C,M-04,P-04,1083,27
2026-03-14,Plant C,M-04,P-01,867,29
2026-03-14,Plant C,M-05,P-03,756,19
2026-03-14,Plant C,M-05,P-06,959,25
2026-03-14,Plant C,M-05,P-03,710,15
2026-03-15,Plant A,M-01,P-03,901,28
2026-03-15,Plant A,M-01,P-06,717,10
2026-03-15,Plant A,M-01,P-04,943,8
2026-03-15,Plant A,M-02,P-05,861,55
2026-03-15,Plant A,M-02,P-02,1036,25
2026-03-15,Plant A,M-02,P-03,927,30
2026-03-15,Plant A,M-03,P-06,845,10
2026-03-15,Plant A,M-03,P-03,829,13
2026-03-15,Plant A,M-03,P-06,809,6
2026-03-15,Plant A,M-04,P-05,927,70
2026-03-15,Plant A,M-04,P-03,730,24
2026-03-15,Plant A,M-04,P-03,652,6
2026-03-15,Plant A,M-05,P-06,832,13
2026-03-15,Plant A,M-05,P-05,981,46
2026-03-15,Plant A,M-05,P-02,780,21
2026-03-15,Plant B,M-01,P-06,834,20
2026-03-15,Plant B,M-01,P-05,757,56
2026-03-15,Plant B,M-01,P-03,819,28
2026-03-15,Plant B,M-02,P-05,925,47
2026-03-15,Plant B,M-02,P-01,889,15
2026-03-15,Plant B,M-02,P-01,886,16
2026-03-15,Plant B,M-03,P-02,841,8
2026-03-15,Plant B,M-03,P-01,977,8
2026-03-15,Plant B,M-03,P-02,739,17
2026-03-15,Plant B,M-04,P-06,893,15
2026-03-15,Plant B,M-04,P-06,719,17
2026-03-15,Plant B,M-04,P-06,704,15
2026-03-15,Plant B,M-05,P-02,977,28
2026-03-15,Plant B,M-05,P-04,884,15
2026-03-15,Plant B,M-05,P-03,702,17
2026-03-15,Plant C,M-01,P-04,1025,32
2026-03-15,Plant C,M-01,P-04,990,16
2026-03-15,Plant C,M-01,P-03,735,24
2026-03-15,Plant C,M-02,P-03,872,24
2026-03-15,Plant C,M-02,P-03,777,9
2026-03-15,Plant C,M-02,P-04,818,16
2026-03-15,Plant C,M-03,P-02,961,9
2026-03-15,Plant C,M-03,P-06,786,12
2026-03-15,Plant C,M-03,P-01,937,23
2026-03-15,Plant C,M-04,P-06,1112,21
2026-03-15,Plant C,M-04,P-06,778,15
2026-03-15,Plant C,M-04,P-04,807,7
2026-03-15,Plant C,M-05,P-05,724,51
2026-03-15,Plant C,M-05,P-03,1068,34
2026-03-15,Plant C,M-05,P-06,812,19
2026-03-16,Plant A,M-01,P-04,991,32
2026-03-16,Plant A,M-01,P-01,1044,26
2026-03-16,Plant A,M-01,P-04,824,13
2026-03-16,Plant A,M-02,P-03,1129,18
2026-03-16,Plant A,M-02,P-02,1045,28
2026-03-16,Plant A,M-02,P-03,652,12
2026-03-16,Plant A,M-03,P-03,802,15
2026-03-16,Plant A,M-03,P-06,1046,27
2026-03-16,Plant A,M-03,P-04,938,8
2026-03-16,Plant A,M-04,P-03,823,24
2026-03-16,Plant A,M-04,P-06,744,12
2026-03-16,Plant A,M-04,P-05,567,26
2026-03-16,Plant A,M-05,P-02,1117,12
2026-03-16,Plant A,M-05,P-01,826,16
2026-03-16,Plant A,M-05,P-06,836,15
2026-03-16,Plant B,M-01,P-05,854,58
2026-03-16,Plant B,M-01,P-06,766,15
2026-03-16,Plant B,M-01,P-02,656,10
2026-03-16,Plant B,M-02,P-06,760,9
2026-03-16,Plant B,M-02,P-03,1048,34
2026-03-16,Plant B,M-02,P-06,765,24
2026-03-16,Plant B,M-03,P-03,1088,21
2026-03-16,Plant B,M-03,P-02,792,22
2026-03-16,Plant B,M-03,P-03,1035,24
2026-03-16,Plant B,M-04,P-05,717,53
2026-03-16,Plant B,M-04,P-01,701,16
2026-03-16,Plant B,M-04,P-02,646,22
2026-03-16,Plant B,M-05,P-04,756,20
2026-03-16,Plant B,M-05,P-02,920,31
2026-03-16,Plant B,M-05,P-03,819,20
2026-03-16,Plant C,M-01,P-03,1122,19
2026-03-16,Plant C,M-01,P-02,892,25
2026-03-16,Plant C,M-01,P-03,788,15
2026-03-16,Plant C,M-02,P-02,904,11
2026-03-16,Plant C,M-02,P-05,801,59
2026-03-16,Plant C,M-02,P-03,988,17
2026-03-16,Plant C,M-03,P-03,651,16
2026-03-16,Plant C,M-03,P-04,1016,19
2026-03-16,Plant C,M-03,P-04,734,20
2026-03-16,Plant C,M-04,P-01,746,22
2026-03-16,Plant C,M-04,P-03,914,8
2026-03-16,Plant C,M-04,P-03,645,15
2026-03-16,Plant C,M-05,P-05,680,57
2026-03-16,Plant C,M-05,P-05,1096,63
2026-03-16,Plant C,M-05,P-04,951,15
2026-03-17,Plant A,M-01,P-04,807,26
2026-03-17,Plant A,M-01,P-02,711,24
2026-03-17,Plant A,M-01,P-04,923,26
2026-03-17,Plant A,M-02,P-06,1033,9
2026-03-17,Plant A,M-02,P-05,1058,66
2026-03-17,Plant A,M-02,P-05,601,50
2026-03-17,Plant A,M-03,P-03,964,16
2026-03-17,Plant A,M-03,P-03,1020,8
2026-03-17,Plant A,M-03,P-04,948,28
2026-03-17,Plant A,M-04,P-02,703,21
2026-03-17,Plant A,M-04,P-06,772,25
2026-03-17,Plant A,M-04,P-05,869,39
2026-03-17,Plant A,M-05,P-06,958,9
2026-03-17,Plant A,M-05,P-03,914,31
2026-03-17,Plant A,M-05,P-03,861,22
2026-03-17,Plant B,M-01,P-03,1035,13
2026-03-17,Plant B,M-01,P-03,1018,33
2026-03-17,Plant B,M-01,P-06,626,5
2026-03-17,Plant B,M-02,P-06,964,11
2026-03-17,Plant B,M-02,P-02,1021,23
2026-03-17,Plant B,M-02,P-03,721,19
2026-03-17,Plant B,M-03,P-02,1010,25
2026-03-17,Plant B,M-03,P-05,943,58
2026-03-17,Plant B,M-03,P-05,911,77
2026-03-17,Plant B,M-04,P-05,919,72
2026-03-17,Plant B,M-04,P-06,753,13
2026-03-17,Plant B,M-04,P-05,653,54
2026-03-17,Plant B,M-05,P-04,908,23
2026-03-17,Plant B,M-05,P-04,914,25
2026-03-17,Plant B,M-05,P-04,964,8
2026-03-17,Plant C,M-01,P-06,725,18
2026-03-17,Plant C,M-01,P-04,1045,11
2026-03-17,Plant C,M-01,P-06,598,20
2026-03-17,Plant C,M-02,P-04,678,19
2026-03-17,Plant C,M-02,P-06,796,26
2026-03-17,Plant C,M-02,P-04,1011,22
2026-03-17,Plant C,M-03,P-03,689,16
2026-03-17,Plant C,M-03,P-05,823,44
2026-03-17,Plant C,M-03,P-02,991,26
2026-03-17,Plant C,M-04,P-05,1086,70
2026-03-17,Plant C,M-04,P-05,1084,68
2026-03-17,Plant C,M-04,P-02,826,12
2026-03-17,Plant C,M-05,P-01,1098,34
2026-03-17,Plant C,M-05,P-02,1072,13
2026-03-17,Plant C,M-05,P-02,676,18
2026-03-18,Plant A,M-01,P-05,1064,67
2026-03-18,Plant A,M-01,P-01,943,32
2026-03-18,Plant A,M-01,P-01,705,17
2026-03-18,Plant A,M-02,P-02,949,10
2026-03-18,Plant A,M-02,P-04,878,24
2026-03-18,Plant A,M-02,P-06,651,7
2026-03-18,Plant A,M-03,P-02,1059,14
2026-03-18,Plant A,M-03,P-01,943,29
2026-03-18,Plant A,M-03,P-03,883,17
2026-03-18,Plant A,M-04,P-05,976,81
2026-03-18,Plant A,M-04,P-01,910,26
2026-03-18,Plant A,M-04,P-06,695,21
2026-03-18,Plant A,M-05,P-02,852,18
2026-03-18,Plant A,M-05,P-03,895,7
2026-03-18,Plant A,M-05,P-02,846,21
2026-03-18,Plant B,M-01,P-04,824,15
2026-03-18,Plant B,M-01,P-05,798,66
2026-03-18,Plant B,M-01,P-05,794,45
2026-03-18,Plant B,M-02,P-05,1047,59
2026-03-18,Plant B,M-02,P-03,1091,30
2026-03-18,Plant B,M-02,P-02,1018,11
2026-03-18,Plant B,M-03,P-06,874,26
2026-03-18,Plant B,M-03,P-06,713,8
2026-03-18,Plant B,M-03,P-03,668,23
2026-03-18,Plant B,M-04,P-03,749,17
2026-03-18,Plant B,M-04,P-03,420,6
2026-03-18,Plant B,M-04,P-04,383,6
2026-03-18,Plant B,M-05,P-06,908,10
2026-03-18,Plant B,M-05,P-01,1013,21
2026-03-18,Plant B,M-05,P-06,871,19
2026-03-18,Plant C,M-01,P-06,855,8
2026-03-18,Plant C,M-01,P-03,1058,24
2026-03-18,Plant C,M-01,P-06,738,13
2026-03-18,Plant C,M-02,P-02,728,5
2026-03-18,Plant C,M-02,P-01,730,24
2026-03-18,Plant C,M-02,P-03,663,7
2026-03-18,Plant C,M-03,P-03,1009,20
2026-03-18,Plant C,M-03,P-01,773,7
2026-03-18,Plant C,M-03,P-03,626,19
2026-03-18,Plant C,M-04,P-04,1078,33
2026-03-18,Plant C,M-04,P-03,713,18
2026-03-18,Plant C,M-04,P-01,686,13
2026-03-18,Plant C,M-05,P-02,838,28
2026-03-18,Plant C,M-05,P-05,942,75
2026-03-18,Plant C,M-05,P-05,634,47
2026-03-19,Plant A,M-01,P-03,948,8
2026-03-19,Plant A,M-01,P-04,1113,35
2026-03-19,Plant A,M-01,P-01,772,18
2026-03-19,Plant A,M-02,P-06,805,24
2026-03-19,Plant A,M-02,P-05,710,33
2026-03-19,Plant A,M-02,P-05,831,63
2026-03-19,Plant A,M-03,P-04,964,8
2026-03-19,Plant A,M-03,P-02,790,23
2026-03-19,Plant A,M-03,P-04,674,5
2026-03-19,Plant A,M-04,P-04,945,29
2026-03-19,Plant A,M-04,P-02,732,17
2026-03-19,Plant A,M-04,P-06,1032,26
2026-03-19,Plant A,M-05,P-03,753,25
2026-03-19,Plant A,M-05,P-04,693,10
2026-03-19,Plant A,M-05,P-01,929,20
2026-03-19,Plant B,M-01,P-05,677,39
2026-03-19,Plant B,M-01,P-04,1009,28
2026-03-19,Plant B,M-01,P-02,935,28
2026-03-19,Plant B,M-02,P-02,743,15
2026-03-19,Plant B,M-02,P-01,729,19
2026-03-19,Plant B,M-02,P-05,692,48
2026-03-19,Plant B,M-03,P-01,866,17
2026-03-19,Plant B,M-03,P-05,712,58
2026-03-19,Plant B,M-03,P-02,912,22
2026-03-19,Plant B,M-04,P-03,625,11
2026-03-19,Plant B,M-04,P-04,1009,8
2026-03-19,Plant B,M-04,P-01,550,12
2026-03-19,Plant B,M-05,P-04,950,9
2026-03-19,Plant B,M-05,P-01,1024,14
2026-03-19,Plant B,M-05,P-05,978,49
2026-03-19,Plant C,M-01,P-03,766,16
2026-03-19,Plant C,M-01,P-05,991,80
2026-03-19,Plant C,M-01,P-06,923,12
2026-03-19,Plant C,M-02,P-03,1025,17
2026-03-19,Plant C,M-02,P-05,907,43
2026-03-19,Plant C,M-02,P-05,784,55
2026-03-19,Plant C,M-03,P-06,721,20
2026-03-19,Plant C,M-03,P-05,989,73
2026-03-19,Plant C,M-03,P-06,661,23
2026-03-19,Plant C,M-04,P-01,971,33
2026-03-19,Plant C,M-04,P-05,723,59
2026-03-19,Plant C,M-04,P-04,971,28
2026-03-19,Plant C,M-05,P-05,601,35
2026-03-19,Plant C,M-05,P-05,880,46
2026-03-19,Plant C,M-05,P-06,664,17
2026-03-20,Plant A,M-01,P-04,817,15
2026-03-20,Plant A,M-01,P-02,988,12
2026-03-20,Plant A,M-01,P-03,785,19
2026-03-20,Plant A,M-02,P-04,704,23
2026-03-20,Plant A,M-02,P-03,1096,13
2026-03-20,Plant A,M-02,P-05,643,29
2026-03-20,Plant A,M-03,P-06,770,15
2026-03-20,Plant A,M-03,P-03,869,25
2026-03-20,Plant A,M-03,P-03,747,12
2026-03-20,Plant A,M-04,P-06,1015,12
2026-03-20,Plant A,M-04,P-05,1049,78
2026-03-20,Plant A,M-04,P-03,825,10
2026-03-20,Plant A,M-05,P-04,855,22
2026-03-20,Plant A,M-05,P-06,750,9
2026-03-20,Plant A,M-05,P-05,892,43
2026-03-20,Plant B,M-01,P-03,1154,37
2026-03-20,Plant B,M-01,P-06,968,8
2026-03-20,Plant B,M-01,P-02,820,11
2026-03-20,Plant B,M-02,P-01,904,30
2026-03-20,Plant B,M-02,P-06,755,20
2026-03-20,Plant B,M-02,P-03,576,16
2026-03-20,Plant B,M-03,P-03,1032,8
2026-03-20,Plant B,M-03,P-02,903,31
2026-03-20,Plant B,M-03,P-02,624,5
2026-03-20,Plant B,M-04,P-06,692,17
2026-03-20,Plant B,M-04,P-02,698,11
2026-03-20,Plant B,M-04,P-03,876,21
2026-03-20,Plant B,M-05,P-06,868,9
2026-03-20,Plant B,M-05,P-06,1034,11
2026-03-20,Plant B,M-05,P-06,895,20
2026-03-20,Plant C,M-01,P-04,721,17
2026-03-20,Plant C,M-01,P-03,960,16
2026-03-20,Plant C,M-01,P-04,782,23
2026-03-20,Plant C,M-02,P-06,979,9
2026-03-20,Plant C,M-02,P-01,1006,10
2026-03-20,Plant C,M-02,P-02,811,17
2026-03-20,Plant C,M-03,P-03,844,27
2026-03-20,Plant C,M-03,P-06,713,22
2026-03-20,Plant C,M-03,P-01,777,23
2026-03-20,Plant C,M-04,P-06,855,17
2026-03-20,Plant C,M-04,P-04,759,26
2026-03-20,Plant C,M-04,P-05,736,36
2026-03-20,Plant C,M-05,P-06,1087,35
2026-03-20,Plant C,M-05,P-03,836,7
2026-03-20,Plant C,M-05,P-05,807,55
2026-03-21,Plant A,M-01,P-04,928,8
2026-03-21,Plant A,M-01,P-05,1040,69
2026-03-21,Plant A,M-01,P-02,654,19
2026-03-21,Plant A,M-02,P-03,1043,21
2026-03-21,Plant A,M-02,P-04,1002,19
2026-03-21,Plant A,M-02,P-03,834,23
2026-03-21,Plant A,M-03,P-03,747,26
2026-03-21,Plant A,M-03,P-04,933,20
2026-03-21,Plant A,M-03,P-02,684,8
2026-03-21,Plant A,M-04,P-04,1115,13
2026-03-21,Plant A,M-04,P-02,744,6
2026-03-21,Plant A,M-04,P-05,763,55
2026-03-21,Plant A,M-05,P-03,836,24
2026-03-21,Plant A,M-05,P-06,975,25
2026-03-21,Plant A,M-05,P-02,929,12
2026-03-21,Plant B,M-01,P-06,883,7
2026-03-21,Plant B,M-01,P-05,893,52
2026-03-21,Plant B,M-01,P-04,835,24
2026-03-21,Plant B,M-02,P-03,943,21
2026-03-21,Plant B,M-02,P-03,974,16
2026-03-21,Plant B,M-02,P-03,747,13
2026-03-21,Plant B,M-03,P-01,760,23
2026-03-21,Plant B,M-03,P-02,1032,24
2026-03-21,Plant B,M-03,P-03,781,14
2026-03-21,Plant B,M-04,P-01,910,27
2026-03-21,Plant B,M-04,P-02,646,13
2026-03-21,Plant B,M-04,P-05,470,31
2026-03-21,Plant B,M-05,P-06,789,20
2026-03-21,Plant B,M-05,P-01,890,24
2026-03-21,Plant B,M-05,P-04,950,27
2026-03-21,Plant C,M-01,P-02,754,11
2026-03-21,Plant C,M-01,P-04,960,30
2026-03-21,Plant C,M-01,P-03,880,29
2026-03-21,Plant C,M-02,P-04,944,29
2026-03-21,Plant C,M-02,P-02,864,16
2026-03-21,Plant C,M-02,P-03,948,12
2026-03-21,Plant C,M-03,P-04,847,6
2026-03-21,Plant C,M-03,P-05,882,42
2026-03-21,Plant C,M-03,P-03,656,12
2026-03-21,Plant C,M-04,P-04,1094,13
2026-03-21,Plant C,M-04,P-06,813,7
2026-03-21,Plant C,M-04,P-05,592,43
2026-03-21,Plant C,M-05,P-05,794,67
2026-03-21,Plant C,M-05,P-06,725,7
2026-03-21,Plant C,M-05,P-05,538,27
2026-03-22,Plant A,M-01,P-05,982,78
2026-03-22,Plant A,M-01,P-04,1042,29
2026-03-22,Plant A,M-01,P-03,601,8
2026-03-22,Plant A,M-02,P-04,1025,24
2026-03-22,Plant A,M-02,P-05,1080,64
2026-03-22,Plant A,M-02,P-02,879,21
2026-03-22,Plant A,M-03,P-05,1018,70
2026-03-22,Plant A,M-03,P-01,966,30
2026-03-22,Plant A,M-03,P-06,654,15
2026-03-22,Plant A,M-04,P-02,1045,14
2026-03-22,Plant A,M-04,P-04,838,11
2026-03-22,Plant A,M-04,P-01,804,25
2026-03-22,Plant A,M-05,P-02,720,10
2026-03-22,Plant A,M-05,P-03,894,8
2026-03-22,Plant A,M-05,P-03,866,16
2026-03-22,Plant B,M-01,P-04,896,22
2026-03-22,Plant B,M-01,P-04,902,11
2026-03-22,Plant B,M-01,P-02,696,23
2026-03-22,Plant B,M-02,P-05,840,42
2026-03-22,Plant B,M-02,P-04,676,10
2026-03-22,Plant B,M-02,P-02,820,15
2026-03-22,Plant B,M-03,P-05,716,35
2026-03-22,Plant B,M-03,P-01,864,21
2026-03-22,Plant B,M-03,P-05,611,30
2026-03-22,Plant B,M-04,P-06,806,22
2026-03-22,Plant B,M-04,P-02,804,8
2026-03-22,Plant B,M-04,P-05,631,42
2026-03-22,Plant B,M-05,P-01,909,29
2026-03-22,Plant B,M-05,P-04,786,16
2026-03-22,Plant B,M-05,P-06,712,17
2026-03-22,Plant C,M-01,P-02,1110,25
2026-03-22,Plant C,M-01,P-04,1010,13
2026-03-22,Plant C,M-01,P-04,559,5
2026-03-22,Plant C,M-02,P-02,952,28
2026-03-22,Plant C,M-02,P-04,923,21
2026-03-22,Plant C,M-02,P-03,744,20
2026-03-22,Plant C,M-03,P-05,886,65
2026-03-22,Plant C,M-03,P-04,803,19
2026-03-22,Plant C,M-03,P-05,621,31
2026-03-22,Plant C,M-04,P-01,858,23
2026-03-22,Plant C,M-04,P-04,1014,27
2026-03-22,Plant C,M-04,P-03,944,24
2026-03-22,Plant C,M-05,P-01,939,29
2026-03-22,Plant C,M-05,P-05,791,51
2026-03-22,Plant C,M-05,P-06,715,11
2026-03-23,Plant A,M-01,P-03,1156,13
2026-03-23,Plant A,M-01,P-05,809,61
2026-03-23,Plant A,M-01,P-03,645,19
2026-03-23,Plant A,M-02,P-05,1065,52
2026-03-23,Plant A,M-02,P-04,991,12
2026-03-23,Plant A,M-02,P-06,931,13
2026-03-23,Plant A,M-03,P-05,998,67
2026-03-23,Plant A,M-03,P-01,769,10
2026-03-23,Plant A,M-03,P-01,654,22
2026-03-23,Plant A,M-04,P-01,922,28
2026-03-23,Plant A,M-04,P-01,771,23
2026-03-23,Plant A,M-04,P-05,713,46
2026-03-23,Plant A,M-05,P-05,862,66
2026-03-23,Plant A,M-05,P-04,817,21
2026-03-23,Plant A,M-05,P-01,754,25
2026-03-23,Plant B,M-01,P-06,763,23
2026-03-23,Plant B,M-01,P-05,646,31
2026-03-23,Plant B,M-01,P-06,980,24
2026-03-23,Plant B,M-02,P-03,811,18
2026-03-23,Plant B,M-02,P-04,777,17
2026-03-23,Plant B,M-02,P-03,845,15
2026-03-23,Plant B,M-03,P-05,1107,76
2026-03-23,Plant B,M-03,P-03,1027,32
2026-03-23,Plant B,M-03,P-02,891,12
2026-03-23,Plant B,M-04,P-05,875,43
2026-03-23,Plant B,M-04,P-01,1010,24
2026-03-23,Plant B,M-04,P-05,570,47
2026-03-23,Plant B,M-05,P-03,1150,20
2026-03-23,Plant B,M-05,P-04,844,10
2026-03-23,Plant B,M-05,P-02,621,7
2026-03-23,Plant C,M-01,P-03,837,14
2026-03-23,Plant C,M-01,P-02,955,26
2026-03-23,Plant C,M-01,P-02,865,24
2026-03-23,Plant C,M-02,P-05,885,70
2026-03-23,Plant C,M-02,P-01,768,20
2026-03-23,Plant C,M-02,P-01,840,14
2026-03-23,Plant C,M-03,P-02,1157,31
2026-03-23,Plant C,M-03,P-02,789,6
2026-03-23,Plant C,M-03,P-06,794,24
2026-03-23,Plant C,M-04,P-02,626,9
2026-03-23,Plant C,M-04,P-01,975,31
2026-03-23,Plant C,M-04,P-06,925,13
2026-03-23,Plant C,M-05,P-03,682,12
2026-03-23,Plant C,M-05,P-01,837,17
2026-03-23,Plant C,M-05,P-05,635,29
2026-03-24,Plant A,M-01,P-03,729,17
2026-03-24,Plant A,M-01,P-04,1001,16
2026-03-24,Plant A,M-01,P-06,616,17
2026-03-24,Plant A,M-02,P-02,916,18
2026-03-24,Plant A,M-02,P-04,919,21
2026-03-24,Plant A,M-02,P-04,608,13
2026-03-24,Plant A,M-03,P-03,834,8
2026-03-24,Plant A,M-03,P-05,687,35
2026-03-24,Plant A,M-03,P-05,1008,83
2026-03-24,Plant A,M-04,P-01,763,25
2026-03-24,Plant A,M-04,P-05,727,35
2026-03-24,Plant A,M-04,P-01,638,17
2026-03-24,Plant A,M-05,P-04,986,19
2026-03-24,Plant A,M-05,P-04,950,24
2026-03-24,Plant A,M-05,P-02,886,8
2026-03-24,Plant B,M-01,P-01,1124,19
2026-03-24,Plant B,M-01,P-02,785,15
2026-03-24,Plant B,M-01,P-02,768,7
2026-03-24,Plant B,M-02,P-06,722,23
2026-03-24,Plant B,M-02,P-02,893,23
2026-03-24,Plant B,M-02,P-04,965,29
2026-03-24,Plant B,M-03,P-05,709,36
2026-03-24,Plant B,M-03,P-06,914,8
2026-03-24,Plant B,M-03,P-01,907,16
2026-03-24,Plant B,M-04,P-03,479,12
2026-03-24,Plant B,M-04,P-02,628,21
2026-03-24,Plant B,M-04,P-06,665,17
2026-03-24,Plant B,M-05,P-04,980,16
2026-03-24,Plant B,M-05,P-02,747,24
2026-03-24,Plant B,M-05,P-05,807,57
2026-03-24,Plant C,M-01,P-03,837,9
2026-03-24,Plant C,M-01,P-04,720,23
2026-03-24,Plant C,M-01,P-04,804,16
2026-03-24,Plant C,M-02,P-06,1067,24
2026-03-24,Plant C,M-02,P-05,803,51
2026-03-24,Plant C,M-02,P-04,813,22
2026-03-24,Plant C,M-03,P-01,769,26
2026-03-24,Plant C,M-03,P-06,819,26
2026-03-24,Plant C,M-03,P-03,793,20
2026-03-24,Plant C,M-04,P-02,771,16
2026-03-24,Plant C,M-04,P-02,664,20
2026-03-24,Plant C,M-04,P-05,563,38
2026-03-24,Plant C,M-05,P-05,793,36
2026-03-24,Plant C,M-05,P-02,842,18
2026-03-24,Plant C,M-05,P-05,635,39
2026-03-25,Plant A,M-01,P-02,770,20
2026-03-25,Plant A,M-01,P-06,942,22
2026-03-25,Plant A,M-01,P-05,795,61
2026-03-25,Plant A,M-02,P-03,1010,22
2026-03-25,Plant A,M-02,P-06,818,28
2026-03-25,Plant A,M-02,P-04,932,10
2026-03-25,Plant A,M-03,P-03,939,18
2026-03-25,Plant A,M-03,P-05,856,64
2026-03-25,Plant A,M-03,P-04,652,15
2026-03-25,Plant A,M-04,P-02,920,16
2026-03-25,Plant A,M-04,P-02,938,26
2026-03-25,Plant A,M-04,P-05,940,63
2026-03-25,Plant A,M-05,P-04,731,17
2026-03-25,Plant A,M-05,P-05,1046,69
2026-03-25,Plant A,M-05,P-05,738,55
2026-03-25,Plant B,M-01,P-06,861,21
2026-03-25,Plant B,M-01,P-05,915,75
2026-03-25,Plant B,M-01,P-03,526,5
2026-03-25,Plant B,M-02,P-03,851,9
2026-03-25,Plant B,M-02,P-02,1114,31
2026-03-25,Plant B,M-02,P-06,761,6
2026-03-25,Plant B,M-03,P-01,1031,16
2026-03-25,Plant B,M-03,P-03,826,27
2026-03-25,Plant B,M-03,P-03,565,10
2026-03-25,Plant B,M-04,P-03,679,21
2026-03-25,Plant B,M-04,P-03,602,20
2026-03-25,Plant B,M-04,P-01,537,10
2026-03-25,Plant B,M-05,P-01,860,9
2026-03-25,Plant B,M-05,P-03,863,14
2026-03-25,Plant B,M-05,P-05,861,50
2026-03-25,Plant C,M-01,P-02,669,10
2026-03-25,Plant C,M-01,P-05,672,39
2026-03-25,Plant C,M-01,P-01,884,9
2026-03-25,Plant C,M-02,P-06,997,9
2026-03-25,Plant C,M-02,P-04,1129,21
2026-03-25,Plant C,M-02,P-03,666,11
2026-03-25,Plant C,M-03,P-06,1007,22
2026-03-25,Plant C,M-03,P-06,831,15
2026-03-25,Plant C,M-03,P-04,849,8
2026-03-25,Plant C,M-04,P-01,783,13
2026-03-25,Plant C,M-04,P-03,961,23
2026-03-25,Plant C,M-04,P-06,617,9
2026-03-25,Plant C,M-05,P-04,781,21
2026-03-25,Plant C,M-05,P-05,1006,64
2026-03-25,Plant C,M-05,P-06,830,22
2026-03-26,Plant A,M-01,P-02,823,13
2026-03-26,Plant A,M-01,P-02,1000,30
2026-03-26,Plant A,M-01,P-01,780,15
2026-03-26,Plant A,M-02,P-01,833,10
2026-03-26,Plant A,M-02,P-01,832,9
2026-03-26,Plant A,M-02,P-03,655,17
2026-03-26,Plant A,M-03,P-01,1026,19
2026-03-26,Plant A,M-03,P-01,790,24
2026-03-26,Plant A,M-03,P-06,925,25
2026-03-26,Plant A,M-04,P-02,801,27
2026-03-26,Plant A,M-04,P-04,898,18
2026-03-26,Plant A,M-04,P-04,908,10
2026-03-26,Plant A,M-05,P-05,725,59
2026-03-26,Plant A,M-05,P-04,1001,21
2026-03-26,Plant A,M-05,P-06,762,22
2026-03-26,Plant B,M-01,P-03,972,26
2026-03-26,Plant B,M-01,P-06,723,22
2026-03-26,Plant B,M-01,P-01,998,27
2026-03-26,Plant B,M-02,P-02,785,14
2026-03-26,Plant B,M-02,P-01,1141,37
2026-03-26,Plant B,M-02,P-04,654,10
2026-03-26,Plant B,M-03,P-05,865,71
2026-03-26,Plant B,M-03,P-04,601,5
2026-03-26,Plant B,M-03,P-01,614,14
2026-03-26,Plant B,M-04,P-01,518,14
2026-03-26,Plant B,M-04,P-01,773,12
2026-03-26,Plant B,M-04,P-04,798,6
2026-03-26,Plant B,M-05,P-02,731,19
2026-03-26,Plant B,M-05,P-06,962,32
2026-03-26,Plant B,M-05,P-05,651,31
2026-03-26,Plant C,M-01,P-01,1060,28
2026-03-26,Plant C,M-01,P-03,1049,18
2026-03-26,Plant C,M-01,P-03,777,12
2026-03-26,Plant C,M-02,P-03,937,27
2026-03-26,Plant C,M-02,P-01,829,21
2026-03-26,Plant C,M-02,P-03,884,15
2026-03-26,Plant C,M-03,P-06,1089,20
2026-03-26,Plant C,M-03,P-01,634,15
2026-03-26,Plant C,M-03,P-03,882,9
2026-03-26,Plant C,M-04,P-01,821,9
2026-03-26,Plant C,M-04,P-02,679,6
2026-03-26,Plant C,M-04,P-03,856,23
2026-03-26,Plant C,M-05,P-03,924,16
2026-03-26,Plant C,M-05,P-06,913,7
2026-03-26,Plant C,M-05,P-01,903,22
2026-03-27,Plant A,M-01,P-06,955,32
2026-03-27,Plant A,M-01,P-01,990,19
2026-03-27,Plant A,M-01,P-04,694,16
2026-03-27,Plant A,M-02,P-06,1066,28
2026-03-27,Plant A,M-02,P-02,660,10
2026-03-27,Plant A,M-02,P-06,963,13
2026-03-27,Plant A,M-03,P-06,933,29
2026-03-27,Plant A,M-03,P-05,835,43
2026-03-27,Plant A,M-03,P-02,906,26
2026-03-27,Plant A,M-04,P-01,749,8
2026-03-27,Plant A,M-04,P-04,710,6
2026-03-27,Plant A,M-04,P-03,884,19
2026-03-27,Plant A,M-05,P-02,1160,25
2026-03-27,Plant A,M-05,P-06,693,11
2026-03-27,Plant A,M-05,P-03,685,7
2026-03-27,Plant B,M-01,P-05,1100,80
2026-03-27,Plant B,M-01,P-06,922,11
2026-03-27,Plant B,M-01,P-03,671,12
2026-03-27,Plant B,M-02,P-04,702,8
2026-03-27,Plant B,M-02,P-05,734,51
2026-03-27,Plant B,M-02,P-02,716,15
2026-03-27,Plant B,M-03,P-03,1160,34
2026-03-27,Plant B,M-03,P-04,780,27
2026-03-27,Plant B,M-03,P-06,756,8
2026-03-27,Plant B,M-04,P-02,727,10
2026-03-27,Plant B,M-04,P-05,803,50
2026-03-27,Plant B,M-04,P-01,940,29
2026-03-27,Plant B,M-05,P-06,872,11
2026-03-27,Plant B,M-05,P-06,834,13
2026-03-27,Plant B,M-05,P-02,976,11
2026-03-27,Plant C,M-01,P-03,907,23
2026-03-27,Plant C,M-01,P-03,870,17
2026-03-27,Plant C,M-01,P-02,843,26
2026-03-27,Plant C,M-02,P-02,847,14
2026-03-27,Plant C,M-02,P-05,1018,81
2026-03-27,Plant C,M-02,P-03,740,9
2026-03-27,Plant C,M-03,P-03,889,29
2026-03-27,Plant C,M-03,P-05,787,62
2026-03-27,Plant C,M-03,P-03,720,13
2026-03-27,Plant C,M-04,P-06,1059,25
2026-03-27,Plant C,M-04,P-05,663,50
2026-03-27,Plant C,M-04,P-05,820,69
2026-03-27,Plant C,M-05,P-01,708,23
2026-03-27,Plant C,M-05,P-06,1081,19
2026-03-27,Plant C,M-05,P-05,802,49
2026-03-28,Plant A,M-01,P-02,1010,28
2026-03-28,Plant A,M-01,P-03,811,24
2026-03-28,Plant A,M-01,P-04,927,11
2026-03-28,Plant A,M-02,P-04,938,30
2026-03-28,Plant A,M-02,P-04,1000,21
2026-03-28,Plant A,M-02,P-04,650,12
2026-03-28,Plant A,M-03,P-06,752,17
2026-03-28,Plant A,M-03,P-01,925,12
2026-03-28,Plant A,M-03,P-01,609,16
2026-03-28,Plant A,M-04,P-01,1148,25
2026-03-28,Plant A,M-04,P-06,883,7
2026-03-28,Plant A,M-04,P-06,827,21
2026-03-28,Plant A,M-05,P-04,693,17
2026-03-28,Plant A,M-05,P-02,1046,25
2026-03-28,Plant A,M-05,P-02,645,20
2026-03-28,Plant B,M-01,P-03,896,12
2026-03-28,Plant B,M-01,P-02,871,28
2026-03-28,Plant B,M-01,P-06,592,19
2026-03-28,Plant B,M-02,P-05,970,57
2026-03-28,Plant B,M-02,P-03,737,15
2026-03-28,Plant B,M-02,P-06,630,20
2026-03-28,Plant B,M-03,P-01,994,18
2026-03-28,Plant B,M-03,P-01,962,13
2026-03-28,Plant B,M-03,P-02,654,15
2026-03-28,Plant B,M-04,P-03,585,17
2026-03-28,Plant B,M-04,P-06,757,11
2026-03-28,Plant B,M-04,P-06,458,4
2026-03-28,Plant B,M-05,P-04,889,27
2026-03-28,Plant B,M-05,P-04,669,9
2026-03-28,Plant B,M-05,P-03,889,7
2026-03-28,Plant C,M-01,P-02,1128,27
2026-03-28,Plant C,M-01,P-02,723,19
2026-03-28,Plant C,M-01,P-02,687,18
2026-03-28,Plant C,M-02,P-06,684,11
2026-03-28,Plant C,M-02,P-06,916,19
2026-03-28,Plant C,M-02,P-05,720,41
2026-03-28,Plant C,M-03,P-03,683,7
2026-03-28,Plant C,M-03,P-02,688,19
2026-03-28,Plant C,M-03,P-03,902,19
2026-03-28,Plant C,M-04,P-03,1025,8
2026-03-28,Plant C,M-04,P-01,823,11
2026-03-28,Plant C,M-04,P-02,735,8
2026-03-28,Plant C,M-05,P-04,1126,19
2026-03-28,Plant C,M-05,P-04,672,5
2026-03-28,Plant C,M-05,P-04,755,11
2026-03-29,Plant A,M-01,P-02,810,22
2026-03-29,Plant A,M-01,P-02,598,11
2026-03-29,Plant A,M-01,P-04,696,11
2026-03-29,Plant A,M-02,P-06,775,10
2026-03-29,Plant A,M-02,P-06,657,7
2026-03-29,Plant A,M-02,P-01,754,10
2026-03-29,Plant A,M-03,P-06,647,8
2026-03-29,Plant A,M-03,P-05,958,60
2026-03-29,Plant A,M-03,P-05,774,58
2026-03-29,Plant A,M-04,P-05,1040,75
2026-03-29,Plant A,M-04,P-02,714,13
2026-03-29,Plant A,M-04,P-05,629,31
2026-03-29,Plant A,M-05,P-05,755,49
2026-03-29,Plant A,M-05,P-05,758,44
2026-03-29,Plant A,M-05,P-01,759,8
2026-03-29,Plant B,M-01,P-03,857,20
2026-03-29,Plant B,M-01,P-02,949,13
2026-03-29,Plant B,M-01,P-04,759,8
2026-03-29,Plant B,M-02,P-05,874,59
2026-03-29,Plant B,M-02,P-04,852,8
2026-03-29,Plant B,M-02,P-06,881,7
2026-03-29,Plant B,M-03,P-04,804,11
2026-03-29,Plant B,M-03,P-01,1080,27
2026-03-29,Plant B,M-03,P-05,624,35
2026-03-29,Plant B,M-04,P-03,675,23
2026-03-29,Plant B,M-04,P-01,393,9
2026-03-29,Plant B,M-04,P-06,748,10
2026-03-29,Plant B,M-05,P-02,751,13
2026-03-29,Plant B,M-05,P-03,932,15
2026-03-29,Plant B,M-05,P-02,977,14
2026-03-29,Plant C,M-01,P-01,837,10
2026-03-29,Plant C,M-01,P-02,924,12
2026-03-29,Plant C,M-01,P-05,882,64
2026-03-29,Plant C,M-02,P-02,769,18
2026-03-29,Plant C,M-02,P-02,780,14
2026-03-29,Plant C,M-02,P-01,541,7
2026-03-29,Plant C,M-03,P-01,817,23
2026-03-29,Plant C,M-03,P-06,1053,14
2026-03-29,Plant C,M-03,P-01,988,20
2026-03-29,Plant C,M-04,P-06,772,9
2026-03-29,Plant C,M-04,P-04,1039,30
2026-03-29,Plant C,M-04,P-06,857,22
2026-03-29,Plant C,M-05,P-06,725,19
2026-03-29,Plant C,M-05,P-04,1003,24
2026-03-29,Plant C,M-05,P-03,691,8
2026-03-30,Plant A,M-01,P-04,789,13
2026-03-30,Plant A,M-01,P-06,885,19
2026-03-30,Plant A,M-01,P-03,931,15
2026-03-30,Plant A,M-02,P-04,794,16
2026-03-30,Plant A,M-02,P-03,897,7
2026-03-30,Plant A,M-02,P-03,649,19
2026-03-30,Plant A,M-03,P-03,819,10
2026-03-30,Plant A,M-03,P-03,866,7
2026-03-30,Plant A,M-03,P-05,544,38
2026-03-30,Plant A,M-04,P-01,857,22
2026-03-30,Plant A,M-04,P-03,873,10
2026-03-30,Plant A,M-04,P-06,704,20
2026-03-30,Plant A,M-05,P-02,796,8
2026-03-30,Plant A,M-05,P-04,698,14
2026-03-30,Plant A,M-05,P-06,957,23
2026-03-30,Plant B,M-01,P-01,855,24
2026-03-30,Plant B,M-01,P-04,991,19
2026-03-30,Plant B,M-01,P-03,715,6
2026-03-30,Plant B,M-02,P-04,904,22
2026-03-30,Plant B,M-02,P-01,803,15
2026-03-30,Plant B,M-02,P-01,985,34
2026-03-30,Plant B,M-03,P-05,1002,68
2026-03-30,Plant B,M-03,P-02,743,21
2026-03-30,Plant B,M-03,P-01,688,18
2026-03-30,Plant B,M-04,P-06,622,5
2026-03-30,Plant B,M-04,P-05,440,22
2026-03-30,Plant B,M-04,P-06,461,10
2026-03-30,Plant B,M-05,P-01,1015,8
2026-03-30,Plant B,M-05,P-02,1048,15
2026-03-30,Plant B,M-05,P-03,858,15
2026-03-30,Plant C,M-01,P-06,616,9
2026-03-30,Plant C,M-01,P-02,741,7
2026-03-30,Plant C,M-01,P-06,608,6
2026-03-30,Plant C,M-02,P-05,822,44
2026-03-30,Plant C,M-02,P-03,927,21
2026-03-30,Plant C,M-02,P-04,593,14
2026-03-30,Plant C,M-03,P-05,741,39
2026-03-30,Plant C,M-03,P-02,919,16
2026-03-30,Plant C,M-03,P-06,747,8
2026-03-30,Plant C,M-04,P-06,767,21
2026-03-30,Plant C,M-04,P-03,886,26
2026-03-30,Plant C,M-04,P-05,815,51
2026-03-30,Plant C,M-05,P-02,1049,34
2026-03-30,Plant C,M-05,P-05,924,60
2026-03-30,Plant C,M-05,P-04,604,10
2026-03-31,Plant A,M-01,P-06,758,24
2026-03-31,Plant A,M-01,P-05,869,41
2026-03-31,Plant A,M-01,P-01,612,5
2026-03-31,Plant A,M-02,P-04,837,25
2026-03-31,Plant A,M-02,P-01,745,23
2026-03-31,Plant A,M-02,P-06,865,27
2026-03-31,Plant A,M-03,P-01,1068,12
2026-03-31,Plant A,M-03,P-06,769,20
2026-03-31,Plant A,M-03,P-04,721,18
2026-03-31,Plant A,M-04,P-02,999,17
2026-03-31,Plant A,M-04,P-05,985,46
2026-03-31,Plant A,M-04,P-02,882,17
2026-03-31,Plant A,M-05,P-05,1044,81
2026-03-31,Plant A,M-05,P-02,758,13
2026-03-31,Plant A,M-05,P-03,698,22
2026-03-31,Plant B,M-01,P-06,746,21
2026-03-31,Plant B,M-01,P-01,898,29
2026-03-31,Plant B,M-01,P-04,793,22
2026-03-31,Plant B,M-02,P-06,985,12
2026-03-31,Plant B,M-02,P-04,969,28
2026-03-31,Plant B,M-02,P-03,708,13
2026-03-31,Plant B,M-03,P-03,1068,31
2026-03-31,Plant B,M-03,P-01,1069,10
2026-03-31,Plant B,M-03,P-03,679,23
2026-03-31,Plant B,M-04,P-03,865,12
2026-03-31,Plant B,M-04,P-02,939,17
2026-03-31,Plant B,M-04,P-04,414,9
2026-03-31,Plant B,M-05,P-05,935,66
2026-03-31,Plant B,M-05,P-02,964,23
2026-03-31,Plant B,M-05,P-02,1007,12
2026-03-31,Plant C,M-01,P-01,822,20
2026-03-31,Plant C,M-01,P-02,743,18
2026-03-31,Plant C,M-01,P-02,875,9
2026-03-31,Plant C,M-02,P-04,894,14
2026-03-31,Plant C,M-02,P-04,987,29
2026-03-31,Plant C,M-02,P-03,955,20
2026-03-31,Plant C,M-03,P-03,990,26
2026-03-31,Plant C,M-03,P-04,819,25
2026-03-31,Plant C,M-03,P-06,877,24
2026-03-31,Plant C,M-04,P-06,895,13
2026-03-31,Plant C,M-04,P-02,1082,36
2026-03-31,Plant C,M-04,P-04,919,23
2026-03-31,Plant C,M-05,P-03,1043,34
2026-03-31,Plant C,M-05,P-02,738,13
2026-03-31,Plant C,M-05,P-01,610,19
2026-04-01,Plant A,M-01,P-01,849,13
2026-04-01,Plant A,M-01,P-02,703,13
2026-04-01,Plant A,M-01,P-05,569,28
2026-04-01,Plant A,M-02,P-06,737,13
2026-04-01,Plant A,M-02,P-04,1095,18
2026-04-01,Plant A,M-02,P-01,605,6
2026-04-01,Plant A,M-03,P-02,1099,38
2026-04-01,Plant A,M-03,P-04,803,12
2026-04-01,Plant A,M-03,P-02,879,24
2026-04-01,Plant A,M-04,P-06,1058,21
2026-04-01,Plant A,M-04,P-06,1090,30
2026-04-01,Plant A,M-04,P-04,602,9
2026-04-01,Plant A,M-05,P-01,1077,11
2026-04-01,Plant A,M-05,P-06,767,12
2026-04-01,Plant A,M-05,P-05,813,53
2026-04-01,Plant B,M-01,P-02,1035,34
2026-04-01,Plant B,M-01,P-03,1055,27
2026-04-01,Plant B,M-01,P-05,818,37
2026-04-01,Plant B,M-02,P-06,748,12
2026-04-01,Plant B,M-02,P-03,920,12
2026-04-01,Plant B,M-02,P-04,729,12
2026-04-01,Plant B,M-03,P-02,1146,27
2026-04-01,Plant B,M-03,P-01,921,17
2026-04-01,Plant B,M-03,P-03,825,15
2026-04-01,Plant B,M-04,P-06,865,24
2026-04-01,Plant B,M-04,P-06,615,8
2026-04-01,Plant B,M-04,P-01,751,11
2026-04-01,Plant B,M-05,P-01,942,28
2026-04-01,Plant B,M-05,P-05,766,35
2026-04-01,Plant B,M-05,P-04,1011,31
2026-04-01,Plant C,M-01,P-05,782,49
2026-04-01,Plant C,M-01,P-01,846,14
2026-04-01,Plant C,M-01,P-01,900,18
2026-04-01,Plant C,M-02,P-04,716,25
2026-04-01,Plant C,M-02,P-06,793,11
2026-04-01,Plant C,M-02,P-04,842,21
2026-04-01,Plant C,M-03,P-04,656,19
2026-04-01,Plant C,M-03,P-03,1032,26
2026-04-01,Plant C,M-03,P-02,1027,17
2026-04-01,Plant C,M-04,P-02,1126,11
2026-04-01,Plant C,M-04,P-05,779,56
2026-04-01,Plant C,M-04,P-02,970,10
2026-04-01,Plant C,M-05,P-04,949,20
2026-04-01,Plant C,M-05,P-05,633,34
2026-04-01,Plant C,M-05,P-05,794,44
2026-04-02,Plant A,M-01,P-06,754,16
2026-04-02,Plant A,M-01,P-02,728,8
2026-04-02,Plant A,M-01,P-01,977,22
2026-04-02,Plant A,M-02,P-06,810,19
2026-04-02,Plant A,M-02,P-05,1014,72
2026-04-02,Plant A,M-02,P-01,832,21
2026-04-02,Plant A,M-03,P-05,865,56
2026-04-02,Plant A,M-03,P-06,639,20
2026-04-02,Plant A,M-03,P-03,766,8
2026-04-02,Plant A,M-04,P-03,922,21
2026-04-02,Plant A,M-04,P-03,770,21
2026-04-02,Plant A,M-04,P-03,732,24
2026-04-02,Plant A,M-05,P-06,1094,26
2026-04-02,Plant A,M-05,P-05,1096,53
2026-04-02,Plant A,M-05,P-01,842,19
2026-04-02,Plant B,M-01,P-02,783,24
2026-04-02,Plant B,M-01,P-04,718,23
2026-04-02,Plant B,M-01,P-01,711,18
2026-04-02,Plant B,M-02,P-05,917,71
2026-04-02,Plant B,M-02,P-06,705,18
2026-04-02,Plant B,M-02,P-05,915,51
2026-04-02,Plant B,M-03,P-06,929,13
2026-04-02,Plant B,M-03,P-02,927,8
2026-04-02,Plant B,M-03,P-01,651,13
2026-04-02,Plant B,M-04,P-06,471,4
2026-04-02,Plant B,M-04,P-03,792,13
2026-04-02,Plant B,M-04,P-06,714,10
2026-04-02,Plant B,M-05,P-06,1036,15
2026-04-02,Plant B,M-05,P-01,899,13
2026-04-02,Plant B,M-05,P-01,851,11
2026-04-02,Plant C,M-01,P-05,910,64
2026-04-02,Plant C,M-01,P-06,873,24
2026-04-02,Plant C,M-01,P-05,772,39
2026-04-02,Plant C,M-02,P-02,1106,10
2026-04-02,Plant C,M-02,P-04,841,17
2026-04-02,Plant C,M-02,P-04,815,12
2026-04-02,Plant C,M-03,P-01,954,28
2026-04-02,Plant C,M-03,P-03,1161,29
2026-04-02,Plant C,M-03,P-05,712,45
2026-04-02,Plant C,M-04,P-06,699,13
2026-04-02,Plant C,M-04,P-05,973,67
2026-04-02,Plant C,M-04,P-06,628,7
2026-04-02,Plant C,M-05,P-02,924,18
2026-04-02,Plant C,M-05,P-04,973,31
2026-04-02,Plant C,M-05,P-01,818,6
2026-04-03,Plant A,M-01,P-03,909,11
2026-04-03,Plant A,M-01,P-02,930,17
2026-04-03,Plant A,M-01,P-01,960,28
2026-04-03,Plant A,M-02,P-06,910,13
2026-04-03,Plant A,M-02,P-06,912,14
2026-04-03,Plant A,M-02,P-04,691,11
2026-04-03,Plant A,M-03,P-01,932,32
2026-04-03,Plant A,M-03,P-03,835,22
2026-04-03,Plant A,M-03,P-06,967,8
2026-04-03,Plant A,M-04,P-01,790,15
2026-04-03,Plant A,M-04,P-05,694,55
2026-04-03,Plant A,M-04,P-06,912,14
2026-04-03,Plant A,M-05,P-01,782,14
2026-04-03,Plant A,M-05,P-01,742,17
2026-04-03,Plant A,M-05,P-02,628,15
2026-04-03,Plant B,M-01,P-03,868,27
2026-04-03,Plant B,M-01,P-01,1096,16
2026-04-03,Plant B,M-01,P-03,684,17
2026-04-03,Plant B,M-02,P-03,938,7
2026-04-03,Plant B,M-02,P-05,1063,83
2026-04-03,Plant B,M-02,P-03,549,19
2026-04-03,Plant B,M-03,P-03,853,27
2026-04-03,Plant B,M-03,P-05,823,47
2026-04-03,Plant B,M-03,P-05,641,39
2026-04-03,Plant B,M-04,P-06,630,9
2026-04-03,Plant B,M-04,P-03,792,9
2026-04-03,Plant B,M-04,P-03,523,5
2026-04-03,Plant B,M-05,P-04,742,11
2026-04-03,Plant B,M-05,P-06,815,8
2026-04-03,Plant B,M-05,P-04,718,24
2026-04-03,Plant C,M-01,P-01,820,27
2026-04-03,Plant C,M-01,P-01,841,14
2026-04-03,Plant C,M-01,P-05,761,53
2026-04-03,Plant C,M-02,P-01,801,25
2026-04-03,Plant C,M-02,P-01,954,11
2026-04-03,Plant C,M-02,P-05,864,58
2026-04-03,Plant C,M-03,P-03,977,24
2026-04-03,Plant C,M-03,P-06,717,11
2026-04-03,Plant C,M-03,P-03,880,25
2026-04-03,Plant C,M-04,P-02,949,19
2026-04-03,Plant C,M-04,P-05,734,59
2026-04-03,Plant C,M-04,P-04,937,25
2026-04-03,Plant C,M-05,P-04,1000,34
2026-04-03,Plant C,M-05,P-06,762,20
2026-04-03,Plant C,M-05,P-02,635,15
2026-04-04,Plant A,M-01,P-05,1085,84
2026-04-04,Plant A,M-01,P-04,869,8
2026-04-04,Plant A,M-01,P-02,804,25
2026-04-04,Plant A,M-02,P-05,865,57
2026-04-04,Plant A,M-02,P-06,1013,17
2026-04-04,Plant A,M-02,P-02,814,27
2026-04-04,Plant A,M-03,P-06,634,12
2026-04-04,Plant A,M-03,P-03,746,19
2026-04-04,Plant A,M-03,P-06,646,11
2026-04-04,Plant A,M-04,P-01,743,13
2026-04-04,Plant A,M-04,P-05,866,63
2026-04-04,Plant A,M-04,P-05,606,42
2026-04-04,Plant A,M-05,P-06,998,30
2026-04-04,Plant A,M-05,P-02,815,20
2026-04-04,Plant A,M-05,P-01,950,23
2026-04-04,Plant B,M-01,P-02,831,12
2026-04-04,Plant B,M-01,P-04,966,16
2026-04-04,Plant B,M-01,P-01,648,14
2026-04-04,Plant B,M-02,P-01,1012,24
2026-04-04,Plant B,M-02,P-05,854,48
2026-04-04,Plant B,M-02,P-03,719,11
2026-04-04,Plant B,M-03,P-05,830,60
2026-04-04,Plant B,M-03,P-01,874,14
2026-04-04,Plant B,M-03,P-04,889,28
2026-04-04,Plant B,M-04,P-06,713,9
2026-04-04,Plant B,M-04,P-04,561,16
2026-04-04,Plant B,M-04,P-01,848,13
2026-04-04,Plant B,M-05,P-06,748,24
2026-04-04,Plant B,M-05,P-05,1061,75
2026-04-04,Plant B,M-05,P-06,822,18
2026-04-04,Plant C,M-01,P-03,1125,25
2026-04-04,Plant C,M-01,P-05,824,50
2026-04-04,Plant C,M-01,P-06,899,7
2026-04-04,Plant C,M-02,P-04,837,18
2026-04-04,Plant C,M-02,P-02,708,19
2026-04-04,Plant C,M-02,P-06,974,31
2026-04-04,Plant C,M-03,P-03,1061,24
2026-04-04,Plant C,M-03,P-01,1109,33
2026-04-04,Plant C,M-03,P-02,768,13
2026-04-04,Plant C,M-04,P-06,1000,25
2026-04-04,Plant C,M-04,P-01,1051,10
2026-04-04,Plant C,M-04,P-03,688,7
2026-04-04,Plant C,M-05,P-01,935,16
2026-04-04,Plant C,M-05,P-02,715,21
2026-04-04,Plant C,M-05,P-03,775,21
2026-04-05,Plant A,M-01,P-05,1160,78
2026-04-05,Plant A,M-01,P-04,643,9
2026-04-05,Plant A,M-01,P-01,803,8
2026-04-05,Plant A,M-02,P-06,831,29
2026-04-05,Plant A,M-02,P-06,676,13
2026-04-05,Plant A,M-02,P-02,877,25
2026-04-05,Plant A,M-03,P-01,784,11
2026-04-05,Plant A,M-03,P-06,916,8
2026-04-05,Plant A,M-03,P-04,898,15
2026-04-05,Plant A,M-04,P-05,724,45
2026-04-05,Plant A,M-04,P-04,1060,31
2026-04-05,Plant A,M-04,P-05,748,48
2026-04-05,Plant A,M-05,P-06,890,15
2026-04-05,Plant A,M-05,P-06,1115,17
2026-04-05,Plant A,M-05,P-06,735,21
2026-04-05,Plant B,M-01,P-03,788,15
2026-04-05,Plant B,M-01,P-02,705,20
2026-04-05,Plant B,M-01,P-02,603,7
2026-04-05,Plant B,M-02,P-04,730,15
2026-04-05,Plant B,M-02,P-04,1050,15
2026-04-05,Plant B,M-02,P-05,734,45
2026-04-05,Plant B,M-03,P-01,904,22
2026-04-05,Plant B,M-03,P-03,982,29
2026-04-05,Plant B,M-03,P-03,792,27
2026-04-05,Plant B,M-04,P-02,647,10
2026-04-05,Plant B,M-04,P-05,864,57
2026-04-05,Plant B,M-04,P-01,903,12
2026-04-05,Plant B,M-05,P-06,1004,23
2026-04-05,Plant B,M-05,P-02,839,12
2026-04-05,Plant B,M-05,P-03,927,10
2026-04-05,Plant C,M-01,P-05,797,55
2026-04-05,Plant C,M-01,P-04,909,9
2026-04-05,Plant C,M-01,P-03,632,12
2026-04-05,Plant C,M-02,P-05,1082,57
2026-04-05,Plant C,M-02,P-01,790,16
2026-04-05,Plant C,M-02,P-05,908,49
2026-04-05,Plant C,M-03,P-02,866,20
2026-04-05,Plant C,M-03,P-02,928,21
2026-04-05,Plant C,M-03,P-04,898,29
2026-04-05,Plant C,M-04,P-02,971,7
2026-04-05,Plant C,M-04,P-03,1134,24
2026-04-05,Plant C,M-04,P-06,770,14
2026-04-05,Plant C,M-05,P-02,843,7
2026-04-05,Plant C,M-05,P-06,827,9
2026-04-05,Plant C,M-05,P-01,771,12
2026-04-06,Plant A,M-01,P-02,675,11
2026-04-06,Plant A,M-01,P-02,1017,8
2026-04-06,Plant A,M-01,P-02,940,17
2026-04-06,Plant A,M-02,P-04,896,23
2026-04-06,Plant A,M-02,P-03,745,15
2026-04-06,Plant A,M-02,P-06,686,5
2026-04-06,Plant A,M-03,P-03,701,18
2026-04-06,Plant A,M-03,P-02,1067,16
2026-04-06,Plant A,M-03,P-01,754,13
2026-04-06,Plant A,M-04,P-02,689,8
2026-04-06,Plant A,M-04,P-01,753,7
2026-04-06,Plant A,M-04,P-06,838,19
2026-04-06,Plant A,M-05,P-05,1122,61
2026-04-06,Plant A,M-05,P-04,1091,20
2026-04-06,Plant A,M-05,P-06,879,25
2026-04-06,Plant B,M-01,P-02,1059,11
2026-04-06,Plant B,M-01,P-04,774,9
2026-04-06,Plant B,M-01,P-04,697,12
2026-04-06,Plant B,M-02,P-05,826,62
2026-04-06,Plant B,M-02,P-04,1053,21
2026-04-06,Plant B,M-02,P-03,940,8
2026-04-06,Plant B,M-03,P-03,1136,33
2026-04-06,Plant B,M-03,P-06,963,32
2026-04-06,Plant B,M-03,P-04,614,15
2026-04-06,Plant B,M-04,P-05,488,23
2026-04-06,Plant B,M-04,P-04,1008,13
2026-04-06,Plant B,M-04,P-02,588,18
2026-04-06,Plant B,M-05,P-03,740,9
2026-04-06,Plant B,M-05,P-06,716,21
2026-04-06,Plant B,M-05,P-03,693,19
2026-04-06,Plant C,M-01,P-06,835,27
2026-04-06,Plant C,M-01,P-05,853,47
2026-04-06,Plant C,M-01,P-05,668,39
2026-04-06,Plant C,M-02,P-03,874,23
2026-04-06,Plant C,M-02,P-02,880,15
2026-04-06,Plant C,M-02,P-01,867,24
2026-04-06,Plant C,M-03,P-01,1065,19
2026-04-06,Plant C,M-03,P-03,832,10
2026-04-06,Plant C,M-03,P-03,759,10
2026-04-06,Plant C,M-04,P-03,935,12
2026-04-06,Plant C,M-04,P-05,969,75
2026-04-06,Plant C,M-04,P-03,889,10
2026-04-06,Plant C,M-05,P-03,1160,15
2026-04-06,Plant C,M-05,P-05,810,54
2026-04-06,Plant C,M-05,P-02,669,15
2026-04-07,Plant A,M-01,P-06,682,14
2026-04-07,Plant A,M-01,P-05,631,33
2026-04-07,Plant A,M-01,P-02,875,24
2026-04-07,Plant A,M-02,P-04,726,16
2026-04-07,Plant A,M-02,P-02,984,12
2026-04-07,Plant A,M-02,P-03,842,7
2026-04-07,Plant A,M-03,P-03,1093,33
2026-04-07,Plant A,M-03,P-01,913,8
2026-04-07,Plant A,M-03,P-06,793,21
2026-04-07,Plant A,M-04,P-03,1073,25
2026-04-07,Plant A,M-04,P-01,604,8
2026-04-07,Plant A,M-04,P-01,661,19
2026-04-07,Plant A,M-05,P-06,691,20
2026-04-07,Plant A,M-05,P-02,821,21
2026-04-07,Plant A,M-05,P-05,894,52
2026-04-07,Plant B,M-01,P-04,784,13
2026-04-07,Plant B,M-01,P-02,956,21
2026-04-07,Plant B,M-01,P-02,997,30
2026-04-07,Plant B,M-02,P-02,688,15
2026-04-07,Plant B,M-02,P-01,778,7
2026-04-07,Plant B,M-02,P-02,815,17
2026-04-07,Plant B,M-03,P-04,894,15
2026-04-07,Plant B,M-03,P-05,737,43
2026-04-07,Plant B,M-03,P-02,606,13
2026-04-07,Plant B,M-04,P-02,603,6
2026-04-07,Plant B,M-04,P-05,629,34
2026-04-07,Plant B,M-04,P-05,702,33
2026-04-07,Plant B,M-05,P-01,962,11
2026-04-07,Plant B,M-05,P-03,733,17
2026-04-07,Plant B,M-05,P-02,961,8
2026-04-07,Plant C,M-01,P-01,830,8
2026-04-07,Plant C,M-01,P-06,1021,15
2026-04-07,Plant C,M-01,P-01,916,26
2026-04-07,Plant C,M-02,P-01,759,17
2026-04-07,Plant C,M-02,P-06,816,20
2026-04-07,Plant C,M-02,P-02,957,30
2026-04-07,Plant C,M-03,P-01,1036,18
2026-04-07,Plant C,M-03,P-01,819,27
2026-04-07,Plant C,M-03,P-06,815,8
2026-04-07,Plant C,M-04,P-01,1055,32
2026-04-07,Plant C,M-04,P-06,972,30
2026-04-07,Plant C,M-04,P-01,878,9
2026-04-07,Plant C,M-05,P-04,804,12
2026-04-07,Plant C,M-05,P-01,873,15
2026-04-07,Plant C,M-05,P-01,663,18
2026-04-08,Plant A,M-01,P-01,842,8
2026-04-08,Plant A,M-01,P-02,864,7
2026-04-08,Plant A,M-01,P-05,576,37
2026-04-08,Plant A,M-02,P-05,771,55
2026-04-08,Plant A,M-02,P-04,716,10
2026-04-08,Plant A,M-02,P-06,726,8
2026-04-08,Plant A,M-03,P-04,1114,27
2026-04-08,Plant A,M-03,P-06,732,20
2026-04-08,Plant A,M-03,P-04,806,15
2026-04-08,Plant A,M-04,P-02,864,16
2026-04-08,Plant A,M-04,P-05,821,52
2026-04-08,Plant A,M-04,P-06,808,15
2026-04-08,Plant A,M-05,P-05,709,47
2026-04-08,Plant A,M-05,P-01,865,16
2026-04-08,Plant A,M-05,P-03,669,11
2026-04-08,Plant B,M-01,P-05,1093,66
2026-04-08,Plant B,M-01,P-03,922,31
2026-04-08,Plant B,M-01,P-03,900,14
2026-04-08,Plant B,M-02,P-04,985,19
2026-04-08,Plant B,M-02,P-04,947,17
2026-04-08,Plant B,M-02,P-06,831,26
2026-04-08,Plant B,M-03,P-05,1076,52
2026-04-08,Plant B,M-03,P-01,723,11
2026-04-08,Plant B,M-03,P-05,714,36
2026-04-08,Plant B,M-04,P-06,577,13
2026-04-08,Plant B,M-04,P-04,823,11
2026-04-08,Plant B,M-04,P-04,708,19
2026-04-08,Plant B,M-05,P-05,988,50
2026-04-08,Plant B,M-05,P-03,939,30
2026-04-08,Plant B,M-05,P-02,877,12
2026-04-08,Plant C,M-01,P-03,706,6
2026-04-08,Plant C,M-01,P-02,771,24
2026-04-08,Plant C,M-01,P-05,705,33
2026-04-08,Plant C,M-02,P-04,1032,12
2026-04-08,Plant C,M-02,P-06,754,21
2026-04-08,Plant C,M-02,P-01,725,18
2026-04-08,Plant C,M-03,P-06,704,13
2026-04-08,Plant C,M-03,P-02,799,15
2026-04-08,Plant C,M-03,P-04,647,9
2026-04-08,Plant C,M-04,P-06,891,29
2026-04-08,Plant C,M-04,P-04,600,20
2026-04-08,Plant C,M-04,P-05,608,32
2026-04-08,Plant C,M-05,P-03,935,26
2026-04-08,Plant C,M-05,P-06,951,28
2026-04-08,Plant C,M-05,P-01,735,7
2026-04-09,Plant A,M-01,P-02,1085,26
2026-04-09,Plant A,M-01,P-03,853,22
2026-04-09,Plant A,M-01,P-05,940,75
2026-04-09,Plant A,M-02,P-02,975,24
2026-04-09,Plant A,M-02,P-05,737,38
2026-04-09,Plant A,M-02,P-05,863,55
2026-04-09,Plant A,M-03,P-02,1160,19
2026-04-09,Plant A,M-03,P-01,663,19
2026-04-09,Plant A,M-03,P-06,658,11
2026-04-09,Plant A,M-04,P-05,682,37
2026-04-09,Plant A,M-04,P-01,942,7
2026-04-09,Plant A,M-04,P-04,837,28
2026-04-09,Plant A,M-05,P-01,1078,34
2026-04-09,Plant A,M-05,P-05,861,49
2026-04-09,Plant A,M-05,P-02,973,22
2026-04-09,Plant B,M-01,P-01,798,24
2026-04-09,Plant B,M-01,P-02,811,10
2026-04-09,Plant B,M-01,P-02,617,12
2026-04-09,Plant B,M-02,P-04,1004,33
2026-04-09,Plant B,M-02,P-01,861,22
2026-04-09,Plant B,M-02,P-02,904,9
2026-04-09,Plant B,M-03,P-04,1038,14
2026-04-09,Plant B,M-03,P-02,747,19
2026-04-09,Plant B,M-03,P-04,764,10
2026-04-09,Plant B,M-04,P-05,836,47
2026-04-09,Plant B,M-04,P-05,513,23
2026-04-09,Plant B,M-04,P-06,678,21
2026-04-09,Plant B,M-05,P-06,912,13
2026-04-09,Plant B,M-05,P-02,836,29
2026-04-09,Plant B,M-05,P-03,771,15
2026-04-09,Plant C,M-01,P-02,714,24
2026-04-09,Plant C,M-01,P-01,682,11
2026-04-09,Plant C,M-01,P-03,624,5
2026-04-09,Plant C,M-02,P-04,704,6
2026-04-09,Plant C,M-02,P-02,1026,27
2026-04-09,Plant C,M-02,P-03,859,9
2026-04-09,Plant C,M-03,P-02,1128,21
2026-04-09,Plant C,M-03,P-06,765,26
2026-04-09,Plant C,M-03,P-03,606,19
2026-04-09,Plant C,M-04,P-01,961,12
2026-04-09,Plant C,M-04,P-05,935,74
2026-04-09,Plant C,M-04,P-03,675,11
2026-04-09,Plant C,M-05,P-04,950,15
2026-04-09,Plant C,M-05,P-01,950,30
2026-04-09,Plant C,M-05,P-03,734,24
2026-04-10,Plant A,M-01,P-02,786,21
2026-04-10,Plant A,M-01,P-06,895,9
2026-04-10,Plant A,M-01,P-04,732,6
2026-04-10,Plant A,M-02,P-01,796,8
2026-04-10,Plant A,M-02,P-04,616,12
2026-04-10,Plant A,M-02,P-06,863,25
2026-04-10,Plant A,M-03,P-03,660,12
2026-04-10,Plant A,M-03,P-04,822,12
2026-04-10,Plant A,M-03,P-04,823,16
2026-04-10,Plant A,M-04,P-03,849,18
2026-04-10,Plant A,M-04,P-04,960,32
2026-04-10,Plant A,M-04,P-04,608,6
2026-04-10,Plant A,M-05,P-06,964,10
2026-04-10,Plant A,M-05,P-03,1070,21
2026-04-10,Plant A,M-05,P-05,707,44
2026-04-10,Plant B,M-01,P-03,890,29
2026-04-10,Plant B,M-01,P-05,1094,86
2026-04-10,Plant B,M-01,P-01,923,21
2026-04-10,Plant B,M-02,P-06,663,20
2026-04-10,Plant B,M-02,P-04,1168,29
2026-04-10,Plant B,M-02,P-02,744,7
2026-04-10,Plant B,M-03,P-01,748,15
2026-04-10,Plant B,M-03,P-04,922,19
2026-04-10,Plant B,M-03,P-03,949,23
2026-04-10,Plant B,M-04,P-03,933,32
2026-04-10,Plant B,M-04,P-05,753,55
2026-04-10,Plant B,M-04,P-03,806,17
2026-04-10,Plant B,M-05,P-05,1053,69
2026-04-10,Plant B,M-05,P-01,976,12
2026-04-10,Plant B,M-05,P-05,690,50
2026-04-10,Plant C,M-01,P-03,1018,25
2026-04-10,Plant C,M-01,P-04,780,21
2026-04-10,Plant C,M-01,P-04,876,26
2026-04-10,Plant C,M-02,P-02,852,14
2026-04-10,Plant C,M-02,P-02,903,9
2026-04-10,Plant C,M-02,P-04,737,20
2026-04-10,Plant C,M-03,P-04,1006,27
2026-04-10,Plant C,M-03,P-04,1026,24
2026-04-10,Plant C,M-03,P-01,894,8
2026-04-10,Plant C,M-04,P-02,929,24
2026-04-10,Plant C,M-04,P-03,783,26
2026-04-10,Plant C,M-04,P-03,888,23
2026-04-10,Plant C,M-05,P-04,790,23
2026-04-10,Plant C,M-05,P-05,660,55
2026-04-10,Plant C,M-05,P-03,788,13
2026-04-11,Plant A,M-01,P-06,818,19
2026-04-11,Plant A,M-01,P-02,665,16
2026-04-11,Plant A,M-01,P-03,670,12
2026-04-11,Plant A,M-02,P-02,746,14
2026-04-11,Plant A,M-02,P-04,807,23
2026-04-11,Plant A,M-02,P-03,959,10
2026-04-11,Plant A,M-03,P-04,896,24
2026-04-11,Plant A,M-03,P-01,866,17
2026-04-11,Plant A,M-03,P-02,573,19
2026-04-11,Plant A,M-04,P-03,959,13
2026-04-11,Plant A,M-04,P-04,685,13
2026-04-11,Plant A,M-04,P-03,726,12
2026-04-11,Plant A,M-05,P-03,759,19
2026-04-11,Plant A,M-05,P-06,970,24
2026-04-11,Plant A,M-05,P-06,756,6
2026-04-11,Plant B,M-01,P-04,1111,22
2026-04-11,Plant B,M-01,P-05,958,69
2026-04-11,Plant B,M-01,P-05,678,49
2026-04-11,Plant B,M-02,P-01,945,7
2026-04-11,Plant B,M-02,P-04,762,20
2026-04-11,Plant B,M-02,P-04,624,21
2026-04-11,Plant B,M-03,P-02,792,10
2026-04-11,Plant B,M-03,P-05,774,46
2026-04-11,Plant B,M-03,P-01,788,10
2026-04-11,Plant B,M-04,P-03,667,17
2026-04-11,Plant B,M-04,P-06,817,15
2026-04-11,Plant B,M-04,P-06,740,8
2026-04-11,Plant B,M-05,P-02,1100,35
2026-04-11,Plant B,M-05,P-05,977,64
2026-04-11,Plant B,M-05,P-06,718,6
2026-04-11,Plant C,M-01,P-02,1113,27
2026-04-11,Plant C,M-01,P-05,950,56
2026-04-11,Plant C,M-01,P-02,628,21
2026-04-11,Plant C,M-02,P-03,927,15
2026-04-11,Plant C,M-02,P-01,940,16
2026-04-11,Plant C,M-02,P-01,735,22
2026-04-11,Plant C,M-03,P-06,825,20
2026-04-11,Plant C,M-03,P-06,1134,27
2026-04-11,Plant C,M-03,P-04,745,7
2026-04-11,Plant C,M-04,P-01,931,26
2026-04-11,Plant C,M-04,P-05,1052,59
2026-04-11,Plant C,M-04,P-05,602,36
2026-04-11,Plant C,M-05,P-02,886,23
2026-04-11,Plant C,M-05,P-05,758,34
2026-04-11,Plant C,M-05,P-02,664,10
2026-04-12,Plant A,M-01,P-04,828,27
2026-04-12,Plant A,M-01,P-06,1047,15
2026-04-12,Plant A,M-01,P-03,787,25
2026-04-12,Plant A,M-02,P-04,1097,21
2026-04-12,Plant A,M-02,P-01,751,12
2026-04-12,Plant A,M-02,P-05,817,54
2026-04-12,Plant A,M-03,P-04,961,26
2026-04-12,Plant A,M-03,P-02,1033,11
2026-04-12,Plant A,M-03,P-04,665,12
2026-04-12,Plant A,M-04,P-04,1192,20
2026-04-12,Plant A,M-04,P-05,1059,73
2026-04-12,Plant A,M-04,P-06,766,23
2026-04-12,Plant A,M-05,P-01,864,17
2026-04-12,Plant A,M-05,P-03,762,11
2026-04-12,Plant A,M-05,P-02,914,9
2026-04-12,Plant B,M-01,P-06,725,16
2026-04-12,Plant B,M-01,P-06,1160,34
2026-04-12,Plant B,M-01,P-05,739,40
2026-04-12,Plant B,M-02,P-03,792,25
2026-04-12,Plant B,M-02,P-03,914,30
2026-04-12,Plant B,M-02,P-04,726,22
2026-04-12,Plant B,M-03,P-05,1014,61
2026-04-12,Plant B,M-03,P-01,942,19
2026-04-12,Plant B,M-03,P-03,701,14
2026-04-12,Plant B,M-04,P-04,663,6
2026-04-12,Plant B,M-04,P-06,780,8
2026-04-12,Plant B,M-04,P-03,648,10
2026-04-12,Plant B,M-05,P-02,944,25
2026-04-12,Plant B,M-05,P-01,1026,34
2026-04-12,Plant B,M-05,P-06,588,16
2026-04-12,Plant C,M-01,P-02,881,29
2026-04-12,Plant C,M-01,P-01,1078,29
2026-04-12,Plant C,M-01,P-06,613,13
2026-04-12,Plant C,M-02,P-03,1066,23
2026-04-12,Plant C,M-02,P-03,867,17
2026-04-12,Plant C,M-02,P-01,817,12
2026-04-12,Plant C,M-03,P-03,994,31
2026-04-12,Plant C,M-03,P-05,833,68
2026-04-12,Plant C,M-03,P-01,788,19
2026-04-12,Plant C,M-04,P-01,914,16
2026-04-12,Plant C,M-04,P-06,738,10
2026-04-12,Plant C,M-04,P-04,901,19
2026-04-12,Plant C,M-05,P-01,791,6
2026-04-12,Plant C,M-05,P-02,743,8
2026-04-12,Plant C,M-05,P-01,686,14
2026-04-13,Plant A,M-01,P-02,861,16
2026-04-13,Plant A,M-01,P-02,945,24
2026-04-13,Plant A,M-01,P-03,821,27
2026-04-13,Plant A,M-02,P-01,709,19
2026-04-13,Plant A,M-02,P-01,1112,32
2026-04-13,Plant A,M-02,P-01,848,28
2026-04-13,Plant A,M-03,P-06,1086,26
2026-04-13,Plant A,M-03,P-02,902,8
2026-04-13,Plant A,M-03,P-06,781,13
2026-04-13,Plant A,M-04,P-03,1050,24
2026-04-13,Plant A,M-04,P-04,894,22
2026-04-13,Plant A,M-04,P-03,929,23
2026-04-13,Plant A,M-05,P-03,788,6
2026-04-13,Plant A,M-05,P-02,1017,29
2026-04-13,Plant A,M-05,P-05,771,45
2026-04-13,Plant B,M-01,P-06,1046,15
2026-04-13,Plant B,M-01,P-05,907,51
2026-04-13,Plant B,M-01,P-05,856,39
2026-04-13,Plant B,M-02,P-03,757,19
2026-04-13,Plant B,M-02,P-06,993,26
2026-04-13,Plant B,M-02,P-01,680,13
2026-04-13,Plant B,M-03,P-04,1101,35
2026-04-13,Plant B,M-03,P-05,881,49
2026-04-13,Plant B,M-03,P-01,600,5
2026-04-13,Plant B,M-04,P-03,584,7
2026-04-13,Plant B,M-04,P-01,830,14
2026-04-13,Plant B,M-04,P-06,497,5
2026-04-13,Plant B,M-05,P-05,669,34
2026-04-13,Plant B,M-05,P-06,939,12
2026-04-13,Plant B,M-05,P-04,797,14
2026-04-13,Plant C,M-01,P-06,906,28
2026-04-13,Plant C,M-01,P-03,690,6
2026-04-13,Plant C,M-01,P-06,724,9
2026-04-13,Plant C,M-02,P-04,963,11
2026-04-13,Plant C,M-02,P-06,865,10
2026-04-13,Plant C,M-02,P-05,754,55
2026-04-13,Plant C,M-03,P-06,705,7
2026-04-13,Plant C,M-03,P-01,873,19
2026-04-13,Plant C,M-03,P-06,761,12
2026-04-13,Plant C,M-04,P-03,1045,10
2026-04-13,Plant C,M-04,P-06,1103,30
2026-04-13,Plant C,M-04,P-01,644,10
2026-04-13,Plant C,M-05,P-02,829,28
2026-04-13,Plant C,M-05,P-04,955,21
2026-04-13,Plant C,M-05,P-05,777,54
2026-04-14,Plant A,M-01,P-05,963,77
2026-04-14,Plant A,M-01,P-03,1036,32
2026-04-14,Plant A,M-01,P-06,859,25
2026-04-14,Plant A,M-02,P-01,810,14
2026-04-14,Plant A,M-02,P-06,1036,34
2026-04-14,Plant A,M-02,P-02,914,19
2026-04-14,Plant A,M-03,P-03,887,25
2026-04-14,Plant A,M-03,P-05,962,76
2026-04-14,Plant A,M-03,P-04,873,30
2026-04-14,Plant A,M-04,P-06,1130,25
2026-04-14,Plant A,M-04,P-02,721,22
2026-04-14,Plant A,M-04,P-03,746,20
2026-04-14,Plant A,M-05,P-04,943,8
2026-04-14,Plant A,M-05,P-02,1022,16
2026-04-14,Plant A,M-05,P-06,862,11
2026-04-14,Plant B,M-01,P-03,1063,9
2026-04-14,Plant B,M-01,P-02,999,33
2026-04-14,Plant B,M-01,P-05,843,68
2026-04-14,Plant B,M-02,P-05,837,70
2026-04-14,Plant B,M-02,P-04,886,23
2026-04-14,Plant B,M-02,P-01,563,4
2026-04-14,Plant B,M-03,P-03,866,28
2026-04-14,Plant B,M-03,P-04,1070,33
2026-04-14,Plant B,M-03,P-01,631,9
2026-04-14,Plant B,M-04,P-06,622,13
2026-04-14,Plant B,M-04,P-04,836,21
2026-04-14,Plant B,M-04,P-05,628,50
2026-04-14,Plant B,M-05,P-03,834,27
2026-04-14,Plant B,M-05,P-05,751,55
2026-04-14,Plant B,M-05,P-04,795,8
2026-04-14,Plant C,M-01,P-05,1057,87
2026-04-14,Plant C,M-01,P-02,843,12
2026-04-14,Plant C,M-01,P-01,599,17
2026-04-14,Plant C,M-02,P-05,719,40
2026-04-14,Plant C,M-02,P-04,1019,9
2026-04-14,Plant C,M-02,P-06,719,18
2026-04-14,Plant C,M-03,P-05,748,45
2026-04-14,Plant C,M-03,P-06,880,12
2026-04-14,Plant C,M-03,P-06,859,24
2026-04-14,Plant C,M-04,P-02,974,27
2026-04-14,Plant C,M-04,P-02,1124,35
2026-04-14,Plant C,M-04,P-06,813,25
2026-04-14,Plant C,M-05,P-04,1019,28
2026-04-14,Plant C,M-05,P-04,833,22
2026-04-14,Plant C,M-05,P-04,846,10
2026-04-15,Plant A,M-01,P-06,978,30
2026-04-15,Plant A,M-01,P-01,781,17
2026-04-15,Plant A,M-01,P-06,702,17
2026-04-15,Plant A,M-02,P-04,1059,29
2026-04-15,Plant A,M-02,P-01,1115,22
2026-04-15,Plant A,M-02,P-06,772,13
2026-04-15,Plant A,M-03,P-04,761,21
2026-04-15,Plant A,M-03,P-02,1031,33
2026-04-15,Plant A,M-03,P-04,671,6
2026-04-15,Plant A,M-04,P-04,936,23
2026-04-15,Plant A,M-04,P-01,994,22
2026-04-15,Plant A,M-04,P-04,685,18
2026-04-15,Plant A,M-05,P-01,739,15
2026-04-15,Plant A,M-05,P-01,1017,23
2026-04-15,Plant A,M-05,P-02,718,18
2026-04-15,Plant B,M-01,P-01,996,27
2026-04-15,Plant B,M-01,P-01,843,7
2026-04-15,Plant B,M-01,P-05,653,34
2026-04-15,Plant B,M-02,P-05,969,53
2026-04-15,Plant B,M-02,P-05,1022,81
2026-04-15,Plant B,M-02,P-03,757,7
2026-04-15,Plant B,M-03,P-02,766,6
2026-04-15,Plant B,M-03,P-04,936,15
2026-04-15,Plant B,M-03,P-02,882,14
2026-04-15,Plant B,M-04,P-05,808,43
2026-04-15,Plant B,M-04,P-04,584,14
2026-04-15,Plant B,M-04,P-02,683,7
2026-04-15,Plant B,M-05,P-03,750,19
2026-04-15,Plant B,M-05,P-02,866,25
2026-04-15,Plant B,M-05,P-03,1005,26
2026-04-15,Plant C,M-01,P-05,961,45
2026-04-15,Plant C,M-01,P-04,1029,30
2026-04-15,Plant C,M-01,P-02,887,30
2026-04-15,Plant C,M-02,P-01,1044,31
2026-04-15,Plant C,M-02,P-05,949,66
2026-04-15,Plant C,M-02,P-03,601,11
2026-04-15,Plant C,M-03,P-05,922,74
2026-04-15,Plant C,M-03,P-02,758,18
2026-04-15,Plant C,M-03,P-03,884,9
2026-04-15,Plant C,M-04,P-06,1159,11
2026-04-15,Plant C,M-04,P-05,736,59
2026-04-15,Plant C,M-04,P-04,896,14
2026-04-15,Plant C,M-05,P-02,724,19
2026-04-15,Plant C,M-05,P-01,1108,30
2026-04-15,Plant C,M-05,P-04,654,11
2026-04-16,Plant A,M-01,P-05,1139,69
2026-04-16,Plant A,M-01,P-05,922,51
2026-04-16,Plant A,M-01,P-06,570,15
2026-04-16,Plant A,M-02,P-01,1093,29
2026-04-16,Plant A,M-02,P-01,1051,30
2026-04-16,Plant A,M-02,P-06,574,13
2026-04-16,Plant A,M-03,P-05,1042,65
2026-04-16,Plant A,M-03,P-04,966,12
2026-04-16,Plant A,M-03,P-02,817,27
2026-04-16,Plant A,M-04,P-01,1060,24
2026-04-16,Plant A,M-04,P-03,1084,31
2026-04-16,Plant A,M-04,P-02,647,20
2026-04-16,Plant A,M-05,P-06,742,10
2026-04-16,Plant A,M-05,P-06,729,9
2026-04-16,Plant A,M-05,P-06,701,9
2026-04-16,Plant B,M-01,P-01,1103,11
2026-04-16,Plant B,M-01,P-04,1068,18
2026-04-16,Plant B,M-01,P-01,562,4
2026-04-16,Plant B,M-02,P-05,1088,70
2026-04-16,Plant B,M-02,P-04,827,26
2026-04-16,Plant B,M-02,P-03,727,10
2026-04-16,Plant B,M-03,P-04,860,8
2026-04-16,Plant B,M-03,P-03,983,13
2026-04-16,Plant B,M-03,P-03,862,27
2026-04-16,Plant B,M-04,P-02,933,30
2026-04-16,Plant B,M-04,P-05,640,35
2026-04-16,Plant B,M-04,P-04,627,5
2026-04-16,Plant B,M-05,P-04,837,25
2026-04-16,Plant B,M-05,P-04,764,22
2026-04-16,Plant B,M-05,P-05,627,51
2026-04-16,Plant C,M-01,P-06,750,15
2026-04-16,Plant C,M-01,P-02,926,9
2026-04-16,Plant C,M-01,P-04,489,7
2026-04-16,Plant C,M-02,P-03,777,11
2026-04-16,Plant C,M-02,P-01,973,10
2026-04-16,Plant C,M-02,P-02,675,16
2026-04-16,Plant C,M-03,P-01,835,19
2026-04-16,Plant C,M-03,P-06,956,8
2026-04-16,Plant C,M-03,P-02,700,20
2026-04-16,Plant C,M-04,P-06,675,10
2026-04-16,Plant C,M-04,P-05,934,70
2026-04-16,Plant C,M-04,P-04,706,14
2026-04-16,Plant C,M-05,P-05,908,47
2026-04-16,Plant C,M-05,P-01,724,13
2026-04-16,Plant C,M-05,P-02,678,8
2026-04-17,Plant A,M-01,P-02,910,24
2026-04-17,Plant A,M-01,P-04,979,15
2026-04-17,Plant A,M-01,P-03,891,26
2026-04-17,Plant A,M-02,P-01,779,14
2026-04-17,Plant A,M-02,P-01,812,19
2026-04-17,Plant A,M-02,P-01,947,8
2026-04-17,Plant A,M-03,P-06,748,11
2026-04-17,Plant A,M-03,P-03,822,7
2026-04-17,Plant A,M-03,P-02,989,8
2026-04-17,Plant A,M-04,P-06,724,8
2026-04-17,Plant A,M-04,P-06,848,24
2026-04-17,Plant A,M-04,P-03,752,21
2026-04-17,Plant A,M-05,P-03,1068,18
2026-04-17,Plant A,M-05,P-04,691,8
2026-04-17,Plant A,M-05,P-06,978,18
2026-04-17,Plant B,M-01,P-04,780,19
2026-04-17,Plant B,M-01,P-05,1077,51
2026-04-17,Plant B,M-01,P-04,998,21
2026-04-17,Plant B,M-02,P-03,690,9
2026-04-17,Plant B,M-02,P-01,1006,16
2026-04-17,Plant B,M-02,P-02,923,15
2026-04-17,Plant B,M-03,P-03,1004,33
2026-04-17,Plant B,M-03,P-04,1080,12
2026-04-17,Plant B,M-03,P-01,770,8
2026-04-17,Plant B,M-04,P-01,967,21
2026-04-17,Plant B,M-04,P-02,768,15
2026-04-17,Plant B,M-04,P-05,715,37
2026-04-17,Plant B,M-05,P-03,739,7
2026-04-17,Plant B,M-05,P-01,838,28
2026-04-17,Plant B,M-05,P-03,574,7
2026-04-17,Plant C,M-01,P-02,1005,18
2026-04-17,Plant C,M-01,P-01,686,12
2026-04-17,Plant C,M-01,P-05,1003,77
2026-04-17,Plant C,M-02,P-02,1036,23
2026-04-17,Plant C,M-02,P-02,901,12
2026-04-17,Plant C,M-02,P-02,832,18
2026-04-17,Plant C,M-03,P-04,709,17
2026-04-17,Plant C,M-03,P-03,639,8
2026-04-17,Plant C,M-03,P-02,626,12
2026-04-17,Plant C,M-04,P-04,638,15
2026-04-17,Plant C,M-04,P-05,952,49
2026-04-17,Plant C,M-04,P-03,572,8
2026-04-17,Plant C,M-05,P-06,941,27
2026-04-17,Plant C,M-05,P-03,1091,22
2026-04-17,Plant C,M-05,P-05,974,75
2026-04-18,Plant A,M-01,P-04,1173,20
2026-04-18,Plant A,M-01,P-01,898,26
2026-04-18,Plant A,M-01,P-04,629,5
2026-04-18,Plant A,M-02,P-06,1001,31
2026-04-18,Plant A,M-02,P-03,778,25
2026-04-18,Plant A,M-02,P-05,659,40
2026-04-18,Plant A,M-03,P-04,1050,13
2026-04-18,Plant A,M-03,P-06,817,6
2026-04-18,Plant A,M-03,P-01,930,20
2026-04-18,Plant A,M-04,P-03,1089,13
2026-04-18,Plant A,M-04,P-02,774,15
2026-04-18,Plant A,M-04,P-05,738,49
2026-04-18,Plant A,M-05,P-03,897,18
2026-04-18,Plant A,M-05,P-06,973,18
2026-04-18,Plant A,M-05,P-02,733,7
2026-04-18,Plant B,M-01,P-02,1000,28
2026-04-18,Plant B,M-01,P-06,1031,20
2026-04-18,Plant B,M-01,P-03,899,19
2026-04-18,Plant B,M-02,P-02,893,23
2026-04-18,Plant B,M-02,P-02,1017,26
2026-04-18,Plant B,M-02,P-03,861,9
2026-04-18,Plant B,M-03,P-03,755,26
2026-04-18,Plant B,M-03,P-03,673,15
2026-04-18,Plant B,M-03,P-06,797,20
2026-04-18,Plant B,M-04,P-01,688,16
2026-04-18,Plant B,M-04,P-05,700,40
2026-04-18,Plant B,M-04,P-03,537,7
2026-04-18,Plant B,M-05,P-03,1105,30
2026-04-18,Plant B,M-05,P-01,661,11
2026-04-18,Plant B,M-05,P-03,840,6
2026-04-18,Plant C,M-01,P-05,808,48
2026-04-18,Plant C,M-01,P-04,885,23
2026-04-18,Plant C,M-01,P-02,700,22
2026-04-18,Plant C,M-02,P-05,1057,77
2026-04-18,Plant C,M-02,P-03,959,25
2026-04-18,Plant C,M-02,P-01,859,21
2026-04-18,Plant C,M-03,P-02,700,14
2026-04-18,Plant C,M-03,P-03,737,23
2026-04-18,Plant C,M-03,P-05,827,59
2026-04-18,Plant C,M-04,P-01,747,14
2026-04-18,Plant C,M-04,P-03,787,21
2026-04-18,Plant C,M-04,P-06,867,10
2026-04-18,Plant C,M-05,P-02,1097,30
2026-04-18,Plant C,M-05,P-01,713,18
2026-04-18,Plant C,M-05,P-02,610,15
2026-04-19,Plant A,M-01,P-03,1110,14
2026-04-19,Plant A,M-01,P-03,1085,22
2026-04-19,Plant A,M-01,P-01,623,6
2026-04-19,Plant A,M-02,P-06,859,17
2026-04-19,Plant A,M-02,P-03,957,11
2026-04-19,Plant A,M-02,P-06,669,13
2026-04-19,Plant A,M-03,P-04,706,22
2026-04-19,Plant A,M-03,P-06,961,25
2026-04-19,Plant A,M-03,P-06,784,10
2026-04-19,Plant A,M-04,P-04,787,10
2026-04-19,Plant A,M-04,P-05,1023,49
2026-04-19,Plant A,M-04,P-06,986,33
2026-04-19,Plant A,M-05,P-03,1068,17
2026-04-19,Plant A,M-05,P-05,1016,51
2026-04-19,Plant A,M-05,P-03,812,7
2026-04-19,Plant B,M-01,P-04,743,11
2026-04-19,Plant B,M-01,P-01,631,13
2026-04-19,Plant B,M-01,P-05,777,39
2026-04-19,Plant B,M-02,P-02,1059,11
2026-04-19,Plant B,M-02,P-02,930,27
2026-04-19,Plant B,M-02,P-01,831,10
2026-04-19,Plant B,M-03,P-06,933,27
2026-04-19,Plant B,M-03,P-06,844,24
2026-04-19,Plant B,M-03,P-06,846,21
2026-04-19,Plant B,M-04,P-05,823,44
2026-04-19,Plant B,M-04,P-06,556,17
2026-04-19,Plant B,M-04,P-01,562,4
2026-04-19,Plant B,M-05,P-04,956,13
2026-04-19,Plant B,M-05,P-03,664,11
2026-04-19,Plant B,M-05,P-01,573,14
2026-04-19,Plant C,M-01,P-06,900,9
2026-04-19,Plant C,M-01,P-05,930,46
2026-04-19,Plant C,M-01,P-05,658,40
2026-04-19,Plant C,M-02,P-05,1055,73
2026-04-19,Plant C,M-02,P-02,753,25
2026-04-19,Plant C,M-02,P-05,904,58
2026-04-19,Plant C,M-03,P-05,788,64
2026-04-19,Plant C,M-03,P-03,862,21
2026-04-19,Plant C,M-03,P-06,806,11
2026-04-19,Plant C,M-04,P-04,919,20
2026-04-19,Plant C,M-04,P-05,786,64
2026-04-19,Plant C,M-04,P-04,690,17
2026-04-19,Plant C,M-05,P-02,785,10
2026-04-19,Plant C,M-05,P-04,715,17
2026-04-19,Plant C,M-05,P-06,812,18
2026-04-20,Plant A,M-01,P-04,1071,9
2026-04-20,Plant A,M-01,P-04,863,29
2026-04-20,Plant A,M-01,P-06,970,28
2026-04-20,Plant A,M-02,P-04,1119,25
2026-04-20,Plant A,M-02,P-05,1034,72
2026-04-20,Plant A,M-02,P-03,606,14
2026-04-20,Plant A,M-03,P-02,1058,21
2026-04-20,Plant A,M-03,P-03,876,27
2026-04-20,Plant A,M-03,P-06,666,8
2026-04-20,Plant A,M-04,P-02,786,16
2026-04-20,Plant A,M-04,P-06,867,29
2026-04-20,Plant A,M-04,P-05,771,51
2026-04-20,Plant A,M-05,P-05,1050,52
2026-04-20,Plant A,M-05,P-05,785,55
2026-04-20,Plant A,M-05,P-05,951,56
2026-04-20,Plant B,M-01,P-06,926,19
2026-04-20,Plant B,M-01,P-05,1128,75
2026-04-20,Plant B,M-01,P-04,926,22
2026-04-20,Plant B,M-02,P-04,1056,18
2026-04-20,Plant B,M-02,P-01,986,13
2026-04-20,Plant B,M-02,P-01,771,15
2026-04-20,Plant B,M-03,P-01,1139,34
2026-04-20,Plant B,M-03,P-06,923,15
2026-04-20,Plant B,M-03,P-04,678,8
2026-04-20,Plant B,M-04,P-05,876,46
2026-04-20,Plant B,M-04,P-02,552,18
2026-04-20,Plant B,M-04,P-02,588,16
2026-04-20,Plant B,M-05,P-03,1050,28
2026-04-20,Plant B,M-05,P-05,951,73
2026-04-20,Plant B,M-05,P-01,562,10
2026-04-20,Plant C,M-01,P-05,782,37
2026-04-20,Plant C,M-01,P-01,780,20
2026-04-20,Plant C,M-01,P-01,755,18
2026-04-20,Plant C,M-02,P-05,1104,67
2026-04-20,Plant C,M-02,P-05,658,31
2026-04-20,Plant C,M-02,P-05,1005,84
2026-04-20,Plant C,M-03,P-02,825,26
2026-04-20,Plant C,M-03,P-05,977,55
2026-04-20,Plant C,M-03,P-06,859,26
2026-04-20,Plant C,M-04,P-01,911,16
2026-04-20,Plant C,M-04,P-04,1021,12
2026-04-20,Plant C,M-04,P-02,720,12
2026-04-20,Plant C,M-05,P-04,786,16
2026-04-20,Plant C,M-05,P-01,736,10
2026-04-20,Plant C,M-05,P-06,574,15
2026-04-21,Plant A,M-01,P-05,834,57
2026-04-21,Plant A,M-01,P-05,972,49
2026-04-21,Plant A,M-01,P-04,610,11
2026-04-21,Plant A,M-02,P-02,908,18
2026-04-21,Plant A,M-02,P-02,1033,33
2026-04-21,Plant A,M-02,P-06,1027,22
2026-04-21,Plant A,M-03,P-05,1035,54
2026-04-21,Plant A,M-03,P-03,943,21
2026-04-21,Plant A,M-03,P-02,621,7
2026-04-21,Plant A,M-04,P-01,935,7
2026-04-21,Plant A,M-04,P-03,853,12
2026-04-21,Plant A,M-04,P-03,604,16
2026-04-21,Plant A,M-05,P-01,905,20
2026-04-21,Plant A,M-05,P-02,1023,18
2026-04-21,Plant A,M-05,P-05,668,39
2026-04-21,Plant B,M-01,P-02,1058,25
2026-04-21,Plant B,M-01,P-03,915,14
2026-04-21,Plant B,M-01,P-01,809,16
2026-04-21,Plant B,M-02,P-06,811,14
2026-04-21,Plant B,M-02,P-06,767,7
2026-04-21,Plant B,M-02,P-01,814,23
2026-04-21,Plant B,M-03,P-02,807,7
2026-04-21,Plant B,M-03,P-01,716,20
2026-04-21,Plant B,M-03,P-04,758,18
2026-04-21,Plant B,M-04,P-01,789,8
2026-04-21,Plant B,M-04,P-03,680,15
2026-04-21,Plant B,M-04,P-04,402,5
2026-04-21,Plant B,M-05,P-01,846,12
2026-04-21,Plant B,M-05,P-03,930,28
2026-04-21,Plant B,M-05,P-02,698,16
2026-04-21,Plant C,M-01,P-03,1219,18
2026-04-21,Plant C,M-01,P-01,1023,8
2026-04-21,Plant C,M-01,P-05,862,45
2026-04-21,Plant C,M-02,P-02,1046,11
2026-04-21,Plant C,M-02,P-02,842,26
2026-04-21,Plant C,M-02,P-01,730,20
2026-04-21,Plant C,M-03,P-02,996,18
2026-04-21,Plant C,M-03,P-01,1058,10
2026-04-21,Plant C,M-03,P-04,652,11
2026-04-21,Plant C,M-04,P-01,748,21
2026-04-21,Plant C,M-04,P-03,855,7
2026-04-21,Plant C,M-04,P-02,618,15
2026-04-21,Plant C,M-05,P-03,994,26
2026-04-21,Plant C,M-05,P-01,954,12
2026-04-21,Plant C,M-05,P-06,710,15
2026-04-22,Plant A,M-01,P-03,1019,12
2026-04-22,Plant A,M-01,P-01,892,17
2026-04-22,Plant A,M-01,P-02,744,24
2026-04-22,Plant A,M-02,P-01,926,14
2026-04-22,Plant A,M-02,P-01,710,10
2026-04-22,Plant A,M-02,P-04,625,10
2026-04-22,Plant A,M-03,P-03,825,14
2026-04-22,Plant A,M-03,P-05,793,55
2026-04-22,Plant A,M-03,P-05,868,45
2026-04-22,Plant A,M-04,P-04,1038,19
2026-04-22,Plant A,M-04,P-02,858,18
2026-04-22,Plant A,M-04,P-04,805,7
2026-04-22,Plant A,M-05,P-05,1080,80
2026-04-22,Plant A,M-05,P-04,918,8
2026-04-22,Plant A,M-05,P-02,691,20
2026-04-22,Plant B,M-01,P-05,1059,71
2026-04-22,Plant B,M-01,P-04,869,17
2026-04-22,Plant B,M-01,P-03,886,7
2026-04-22,Plant B,M-02,P-02,860,22
2026-04-22,Plant B,M-02,P-03,903,16
2026-04-22,Plant B,M-02,P-02,779,26
2026-04-22,Plant B,M-03,P-05,1139,92
2026-04-22,Plant B,M-03,P-06,887,22
2026-04-22,Plant B,M-03,P-03,944,9
2026-04-22,Plant B,M-04,P-02,851,16
2026-04-22,Plant B,M-04,P-05,726,44
2026-04-22,Plant B,M-04,P-04,498,10
2026-04-22,Plant B,M-05,P-06,851,7
2026-04-22,Plant B,M-05,P-01,897,16
2026-04-22,Plant B,M-05,P-05,700,52
2026-04-22,Plant C,M-01,P-02,803,18
2026-04-22,Plant C,M-01,P-06,985,30
2026-04-22,Plant C,M-01,P-01,548,10
2026-04-22,Plant C,M-02,P-04,847,12
2026-04-22,Plant C,M-02,P-05,1153,91
2026-04-22,Plant C,M-02,P-01,986,8
2026-04-22,Plant C,M-03,P-01,655,17
2026-04-22,Plant C,M-03,P-06,1120,20
2026-04-22,Plant C,M-03,P-02,877,30
2026-04-22,Plant C,M-04,P-02,1043,35
2026-04-22,Plant C,M-04,P-05,831,47
2026-04-22,Plant C,M-04,P-04,880,20
2026-04-22,Plant C,M-05,P-03,698,21
2026-04-22,Plant C,M-05,P-05,683,47
2026-04-22,Plant C,M-05,P-05,764,36
2026-04-23,Plant A,M-01,P-02,783,9
2026-04-23,Plant A,M-01,P-03,994,21
2026-04-23,Plant A,M-01,P-04,901,18
2026-04-23,Plant A,M-02,P-04,790,13
2026-04-23,Plant A,M-02,P-02,800,25
2026-04-23,Plant A,M-02,P-06,672,14
2026-04-23,Plant A,M-03,P-01,987,21
2026-04-23,Plant A,M-03,P-02,889,21
2026-04-23,Plant A,M-03,P-05,930,51
2026-04-23,Plant A,M-04,P-06,966,28
2026-04-23,Plant A,M-04,P-06,843,20
2026-04-23,Plant A,M-04,P-01,965,30
2026-04-23,Plant A,M-05,P-02,1134,21
2026-04-23,Plant A,M-05,P-03,956,7
2026-04-23,Plant A,M-05,P-03,852,23
2026-04-23,Plant B,M-01,P-06,778,9
2026-04-23,Plant B,M-01,P-02,814,24
2026-04-23,Plant B,M-01,P-03,1004,17
2026-04-23,Plant B,M-02,P-01,977,11
2026-04-23,Plant B,M-02,P-05,739,52
2026-04-23,Plant B,M-02,P-03,708,6
2026-04-23,Plant B,M-03,P-04,1001,24
2026-04-23,Plant B,M-03,P-04,988,22
2026-04-23,Plant B,M-03,P-06,739,10
2026-04-23,Plant B,M-04,P-02,691,10
2026-04-23,Plant B,M-04,P-02,653,11
2026-04-23,Plant B,M-04,P-01,825,21
2026-04-23,Plant B,M-05,P-04,1117,27
2026-04-23,Plant B,M-05,P-01,777,8
2026-04-23,Plant B,M-05,P-05,874,56
2026-04-23,Plant C,M-01,P-02,905,16
2026-04-23,Plant C,M-01,P-02,1039,36
2026-04-23,Plant C,M-01,P-01,647,7
2026-04-23,Plant C,M-02,P-06,991,22
2026-04-23,Plant C,M-02,P-01,948,11
2026-04-23,Plant C,M-02,P-06,620,17
2026-04-23,Plant C,M-03,P-05,792,49
2026-04-23,Plant C,M-03,P-01,907,24
2026-04-23,Plant C,M-03,P-06,588,19
2026-04-23,Plant C,M-04,P-05,784,51
2026-04-23,Plant C,M-04,P-03,835,10
2026-04-23,Plant C,M-04,P-06,942,8
2026-04-23,Plant C,M-05,P-06,641,22
2026-04-23,Plant C,M-05,P-02,984,28
2026-04-23,Plant C,M-05,P-01,972,11
2026-04-24,Plant A,M-01,P-05,796,60
2026-04-24,Plant A,M-01,P-06,933,25
2026-04-24,Plant A,M-01,P-04,706,11
2026-04-24,Plant A,M-02,P-02,927,15
2026-04-24,Plant A,M-02,P-03,870,18
2026-04-24,Plant A,M-02,P-05,839,38
2026-04-24,Plant A,M-03,P-06,836,19
2026-04-24,Plant A,M-03,P-05,1070,68
2026-04-24,Plant A,M-03,P-01,673,13
2026-04-24,Plant A,M-04,P-01,778,14
2026-04-24,Plant A,M-04,P-01,640,8
2026-04-24,Plant A,M-04,P-01,937,10
2026-04-24,Plant A,M-05,P-03,961,14
2026-04-24,Plant A,M-05,P-06,1123,24
2026-04-24,Plant A,M-05,P-04,816,7
2026-04-24,Plant B,M-01,P-04,801,23
2026-04-24,Plant B,M-01,P-06,785,18
2026-04-24,Plant B,M-01,P-03,865,23
2026-04-24,Plant B,M-02,P-04,793,10
2026-04-24,Plant B,M-02,P-03,755,7
2026-04-24,Plant B,M-02,P-04,773,7
2026-04-24,Plant B,M-03,P-02,986,26
2026-04-24,Plant B,M-03,P-06,744,8
2026-04-24,Plant B,M-03,P-06,705,22
2026-04-24,Plant B,M-04,P-01,469,14
2026-04-24,Plant B,M-04,P-06,904,21
2026-04-24,Plant B,M-04,P-02,561,14
2026-04-24,Plant B,M-05,P-06,743,5
2026-04-24,Plant B,M-05,P-02,930,9
2026-04-24,Plant B,M-05,P-04,1013,18
2026-04-24,Plant C,M-01,P-03,1075,35
2026-04-24,Plant C,M-01,P-04,674,23
2026-04-24,Plant C,M-01,P-06,632,8
2026-04-24,Plant C,M-02,P-01,873,11
2026-04-24,Plant C,M-02,P-03,928,15
2026-04-24,Plant C,M-02,P-03,738,17
2026-04-24,Plant C,M-03,P-05,648,29
2026-04-24,Plant C,M-03,P-03,673,13
2026-04-24,Plant C,M-03,P-04,749,7
2026-04-24,Plant C,M-04,P-06,728,23
2026-04-24,Plant C,M-04,P-04,870,13
2026-04-24,Plant C,M-04,P-05,888,65
2026-04-24,Plant C,M-05,P-01,922,20
2026-04-24,Plant C,M-05,P-04,763,16
2026-04-24,Plant C,M-05,P-05,701,54
2026-04-25,Plant A,M-01,P-05,1093,59
2026-04-25,Plant A,M-01,P-06,1127,21
2026-04-25,Plant A,M-01,P-04,910,9
2026-04-25,Plant A,M-02,P-05,724,48
2026-04-25,Plant A,M-02,P-05,956,56
2026-04-25,Plant A,M-02,P-03,776,18
2026-04-25,Plant A,M-03,P-02,719,25
2026-04-25,Plant A,M-03,P-05,1015,70
2026-04-25,Plant A,M-03,P-01,790,20
2026-04-25,Plant A,M-04,P-03,1147,17
2026-04-25,Plant A,M-04,P-01,1077,19
2026-04-25,Plant A,M-04,P-02,920,12
2026-04-25,Plant A,M-05,P-03,837,20
2026-04-25,Plant A,M-05,P-03,1052,35
2026-04-25,Plant A,M-05,P-02,908,16
2026-04-25,Plant B,M-01,P-02,970,28
2026-04-25,Plant B,M-01,P-06,972,29
2026-04-25,Plant B,M-01,P-03,937,16
2026-04-25,Plant B,M-02,P-03,731,25
2026-04-25,Plant B,M-02,P-03,944,10
2026-04-25,Plant B,M-02,P-01,657,11
2026-04-25,Plant B,M-03,P-05,1016,52
2026-04-25,Plant B,M-03,P-03,1009,29
2026-04-25,Plant B,M-03,P-04,885,28
2026-04-25,Plant B,M-04,P-03,1106,9
2026-04-25,Plant B,M-04,P-02,888,12
2026-04-25,Plant B,M-04,P-03,640,11
2026-04-25,Plant B,M-05,P-04,752,16
2026-04-25,Plant B,M-05,P-01,1012,24
2026-04-25,Plant B,M-05,P-04,721,24
2026-04-25,Plant C,M-01,P-03,925,27
2026-04-25,Plant C,M-01,P-01,911,27
2026-04-25,Plant C,M-01,P-02,620,9
2026-04-25,Plant C,M-02,P-06,1133,27
2026-04-25,Plant C,M-02,P-01,1000,8
2026-04-25,Plant C,M-02,P-03,654,16
2026-04-25,Plant C,M-03,P-01,926,21
2026-04-25,Plant C,M-03,P-06,755,23
2026-04-25,Plant C,M-03,P-03,887,19
2026-04-25,Plant C,M-04,P-06,719,8
2026-04-25,Plant C,M-04,P-05,970,61
2026-04-25,Plant C,M-04,P-06,700,13
2026-04-25,Plant C,M-05,P-02,958,31
2026-04-25,Plant C,M-05,P-03,936,9
2026-04-25,Plant C,M-05,P-04,1000,30
2026-04-26,Plant A,M-01,P-02,1169,21
2026-04-26,Plant A,M-01,P-05,1044,48
2026-04-26,Plant A,M-01,P-06,659,21
2026-04-26,Plant A,M-02,P-02,915,23
2026-04-26,Plant A,M-02,P-06,1065,19
2026-04-26,Plant A,M-02,P-06,628,21
2026-04-26,Plant A,M-03,P-01,1039,23
2026-04-26,Plant A,M-03,P-04,941,21
2026-04-26,Plant A,M-03,P-01,781,9
2026-04-26,Plant A,M-04,P-06,699,21
2026-04-26,Plant A,M-04,P-05,1051,60
2026-04-26,Plant A,M-04,P-01,893,13
2026-04-26,Plant A,M-05,P-01,1021,24
2026-04-26,Plant A,M-05,P-03,628,19
2026-04-26,Plant A,M-05,P-06,610,17
2026-04-26,Plant B,M-01,P-05,833,40
2026-04-26,Plant B,M-01,P-05,759,41
2026-04-26,Plant B,M-01,P-03,962,25
2026-04-26,Plant B,M-02,P-03,1081,36
2026-04-26,Plant B,M-02,P-02,955,20
2026-04-26,Plant B,M-02,P-06,800,7
2026-04-26,Plant B,M-03,P-04,760,14
2026-04-26,Plant B,M-03,P-01,1081,33
2026-04-26,Plant B,M-03,P-04,968,18
2026-04-26,Plant B,M-04,P-02,731,18
2026-04-26,Plant B,M-04,P-04,658,8
2026-04-26,Plant B,M-04,P-05,638,29
2026-04-26,Plant B,M-05,P-06,720,16
2026-04-26,Plant B,M-05,P-06,850,14
2026-04-26,Plant B,M-05,P-05,711,42
2026-04-26,Plant C,M-01,P-06,867,15
2026-04-26,Plant C,M-01,P-01,890,15
2026-04-26,Plant C,M-01,P-03,998,11
2026-04-26,Plant C,M-02,P-04,806,7
2026-04-26,Plant C,M-02,P-05,736,47
2026-04-26,Plant C,M-02,P-05,889,60
2026-04-26,Plant C,M-03,P-06,606,11
2026-04-26,Plant C,M-03,P-01,978,32
2026-04-26,Plant C,M-03,P-04,952,21
2026-04-26,Plant C,M-04,P-05,936,78
2026-04-26,Plant C,M-04,P-01,870,15
2026-04-26,Plant C,M-04,P-03,534,18
2026-04-26,Plant C,M-05,P-05,1027,68
2026-04-26,Plant C,M-05,P-01,877,14
2026-04-26,Plant C,M-05,P-05,841,57
2026-04-27,Plant A,M-01,P-04,966,30
2026-04-27,Plant A,M-01,P-03,871,26
2026-04-27,Plant A,M-01,P-06,679,21
2026-04-27,Plant A,M-02,P-03,883,26
2026-04-27,Plant A,M-02,P-04,927,15
2026-04-27,Plant A,M-02,P-02,599,6
2026-04-27,Plant A,M-03,P-02,1072,29
2026-04-27,Plant A,M-03,P-02,785,26
2026-04-27,Plant A,M-03,P-04,896,28
2026-04-27,Plant A,M-04,P-02,934,21
2026-04-27,Plant A,M-04,P-03,791,11
2026-04-27,Plant A,M-04,P-03,739,16
2026-04-27,Plant A,M-05,P-03,1075,30
2026-04-27,Plant A,M-05,P-02,1112,28
2026-04-27,Plant A,M-05,P-04,810,15
2026-04-27,Plant B,M-01,P-03,763,14
2026-04-27,Plant B,M-01,P-06,742,10
2026-04-27,Plant B,M-01,P-02,898,12
2026-04-27,Plant B,M-02,P-04,868,20
2026-04-27,Plant B,M-02,P-01,995,11
2026-04-27,Plant B,M-02,P-06,640,21
2026-04-27,Plant B,M-03,P-05,825,69
2026-04-27,Plant B,M-03,P-02,804,13
2026-04-27,Plant B,M-03,P-02,631,6
2026-04-27,Plant B,M-04,P-03,841,18
2026-04-27,Plant B,M-04,P-02,635,10
2026-04-27,Plant B,M-04,P-05,797,49
2026-04-27,Plant B,M-05,P-05,1007,67
2026-04-27,Plant B,M-05,P-06,874,25
2026-04-27,Plant B,M-05,P-06,718,14
2026-04-27,Plant C,M-01,P-03,745,10
2026-04-27,Plant C,M-01,P-02,817,17
2026-04-27,Plant C,M-01,P-05,606,49
2026-04-27,Plant C,M-02,P-04,1015,15
2026-04-27,Plant C,M-02,P-01,1085,31
2026-04-27,Plant C,M-02,P-03,828,24
2026-04-27,Plant C,M-03,P-02,719,11
2026-04-27,Plant C,M-03,P-03,645,10
2026-04-27,Plant C,M-03,P-03,676,16
2026-04-27,Plant C,M-04,P-03,880,11
2026-04-27,Plant C,M-04,P-04,947,26
2026-04-27,Plant C,M-04,P-01,643,10
2026-04-27,Plant C,M-05,P-02,994,19
2026-04-27,Plant C,M-05,P-01,1004,12
2026-04-27,Plant C,M-05,P-06,505,12
2026-04-28,Plant A,M-01,P-02,819,10
2026-04-28,Plant A,M-01,P-01,1070,20
2026-04-28,Plant A,M-01,P-06,909,21
2026-04-28,Plant A,M-02,P-04,838,27
2026-04-28,Plant A,M-02,P-05,844,49
2026-04-28,Plant A,M-02,P-01,921,12
2026-04-28,Plant A,M-03,P-06,695,9
2026-04-28,Plant A,M-03,P-06,801,21
2026-04-28,Plant A,M-03,P-06,886,8
2026-04-28,Plant A,M-04,P-05,973,60
2026-04-28,Plant A,M-04,P-06,731,12
2026-04-28,Plant A,M-04,P-03,827,20
2026-04-28,Plant A,M-05,P-01,889,30
2026-04-28,Plant A,M-05,P-04,921,26
2026-04-28,Plant A,M-05,P-02,999,15
2026-04-28,Plant B,M-01,P-04,656,19
2026-04-28,Plant B,M-01,P-04,780,22
2026-04-28,Plant B,M-01,P-02,793,13
2026-04-28,Plant B,M-02,P-02,778,21
2026-04-28,Plant B,M-02,P-01,1054,20
2026-04-28,Plant B,M-02,P-06,887,18
2026-04-28,Plant B,M-03,P-05,661,30
2026-04-28,Plant B,M-03,P-06,816,21
2026-04-28,Plant B,M-03,P-05,951,51
2026-04-28,Plant B,M-04,P-01,789,22
2026-04-28,Plant B,M-04,P-04,938,8
2026-04-28,Plant B,M-04,P-03,659,19
2026-04-28,Plant B,M-05,P-04,974,32
2026-04-28,Plant B,M-05,P-03,662,14
2026-04-28,Plant B,M-05,P-02,862,8
2026-04-28,Plant C,M-01,P-02,793,11
2026-04-28,Plant C,M-01,P-01,700,22
2026-04-28,Plant C,M-01,P-06,631,6
2026-04-28,Plant C,M-02,P-02,897,7
2026-04-28,Plant C,M-02,P-03,810,25
2026-04-28,Plant C,M-02,P-02,873,18
2026-04-28,Plant C,M-03,P-06,1014,23
2026-04-28,Plant C,M-03,P-03,830,15
2026-04-28,Plant C,M-03,P-01,819,28
2026-04-28,Plant C,M-04,P-03,938,26
2026-04-28,Plant C,M-04,P-02,958,28
2026-04-28,Plant C,M-04,P-03,849,21
2026-04-28,Plant C,M-05,P-04,711,12
2026-04-28,Plant C,M-05,P-06,735,13
2026-04-28,Plant C,M-05,P-01,729,9
2026-04-29,Plant A,M-01,P-05,790,60
2026-04-29,Plant A,M-01,P-03,971,31
2026-04-29,Plant A,M-01,P-06,736,24
2026-04-29,Plant A,M-02,P-04,833,21
2026-04-29,Plant A,M-02,P-03,1062,10
2026-04-29,Plant A,M-02,P-06,824,12
2026-04-29,Plant A,M-03,P-01,713,14
2026-04-29,Plant A,M-03,P-01,544,12
2026-04-29,Plant A,M-03,P-06,995,15
2026-04-29,Plant A,M-04,P-02,1052,22
2026-04-29,Plant A,M-04,P-05,623,29
2026-04-29,Plant A,M-04,P-01,878,12
2026-04-29,Plant A,M-05,P-02,772,25
2026-04-29,Plant A,M-05,P-05,562,41
2026-04-29,Plant A,M-05,P-04,832,12
2026-04-29,Plant B,M-01,P-03,809,24
2026-04-29,Plant B,M-01,P-02,784,12
2026-04-29,Plant B,M-01,P-06,908,16
2026-04-29,Plant B,M-02,P-05,974,50
2026-04-29,Plant B,M-02,P-04,960,23
2026-04-29,Plant B,M-02,P-04,822,16
2026-04-29,Plant B,M-03,P-01,867,7
2026-04-29,Plant B,M-03,P-01,1001,22
2026-04-29,Plant B,M-03,P-02,829,25
2026-04-29,Plant B,M-04,P-05,965,46
2026-04-29,Plant B,M-04,P-05,799,65
2026-04-29,Plant B,M-04,P-05,797,40
2026-04-29,Plant B,M-05,P-05,744,51
2026-04-29,Plant B,M-05,P-04,639,5
2026-04-29,Plant B,M-05,P-03,857,29
2026-04-29,Plant C,M-01,P-06,820,15
2026-04-29,Plant C,M-01,P-04,954,27
2026-04-29,Plant C,M-01,P-03,536,12
2026-04-29,Plant C,M-02,P-06,849,17
2026-04-29,Plant C,M-02,P-04,799,18
2026-04-29,Plant C,M-02,P-02,861,28
2026-04-29,Plant C,M-03,P-06,1014,22
2026-04-29,Plant C,M-03,P-03,763,9
2026-04-29,Plant C,M-03,P-02,842,8
2026-04-29,Plant C,M-04,P-01,819,22
2026-04-29,Plant C,M-04,P-06,767,18
2026-04-29,Plant C,M-04,P-01,764,24
2026-04-29,Plant C,M-05,P-05,1084,56
2026-04-29,Plant C,M-05,P-02,767,15
2026-04-29,Plant C,M-05,P-02,735,9
2026-04-30,Plant A,M-01,P-03,1099,11
2026-04-30,Plant A,M-01,P-05,1138,85
2026-04-30,Plant A,M-01,P-02,1002,33
2026-04-30,Plant A,M-02,P-01,859,29
2026-04-30,Plant A,M-02,P-03,827,10
2026-04-30,Plant A,M-02,P-01,878,25
2026-04-30,Plant A,M-03,P-03,663,22
2026-04-30,Plant A,M-03,P-01,714,15
2026-04-30,Plant A,M-03,P-06,521,10
2026-04-30,Plant A,M-04,P-04,862,17
2026-04-30,Plant A,M-04,P-05,702,39
2026-04-30,Plant A,M-04,P-05,720,53
2026-04-30,Plant A,M-05,P-05,780,56
2026-04-30,Plant A,M-05,P-02,946,18
2026-04-30,Plant A,M-05,P-05,612,47
2026-04-30,Plant B,M-01,P-02,905,23
2026-04-30,Plant B,M-01,P-01,887,13
2026-04-30,Plant B,M-01,P-02,819,28
2026-04-30,Plant B,M-02,P-05,1142,74
2026-04-30,Plant B,M-02,P-02,1084,15
2026-04-30,Plant B,M-02,P-03,769,12
2026-04-30,Plant B,M-03,P-04,1097,36
2026-04-30,Plant B,M-03,P-05,802,48
2026-04-30,Plant B,M-03,P-03,1028,26
2026-04-30,Plant B,M-04,P-05,636,52
2026-04-30,Plant B,M-04,P-01,716,13
2026-04-30,Plant B,M-04,P-04,492,4
2026-04-30,Plant B,M-05,P-05,1051,61
2026-04-30,Plant B,M-05,P-01,957,29
2026-04-30,Plant B,M-05,P-06,793,19
2026-04-30,Plant C,M-01,P-03,736,20
2026-04-30,Plant C,M-01,P-04,901,26
2026-04-30,Plant C,M-01,P-06,594,9
2026-04-30,Plant C,M-02,P-03,743,18
2026-04-30,Plant C,M-02,P-02,906,15
2026-04-30,Plant C,M-02,P-04,806,7
2026-04-30,Plant C,M-03,P-06,1094,28
2026-04-30,Plant C,M-03,P-02,673,6
2026-04-30,Plant C,M-03,P-05,904,62
2026-04-30,Plant C,M-04,P-01,916,7
2026-04-30,Plant C,M-04,P-06,945,17
2026-04-30,Plant C,M-04,P-02,599,5
2026-04-30,Plant C,M-05,P-02,1021,25
2026-04-30,Plant C,M-05,P-03,1109,36
2026-04-30,Plant C,M-05,P-06,629,13
2026-05-01,Plant A,M-01,P-02,897,8
2026-05-01,Plant A,M-01,P-04,1089,9
2026-05-01,Plant A,M-01,P-06,931,16
2026-05-01,Plant A,M-02,P-01,1028,24
2026-05-01,Plant A,M-02,P-05,915,63
2026-05-01,Plant A,M-02,P-05,683,41
2026-05-01,Plant A,M-03,P-04,1069,14
2026-05-01,Plant A,M-03,P-04,926,27
2026-05-01,Plant A,M-03,P-01,1020,10
2026-05-01,Plant A,M-04,P-06,908,24
2026-05-01,Plant A,M-04,P-06,989,15
2026-05-01,Plant A,M-04,P-03,641,21
2026-05-01,Plant A,M-05,P-05,860,48
2026-05-01,Plant A,M-05,P-06,868,8
2026-05-01,Plant A,M-05,P-06,650,8
2026-05-01,Plant B,M-01,P-05,656,47
2026-05-01,Plant B,M-01,P-02,1044,34
2026-05-01,Plant B,M-01,P-03,924,22
2026-05-01,Plant B,M-02,P-02,822,9
2026-05-01,Plant B,M-02,P-01,1070,32
2026-05-01,Plant B,M-02,P-04,632,20
2026-05-01,Plant B,M-03,P-06,684,21
2026-05-01,Plant B,M-03,P-01,1030,12
2026-05-01,Plant B,M-03,P-05,995,61
2026-05-01,Plant B,M-04,P-03,533,8
2026-05-01,Plant B,M-04,P-06,497,16
2026-05-01,Plant B,M-04,P-04,790,23
2026-05-01,Plant B,M-05,P-06,800,19
2026-05-01,Plant B,M-05,P-06,997,24
2026-05-01,Plant B,M-05,P-06,731,23
2026-05-01,Plant C,M-01,P-04,993,32
2026-05-01,Plant C,M-01,P-06,916,30
2026-05-01,Plant C,M-01,P-02,910,7
2026-05-01,Plant C,M-02,P-06,899,9
2026-05-01,Plant C,M-02,P-01,976,28
2026-05-01,Plant C,M-02,P-01,1019,14
2026-05-01,Plant C,M-03,P-02,977,10
2026-05-01,Plant C,M-03,P-02,756,20
2026-05-01,Plant C,M-03,P-01,743,19
2026-05-01,Plant C,M-04,P-04,992,24
2026-05-01,Plant C,M-04,P-06,747,6
2026-05-01,Plant C,M-04,P-04,661,10
2026-05-01,Plant C,M-05,P-06,988,20
2026-05-01,Plant C,M-05,P-06,821,8
2026-05-01,Plant C,M-05,P-06,744,24
2026-05-02,Plant A,M-01,P-04,740,17
2026-05-02,Plant A,M-01,P-03,857,29
2026-05-02,Plant A,M-01,P-03,918,25
2026-05-02,Plant A,M-02,P-01,870,12
2026-05-02,Plant A,M-02,P-02,753,20
2026-05-02,Plant A,M-02,P-03,775,20
2026-05-02,Plant A,M-03,P-01,1064,31
2026-05-02,Plant A,M-03,P-05,679,51
2026-05-02,Plant A,M-03,P-03,954,14
2026-05-02,Plant A,M-04,P-05,751,52
2026-05-02,Plant A,M-04,P-06,994,21
2026-05-02,Plant A,M-04,P-02,606,19
2026-05-02,Plant A,M-05,P-05,1067,78
2026-05-02,Plant A,M-05,P-05,909,51
2026-05-02,Plant A,M-05,P-04,755,15
2026-05-02,Plant B,M-01,P-01,989,13
2026-05-02,Plant B,M-01,P-01,801,12
2026-05-02,Plant B,M-01,P-03,645,7
2026-05-02,Plant B,M-02,P-01,735,24
2026-05-02,Plant B,M-02,P-04,959,20
2026-05-02,Plant B,M-02,P-01,694,19
2026-05-02,Plant B,M-03,P-01,1076,27
2026-05-02,Plant B,M-03,P-03,870,6
2026-05-02,Plant B,M-03,P-06,757,13
2026-05-02,Plant B,M-04,P-01,764,26
2026-05-02,Plant B,M-04,P-06,949,10
2026-05-02,Plant B,M-04,P-01,723,18
2026-05-02,Plant B,M-05,P-06,1105,23
2026-05-02,Plant B,M-05,P-04,786,24
2026-05-02,Plant B,M-05,P-06,910,28
2026-05-02,Plant C,M-01,P-02,795,14
2026-05-02,Plant C,M-01,P-03,1115,17
2026-05-02,Plant C,M-01,P-04,726,16
2026-05-02,Plant C,M-02,P-03,1072,26
2026-05-02,Plant C,M-02,P-06,659,10
2026-05-02,Plant C,M-02,P-06,779,23
2026-05-02,Plant C,M-03,P-04,868,27
2026-05-02,Plant C,M-03,P-04,806,9
2026-05-02,Plant C,M-03,P-04,960,15
2026-05-02,Plant C,M-04,P-05,1008,63
2026-05-02,Plant C,M-04,P-02,733,18
2026-05-02,Plant C,M-04,P-03,983,10
2026-05-02,Plant C,M-05,P-03,630,9
2026-05-02,Plant C,M-05,P-02,847,15
2026-05-02,Plant C,M-05,P-04,701,11
2026-05-03,Plant A,M-01,P-03,796,22
2026-05-03,Plant A,M-01,P-04,1016,33
2026-05-03,Plant A,M-01,P-03,950,16
2026-05-03,Plant A,M-02,P-02,938,15
2026-05-03,Plant A,M-02,P-05,654,41
2026-05-03,Plant A,M-02,P-01,695,13
2026-05-03,Plant A,M-03,P-04,768,23
2026-05-03,Plant A,M-03,P-02,1028,11
2026-05-03,Plant A,M-03,P-05,788,47
2026-05-03,Plant A,M-04,P-03,772,22
2026-05-03,Plant A,M-04,P-02,1014,23
2026-05-03,Plant A,M-04,P-06,864,29
2026-05-03,Plant A,M-05,P-03,904,14
2026-05-03,Plant A,M-05,P-05,945,61
2026-05-03,Plant A,M-05,P-05,861,42
2026-05-03,Plant B,M-01,P-04,1035,34
2026-05-03,Plant B,M-01,P-01,805,18
2026-05-03,Plant B,M-01,P-04,604,8
2026-05-03,Plant B,M-02,P-01,887,21
2026-05-03,Plant B,M-02,P-04,913,9
2026-05-03,Plant B,M-02,P-05,713,37
2026-05-03,Plant B,M-03,P-06,1042,23
2026-05-03,Plant B,M-03,P-01,950,15
2026-05-03,Plant B,M-03,P-04,701,7
2026-05-03,Plant B,M-04,P-01,699,19
2026-05-03,Plant B,M-04,P-05,902,45
2026-05-03,Plant B,M-04,P-06,500,6
2026-05-03,Plant B,M-05,P-02,715,24
2026-05-03,Plant B,M-05,P-04,693,13
2026-05-03,Plant B,M-05,P-03,664,16
2026-05-03,Plant C,M-01,P-05,766,36
2026-05-03,Plant C,M-01,P-06,887,12
2026-05-03,Plant C,M-01,P-05,666,41
2026-05-03,Plant C,M-02,P-03,918,23
2026-05-03,Plant C,M-02,P-05,1127,89
2026-05-03,Plant C,M-02,P-01,834,9
2026-05-03,Plant C,M-03,P-05,760,39
2026-05-03,Plant C,M-03,P-01,1102,31
2026-05-03,Plant C,M-03,P-05,811,55
2026-05-03,Plant C,M-04,P-04,703,24
2026-05-03,Plant C,M-04,P-04,859,29
2026-05-03,Plant C,M-04,P-06,796,21
2026-05-03,Plant C,M-05,P-01,1003,21
2026-05-03,Plant C,M-05,P-06,926,13
2026-05-03,Plant C,M-05,P-02,676,19
2026-05-04,Plant A,M-01,P-06,961,20
2026-05-04,Plant A,M-01,P-05,927,62
2026-05-04,Plant A,M-01,P-03,767,24
2026-05-04,Plant A,M-02,P-06,875,10
2026-05-04,Plant A,M-02,P-06,790,9
2026-05-04,Plant A,M-02,P-02,684,22
2026-05-04,Plant A,M-03,P-04,1080,10
2026-05-04,Plant A,M-03,P-03,924,23
2026-05-04,Plant A,M-03,P-03,1062,21
2026-05-04,Plant A,M-04,P-04,992,13
2026-05-04,Plant A,M-04,P-04,936,25
2026-05-04,Plant A,M-04,P-03,843,12
2026-05-04,Plant A,M-05,P-05,888,45
2026-05-04,Plant A,M-05,P-02,614,8
2026-05-04,Plant A,M-05,P-03,748,9
2026-05-04,Plant B,M-01,P-05,859,45
2026-05-04,Plant B,M-01,P-05,740,62
2026-05-04,Plant B,M-01,P-03,637,19
2026-05-04,Plant B,M-02,P-02,775,24
2026-05-04,Plant B,M-02,P-05,997,46
2026-05-04,Plant B,M-02,P-04,931,20
2026-05-04,Plant B,M-03,P-02,843,19
2026-05-04,Plant B,M-03,P-04,877,22
2026-05-04,Plant B,M-03,P-03,707,17
2026-05-04,Plant B,M-04,P-05,836,68
2026-05-04,Plant B,M-04,P-06,808,9
2026-05-04,Plant B,M-04,P-02,748,25
2026-05-04,Plant B,M-05,P-04,729,14
2026-05-04,Plant B,M-05,P-01,885,18
2026-05-04,Plant B,M-05,P-01,916,13
2026-05-04,Plant C,M-01,P-03,1008,29
2026-05-04,Plant C,M-01,P-05,1045,49
2026-05-04,Plant C,M-01,P-02,641,20
2026-05-04,Plant C,M-02,P-03,871,9
2026-05-04,Plant C,M-02,P-05,720,58
2026-05-04,Plant C,M-02,P-01,709,12
2026-05-04,Plant C,M-03,P-05,1160,54
2026-05-04,Plant C,M-03,P-04,714,22
2026-05-04,Plant C,M-03,P-02,815,8
2026-05-04,Plant C,M-04,P-03,1076,17
2026-05-04,Plant C,M-04,P-01,967,33
2026-05-04,Plant C,M-04,P-06,623,7
2026-05-04,Plant C,M-05,P-02,967,20
2026-05-04,Plant C,M-05,P-02,813,21
2026-05-04,Plant C,M-05,P-03,924,24
2026-05-05,Plant A,M-01,P-01,1076,10
2026-05-05,Plant A,M-01,P-04,754,8
2026-05-05,Plant A,M-01,P-02,911,7
2026-05-05,Plant A,M-02,P-06,650,14
2026-05-05,Plant A,M-02,P-05,853,65
2026-05-05,Plant A,M-02,P-03,921,20
2026-05-05,Plant A,M-03,P-02,1080,35
2026-05-05,Plant A,M-03,P-03,954,22
2026-05-05,Plant A,M-03,P-04,866,16
2026-05-05,Plant A,M-04,P-03,698,7
2026-05-05,Plant A,M-04,P-03,1123,24
2026-05-05,Plant A,M-04,P-03,907,18
2026-05-05,Plant A,M-05,P-04,721,21
2026-05-05,Plant A,M-05,P-05,673,52
2026-05-05,Plant A,M-05,P-03,862,13
2026-05-05,Plant B,M-01,P-02,727,22
2026-05-05,Plant B,M-01,P-04,1096,25
2026-05-05,Plant B,M-01,P-03,952,8
2026-05-05,Plant B,M-02,P-03,761,8
2026-05-05,Plant B,M-02,P-03,976,23
2026-05-05,Plant B,M-02,P-03,567,9
2026-05-05,Plant B,M-03,P-01,964,23
2026-05-05,Plant B,M-03,P-03,788,26
2026-05-05,Plant B,M-03,P-03,1035,9
2026-05-05,Plant B,M-04,P-02,953,18
2026-05-05,Plant B,M-04,P-06,688,7
2026-05-05,Plant B,M-04,P-02,760,13
2026-05-05,Plant B,M-05,P-05,745,47
2026-05-05,Plant B,M-05,P-04,1044,25
2026-05-05,Plant B,M-05,P-01,961,26
2026-05-05,Plant C,M-01,P-03,1104,34
2026-05-05,Plant C,M-01,P-02,876,9
2026-05-05,Plant C,M-01,P-05,557,25
2026-05-05,Plant C,M-02,P-02,1091,31
2026-05-05,Plant C,M-02,P-02,837,25
2026-05-05,Plant C,M-02,P-01,812,26
2026-05-05,Plant C,M-03,P-04,794,15
2026-05-05,Plant C,M-03,P-01,792,6
2026-05-05,Plant C,M-03,P-01,931,26
2026-05-05,Plant C,M-04,P-06,733,14
2026-05-05,Plant C,M-04,P-03,965,12
2026-05-05,Plant C,M-04,P-03,884,16
2026-05-05,Plant C,M-05,P-03,1065,34
2026-05-05,Plant C,M-05,P-04,842,26
2026-05-05,Plant C,M-05,P-01,1024,33
2026-05-06,Plant A,M-01,P-03,1030,25
2026-05-06,Plant A,M-01,P-01,759,12
2026-05-06,Plant A,M-01,P-03,557,10
2026-05-06,Plant A,M-02,P-04,1022,32
2026-05-06,Plant A,M-02,P-06,728,21
2026-05-06,Plant A,M-02,P-01,499,13
2026-05-06,Plant A,M-03,P-05,925,63
2026-05-06,Plant A,M-03,P-01,880,16
2026-05-06,Plant A,M-03,P-03,656,9
2026-05-06,Plant A,M-04,P-04,790,26
2026-05-06,Plant A,M-04,P-03,826,8
2026-05-06,Plant A,M-04,P-06,983,13
2026-05-06,Plant A,M-05,P-03,1017,29
2026-05-06,Plant A,M-05,P-05,983,46
2026-05-06,Plant A,M-05,P-03,851,12
2026-05-06,Plant B,M-01,P-04,1067,14
2026-05-06,Plant B,M-01,P-04,748,12
2026-05-06,Plant B,M-01,P-06,756,10
2026-05-06,Plant B,M-02,P-06,1084,25
2026-05-06,Plant B,M-02,P-02,636,6
2026-05-06,Plant B,M-02,P-01,829,15
2026-05-06,Plant B,M-03,P-05,872,54
2026-05-06,Plant B,M-03,P-05,672,43
2026-05-06,Plant B,M-03,P-06,761,10
2026-05-06,Plant B,M-04,P-03,686,10
2026-05-06,Plant B,M-04,P-04,619,10
2026-05-06,Plant B,M-04,P-04,473,4
2026-05-06,Plant B,M-05,P-01,1027,8
2026-05-06,Plant B,M-05,P-06,991,31
2026-05-06,Plant B,M-05,P-01,668,7
2026-05-06,Plant C,M-01,P-04,1131,26
2026-05-06,Plant C,M-01,P-04,645,14
2026-05-06,Plant C,M-01,P-03,799,27
2026-05-06,Plant C,M-02,P-05,1042,58
2026-05-06,Plant C,M-02,P-01,718,7
2026-05-06,Plant C,M-02,P-06,735,14
2026-05-06,Plant C,M-03,P-03,951,28
2026-05-06,Plant C,M-03,P-02,752,22
2026-05-06,Plant C,M-03,P-01,1030,26
2026-05-06,Plant C,M-04,P-04,706,13
2026-05-06,Plant C,M-04,P-02,971,18
2026-05-06,Plant C,M-04,P-01,656,13
2026-05-06,Plant C,M-05,P-06,663,7
2026-05-06,Plant C,M-05,P-06,1038,34
2026-05-06,Plant C,M-05,P-05,697,43
2026-05-07,Plant A,M-01,P-01,893,17
2026-05-07,Plant A,M-01,P-05,800,36
2026-05-07,Plant A,M-01,P-02,958,33
2026-05-07,Plant A,M-02,P-03,935,8
2026-05-07,Plant A,M-02,P-02,958,27
2026-05-07,Plant A,M-02,P-05,669,43
2026-05-07,Plant A,M-03,P-01,1036,8
2026-05-07,Plant A,M-03,P-03,950,24
2026-05-07,Plant A,M-03,P-03,783,15
2026-05-07,Plant A,M-04,P-03,670,6
2026-05-07,Plant A,M-04,P-03,958,27
2026-05-07,Plant A,M-04,P-05,994,70
2026-05-07,Plant A,M-05,P-06,755,9
2026-05-07,Plant A,M-05,P-02,905,7
2026-05-07,Plant A,M-05,P-01,626,14
2026-05-07,Plant B,M-01,P-06,743,7
2026-05-07,Plant B,M-01,P-01,942,31
2026-05-07,Plant B,M-01,P-03,698,10
2026-05-07,Plant B,M-02,P-04,989,10
2026-05-07,Plant B,M-02,P-01,684,7
2026-05-07,Plant B,M-02,P-01,672,17
2026-05-07,Plant B,M-03,P-03,1043,21
2026-05-07,Plant B,M-03,P-06,769,25
2026-05-07,Plant B,M-03,P-03,1037,13
2026-05-07,Plant B,M-04,P-05,812,45
2026-05-07,Plant B,M-04,P-02,664,23
2026-05-07,Plant B,M-04,P-01,643,12
2026-05-07,Plant B,M-05,P-05,1051,56
2026-05-07,Plant B,M-05,P-06,663,10
2026-05-07,Plant B,M-05,P-05,669,49
2026-05-07,Plant C,M-01,P-02,856,13
2026-05-07,Plant C,M-01,P-01,860,24
2026-05-07,Plant C,M-01,P-05,955,59
2026-05-07,Plant C,M-02,P-05,888,57
2026-05-07,Plant C,M-02,P-01,742,15
2026-05-07,Plant C,M-02,P-04,793,8
2026-05-07,Plant C,M-03,P-03,824,12
2026-05-07,Plant C,M-03,P-01,823,11
2026-05-07,Plant C,M-03,P-04,870,28
2026-05-07,Plant C,M-04,P-05,1012,56
2026-05-07,Plant C,M-04,P-04,632,20
2026-05-07,Plant C,M-04,P-06,902,19
2026-05-07,Plant C,M-05,P-05,850,65
2026-05-07,Plant C,M-05,P-01,991,17
2026-05-07,Plant C,M-05,P-05,842,45
2026-05-08,Plant A,M-01,P-03,907,19
2026-05-08,Plant A,M-01,P-05,875,48
2026-05-08,Plant A,M-01,P-04,1048,10
2026-05-08,Plant A,M-02,P-06,764,11
2026-05-08,Plant A,M-02,P-02,708,21
2026-05-08,Plant A,M-02,P-01,724,11
2026-05-08,Plant A,M-03,P-04,1078,16
2026-05-08,Plant A,M-03,P-05,1092,67
2026-05-08,Plant A,M-03,P-06,630,15
2026-05-08,Plant A,M-04,P-01,834,21
2026-05-08,Plant A,M-04,P-03,943,17
2026-05-08,Plant A,M-04,P-02,980,30
2026-05-08,Plant A,M-05,P-05,1132,67
2026-05-08,Plant A,M-05,P-01,929,23
2026-05-08,Plant A,M-05,P-06,833,10
2026-05-08,Plant B,M-01,P-01,785,25
2026-05-08,Plant B,M-01,P-01,750,14
2026-05-08,Plant B,M-01,P-06,853,18
2026-05-08,Plant B,M-02,P-03,625,11
2026-05-08,Plant B,M-02,P-06,979,32
2026-05-08,Plant B,M-02,P-05,550,46
2026-05-08,Plant B,M-03,P-03,895,28
2026-05-08,Plant B,M-03,P-04,795,18
2026-05-08,Plant B,M-03,P-05,648,35
2026-05-08,Plant B,M-04,P-05,730,57
2026-05-08,Plant B,M-04,P-01,662,20
2026-05-08,Plant B,M-04,P-01,595,17
2026-05-08,Plant B,M-05,P-01,862,27
2026-05-08,Plant B,M-05,P-04,802,22
2026-05-08,Plant B,M-05,P-05,701,59
2026-05-08,Plant C,M-01,P-05,797,39
2026-05-08,Plant C,M-01,P-04,808,25
2026-05-08,Plant C,M-01,P-05,869,40
2026-05-08,Plant C,M-02,P-02,773,19
2026-05-08,Plant C,M-02,P-04,768,7
2026-05-08,Plant C,M-02,P-05,701,34
2026-05-08,Plant C,M-03,P-06,855,23
2026-05-08,Plant C,M-03,P-03,1018,17
2026-05-08,Plant C,M-03,P-05,726,40
2026-05-08,Plant C,M-04,P-05,992,65
2026-05-08,Plant C,M-04,P-04,1022,18
2026-05-08,Plant C,M-04,P-06,536,5
2026-05-08,Plant C,M-05,P-02,1001,12
2026-05-08,Plant C,M-05,P-05,649,40
2026-05-08,Plant C,M-05,P-02,609,15
2026-05-09,Plant A,M-01,P-01,840,8
2026-05-09,Plant A,M-01,P-06,1023,33
2026-05-09,Plant A,M-01,P-04,846,26
2026-05-09,Plant A,M-02,P-01,884,22
2026-05-09,Plant A,M-02,P-04,677,17
2026-05-09,Plant A,M-02,P-02,886,30
2026-05-09,Plant A,M-03,P-05,1069,61
2026-05-09,Plant A,M-03,P-05,1036,76
2026-05-09,Plant A,M-03,P-02,578,19
2026-05-09,Plant A,M-04,P-05,1088,91
2026-05-09,Plant A,M-04,P-03,907,15
2026-05-09,Plant A,M-04,P-06,851,16
2026-05-09,Plant A,M-05,P-01,799,20
2026-05-09,Plant A,M-05,P-06,971,24
2026-05-09,Plant A,M-05,P-04,750,12
2026-05-09,Plant B,M-01,P-04,849,20
2026-05-09,Plant B,M-01,P-05,867,64
2026-05-09,Plant B,M-01,P-05,481,34
2026-05-09,Plant B,M-02,P-01,1002,18
2026-05-09,Plant B,M-02,P-02,845,9
2026-05-09,Plant B,M-02,P-06,852,28
2026-05-09,Plant B,M-03,P-01,898,13
2026-05-09,Plant B,M-03,P-04,918,11
2026-05-09,Plant B,M-03,P-03,839,17
2026-05-09,Plant B,M-04,P-06,895,14
2026-05-09,Plant B,M-04,P-02,743,13
2026-05-09,Plant B,M-04,P-02,636,9
2026-05-09,Plant B,M-05,P-06,860,25
2026-05-09,Plant B,M-05,P-05,758,56
2026-05-09,Plant B,M-05,P-05,729,47
2026-05-09,Plant C,M-01,P-05,1101,60
2026-05-09,Plant C,M-01,P-06,900,27
2026-05-09,Plant C,M-01,P-06,805,18
2026-05-09,Plant C,M-02,P-05,906,55
2026-05-09,Plant C,M-02,P-03,1016,21
2026-05-09,Plant C,M-02,P-02,796,17
2026-05-09,Plant C,M-03,P-01,1036,30
2026-05-09,Plant C,M-03,P-04,999,33
2026-05-09,Plant C,M-03,P-01,948,25
2026-05-09,Plant C,M-04,P-01,1102,18
2026-05-09,Plant C,M-04,P-03,904,22
2026-05-09,Plant C,M-04,P-03,713,8
2026-05-09,Plant C,M-05,P-04,862,17
2026-05-09,Plant C,M-05,P-03,625,20
2026-05-09,Plant C,M-05,P-05,958,75
2026-05-10,Plant A,M-01,P-03,1133,19
2026-05-10,Plant A,M-01,P-03,658,16
2026-05-10,Plant A,M-01,P-02,730,13
2026-05-10,Plant A,M-02,P-04,1018,18
2026-05-10,Plant A,M-02,P-05,651,47
2026-05-10,Plant A,M-02,P-05,652,37
2026-05-10,Plant A,M-03,P-05,876,67
2026-05-10,Plant A,M-03,P-03,911,7
2026-05-10,Plant A,M-03,P-06,653,11
2026-05-10,Plant A,M-04,P-04,776,15
2026-05-10,Plant A,M-04,P-06,817,27
2026-05-10,Plant A,M-04,P-01,892,9
2026-05-10,Plant A,M-05,P-06,1093,12
2026-05-10,Plant A,M-05,P-06,844,25
2026-05-10,Plant A,M-05,P-01,947,12
2026-05-10,Plant B,M-01,P-04,775,8
2026-05-10,Plant B,M-01,P-03,749,9
2026-05-10,Plant B,M-01,P-06,710,20
2026-05-10,Plant B,M-02,P-02,998,27
2026-05-10,Plant B,M-02,P-05,1008,84
2026-05-10,Plant B,M-02,P-05,722,51
2026-05-10,Plant B,M-03,P-04,855,10
2026-05-10,Plant B,M-03,P-04,1060,31
2026-05-10,Plant B,M-03,P-04,926,22
2026-05-10,Plant B,M-04,P-02,545,5
2026-05-10,Plant B,M-04,P-05,646,32
2026-05-10,Plant B,M-04,P-05,920,70
2026-05-10,Plant B,M-05,P-01,605,21
2026-05-10,Plant B,M-05,P-06,835,21
2026-05-10,Plant B,M-05,P-05,862,65
2026-05-10,Plant C,M-01,P-05,990,45
2026-05-10,Plant C,M-01,P-01,752,11
2026-05-10,Plant C,M-01,P-03,1028,9
2026-05-10,Plant C,M-02,P-03,1044,30
2026-05-10,Plant C,M-02,P-06,1004,18
2026-05-10,Plant C,M-02,P-03,645,7
2026-05-10,Plant C,M-03,P-02,749,17
2026-05-10,Plant C,M-03,P-04,692,14
2026-05-10,Plant C,M-03,P-02,696,10
2026-05-10,Plant C,M-04,P-02,962,19
2026-05-10,Plant C,M-04,P-06,982,33
2026-05-10,Plant C,M-04,P-06,847,24
2026-05-10,Plant C,M-05,P-03,793,9
2026-05-10,Plant C,M-05,P-03,656,5
2026-05-10,Plant C,M-05,P-02,817,8
2026-05-11,Plant A,M-01,P-02,846,22
2026-05-11,Plant A,M-01,P-04,992,10
2026-05-11,Plant A,M-01,P-04,781,14
2026-05-11,Plant A,M-02,P-05,1108,65
2026-05-11,Plant A,M-02,P-04,679,13
2026-05-11,Plant A,M-02,P-05,723,61
2026-05-11,Plant A,M-03,P-02,789,11
2026-05-11,Plant A,M-03,P-04,1033,31
2026-05-11,Plant A,M-03,P-04,708,22
2026-05-11,Plant A,M-04,P-01,804,25
2026-05-11,Plant A,M-04,P-04,983,28
2026-05-11,Plant A,M-04,P-04,804,9
2026-05-11,Plant A,M-05,P-04,805,10
2026-05-11,Plant A,M-05,P-05,766,51
2026-05-11,Plant A,M-05,P-05,896,50
2026-05-11,Plant B,M-01,P-06,1074,30
2026-05-11,Plant B,M-01,P-06,1049,35
2026-05-11,Plant B,M-01,P-05,707,55
2026-05-11,Plant B,M-02,P-02,833,19
2026-05-11,Plant B,M-02,P-06,831,13
2026-05-11,Plant B,M-02,P-01,859,25
2026-05-11,Plant B,M-03,P-05,1085,61
2026-05-11,Plant B,M-03,P-04,987,11
2026-05-11,Plant B,M-03,P-04,792,19
2026-05-11,Plant B,M-04,P-05,677,47
2026-05-11,Plant B,M-04,P-01,699,19
2026-05-11,Plant B,M-04,P-06,827,24
2026-05-11,Plant B,M-05,P-06,901,11
2026-05-11,Plant B,M-05,P-01,1035,17
2026-05-11,Plant B,M-05,P-03,758,24
2026-05-11,Plant C,M-01,P-03,869,8
2026-05-11,Plant C,M-01,P-01,585,17
2026-05-11,Plant C,M-01,P-05,748,39
2026-05-11,Plant C,M-02,P-03,944,30
2026-05-11,Plant C,M-02,P-01,969,21
2026-05-11,Plant C,M-02,P-06,736,23
2026-05-11,Plant C,M-03,P-03,860,25
2026-05-11,Plant C,M-03,P-04,1041,34
2026-05-11,Plant C,M-03,P-04,880,11
2026-05-11,Plant C,M-04,P-06,985,33
2026-05-11,Plant C,M-04,P-05,734,52
2026-05-11,Plant C,M-04,P-01,915,25
2026-05-11,Plant C,M-05,P-02,908,19
2026-05-11,Plant C,M-05,P-03,1060,10
2026-05-11,Plant C,M-05,P-03,1014,20
2026-05-12,Plant A,M-01,P-02,1117,12
2026-05-12,Plant A,M-01,P-01,1021,9
2026-05-12,Plant A,M-01,P-06,636,18
2026-05-12,Plant A,M-02,P-06,813,20
2026-05-12,Plant A,M-02,P-06,782,6
2026-05-12,Plant A,M-02,P-06,656,6
2026-05-12,Plant A,M-03,P-05,1011,82
2026-05-12,Plant A,M-03,P-02,1060,30
2026-05-12,Plant A,M-03,P-02,702,8
2026-05-12,Plant A,M-04,P-05,1194,83
2026-05-12,Plant A,M-04,P-03,990,31
2026-05-12,Plant A,M-04,P-01,728,14
2026-05-12,Plant A,M-05,P-02,1050,13
2026-05-12,Plant A,M-05,P-02,944,30
2026-05-12,Plant A,M-05,P-05,711,49
2026-05-12,Plant B,M-01,P-01,1001,20
2026-05-12,Plant B,M-01,P-06,988,23
2026-05-12,Plant B,M-01,P-06,943,15
2026-05-12,Plant B,M-02,P-04,810,19
2026-05-12,Plant B,M-02,P-03,905,25
2026-05-12,Plant B,M-02,P-06,631,20
2026-05-12,Plant B,M-03,P-04,919,23
2026-05-12,Plant B,M-03,P-01,672,22
2026-05-12,Plant B,M-03,P-01,944,20
2026-05-12,Plant B,M-04,P-05,696,57
2026-05-12,Plant B,M-04,P-02,810,11
2026-05-12,Plant B,M-04,P-06,795,27
2026-05-12,Plant B,M-05,P-01,839,14
2026-05-12,Plant B,M-05,P-02,939,28
2026-05-12,Plant B,M-05,P-01,759,18
2026-05-12,Plant C,M-01,P-01,973,13
2026-05-12,Plant C,M-01,P-05,1110,54
2026-05-12,Plant C,M-01,P-02,815,12
2026-05-12,Plant C,M-02,P-03,1165,31
2026-05-12,Plant C,M-02,P-05,936,47
2026-05-12,Plant C,M-02,P-05,1072,77
2026-05-12,Plant C,M-03,P-03,1153,32
2026-05-12,Plant C,M-03,P-05,605,35
2026-05-12,Plant C,M-03,P-05,926,69
2026-05-12,Plant C,M-04,P-06,1019,9
2026-05-12,Plant C,M-04,P-01,1128,14
2026-05-12,Plant C,M-04,P-05,714,52
2026-05-12,Plant C,M-05,P-01,989,24
2026-05-12,Plant C,M-05,P-03,798,6
2026-05-12,Plant C,M-05,P-05,720,39
2026-05-13,Plant A,M-01,P-02,985,19
2026-05-13,Plant A,M-01,P-06,955,11
2026-05-13,Plant A,M-01,P-04,891,12
2026-05-13,Plant A,M-02,P-01,730,12
2026-05-13,Plant A,M-02,P-06,1050,35
2026-05-13,Plant A,M-02,P-04,696,15
2026-05-13,Plant A,M-03,P-01,766,14
2026-05-13,Plant A,M-03,P-02,963,16
2026-05-13,Plant A,M-03,P-04,794,22
2026-05-13,Plant A,M-04,P-06,745,21
2026-05-13,Plant A,M-04,P-01,796,26
2026-05-13,Plant A,M-04,P-06,726,18
2026-05-13,Plant A,M-05,P-04,764,9
2026-05-13,Plant A,M-05,P-05,728,37
2026-05-13,Plant A,M-05,P-06,913,11
2026-05-13,Plant B,M-01,P-06,875,15
2026-05-13,Plant B,M-01,P-01,920,23
2026-05-13,Plant B,M-01,P-03,789,13
2026-05-13,Plant B,M-02,P-05,1109,57
2026-05-13,Plant B,M-02,P-06,969,31
2026-05-13,Plant B,M-02,P-04,793,24
2026-05-13,Plant B,M-03,P-02,751,19
2026-05-13,Plant B,M-03,P-06,711,6
2026-05-13,Plant B,M-03,P-04,873,24
2026-05-13,Plant B,M-04,P-02,921,22
2026-05-13,Plant B,M-04,P-04,641,13
2026-05-13,Plant B,M-04,P-04,493,7
2026-05-13,Plant B,M-05,P-05,915,61
2026-05-13,Plant B,M-05,P-01,693,16
2026-05-13,Plant B,M-05,P-06,691,10
2026-05-13,Plant C,M-01,P-05,1097,68
2026-05-13,Plant C,M-01,P-01,1114,34
2026-05-13,Plant C,M-01,P-04,765,26
2026-05-13,Plant C,M-02,P-02,1082,9
2026-05-13,Plant C,M-02,P-03,967,26
2026-05-13,Plant C,M-02,P-01,857,25
2026-05-13,Plant C,M-03,P-06,937,23
2026-05-13,Plant C,M-03,P-03,856,26
2026-05-13,Plant C,M-03,P-05,667,46
2026-05-13,Plant C,M-04,P-02,905,18
2026-05-13,Plant C,M-04,P-02,799,17
2026-05-13,Plant C,M-04,P-06,602,7
2026-05-13,Plant C,M-05,P-06,974,8
2026-05-13,Plant C,M-05,P-04,969,14
2026-05-13,Plant C,M-05,P-04,737,25
2026-05-14,Plant A,M-01,P-02,737,12
2026-05-14,Plant A,M-01,P-01,663,17
2026-05-14,Plant A,M-01,P-01,833,17
2026-05-14,Plant A,M-02,P-04,952,31
2026-05-14,Plant A,M-02,P-05,911,68
2026-05-14,Plant A,M-02,P-05,1057,49
2026-05-14,Plant A,M-03,P-06,653,8
2026-05-14,Plant A,M-03,P-03,1035,32
2026-05-14,Plant A,M-03,P-02,678,9
2026-05-14,Plant A,M-04,P-06,777,27
2026-05-14,Plant A,M-04,P-04,762,16
2026-05-14,Plant A,M-04,P-06,657,6
2026-05-14,Plant A,M-05,P-03,1099,13
2026-05-14,Plant A,M-05,P-01,761,16
2026-05-14,Plant A,M-05,P-01,889,18
2026-05-14,Plant B,M-01,P-06,860,28
2026-05-14,Plant B,M-01,P-06,1115,27
2026-05-14,Plant B,M-01,P-02,869,16
2026-05-14,Plant B,M-02,P-04,1029,11
2026-05-14,Plant B,M-02,P-04,1065,35
2026-05-14,Plant B,M-02,P-04,582,12
2026-05-14,Plant B,M-03,P-03,971,18
2026-05-14,Plant B,M-03,P-04,1008,31
2026-05-14,Plant B,M-03,P-01,950,32
2026-05-14,Plant B,M-04,P-02,667,20
2026-05-14,Plant B,M-04,P-03,582,13
2026-05-14,Plant B,M-04,P-02,702,18
2026-05-14,Plant B,M-05,P-02,688,17
2026-05-14,Plant B,M-05,P-06,968,8
2026-05-14,Plant B,M-05,P-04,865,11
2026-05-14,Plant C,M-01,P-02,774,25
2026-05-14,Plant C,M-01,P-04,1039,8
2026-05-14,Plant C,M-01,P-05,835,38
2026-05-14,Plant C,M-02,P-03,807,20
2026-05-14,Plant C,M-02,P-01,908,24
2026-05-14,Plant C,M-02,P-05,723,33
2026-05-14,Plant C,M-03,P-03,988,9
2026-05-14,Plant C,M-03,P-03,684,7
2026-05-14,Plant C,M-03,P-06,824,14
2026-05-14,Plant C,M-04,P-01,1098,31
2026-05-14,Plant C,M-04,P-03,831,23
2026-05-14,Plant C,M-04,P-03,621,12
2026-05-14,Plant C,M-05,P-04,774,15
2026-05-14,Plant C,M-05,P-04,757,21
2026-05-14,Plant C,M-05,P-05,860,70
2026-05-15,Plant A,M-01,P-03,998,9
2026-05-15,Plant A,M-01,P-04,739,17
2026-05-15,Plant A,M-01,P-06,747,21
2026-05-15,Plant A,M-02,P-03,879,8
2026-05-15,Plant A,M-02,P-03,753,6
2026-05-15,Plant A,M-02,P-01,694,8
2026-05-15,Plant A,M-03,P-05,1017,84
2026-05-15,Plant A,M-03,P-03,709,17
2026-05-15,Plant A,M-03,P-05,877,50
2026-05-15,Plant A,M-04,P-05,758,59
2026-05-15,Plant A,M-04,P-04,759,26
2026-05-15,Plant A,M-04,P-06,695,10
2026-05-15,Plant A,M-05,P-02,1030,12
2026-05-15,Plant A,M-05,P-01,999,27
2026-05-15,Plant A,M-05,P-03,897,18
2026-05-15,Plant B,M-01,P-06,755,22
2026-05-15,Plant B,M-01,P-05,648,32
2026-05-15,Plant B,M-01,P-04,972,15
2026-05-15,Plant B,M-02,P-01,1082,21
2026-05-15,Plant B,M-02,P-02,738,7
2026-05-15,Plant B,M-02,P-05,632,33
2026-05-15,Plant B,M-03,P-02,890,30
2026-05-15,Plant B,M-03,P-04,884,7
2026-05-15,Plant B,M-03,P-06,840,24
2026-05-15,Plant B,M-04,P-02,558,18
2026-05-15,Plant B,M-04,P-02,757,16
2026-05-15,Plant B,M-04,P-03,601,17
2026-05-15,Plant B,M-05,P-06,934,13
2026-05-15,Plant B,M-05,P-01,757,17
2026-05-15,Plant B,M-05,P-03,787,19
2026-05-15,Plant C,M-01,P-06,1113,26
2026-05-15,Plant C,M-01,P-01,692,12
2026-05-15,Plant C,M-01,P-04,893,26
2026-05-15,Plant C,M-02,P-02,871,25
2026-05-15,Plant C,M-02,P-05,960,46
2026-05-15,Plant C,M-02,P-01,853,9
2026-05-15,Plant C,M-03,P-04,697,14
2026-05-15,Plant C,M-03,P-02,786,11
2026-05-15,Plant C,M-03,P-02,801,24
2026-05-15,Plant C,M-04,P-04,822,12
2026-05-15,Plant C,M-04,P-04,900,27
2026-05-15,Plant C,M-04,P-04,746,23
2026-05-15,Plant C,M-05,P-05,1120,60
2026-05-15,Plant C,M-05,P-01,996,21
2026-05-15,Plant C,M-05,P-04,616,18
2026-05-16,Plant A,M-01,P-03,935,8
2026-05-16,Plant A,M-01,P-06,1063,29
2026-05-16,Plant A,M-01,P-06,614,19
2026-05-16,Plant A,M-02,P-05,897,40
2026-05-16,Plant A,M-02,P-02,1028,35
2026-05-16,Plant A,M-02,P-06,692,13
2026-05-16,Plant A,M-03,P-05,825,46
2026-05-16,Plant A,M-03,P-05,866,63
2026-05-16,Plant A,M-03,P-05,789,60
2026-05-16,Plant A,M-04,P-06,762,17
2026-05-16,Plant A,M-04,P-02,973,23
2026-05-16,Plant A,M-04,P-03,736,21
2026-05-16,Plant A,M-05,P-04,986,22
2026-05-16,Plant A,M-05,P-06,1000,9
2026-05-16,Plant A,M-05,P-04,863,18
2026-05-16,Plant B,M-01,P-05,1068,65
2026-05-16,Plant B,M-01,P-01,943,18
2026-05-16,Plant B,M-01,P-02,916,18
2026-05-16,Plant B,M-02,P-05,1094,82
2026-05-16,Plant B,M-02,P-06,1003,16
2026-05-16,Plant B,M-02,P-02,791,8
2026-05-16,Plant B,M-03,P-06,1042,15
2026-05-16,Plant B,M-03,P-01,866,24
2026-05-16,Plant B,M-03,P-01,795,27
2026-05-16,Plant B,M-04,P-03,800,20
2026-05-16,Plant B,M-04,P-03,914,17
2026-05-16,Plant B,M-04,P-05,635,35
2026-05-16,Plant B,M-05,P-06,976,21
2026-05-16,Plant B,M-05,P-05,801,43
2026-05-16,Plant B,M-05,P-02,937,24
2026-05-16,Plant C,M-01,P-03,1027,27
2026-05-16,Plant C,M-01,P-01,791,26
2026-05-16,Plant C,M-01,P-02,648,22
2026-05-16,Plant C,M-02,P-06,1056,34
2026-05-16,Plant C,M-02,P-03,995,21
2026-05-16,Plant C,M-02,P-06,828,27
2026-05-16,Plant C,M-03,P-05,1075,68
2026-05-16,Plant C,M-03,P-06,964,17
2026-05-16,Plant C,M-03,P-03,855,20
2026-05-16,Plant C,M-04,P-04,809,14
2026-05-16,Plant C,M-04,P-01,944,17
2026-05-16,Plant C,M-04,P-04,799,21
2026-05-16,Plant C,M-05,P-06,836,12
2026-05-16,Plant C,M-05,P-03,833,12
2026-05-16,Plant C,M-05,P-05,869,58
2026-05-17,Plant A,M-01,P-03,1136,21
2026-05-17,Plant A,M-01,P-02,785,21
2026-05-17,Plant A,M-01,P-04,837,23
2026-05-17,Plant A,M-02,P-06,960,29
2026-05-17,Plant A,M-02,P-03,807,18
2026-05-17,Plant A,M-02,P-05,781,52
2026-05-17,Plant A,M-03,P-01,1095,19
2026-05-17,Plant A,M-03,P-04,892,17
2026-05-17,Plant A,M-03,P-02,793,17
2026-05-17,Plant A,M-04,P-05,917,68
2026-05-17,Plant A,M-04,P-03,797,23
2026-05-17,Plant A,M-04,P-06,749,11
2026-05-17,Plant A,M-05,P-01,672,20
2026-05-17,Plant A,M-05,P-04,864,28
2026-05-17,Plant A,M-05,P-04,940,26
2026-05-17,Plant B,M-01,P-02,860,10
2026-05-17,Plant B,M-01,P-05,736,36
2026-05-17,Plant B,M-01,P-04,1016,18
2026-05-17,Plant B,M-02,P-04,881,17
2026-05-17,Plant B,M-02,P-06,1100,36
2026-05-17,Plant B,M-02,P-02,907,28
2026-05-17,Plant B,M-03,P-01,1214,17
2026-05-17,Plant B,M-03,P-06,667,13
2026-05-17,Plant B,M-03,P-02,711,21
2026-05-17,Plant B,M-04,P-03,702,6
2026-05-17,Plant B,M-04,P-03,547,10
2026-05-17,Plant B,M-04,P-01,695,11
2026-05-17,Plant B,M-05,P-06,1018,23
2026-05-17,Plant B,M-05,P-06,1063,29
2026-05-17,Plant B,M-05,P-01,684,21
2026-05-17,Plant C,M-01,P-01,883,9
2026-05-17,Plant C,M-01,P-06,796,24
2026-05-17,Plant C,M-01,P-01,796,24
2026-05-17,Plant C,M-02,P-04,715,18
2026-05-17,Plant C,M-02,P-06,932,7
2026-05-17,Plant C,M-02,P-06,925,25
2026-05-17,Plant C,M-03,P-02,658,7
2026-05-17,Plant C,M-03,P-04,814,24
2026-05-17,Plant C,M-03,P-03,936,10
2026-05-17,Plant C,M-04,P-01,867,25
2026-05-17,Plant C,M-04,P-02,634,7
2026-05-17,Plant C,M-04,P-03,824,21
2026-05-17,Plant C,M-05,P-04,1015,33
2026-05-17,Plant C,M-05,P-05,727,57
2026-05-17,Plant C,M-05,P-05,641,38
2026-05-18,Plant A,M-01,P-03,1129,28
2026-05-18,Plant A,M-01,P-03,921,23
2026-05-18,Plant A,M-01,P-06,960,21
2026-05-18,Plant A,M-02,P-01,824,23
2026-05-18,Plant A,M-02,P-01,1052,29
2026-05-18,Plant A,M-02,P-02,752,13
2026-05-18,Plant A,M-03,P-05,759,57
2026-05-18,Plant A,M-03,P-02,773,20
2026-05-18,Plant A,M-03,P-01,592,13
2026-05-18,Plant A,M-04,P-04,1065,14
2026-05-18,Plant A,M-04,P-04,671,10
2026-05-18,Plant A,M-04,P-03,650,13
2026-05-18,Plant A,M-05,P-03,1084,22
2026-05-18,Plant A,M-05,P-03,988,20
2026-05-18,Plant A,M-05,P-04,1059,17
2026-05-18,Plant B,M-01,P-02,782,24
2026-05-18,Plant B,M-01,P-04,957,30
2026-05-18,Plant B,M-01,P-01,792,12
2026-05-18,Plant B,M-02,P-06,750,25
2026-05-18,Plant B,M-02,P-05,936,63
2026-05-18,Plant B,M-02,P-05,810,58
2026-05-18,Plant B,M-03,P-06,1042,28
2026-05-18,Plant B,M-03,P-03,947,9
2026-05-18,Plant B,M-03,P-06,588,18
2026-05-18,Plant B,M-04,P-04,896,30
2026-05-18,Plant B,M-04,P-04,738,11
2026-05-18,Plant B,M-04,P-01,532,13
2026-05-18,Plant B,M-05,P-04,730,9
2026-05-18,Plant B,M-05,P-04,685,12
2026-05-18,Plant B,M-05,P-03,815,8
2026-05-18,Plant C,M-01,P-03,1082,26
2026-05-18,Plant C,M-01,P-01,700,19
2026-05-18,Plant C,M-01,P-04,646,20
2026-05-18,Plant C,M-02,P-02,921,12
2026-05-18,Plant C,M-02,P-04,919,9
2026-05-18,Plant C,M-02,P-04,698,10
2026-05-18,Plant C,M-03,P-03,786,27
2026-05-18,Plant C,M-03,P-01,845,14
2026-05-18,Plant C,M-03,P-04,742,15
2026-05-18,Plant C,M-04,P-03,964,17
2026-05-18,Plant C,M-04,P-06,875,23
2026-05-18,Plant C,M-04,P-03,848,15
2026-05-18,Plant C,M-05,P-06,1056,11
2026-05-18,Plant C,M-05,P-05,929,42
2026-05-18,Plant C,M-05,P-03,867,7
2026-05-19,Plant A,M-01,P-06,1072,37
2026-05-19,Plant A,M-01,P-01,1047,21
2026-05-19,Plant A,M-01,P-01,774,6
2026-05-19,Plant A,M-02,P-04,1107,28
2026-05-19,Plant A,M-02,P-03,917,11
2026-05-19,Plant A,M-02,P-05,606,49
2026-05-19,Plant A,M-03,P-04,1077,10
2026-05-19,Plant A,M-03,P-04,791,13
2026-05-19,Plant A,M-03,P-05,643,31
2026-05-19,Plant A,M-04,P-02,1107,34
2026-05-19,Plant A,M-04,P-06,804,18
2026-05-19,Plant A,M-04,P-05,649,51
2026-05-19,Plant A,M-05,P-06,1055,21
2026-05-19,Plant A,M-05,P-04,1003,28
2026-05-19,Plant A,M-05,P-05,575,47
2026-05-19,Plant B,M-01,P-02,863,26
2026-05-19,Plant B,M-01,P-02,713,14
2026-05-19,Plant B,M-01,P-06,688,22
2026-05-19,Plant B,M-02,P-04,996,24
2026-05-19,Plant B,M-02,P-06,962,20
2026-05-19,Plant B,M-02,P-04,773,20
2026-05-19,Plant B,M-03,P-02,654,10
2026-05-19,Plant B,M-03,P-05,1133,76
2026-05-19,Plant B,M-03,P-04,781,17
2026-05-19,Plant B,M-04,P-05,608,46
2026-05-19,Plant B,M-04,P-03,891,12
2026-05-19,Plant B,M-04,P-05,737,47
2026-05-19,Plant B,M-05,P-04,840,27
2026-05-19,Plant B,M-05,P-02,831,28
2026-05-19,Plant B,M-05,P-06,566,5
2026-05-19,Plant C,M-01,P-01,821,22
2026-05-19,Plant C,M-01,P-05,681,32
2026-05-19,Plant C,M-01,P-06,731,16
2026-05-19,Plant C,M-02,P-03,823,24
2026-05-19,Plant C,M-02,P-02,616,19
2026-05-19,Plant C,M-02,P-02,967,32
2026-05-19,Plant C,M-03,P-02,1035,30
2026-05-19,Plant C,M-03,P-01,911,18
2026-05-19,Plant C,M-03,P-02,699,13
2026-05-19,Plant C,M-04,P-05,1003,77
2026-05-19,Plant C,M-04,P-03,808,21
2026-05-19,Plant C,M-04,P-01,697,19
2026-05-19,Plant C,M-05,P-03,745,11
2026-05-19,Plant C,M-05,P-02,824,15
2026-05-19,Plant C,M-05,P-05,691,52
2026-05-20,Plant A,M-01,P-06,751,26
2026-05-20,Plant A,M-01,P-05,884,62
2026-05-20,Plant A,M-01,P-06,879,17
2026-05-20,Plant A,M-02,P-04,954,28
2026-05-20,Plant A,M-02,P-04,756,24
2026-05-20,Plant A,M-02,P-04,1004,20
2026-05-20,Plant A,M-03,P-06,761,10
2026-05-20,Plant A,M-03,P-02,754,11
2026-05-20,Plant A,M-03,P-04,921,15
2026-05-20,Plant A,M-04,P-04,905,27
2026-05-20,Plant A,M-04,P-05,871,70
2026-05-20,Plant A,M-04,P-06,944,28
2026-05-20,Plant A,M-05,P-05,1062,79
2026-05-20,Plant A,M-05,P-04,800,25
2026-05-20,Plant A,M-05,P-05,658,48
2026-05-20,Plant B,M-01,P-06,1133,17
2026-05-20,Plant B,M-01,P-04,701,12
2026-05-20,Plant B,M-01,P-04,822,24
2026-05-20,Plant B,M-02,P-02,927,10
2026-05-20,Plant B,M-02,P-04,1015,27
2026-05-20,Plant B,M-02,P-01,1015,33
2026-05-20,Plant B,M-03,P-06,731,22
2026-05-20,Plant B,M-03,P-02,841,9
2026-05-20,Plant B,M-03,P-06,771,25
2026-05-20,Plant B,M-04,P-05,725,37
2026-05-20,Plant B,M-04,P-05,723,36
2026-05-20,Plant B,M-04,P-03,515,15
2026-05-20,Plant B,M-05,P-06,963,23
2026-05-20,Plant B,M-05,P-04,865,28
2026-05-20,Plant B,M-05,P-04,596,7
2026-05-20,Plant C,M-01,P-05,835,49
2026-05-20,Plant C,M-01,P-05,808,38
2026-05-20,Plant C,M-01,P-01,746,19
2026-05-20,Plant C,M-02,P-05,718,45
2026-05-20,Plant C,M-02,P-01,867,9
2026-05-20,Plant C,M-02,P-02,676,11
2026-05-20,Plant C,M-03,P-04,972,21
2026-05-20,Plant C,M-03,P-02,1028,16
2026-05-20,Plant C,M-03,P-05,815,63
2026-05-20,Plant C,M-04,P-01,1011,17
2026-05-20,Plant C,M-04,P-04,1030,23
2026-05-20,Plant C,M-04,P-06,668,9
2026-05-20,Plant C,M-05,P-04,907,20
2026-05-20,Plant C,M-05,P-05,872,64
2026-05-20,Plant C,M-05,P-04,827,18
2026-05-21,Plant A,M-01,P-01,1097,24
2026-05-21,Plant A,M-01,P-04,990,16
2026-05-21,Plant A,M-01,P-01,643,19
2026-05-21,Plant A,M-02,P-06,864,27
2026-05-21,Plant A,M-02,P-05,970,72
2026-05-21,Plant A,M-02,P-04,850,20
2026-05-21,Plant A,M-03,P-01,699,8
2026-05-21,Plant A,M-03,P-03,1080,20
2026-05-21,Plant A,M-03,P-01,580,18
2026-05-21,Plant A,M-04,P-02,819,17
2026-05-21,Plant A,M-04,P-05,1107,54
2026-05-21,Plant A,M-04,P-02,984,18
2026-05-21,Plant A,M-05,P-04,720,24
2026-05-21,Plant A,M-05,P-04,960,20
2026-05-21,Plant A,M-05,P-05,880,72
2026-05-21,Plant B,M-01,P-04,1108,11
2026-05-21,Plant B,M-01,P-02,1076,20
2026-05-21,Plant B,M-01,P-01,693,17
2026-05-21,Plant B,M-02,P-04,771,12
2026-05-21,Plant B,M-02,P-02,963,26
2026-05-21,Plant B,M-02,P-05,773,53
2026-05-21,Plant B,M-03,P-01,887,25
2026-05-21,Plant B,M-03,P-04,911,27
2026-05-21,Plant B,M-03,P-01,614,8
2026-05-21,Plant B,M-04,P-06,645,14
2026-05-21,Plant B,M-04,P-05,892,48
2026-05-21,Plant B,M-04,P-04,905,10
2026-05-21,Plant B,M-05,P-01,943,17
2026-05-21,Plant B,M-05,P-01,966,12
2026-05-21,Plant B,M-05,P-03,837,20
2026-05-21,Plant C,M-01,P-01,770,8
2026-05-21,Plant C,M-01,P-04,678,20
2026-05-21,Plant C,M-01,P-03,935,19
2026-05-21,Plant C,M-02,P-04,1160,16
2026-05-21,Plant C,M-02,P-02,701,8
2026-05-21,Plant C,M-02,P-05,900,70
2026-05-21,Plant C,M-03,P-04,847,27
2026-05-21,Plant C,M-03,P-05,923,64
2026-05-21,Plant C,M-03,P-04,642,14
2026-05-21,Plant C,M-04,P-04,1077,10
2026-05-21,Plant C,M-04,P-05,966,53
2026-05-21,Plant C,M-04,P-05,939,64
2026-05-21,Plant C,M-05,P-02,927,20
2026-05-21,Plant C,M-05,P-05,1015,61
2026-05-21,Plant C,M-05,P-05,729,49
2026-05-22,Plant A,M-01,P-01,932,30
2026-05-22,Plant A,M-01,P-03,853,19
2026-05-22,Plant A,M-01,P-05,795,57
2026-05-22,Plant A,M-02,P-01,675,14
2026-05-22,Plant A,M-02,P-03,963,21
2026-05-22,Plant A,M-02,P-02,813,15
2026-05-22,Plant A,M-03,P-06,775,12
2026-05-22,Plant A,M-03,P-06,701,19
2026-05-22,Plant A,M-03,P-05,806,53
2026-05-22,Plant A,M-04,P-05,1008,71
2026-05-22,Plant A,M-04,P-06,1070,29
2026-05-22,Plant A,M-04,P-01,826,27
2026-05-22,Plant A,M-05,P-04,806,25
2026-05-22,Plant A,M-05,P-03,809,22
2026-05-22,Plant A,M-05,P-03,1079,10
2026-05-22,Plant B,M-01,P-04,1083,22
2026-05-22,Plant B,M-01,P-01,663,14
2026-05-22,Plant B,M-01,P-04,949,29
2026-05-22,Plant B,M-02,P-06,917,18
2026-05-22,Plant B,M-02,P-03,704,16
2026-05-22,Plant B,M-02,P-01,725,15
2026-05-22,Plant B,M-03,P-02,846,21
2026-05-22,Plant B,M-03,P-05,1027,70
2026-05-22,Plant B,M-03,P-03,800,14
2026-05-22,Plant B,M-04,P-04,708,10
2026-05-22,Plant B,M-04,P-06,516,9
2026-05-22,Plant B,M-04,P-04,509,4
2026-05-22,Plant B,M-05,P-02,866,11
2026-05-22,Plant B,M-05,P-02,710,14
2026-05-22,Plant B,M-05,P-06,889,10
2026-05-22,Plant C,M-01,P-04,968,25
2026-05-22,Plant C,M-01,P-03,1067,26
2026-05-22,Plant C,M-01,P-06,670,19
2026-05-22,Plant C,M-02,P-03,975,17
2026-05-22,Plant C,M-02,P-06,868,7
2026-05-22,Plant C,M-02,P-03,683,9
2026-05-22,Plant C,M-03,P-05,1144,69
2026-05-22,Plant C,M-03,P-03,662,7
2026-05-22,Plant C,M-03,P-03,933,7
2026-05-22,Plant C,M-04,P-06,925,20
2026-05-22,Plant C,M-04,P-01,1008,20
2026-05-22,Plant C,M-04,P-01,742,12
2026-05-22,Plant C,M-05,P-06,1019,33
2026-05-22,Plant C,M-05,P-02,1022,22
2026-05-22,Plant C,M-05,P-03,1000,25
2026-05-23,Plant A,M-01,P-05,1025,84
2026-05-23,Plant A,M-01,P-03,942,20
2026-05-23,Plant A,M-01,P-06,676,11
2026-05-23,Plant A,M-02,P-03,1035,33
2026-05-23,Plant A,M-02,P-04,905,13
2026-05-23,Plant A,M-02,P-06,812,14
2026-05-23,Plant A,M-03,P-05,1042,66
2026-05-23,Plant A,M-03,P-03,798,12
2026-05-23,Plant A,M-03,P-01,725,8
2026-05-23,Plant A,M-04,P-03,678,22
2026-05-23,Plant A,M-04,P-03,726,13
2026-05-23,Plant A,M-04,P-01,849,18
2026-05-23,Plant A,M-05,P-02,773,24
2026-05-23,Plant A,M-05,P-06,1021,10
2026-05-23,Plant A,M-05,P-03,708,15
2026-05-23,Plant B,M-01,P-05,1013,68
2026-05-23,Plant B,M-01,P-01,750,24
2026-05-23,Plant B,M-01,P-04,950,22
2026-05-23,Plant B,M-02,P-03,791,7
2026-05-23,Plant B,M-02,P-06,708,23
2026-05-23,Plant B,M-02,P-04,667,23
2026-05-23,Plant B,M-03,P-04,1129,12
2026-05-23,Plant B,M-03,P-03,1021,15
2026-05-23,Plant B,M-03,P-05,938,45
2026-05-23,Plant B,M-04,P-04,520,17
2026-05-23,Plant B,M-04,P-04,978,19
2026-05-23,Plant B,M-04,P-04,548,12
2026-05-23,Plant B,M-05,P-06,748,26
2026-05-23,Plant B,M-05,P-02,942,21
2026-05-23,Plant B,M-05,P-06,609,5
2026-05-23,Plant C,M-01,P-04,1058,22
2026-05-23,Plant C,M-01,P-02,746,20
2026-05-23,Plant C,M-01,P-02,702,23
2026-05-23,Plant C,M-02,P-02,694,10
2026-05-23,Plant C,M-02,P-06,1045,32
2026-05-23,Plant C,M-02,P-02,861,15
2026-05-23,Plant C,M-03,P-01,936,31
2026-05-23,Plant C,M-03,P-04,809,20
2026-05-23,Plant C,M-03,P-06,839,16
2026-05-23,Plant C,M-04,P-02,804,21
2026-05-23,Plant C,M-04,P-02,685,17
2026-05-23,Plant C,M-04,P-04,624,15
2026-05-23,Plant C,M-05,P-04,999,15
2026-05-23,Plant C,M-05,P-04,943,21
2026-05-23,Plant C,M-05,P-02,796,23
2026-05-24,Plant A,M-01,P-01,1075,24
2026-05-24,Plant A,M-01,P-02,947,12
2026-05-24,Plant A,M-01,P-03,771,18
2026-05-24,Plant A,M-02,P-01,1138,38
2026-05-24,Plant A,M-02,P-05,877,71
2026-05-24,Plant A,M-02,P-01,850,22
2026-05-24,Plant A,M-03,P-02,813,15
2026-05-24,Plant A,M-03,P-03,758,16
2026-05-24,Plant A,M-03,P-02,695,17
2026-05-24,Plant A,M-04,P-03,892,16
2026-05-24,Plant A,M-04,P-05,1060,61
2026-05-24,Plant A,M-04,P-02,856,11
2026-05-24,Plant A,M-05,P-04,833,9
2026-05-24,Plant A,M-05,P-03,727,9
2026-05-24,Plant A,M-05,P-02,1010,18
2026-05-24,Plant B,M-01,P-03,961,20
2026-05-24,Plant B,M-01,P-03,1046,19
2026-05-24,Plant B,M-01,P-02,918,24
2026-05-24,Plant B,M-02,P-02,813,25
2026-05-24,Plant B,M-02,P-03,987,25
2026-05-24,Plant B,M-02,P-06,970,23
2026-05-24,Plant B,M-03,P-05,999,75
2026-05-24,Plant B,M-03,P-03,830,28
2026-05-24,Plant B,M-03,P-03,724,23
2026-05-24,Plant B,M-04,P-04,1014,24
2026-05-24,Plant B,M-04,P-06,752,18
2026-05-24,Plant B,M-04,P-03,759,21
2026-05-24,Plant B,M-05,P-02,911,29
2026-05-24,Plant B,M-05,P-02,939,10
2026-05-24,Plant B,M-05,P-04,733,16
2026-05-24,Plant C,M-01,P-01,1073,33
2026-05-24,Plant C,M-01,P-04,904,13
2026-05-24,Plant C,M-01,P-05,972,44
2026-05-24,Plant C,M-02,P-04,684,9
2026-05-24,Plant C,M-02,P-04,1051,15
2026-05-24,Plant C,M-02,P-06,961,23
2026-05-24,Plant C,M-03,P-04,942,24
2026-05-24,Plant C,M-03,P-06,776,15
2026-05-24,Plant C,M-03,P-05,887,53
2026-05-24,Plant C,M-04,P-05,851,43
2026-05-24,Plant C,M-04,P-04,648,7
2026-05-24,Plant C,M-04,P-01,906,26
2026-05-24,Plant C,M-05,P-04,717,5
2026-05-24,Plant C,M-05,P-03,1048,22
2026-05-24,Plant C,M-05,P-03,798,25
2026-05-25,Plant A,M-01,P-06,738,11
2026-05-25,Plant A,M-01,P-05,869,40
2026-05-25,Plant A,M-01,P-03,804,21
2026-05-25,Plant A,M-02,P-05,938,72
2026-05-25,Plant A,M-02,P-03,947,16
2026-05-25,Plant A,M-02,P-05,669,30
2026-05-25,Plant A,M-03,P-02,1000,11
2026-05-25,Plant A,M-03,P-05,1004,46
2026-05-25,Plant A,M-03,P-02,845,24
2026-05-25,Plant A,M-04,P-03,1031,10
2026-05-25,Plant A,M-04,P-04,897,28
2026-05-25,Plant A,M-04,P-01,741,21
2026-05-25,Plant A,M-05,P-03,919,21
2026-05-25,Plant A,M-05,P-06,800,27
2026-05-25,Plant A,M-05,P-05,917,57
2026-05-25,Plant B,M-01,P-04,1085,21
2026-05-25,Plant B,M-01,P-02,652,20
2026-05-25,Plant B,M-01,P-02,765,24
2026-05-25,Plant B,M-02,P-01,758,21
2026-05-25,Plant B,M-02,P-05,842,61
2026-05-25,Plant B,M-02,P-02,901,24
2026-05-25,Plant B,M-03,P-01,772,12
2026-05-25,Plant B,M-03,P-05,811,64
2026-05-25,Plant B,M-03,P-01,713,17
2026-05-25,Plant B,M-04,P-01,639,8
2026-05-25,Plant B,M-04,P-04,601,13
2026-05-25,Plant B,M-04,P-06,389,9
2026-05-25,Plant B,M-05,P-03,708,20
2026-05-25,Plant B,M-05,P-06,934,21
2026-05-25,Plant B,M-05,P-06,675,10
2026-05-25,Plant C,M-01,P-05,1062,76
2026-05-25,Plant C,M-01,P-05,721,40
2026-05-25,Plant C,M-01,P-06,966,33
2026-05-25,Plant C,M-02,P-03,856,7
2026-05-25,Plant C,M-02,P-02,721,12
2026-05-25,Plant C,M-02,P-03,928,23
2026-05-25,Plant C,M-03,P-02,1073,23
2026-05-25,Plant C,M-03,P-04,826,7
2026-05-25,Plant C,M-03,P-03,751,17
2026-05-25,Plant C,M-04,P-02,700,15
2026-05-25,Plant C,M-04,P-01,1040,22
2026-05-25,Plant C,M-04,P-01,614,11
2026-05-25,Plant C,M-05,P-01,961,28
2026-05-25,Plant C,M-05,P-05,730,40
2026-05-25,Plant C,M-05,P-01,626,10
2026-05-26,Plant A,M-01,P-03,1055,30
2026-05-26,Plant A,M-01,P-02,792,23
2026-05-26,Plant A,M-01,P-06,519,16
2026-05-26,Plant A,M-02,P-03,1004,21
2026-05-26,Plant A,M-02,P-04,613,12
2026-05-26,Plant A,M-02,P-03,658,21
2026-05-26,Plant A,M-03,P-01,1037,26
2026-05-26,Plant A,M-03,P-04,1089,8
2026-05-26,Plant A,M-03,P-04,880,25
2026-05-26,Plant A,M-04,P-02,944,21
2026-05-26,Plant A,M-04,P-03,890,10
2026-05-26,Plant A,M-04,P-01,784,25
2026-05-26,Plant A,M-05,P-05,850,64
2026-05-26,Plant A,M-05,P-04,1008,31
2026-05-26,Plant A,M-05,P-01,858,10
2026-05-26,Plant B,M-01,P-04,1043,26
2026-05-26,Plant B,M-01,P-06,932,20
2026-05-26,Plant B,M-01,P-02,825,17
2026-05-26,Plant B,M-02,P-04,1118,30
2026-05-26,Plant B,M-02,P-04,1093,12
2026-05-26,Plant B,M-02,P-02,994,10
2026-05-26,Plant B,M-03,P-06,948,29
2026-05-26,Plant B,M-03,P-03,930,24
2026-05-26,Plant B,M-03,P-02,785,9
2026-05-26,Plant B,M-04,P-06,936,8
2026-05-26,Plant B,M-04,P-03,693,6
2026-05-26,Plant B,M-04,P-04,828,21
2026-05-26,Plant B,M-05,P-03,1078,28
2026-05-26,Plant B,M-05,P-03,613,7
2026-05-26,Plant B,M-05,P-05,737,62
2026-05-26,Plant C,M-01,P-05,971,48
2026-05-26,Plant C,M-01,P-06,869,24
2026-05-26,Plant C,M-01,P-03,899,20
2026-05-26,Plant C,M-02,P-01,1082,36
2026-05-26,Plant C,M-02,P-02,896,10
2026-05-26,Plant C,M-02,P-06,886,26
2026-05-26,Plant C,M-03,P-06,764,20
2026-05-26,Plant C,M-03,P-03,1066,20
2026-05-26,Plant C,M-03,P-01,711,10
2026-05-26,Plant C,M-04,P-04,999,31
2026-05-26,Plant C,M-04,P-02,895,20
2026-05-26,Plant C,M-04,P-05,883,52
2026-05-26,Plant C,M-05,P-02,1120,25
2026-05-26,Plant C,M-05,P-06,990,10
2026-05-26,Plant C,M-05,P-04,788,24
2026-05-27,Plant A,M-01,P-02,686,7
2026-05-27,Plant A,M-01,P-04,1042,21
2026-05-27,Plant A,M-01,P-04,905,18
2026-05-27,Plant A,M-02,P-03,636,21
2026-05-27,Plant A,M-02,P-03,894,18
2026-05-27,Plant A,M-02,P-01,929,13
2026-05-27,Plant A,M-03,P-01,818,23
2026-05-27,Plant A,M-03,P-04,923,31
2026-05-27,Plant A,M-03,P-03,926,7
2026-05-27,Plant A,M-04,P-04,906,12
2026-05-27,Plant A,M-04,P-05,1087,74
2026-05-27,Plant A,M-04,P-02,797,24
2026-05-27,Plant A,M-05,P-05,848,46
2026-05-27,Plant A,M-05,P-01,1025,16
2026-05-27,Plant A,M-05,P-02,987,17
2026-05-27,Plant B,M-01,P-03,949,22
2026-05-27,Plant B,M-01,P-06,965,28
2026-05-27,Plant B,M-01,P-04,764,6
2026-05-27,Plant B,M-02,P-03,792,19
2026-05-27,Plant B,M-02,P-02,656,11
2026-05-27,Plant B,M-02,P-04,1015,35
2026-05-27,Plant B,M-03,P-03,861,10
2026-05-27,Plant B,M-03,P-01,891,16
2026-05-27,Plant B,M-03,P-04,833,11
2026-05-27,Plant B,M-04,P-01,703,8
2026-05-27,Plant B,M-04,P-05,596,38
2026-05-27,Plant B,M-04,P-04,788,13
2026-05-27,Plant B,M-05,P-02,773,9
2026-05-27,Plant B,M-05,P-05,876,49
2026-05-27,Plant B,M-05,P-06,836,29
2026-05-27,Plant C,M-01,P-06,977,9
2026-05-27,Plant C,M-01,P-06,906,23
2026-05-27,Plant C,M-01,P-01,801,25
2026-05-27,Plant C,M-02,P-04,977,18
2026-05-27,Plant C,M-02,P-02,882,21
2026-05-27,Plant C,M-02,P-04,829,17
2026-05-27,Plant C,M-03,P-01,843,18
2026-05-27,Plant C,M-03,P-01,936,18
2026-05-27,Plant C,M-03,P-03,867,26
2026-05-27,Plant C,M-04,P-02,1126,36
2026-05-27,Plant C,M-04,P-01,1036,34
2026-05-27,Plant C,M-04,P-04,933,11
2026-05-27,Plant C,M-05,P-03,1051,29
2026-05-27,Plant C,M-05,P-05,805,38
2026-05-27,Plant C,M-05,P-03,819,11
2026-05-28,Plant A,M-01,P-05,1028,60
2026-05-28,Plant A,M-01,P-03,897,15
2026-05-28,Plant A,M-01,P-05,947,78
2026-05-28,Plant A,M-02,P-06,877,20
2026-05-28,Plant A,M-02,P-01,964,25
2026-05-28,Plant A,M-02,P-01,738,22
2026-05-28,Plant A,M-03,P-02,844,28
2026-05-28,Plant A,M-03,P-01,803,14
2026-05-28,Plant A,M-03,P-05,789,58
2026-05-28,Plant A,M-04,P-03,965,32
2026-05-28,Plant A,M-04,P-05,832,39
2026-05-28,Plant A,M-04,P-02,719,11
2026-05-28,Plant A,M-05,P-01,779,19
2026-05-28,Plant A,M-05,P-01,842,12
2026-05-28,Plant A,M-05,P-02,875,26
2026-05-28,Plant B,M-01,P-04,995,33
2026-05-28,Plant B,M-01,P-01,1067,13
2026-05-28,Plant B,M-01,P-06,923,19
2026-05-28,Plant B,M-02,P-03,693,18
2026-05-28,Plant B,M-02,P-05,895,44
2026-05-28,Plant B,M-02,P-03,979,15
2026-05-28,Plant B,M-03,P-01,1010,13
2026-05-28,Plant B,M-03,P-04,859,12
2026-05-28,Plant B,M-03,P-03,799,24
2026-05-28,Plant B,M-04,P-02,779,24
2026-05-28,Plant B,M-04,P-03,730,25
2026-05-28,Plant B,M-04,P-01,712,5
2026-05-28,Plant B,M-05,P-03,730,20
2026-05-28,Plant B,M-05,P-02,808,22
2026-05-28,Plant B,M-05,P-04,822,28
2026-05-28,Plant C,M-01,P-03,716,12
2026-05-28,Plant C,M-01,P-06,775,22
2026-05-28,Plant C,M-01,P-01,639,9
2026-05-28,Plant C,M-02,P-04,864,27
2026-05-28,Plant C,M-02,P-01,953,17
2026-05-28,Plant C,M-02,P-05,792,48
2026-05-28,Plant C,M-03,P-05,1131,64
2026-05-28,Plant C,M-03,P-03,810,14
2026-05-28,Plant C,M-03,P-02,762,12
2026-05-28,Plant C,M-04,P-05,909,41
2026-05-28,Plant C,M-04,P-04,985,10
2026-05-28,Plant C,M-04,P-05,661,40
2026-05-28,Plant C,M-05,P-02,956,15
2026-05-28,Plant C,M-05,P-03,950,19
2026-05-28,Plant C,M-05,P-04,726,7
2026-05-29,Plant A,M-01,P-03,734,20
2026-05-29,Plant A,M-01,P-04,718,15
2026-05-29,Plant A,M-01,P-03,860,17
2026-05-29,Plant A,M-02,P-05,1050,58
2026-05-29,Plant A,M-02,P-06,1102,28
2026-05-29,Plant A,M-02,P-03,711,9
2026-05-29,Plant A,M-03,P-03,643,16
2026-05-29,Plant A,M-03,P-06,665,13
2026-05-29,Plant A,M-03,P-01,651,17
2026-05-29,Plant A,M-04,P-02,888,7
2026-05-29,Plant A,M-04,P-05,790,47
2026-05-29,Plant A,M-04,P-04,798,20
2026-05-29,Plant A,M-05,P-02,1087,31
2026-05-29,Plant A,M-05,P-05,799,58
2026-05-29,Plant A,M-05,P-05,948,50
2026-05-29,Plant B,M-01,P-05,848,58
2026-05-29,Plant B,M-01,P-04,917,29
2026-05-29,Plant B,M-01,P-04,984,11
2026-05-29,Plant B,M-02,P-02,905,12
2026-05-29,Plant B,M-02,P-03,968,17
2026-05-29,Plant B,M-02,P-02,1003,14
2026-05-29,Plant B,M-03,P-01,766,15
2026-05-29,Plant B,M-03,P-03,768,15
2026-05-29,Plant B,M-03,P-05,693,42
2026-05-29,Plant B,M-04,P-02,497,11
2026-05-29,Plant B,M-04,P-01,788,8
2026-05-29,Plant B,M-04,P-06,862,20
2026-05-29,Plant B,M-05,P-02,990,29
2026-05-29,Plant B,M-05,P-01,746,11
2026-05-29,Plant B,M-05,P-03,725,8
2026-05-29,Plant C,M-01,P-05,922,41
2026-05-29,Plant C,M-01,P-03,956,11
2026-05-29,Plant C,M-01,P-01,841,29
2026-05-29,Plant C,M-02,P-01,818,12
2026-05-29,Plant C,M-02,P-05,861,64
2026-05-29,Plant C,M-02,P-06,809,26
2026-05-29,Plant C,M-03,P-02,824,18
2026-05-29,Plant C,M-03,P-06,752,8
2026-05-29,Plant C,M-03,P-05,776,53
2026-05-29,Plant C,M-04,P-01,900,13
2026-05-29,Plant C,M-04,P-04,1009,28
2026-05-29,Plant C,M-04,P-05,793,48
2026-05-29,Plant C,M-05,P-05,996,56
2026-05-29,Plant C,M-05,P-02,799,10
2026-05-29,Plant C,M-05,P-05,839,55
2026-05-30,Plant A,M-01,P-05,673,53
2026-05-30,Plant A,M-01,P-01,793,26
2026-05-30,Plant A,M-01,P-01,761,14
2026-05-30,Plant A,M-02,P-02,886,13
2026-05-30,Plant A,M-02,P-05,910,65
2026-05-30,Plant A,M-02,P-01,884,15
2026-05-30,Plant A,M-03,P-03,732,11
2026-05-30,Plant A,M-03,P-05,1065,66
2026-05-30,Plant A,M-03,P-02,667,14
2026-05-30,Plant A,M-04,P-04,879,26
2026-05-30,Plant A,M-04,P-05,762,48
2026-05-30,Plant A,M-04,P-02,929,29
2026-05-30,Plant A,M-05,P-03,901,12
2026-05-30,Plant A,M-05,P-04,863,25
2026-05-30,Plant A,M-05,P-03,728,18
2026-05-30,Plant B,M-01,P-02,692,17
2026-05-30,Plant B,M-01,P-01,859,13
2026-05-30,Plant B,M-01,P-06,932,12
2026-05-30,Plant B,M-02,P-01,987,26
2026-05-30,Plant B,M-02,P-06,905,13
2026-05-30,Plant B,M-02,P-05,769,48
2026-05-30,Plant B,M-03,P-02,988,12
2026-05-30,Plant B,M-03,P-01,848,16
2026-05-30,Plant B,M-03,P-06,750,11
2026-05-30,Plant B,M-04,P-05,1009,53
2026-05-30,Plant B,M-04,P-05,533,31
2026-05-30,Plant B,M-04,P-05,577,26
2026-05-30,Plant B,M-05,P-04,767,20
2026-05-30,Plant B,M-05,P-01,837,10
2026-05-30,Plant B,M-05,P-02,761,25
2026-05-30,Plant C,M-01,P-01,989,30
2026-05-30,Plant C,M-01,P-03,798,11
2026-05-30,Plant C,M-01,P-04,747,18
2026-05-30,Plant C,M-02,P-01,849,24
2026-05-30,Plant C,M-02,P-06,675,5
2026-05-30,Plant C,M-02,P-02,658,7
2026-05-30,Plant C,M-03,P-04,1095,36
2026-05-30,Plant C,M-03,P-05,1020,66
2026-05-30,Plant C,M-03,P-01,930,28
2026-05-30,Plant C,M-04,P-03,936,11
2026-05-30,Plant C,M-04,P-03,681,21
2026-05-30,Plant C,M-04,P-06,760,14
2026-05-30,Plant C,M-05,P-03,1110,13
2026-05-30,Plant C,M-05,P-03,855,8
2026-05-30,Plant C,M-05,P-02,867,15
2026-05-31,Plant A,M-01,P-06,880,13
2026-05-31,Plant A,M-01,P-06,709,8
2026-05-31,Plant A,M-01,P-05,813,57
2026-05-31,Plant A,M-02,P-02,845,17
2026-05-31,Plant A,M-02,P-02,916,22
2026-05-31,Plant A,M-02,P-01,888,15
2026-05-31,Plant A,M-03,P-01,1069,30
2026-05-31,Plant A,M-03,P-04,909,14
2026-05-31,Plant A,M-03,P-02,662,18
2026-05-31,Plant A,M-04,P-04,759,25
2026-05-31,Plant A,M-04,P-05,1129,69
2026-05-31,Plant A,M-04,P-01,833,26
2026-05-31,Plant A,M-05,P-05,993,48
2026-05-31,Plant A,M-05,P-01,1063,14
2026-05-31,Plant A,M-05,P-05,532,44
2026-05-31,Plant B,M-01,P-04,1065,24
2026-05-31,Plant B,M-01,P-04,1026,20
2026-05-31,Plant B,M-01,P-04,928,20
2026-05-31,Plant B,M-02,P-03,951,14
2026-05-31,Plant B,M-02,P-04,1028,34
2026-05-31,Plant B,M-02,P-03,723,6
2026-05-31,Plant B,M-03,P-04,1076,10
2026-05-31,Plant B,M-03,P-05,756,57
2026-05-31,Plant B,M-03,P-02,810,17
2026-05-31,Plant B,M-04,P-02,687,6
2026-05-31,Plant B,M-04,P-01,884,24
2026-05-31,Plant B,M-04,P-03,688,11
2026-05-31,Plant B,M-05,P-03,900,22
2026-05-31,Plant B,M-05,P-01,816,10
2026-05-31,Plant B,M-05,P-03,602,15
2026-05-31,Plant C,M-01,P-04,1158,9
2026-05-31,Plant C,M-01,P-03,793,9
2026-05-31,Plant C,M-01,P-03,829,14
2026-05-31,Plant C,M-02,P-03,1164,21
2026-05-31,Plant C,M-02,P-06,813,8
2026-05-31,Plant C,M-02,P-02,706,19
2026-05-31,Plant C,M-03,P-06,990,13
2026-05-31,Plant C,M-03,P-03,704,24
2026-05-31,Plant C,M-03,P-06,789,18
2026-05-31,Plant C,M-04,P-04,686,16
2026-05-31,Plant C,M-04,P-06,1088,11
2026-05-31,Plant C,M-04,P-05,764,39
2026-05-31,Plant C,M-05,P-04,1208,29
2026-05-31,Plant C,M-05,P-03,897,22
2026-05-31,Plant C,M-05,P-04,758,13
2026-06-01,Plant A,M-01,P-04,1063,16
2026-06-01,Plant A,M-01,P-06,941,17
2026-06-01,Plant A,M-01,P-01,792,7
2026-06-01,Plant A,M-02,P-01,778,13
2026-06-01,Plant A,M-02,P-05,1106,57
2026-06-01,Plant A,M-02,P-04,913,19
2026-06-01,Plant A,M-03,P-03,791,6
2026-06-01,Plant A,M-03,P-06,719,16
2026-06-01,Plant A,M-03,P-04,610,10
2026-06-01,Plant A,M-04,P-01,1005,23
2026-06-01,Plant A,M-04,P-03,671,12
2026-06-01,Plant A,M-04,P-03,703,14
2026-06-01,Plant A,M-05,P-04,1089,34
2026-06-01,Plant A,M-05,P-02,1061,20
2026-06-01,Plant A,M-05,P-05,663,34
2026-06-01,Plant B,M-01,P-06,742,24
2026-06-01,Plant B,M-01,P-02,1098,19
2026-06-01,Plant B,M-01,P-02,853,11
2026-06-01,Plant B,M-02,P-04,716,20
2026-06-01,Plant B,M-02,P-02,831,8
2026-06-01,Plant B,M-02,P-03,735,24
2026-06-01,Plant B,M-03,P-03,642,16
2026-06-01,Plant B,M-03,P-06,979,34
2026-06-01,Plant B,M-03,P-04,798,22
2026-06-01,Plant B,M-04,P-01,845,20
2026-06-01,Plant B,M-04,P-05,652,48
2026-06-01,Plant B,M-04,P-02,467,4
2026-06-01,Plant B,M-05,P-01,843,12
2026-06-01,Plant B,M-05,P-05,941,73
2026-06-01,Plant B,M-05,P-04,919,17
2026-06-01,Plant C,M-01,P-04,1061,27
2026-06-01,Plant C,M-01,P-01,760,21
2026-06-01,Plant C,M-01,P-01,843,10
2026-06-01,Plant C,M-02,P-05,816,57
2026-06-01,Plant C,M-02,P-04,878,20
2026-06-01,Plant C,M-02,P-05,1059,52
2026-06-01,Plant C,M-03,P-02,895,18
2026-06-01,Plant C,M-03,P-03,747,8
2026-06-01,Plant C,M-03,P-03,1080,27
2026-06-01,Plant C,M-04,P-01,996,32
2026-06-01,Plant C,M-04,P-05,730,51
2026-06-01,Plant C,M-04,P-03,910,30
2026-06-01,Plant C,M-05,P-02,755,12
2026-06-01,Plant C,M-05,P-06,1043,19
2026-06-01,Plant C,M-05,P-02,647,13
2026-06-02,Plant A,M-01,P-03,771,18
2026-06-02,Plant A,M-01,P-04,874,19
2026-06-02,Plant A,M-01,P-06,721,18
2026-06-02,Plant A,M-02,P-04,874,28
2026-06-02,Plant A,M-02,P-05,932,42
2026-06-02,Plant A,M-02,P-01,775,20
2026-06-02,Plant A,M-03,P-02,912,19
2026-06-02,Plant A,M-03,P-02,763,12
2026-06-02,Plant A,M-03,P-06,813,24
2026-06-02,Plant A,M-04,P-02,725,20
2026-06-02,Plant A,M-04,P-05,1057,49
2026-06-02,Plant A,M-04,P-03,764,8
2026-06-02,Plant A,M-05,P-02,680,19
2026-06-02,Plant A,M-05,P-06,937,13
2026-06-02,Plant A,M-05,P-06,641,16
2026-06-02,Plant B,M-01,P-01,892,15
2026-06-02,Plant B,M-01,P-06,993,18
2026-06-02,Plant B,M-01,P-02,784,20
2026-06-02,Plant B,M-02,P-01,860,7
2026-06-02,Plant B,M-02,P-05,741,42
2026-06-02,Plant B,M-02,P-04,902,10
2026-06-02,Plant B,M-03,P-06,1039,25
2026-06-02,Plant B,M-03,P-04,815,10
2026-06-02,Plant B,M-03,P-06,901,12
2026-06-02,Plant B,M-04,P-03,907,17
2026-06-02,Plant B,M-04,P-05,757,35
2026-06-02,Plant B,M-04,P-04,518,16
2026-06-02,Plant B,M-05,P-04,959,26
2026-06-02,Plant B,M-05,P-04,886,7
2026-06-02,Plant B,M-05,P-04,673,12
2026-06-02,Plant C,M-01,P-03,975,30
2026-06-02,Plant C,M-01,P-05,855,70
2026-06-02,Plant C,M-01,P-06,935,24
2026-06-02,Plant C,M-02,P-01,694,23
2026-06-02,Plant C,M-02,P-05,654,35
2026-06-02,Plant C,M-02,P-04,1005,25
2026-06-02,Plant C,M-03,P-05,1052,60
2026-06-02,Plant C,M-03,P-06,767,13
2026-06-02,Plant C,M-03,P-03,885,21
2026-06-02,Plant C,M-04,P-01,1100,9
2026-06-02,Plant C,M-04,P-04,906,25
2026-06-02,Plant C,M-04,P-06,682,10
2026-06-02,Plant C,M-05,P-05,793,64
2026-06-02,Plant C,M-05,P-02,848,22
2026-06-02,Plant C,M-05,P-04,784,16
2026-06-03,Plant A,M-01,P-02,942,21
2026-06-03,Plant A,M-01,P-02,821,22
2026-06-03,Plant A,M-01,P-05,673,55
2026-06-03,Plant A,M-02,P-03,828,15
2026-06-03,Plant A,M-02,P-05,814,40
2026-06-03,Plant A,M-02,P-05,816,42
2026-06-03,Plant A,M-03,P-02,1148,22
2026-06-03,Plant A,M-03,P-06,719,23
2026-06-03,Plant A,M-03,P-06,573,11
2026-06-03,Plant A,M-04,P-04,866,27
2026-06-03,Plant A,M-04,P-06,815,21
2026-06-03,Plant A,M-04,P-02,675,13
2026-06-03,Plant A,M-05,P-05,774,38
2026-06-03,Plant A,M-05,P-01,817,13
2026-06-03,Plant A,M-05,P-02,808,18
2026-06-03,Plant B,M-01,P-03,800,27
2026-06-03,Plant B,M-01,P-06,1083,13
2026-06-03,Plant B,M-01,P-06,796,8
2026-06-03,Plant B,M-02,P-01,982,25
2026-06-03,Plant B,M-02,P-01,842,20
2026-06-03,Plant B,M-02,P-03,878,18
2026-06-03,Plant B,M-03,P-04,785,6
2026-06-03,Plant B,M-03,P-05,762,43
2026-06-03,Plant B,M-03,P-01,868,12
2026-06-03,Plant B,M-04,P-05,766,61
2026-06-03,Plant B,M-04,P-06,633,17
2026-06-03,Plant B,M-04,P-06,474,6
2026-06-03,Plant B,M-05,P-01,933,14
2026-06-03,Plant B,M-05,P-04,710,7
2026-06-03,Plant B,M-05,P-05,701,44
2026-06-03,Plant C,M-01,P-01,832,8
2026-06-03,Plant C,M-01,P-05,793,51
2026-06-03,Plant C,M-01,P-01,806,12
2026-06-03,Plant C,M-02,P-05,1103,89
2026-06-03,Plant C,M-02,P-04,890,15
2026-06-03,Plant C,M-02,P-04,957,10
2026-06-03,Plant C,M-03,P-03,933,28
2026-06-03,Plant C,M-03,P-04,1057,35
2026-06-03,Plant C,M-03,P-05,587,38
2026-06-03,Plant C,M-04,P-01,1013,12
2026-06-03,Plant C,M-04,P-06,725,8
2026-06-03,Plant C,M-04,P-05,596,31
2026-06-03,Plant C,M-05,P-03,776,25
2026-06-03,Plant C,M-05,P-06,962,31
2026-06-03,Plant C,M-05,P-03,642,13
2026-06-04,Plant A,M-01,P-06,820,23
2026-06-04,Plant A,M-01,P-03,1065,21
2026-06-04,Plant A,M-01,P-05,782,41
2026-06-04,Plant A,M-02,P-04,749,25
2026-06-04,Plant A,M-02,P-02,1114,27
2026-06-04,Plant A,M-02,P-04,844,15
2026-06-04,Plant A,M-03,P-02,1040,10
2026-06-04,Plant A,M-03,P-05,684,40
2026-06-04,Plant A,M-03,P-01,850,27
2026-06-04,Plant A,M-04,P-03,811,7
2026-06-04,Plant A,M-04,P-06,715,6
2026-06-04,Plant A,M-04,P-01,744,9
2026-06-04,Plant A,M-05,P-02,721,11
2026-06-04,Plant A,M-05,P-04,867,16
2026-06-04,Plant A,M-05,P-04,670,18
2026-06-04,Plant B,M-01,P-06,992,24
2026-06-04,Plant B,M-01,P-03,1023,31
2026-06-04,Plant B,M-01,P-04,936,16
2026-06-04,Plant B,M-02,P-04,937,29
2026-06-04,Plant B,M-02,P-04,864,17
2026-06-04,Plant B,M-02,P-03,757,13
2026-06-04,Plant B,M-03,P-01,830,18
2026-06-04,Plant B,M-03,P-06,791,22
2026-06-04,Plant B,M-03,P-02,635,19
2026-06-04,Plant B,M-04,P-06,627,15
2026-06-04,Plant B,M-04,P-03,835,20
2026-06-04,Plant B,M-04,P-05,752,55
2026-06-04,Plant B,M-05,P-01,1089,35
2026-06-04,Plant B,M-05,P-06,793,7
2026-06-04,Plant B,M-05,P-04,642,17
2026-06-04,Plant C,M-01,P-01,1119,32
2026-06-04,Plant C,M-01,P-04,1042,26
2026-06-04,Plant C,M-01,P-04,914,26
2026-06-04,Plant C,M-02,P-01,737,23
2026-06-04,Plant C,M-02,P-03,751,7
2026-06-04,Plant C,M-02,P-03,887,26
2026-06-04,Plant C,M-03,P-05,977,77
2026-06-04,Plant C,M-03,P-03,1003,34
2026-06-04,Plant C,M-03,P-05,887,45
2026-06-04,Plant C,M-04,P-02,699,15
2026-06-04,Plant C,M-04,P-04,1034,21
2026-06-04,Plant C,M-04,P-06,704,21
2026-06-04,Plant C,M-05,P-05,1022,54
2026-06-04,Plant C,M-05,P-02,993,31
2026-06-04,Plant C,M-05,P-03,897,13
2026-06-05,Plant A,M-01,P-04,763,25
2026-06-05,Plant A,M-01,P-04,776,10
2026-06-05,Plant A,M-01,P-04,667,13
2026-06-05,Plant A,M-02,P-02,671,20
2026-06-05,Plant A,M-02,P-05,1040,61
2026-06-05,Plant A,M-02,P-03,559,4
2026-06-05,Plant A,M-03,P-01,967,10
2026-06-05,Plant A,M-03,P-04,719,15
2026-06-05,Plant A,M-03,P-04,769,10
2026-06-05,Plant A,M-04,P-01,796,7
2026-06-05,Plant A,M-04,P-01,853,16
2026-06-05,Plant A,M-04,P-03,623,14
2026-06-05,Plant A,M-05,P-04,923,20
2026-06-05,Plant A,M-05,P-01,941,18
2026-06-05,Plant A,M-05,P-05,922,62
2026-06-05,Plant B,M-01,P-05,715,36
2026-06-05,Plant B,M-01,P-03,1045,29
2026-06-05,Plant B,M-01,P-05,815,52
2026-06-05,Plant B,M-02,P-06,743,19
2026-06-05,Plant B,M-02,P-01,809,21
2026-06-05,Plant B,M-02,P-04,792,21
2026-06-05,Plant B,M-03,P-01,812,27
2026-06-05,Plant B,M-03,P-01,870,10
2026-06-05,Plant B,M-03,P-05,819,55
2026-06-05,Plant B,M-04,P-04,822,17
2026-06-05,Plant B,M-04,P-01,556,4
2026-06-05,Plant B,M-04,P-02,595,13
2026-06-05,Plant B,M-05,P-02,1026,19
2026-06-05,Plant B,M-05,P-02,998,24
2026-06-05,Plant B,M-05,P-02,872,7
2026-06-05,Plant C,M-01,P-05,863,63
2026-06-05,Plant C,M-01,P-02,952,31
2026-06-05,Plant C,M-01,P-06,782,23
2026-06-05,Plant C,M-02,P-02,898,24
2026-06-05,Plant C,M-02,P-01,877,21
2026-06-05,Plant C,M-02,P-01,738,18
2026-06-05,Plant C,M-03,P-05,1001,63
2026-06-05,Plant C,M-03,P-01,982,19
2026-06-05,Plant C,M-03,P-03,731,18
2026-06-05,Plant C,M-04,P-01,978,27
2026-06-05,Plant C,M-04,P-01,633,15
2026-06-05,Plant C,M-04,P-04,716,22
2026-06-05,Plant C,M-05,P-01,841,21
2026-06-05,Plant C,M-05,P-03,623,7
2026-06-05,Plant C,M-05,P-05,714,52
2026-06-06,Plant A,M-01,P-06,1072,26
2026-06-06,Plant A,M-01,P-06,929,7
2026-06-06,Plant A,M-01,P-02,870,21
2026-06-06,Plant A,M-02,P-03,1091,11
2026-06-06,Plant A,M-02,P-04,750,11
2026-06-06,Plant A,M-02,P-04,867,23
2026-06-06,Plant A,M-03,P-05,941,46
2026-06-06,Plant A,M-03,P-04,919,31
2026-06-06,Plant A,M-03,P-03,754,24
2026-06-06,Plant A,M-04,P-03,1096,26
2026-06-06,Plant A,M-04,P-04,847,16
2026-06-06,Plant A,M-04,P-05,654,49
2026-06-06,Plant A,M-05,P-01,1134,36
2026-06-06,Plant A,M-05,P-04,837,14
2026-06-06,Plant A,M-05,P-06,883,24
2026-06-06,Plant B,M-01,P-04,688,17
2026-06-06,Plant B,M-01,P-01,724,6
2026-06-06,Plant B,M-01,P-05,620,36
2026-06-06,Plant B,M-02,P-03,950,23
2026-06-06,Plant B,M-02,P-06,1045,11
2026-06-06,Plant B,M-02,P-03,698,20
2026-06-06,Plant B,M-03,P-04,861,13
2026-06-06,Plant B,M-03,P-02,1009,21
2026-06-06,Plant B,M-03,P-06,923,12
2026-06-06,Plant B,M-04,P-03,852,18
2026-06-06,Plant B,M-04,P-02,785,9
2026-06-06,Plant B,M-04,P-01,852,22
2026-06-06,Plant B,M-05,P-03,675,21
2026-06-06,Plant B,M-05,P-01,874,20
2026-06-06,Plant B,M-05,P-05,756,44
2026-06-06,Plant C,M-01,P-06,870,13
2026-06-06,Plant C,M-01,P-02,1016,23
2026-06-06,Plant C,M-01,P-01,937,9
2026-06-06,Plant C,M-02,P-02,805,27
2026-06-06,Plant C,M-02,P-02,942,30
2026-06-06,Plant C,M-02,P-04,645,11
2026-06-06,Plant C,M-03,P-05,1011,65
2026-06-06,Plant C,M-03,P-05,1042,82
2026-06-06,Plant C,M-03,P-01,741,13
2026-06-06,Plant C,M-04,P-02,861,11
2026-06-06,Plant C,M-04,P-05,904,59
2026-06-06,Plant C,M-04,P-04,969,13
2026-06-06,Plant C,M-05,P-02,1065,13
2026-06-06,Plant C,M-05,P-05,800,52
2026-06-06,Plant C,M-05,P-04,572,12
2026-06-07,Plant A,M-01,P-03,1013,20
2026-06-07,Plant A,M-01,P-04,792,25
2026-06-07,Plant A,M-01,P-05,723,49
2026-06-07,Plant A,M-02,P-06,775,19
2026-06-07,Plant A,M-02,P-04,721,19
2026-06-07,Plant A,M-02,P-04,865,28
2026-06-07,Plant A,M-03,P-06,952,25
2026-06-07,Plant A,M-03,P-04,930,11
2026-06-07,Plant A,M-03,P-04,834,7
2026-06-07,Plant A,M-04,P-01,803,13
2026-06-07,Plant A,M-04,P-06,961,22
2026-06-07,Plant A,M-04,P-03,828,13
2026-06-07,Plant A,M-05,P-05,901,42
2026-06-07,Plant A,M-05,P-04,725,17
2026-06-07,Plant A,M-05,P-02,643,22
2026-06-07,Plant B,M-01,P-04,1070,17
2026-06-07,Plant B,M-01,P-06,1035,25
2026-06-07,Plant B,M-01,P-01,625,9
2026-06-07,Plant B,M-02,P-06,794,12
2026-06-07,Plant B,M-02,P-04,918,23
2026-06-07,Plant B,M-02,P-02,906,24
2026-06-07,Plant B,M-03,P-02,783,21
2026-06-07,Plant B,M-03,P-01,541,15
2026-06-07,Plant B,M-03,P-04,984,15
2026-06-07,Plant B,M-04,P-06,653,18
2026-06-07,Plant B,M-04,P-01,815,27
2026-06-07,Plant B,M-04,P-05,513,40
2026-06-07,Plant B,M-05,P-06,723,22
2026-06-07,Plant B,M-05,P-06,753,16
2026-06-07,Plant B,M-05,P-02,872,20
2026-06-07,Plant C,M-01,P-04,1139,37
2026-06-07,Plant C,M-01,P-06,1048,25
2026-06-07,Plant C,M-01,P-04,709,12
2026-06-07,Plant C,M-02,P-05,736,51
2026-06-07,Plant C,M-02,P-03,953,32
2026-06-07,Plant C,M-02,P-04,875,22
2026-06-07,Plant C,M-03,P-03,889,28
2026-06-07,Plant C,M-03,P-01,775,20
2026-06-07,Plant C,M-03,P-03,804,14
2026-06-07,Plant C,M-04,P-04,762,9
2026-06-07,Plant C,M-04,P-02,746,7
2026-06-07,Plant C,M-04,P-05,682,31
2026-06-07,Plant C,M-05,P-01,974,14
2026-06-07,Plant C,M-05,P-02,913,16
2026-06-07,Plant C,M-05,P-02,954,13
2026-06-08,Plant A,M-01,P-01,1056,15
2026-06-08,Plant A,M-01,P-01,810,7
2026-06-08,Plant A,M-01,P-03,854,23
2026-06-08,Plant A,M-02,P-06,1027,25
2026-06-08,Plant A,M-02,P-06,800,21
2026-06-08,Plant A,M-02,P-03,633,19
2026-06-08,Plant A,M-03,P-02,1020,31
2026-06-08,Plant A,M-03,P-06,881,8
2026-06-08,Plant A,M-03,P-01,613,7
2026-06-08,Plant A,M-04,P-05,821,39
2026-06-08,Plant A,M-04,P-05,781,51
2026-06-08,Plant A,M-04,P-02,703,23
2026-06-08,Plant A,M-05,P-05,1091,87
2026-06-08,Plant A,M-05,P-04,907,26
2026-06-08,Plant A,M-05,P-04,748,21
2026-06-08,Plant B,M-01,P-04,1118,35
2026-06-08,Plant B,M-01,P-01,902,12
2026-06-08,Plant B,M-01,P-04,682,19
2026-06-08,Plant B,M-02,P-01,1113,22
2026-06-08,Plant B,M-02,P-01,729,5
2026-06-08,Plant B,M-02,P-01,545,18
2026-06-08,Plant B,M-03,P-04,1085,18
2026-06-08,Plant B,M-03,P-01,839,12
2026-06-08,Plant B,M-03,P-03,679,14
2026-06-08,Plant B,M-04,P-04,1001,20
2026-06-08,Plant B,M-04,P-04,423,7
2026-06-08,Plant B,M-04,P-05,571,40
2026-06-08,Plant B,M-05,P-02,1015,12
2026-06-08,Plant B,M-05,P-02,882,7
2026-06-08,Plant B,M-05,P-06,843,19
2026-06-08,Plant C,M-01,P-06,708,20
2026-06-08,Plant C,M-01,P-02,1046,25
2026-06-08,Plant C,M-01,P-06,873,13
2026-06-08,Plant C,M-02,P-04,729,23
2026-06-08,Plant C,M-02,P-04,823,12
2026-06-08,Plant C,M-02,P-03,729,16
2026-06-08,Plant C,M-03,P-05,905,48
2026-06-08,Plant C,M-03,P-06,826,21
2026-06-08,Plant C,M-03,P-03,835,26
2026-06-08,Plant C,M-04,P-02,896,19
2026-06-08,Plant C,M-04,P-01,847,25
2026-06-08,Plant C,M-04,P-01,871,22
2026-06-08,Plant C,M-05,P-05,1115,82
2026-06-08,Plant C,M-05,P-03,867,27
2026-06-08,Plant C,M-05,P-01,589,9
2026-06-09,Plant A,M-01,P-02,740,10
2026-06-09,Plant A,M-01,P-03,817,24
2026-06-09,Plant A,M-01,P-05,599,33
2026-06-09,Plant A,M-02,P-01,922,7
2026-06-09,Plant A,M-02,P-05,906,60
2026-06-09,Plant A,M-02,P-05,592,42
2026-06-09,Plant A,M-03,P-04,973,11
2026-06-09,Plant A,M-03,P-04,884,22
2026-06-09,Plant A,M-03,P-05,695,55
2026-06-09,Plant A,M-04,P-04,751,16
2026-06-09,Plant A,M-04,P-02,960,21
2026-06-09,Plant A,M-04,P-04,861,26
2026-06-09,Plant A,M-05,P-03,1069,35
2026-06-09,Plant A,M-05,P-05,904,41
2026-06-09,Plant A,M-05,P-03,647,13
2026-06-09,Plant B,M-01,P-01,876,23
2026-06-09,Plant B,M-01,P-05,1045,67
2026-06-09,Plant B,M-01,P-03,796,11
2026-06-09,Plant B,M-02,P-06,728,9
2026-06-09,Plant B,M-02,P-05,810,36
2026-06-09,Plant B,M-02,P-01,932,13
2026-06-09,Plant B,M-03,P-05,1023,77
2026-06-09,Plant B,M-03,P-04,883,9
2026-06-09,Plant B,M-03,P-04,539,15
2026-06-09,Plant B,M-04,P-01,666,5
2026-06-09,Plant B,M-04,P-02,711,24
2026-06-09,Plant B,M-04,P-04,785,12
2026-06-09,Plant B,M-05,P-01,911,20
2026-06-09,Plant B,M-05,P-05,806,49
2026-06-09,Plant B,M-05,P-01,627,8
2026-06-09,Plant C,M-01,P-03,1029,27
2026-06-09,Plant C,M-01,P-02,979,20
2026-06-09,Plant C,M-01,P-03,779,21
2026-06-09,Plant C,M-02,P-03,855,17
2026-06-09,Plant C,M-02,P-03,1040,33
2026-06-09,Plant C,M-02,P-02,626,15
2026-06-09,Plant C,M-03,P-05,916,57
2026-06-09,Plant C,M-03,P-05,929,47
2026-06-09,Plant C,M-03,P-06,1063,10
2026-06-09,Plant C,M-04,P-01,1041,13
2026-06-09,Plant C,M-04,P-02,755,10
2026-06-09,Plant C,M-04,P-05,883,54
2026-06-09,Plant C,M-05,P-02,1043,19
2026-06-09,Plant C,M-05,P-01,788,21
2026-06-09,Plant C,M-05,P-01,870,22
2026-06-10,Plant A,M-01,P-06,960,26
2026-06-10,Plant A,M-01,P-04,685,6
2026-06-10,Plant A,M-01,P-03,667,7
2026-06-10,Plant A,M-02,P-06,919,24
2026-06-10,Plant A,M-02,P-04,958,13
2026-06-10,Plant A,M-02,P-05,684,42
2026-06-10,Plant A,M-03,P-06,1109,34
2026-06-10,Plant A,M-03,P-05,871,48
2026-06-10,Plant A,M-03,P-06,687,23
2026-06-10,Plant A,M-04,P-02,664,7
2026-06-10,Plant A,M-04,P-05,939,68
2026-06-10,Plant A,M-04,P-01,654,7
2026-06-10,Plant A,M-05,P-05,792,39
2026-06-10,Plant A,M-05,P-02,1050,21
2026-06-10,Plant A,M-05,P-03,584,15
2026-06-10,Plant B,M-01,P-04,808,24
2026-06-10,Plant B,M-01,P-04,1098,23
2026-06-10,Plant B,M-01,P-06,575,16
2026-06-10,Plant B,M-02,P-04,650,13
2026-06-10,Plant B,M-02,P-01,850,8
2026-06-10,Plant B,M-02,P-04,759,23
2026-06-10,Plant B,M-03,P-04,1025,32
2026-06-10,Plant B,M-03,P-04,824,24
2026-06-10,Plant B,M-03,P-01,706,13
2026-06-10,Plant B,M-04,P-02,606,10
2026-06-10,Plant B,M-04,P-04,939,29
2026-06-10,Plant B,M-04,P-05,581,42
2026-06-10,Plant B,M-05,P-02,982,20
2026-06-10,Plant B,M-05,P-02,991,9
2026-06-10,Plant B,M-05,P-03,673,8
2026-06-10,Plant C,M-01,P-03,798,16
2026-06-10,Plant C,M-01,P-02,734,22
2026-06-10,Plant C,M-01,P-01,938,8
2026-06-10,Plant C,M-02,P-01,936,13
2026-06-10,Plant C,M-02,P-04,1023,18
2026-06-10,Plant C,M-02,P-02,751,24
2026-06-10,Plant C,M-03,P-03,808,17
2026-06-10,Plant C,M-03,P-05,902,73
2026-06-10,Plant C,M-03,P-02,994,25
2026-06-10,Plant C,M-04,P-04,864,23
2026-06-10,Plant C,M-04,P-04,900,25
2026-06-10,Plant C,M-04,P-05,600,42
2026-06-10,Plant C,M-05,P-03,825,28
2026-06-10,Plant C,M-05,P-03,864,23
2026-06-10,Plant C,M-05,P-02,579,15
2026-06-11,Plant A,M-01,P-01,1109,34
2026-06-11,Plant A,M-01,P-04,1001,22
2026-06-11,Plant A,M-01,P-05,913,59
2026-06-11,Plant A,M-02,P-03,892,27
2026-06-11,Plant A,M-02,P-06,1072,33
2026-06-11,Plant A,M-02,P-03,572,12
2026-06-11,Plant A,M-03,P-01,1053,36
2026-06-11,Plant A,M-03,P-01,862,15
2026-06-11,Plant A,M-03,P-05,1003,53
2026-06-11,Plant A,M-04,P-02,985,27
2026-06-11,Plant A,M-04,P-01,974,16
2026-06-11,Plant A,M-04,P-02,880,8
2026-06-11,Plant A,M-05,P-06,1018,12
2026-06-11,Plant A,M-05,P-01,653,8
2026-06-11,Plant A,M-05,P-02,656,10
2026-06-11,Plant B,M-01,P-06,929,23
2026-06-11,Plant B,M-01,P-02,988,15
2026-06-11,Plant B,M-01,P-02,831,15
2026-06-11,Plant B,M-02,P-03,808,23
2026-06-11,Plant B,M-02,P-06,899,22
2026-06-11,Plant B,M-02,P-04,741,12
2026-06-11,Plant B,M-03,P-06,853,26
2026-06-11,Plant B,M-03,P-05,1050,52
2026-06-11,Plant B,M-03,P-06,919,20
2026-06-11,Plant B,M-04,P-04,900,13
2026-06-11,Plant B,M-04,P-05,976,57
2026-06-11,Plant B,M-04,P-04,613,10
2026-06-11,Plant B,M-05,P-06,852,28
2026-06-11,Plant B,M-05,P-06,827,18
2026-06-11,Plant B,M-05,P-05,908,77
2026-06-11,Plant C,M-01,P-02,1113,18
2026-06-11,Plant C,M-01,P-01,786,8
2026-06-11,Plant C,M-01,P-03,759,15
2026-06-11,Plant C,M-02,P-01,1075,20
2026-06-11,Plant C,M-02,P-04,844,17
2026-06-11,Plant C,M-02,P-06,963,13
2026-06-11,Plant C,M-03,P-02,1004,19
2026-06-11,Plant C,M-03,P-04,753,10
2026-06-11,Plant C,M-03,P-01,819,9
2026-06-11,Plant C,M-04,P-04,763,7
2026-06-11,Plant C,M-04,P-04,868,27
2026-06-11,Plant C,M-04,P-06,816,14
2026-06-11,Plant C,M-05,P-01,1163,38
2026-06-11,Plant C,M-05,P-04,962,23
2026-06-11,Plant C,M-05,P-01,871,23
2026-06-12,Plant A,M-01,P-03,755,17
2026-06-12,Plant A,M-01,P-02,921,19
2026-06-12,Plant A,M-01,P-01,884,14
2026-06-12,Plant A,M-02,P-04,979,10
2026-06-12,Plant A,M-02,P-03,800,21
2026-06-12,Plant A,M-02,P-03,921,21
2026-06-12,Plant A,M-03,P-02,728,21
2026-06-12,Plant A,M-03,P-01,680,16
2026-06-12,Plant A,M-03,P-01,822,25
2026-06-12,Plant A,M-04,P-05,1049,72
2026-06-12,Plant A,M-04,P-04,1002,27
2026-06-12,Plant A,M-04,P-01,778,10
2026-06-12,Plant A,M-05,P-02,1025,17
2026-06-12,Plant A,M-05,P-01,1050,11
2026-06-12,Plant A,M-05,P-01,808,14
2026-06-12,Plant B,M-01,P-02,931,23
2026-06-12,Plant B,M-01,P-05,727,58
2026-06-12,Plant B,M-01,P-03,715,14
2026-06-12,Plant B,M-02,P-05,699,45
2026-06-12,Plant B,M-02,P-06,999,34
2026-06-12,Plant B,M-02,P-06,649,17
2026-06-12,Plant B,M-03,P-03,1012,14
2026-06-12,Plant B,M-03,P-04,816,13
2026-06-12,Plant B,M-03,P-05,944,72
2026-06-12,Plant B,M-04,P-04,813,21
2026-06-12,Plant B,M-04,P-05,954,75
2026-06-12,Plant B,M-04,P-01,834,25
2026-06-12,Plant B,M-05,P-01,975,14
2026-06-12,Plant B,M-05,P-06,1065,9
2026-06-12,Plant B,M-05,P-04,661,15
2026-06-12,Plant C,M-01,P-01,1043,28
2026-06-12,Plant C,M-01,P-06,744,17
2026-06-12,Plant C,M-01,P-02,766,25
2026-06-12,Plant C,M-02,P-05,886,69
2026-06-12,Plant C,M-02,P-03,702,20
2026-06-12,Plant C,M-02,P-02,926,13
2026-06-12,Plant C,M-03,P-06,744,14
2026-06-12,Plant C,M-03,P-01,748,18
2026-06-12,Plant C,M-03,P-06,873,22
2026-06-12,Plant C,M-04,P-02,875,20
2026-06-12,Plant C,M-04,P-04,828,15
2026-06-12,Plant C,M-04,P-03,885,17
2026-06-12,Plant C,M-05,P-05,766,64
2026-06-12,Plant C,M-05,P-06,1013,17
2026-06-12,Plant C,M-05,P-04,793,26
2026-06-13,Plant A,M-01,P-06,947,25
2026-06-13,Plant A,M-01,P-03,901,11
2026-06-13,Plant A,M-01,P-01,910,24
2026-06-13,Plant A,M-02,P-03,855,8
2026-06-13,Plant A,M-02,P-05,935,74
2026-06-13,Plant A,M-02,P-02,951,18
2026-06-13,Plant A,M-03,P-03,679,10
2026-06-13,Plant A,M-03,P-06,994,15
2026-06-13,Plant A,M-03,P-02,841,15
2026-06-13,Plant A,M-04,P-06,983,12
2026-06-13,Plant A,M-04,P-02,689,18
2026-06-13,Plant A,M-04,P-03,882,7
2026-06-13,Plant A,M-05,P-03,742,9
2026-06-13,Plant A,M-05,P-05,747,45
2026-06-13,Plant A,M-05,P-02,777,27
2026-06-13,Plant B,M-01,P-04,1107,20
2026-06-13,Plant B,M-01,P-05,651,54
2026-06-13,Plant B,M-01,P-06,958,24
2026-06-13,Plant B,M-02,P-01,795,19
2026-06-13,Plant B,M-02,P-04,748,14
2026-06-13,Plant B,M-02,P-05,956,43
2026-06-13,Plant B,M-03,P-03,788,22
2026-06-13,Plant B,M-03,P-04,645,20
2026-06-13,Plant B,M-03,P-02,868,19
2026-06-13,Plant B,M-04,P-06,786,17
2026-06-13,Plant B,M-04,P-04,726,8
2026-06-13,Plant B,M-04,P-04,457,6
2026-06-13,Plant B,M-05,P-04,891,17
2026-06-13,Plant B,M-05,P-01,619,11
2026-06-13,Plant B,M-05,P-06,768,16
2026-06-13,Plant C,M-01,P-06,871,18
2026-06-13,Plant C,M-01,P-06,797,8
2026-06-13,Plant C,M-01,P-02,688,22
2026-06-13,Plant C,M-02,P-03,828,17
2026-06-13,Plant C,M-02,P-01,817,9
2026-06-13,Plant C,M-02,P-06,933,26
2026-06-13,Plant C,M-03,P-03,717,13
2026-06-13,Plant C,M-03,P-03,994,8
2026-06-13,Plant C,M-03,P-03,771,14
2026-06-13,Plant C,M-04,P-06,1168,30
2026-06-13,Plant C,M-04,P-02,939,25
2026-06-13,Plant C,M-04,P-03,659,18
2026-06-13,Plant C,M-05,P-01,811,28
2026-06-13,Plant C,M-05,P-05,792,55
2026-06-13,Plant C,M-05,P-02,735,9
2026-06-14,Plant A,M-01,P-02,945,10
2026-06-14,Plant A,M-01,P-05,936,44
2026-06-14,Plant A,M-01,P-05,1028,54
2026-06-14,Plant A,M-02,P-04,1030,24
2026-06-14,Plant A,M-02,P-04,683,13
2026-06-14,Plant A,M-02,P-04,711,7
2026-06-14,Plant A,M-03,P-06,941,21
2026-06-14,Plant A,M-03,P-03,865,11
2026-06-14,Plant A,M-03,P-02,742,24
2026-06-14,Plant A,M-04,P-02,707,12
2026-06-14,Plant A,M-04,P-05,1005,73
2026-06-14,Plant A,M-04,P-06,855,21
2026-06-14,Plant A,M-05,P-05,897,60
2026-06-14,Plant A,M-05,P-02,1032,32
2026-06-14,Plant A,M-05,P-04,892,19
2026-06-14,Plant B,M-01,P-04,752,20
2026-06-14,Plant B,M-01,P-04,899,23
2026-06-14,Plant B,M-01,P-01,723,17
2026-06-14,Plant B,M-02,P-05,883,52
2026-06-14,Plant B,M-02,P-06,996,19
2026-06-14,Plant B,M-02,P-06,741,19
2026-06-14,Plant B,M-03,P-06,937,15
2026-06-14,Plant B,M-03,P-05,923,55
2026-06-14,Plant B,M-03,P-01,838,7
2026-06-14,Plant B,M-04,P-06,806,9
2026-06-14,Plant B,M-04,P-05,415,34
2026-06-14,Plant B,M-04,P-02,688,12
2026-06-14,Plant B,M-05,P-04,1038,25
2026-06-14,Plant B,M-05,P-06,930,20
2026-06-14,Plant B,M-05,P-05,691,40
2026-06-14,Plant C,M-01,P-02,811,21
2026-06-14,Plant C,M-01,P-04,869,19
2026-06-14,Plant C,M-01,P-01,869,22
2026-06-14,Plant C,M-02,P-01,837,13
2026-06-14,Plant C,M-02,P-04,888,20
2026-06-14,Plant C,M-02,P-01,779,23
2026-06-14,Plant C,M-03,P-02,780,19
2026-06-14,Plant C,M-03,P-04,772,11
2026-06-14,Plant C,M-03,P-02,653,7
2026-06-14,Plant C,M-04,P-03,957,22
2026-06-14,Plant C,M-04,P-05,1130,63
2026-06-14,Plant C,M-04,P-04,838,12
2026-06-14,Plant C,M-05,P-01,942,9
2026-06-14,Plant C,M-05,P-05,706,47
2026-06-14,Plant C,M-05,P-06,934,14
2026-06-15,Plant A,M-01,P-02,781,6
2026-06-15,Plant A,M-01,P-01,1074,9
2026-06-15,Plant A,M-01,P-02,908,14
2026-06-15,Plant A,M-02,P-01,922,16
2026-06-15,Plant A,M-02,P-04,920,30
2026-06-15,Plant A,M-02,P-05,998,48
2026-06-15,Plant A,M-03,P-03,813,17
2026-06-15,Plant A,M-03,P-01,869,27
2026-06-15,Plant A,M-03,P-05,834,57
2026-06-15,Plant A,M-04,P-04,956,25
2026-06-15,Plant A,M-04,P-04,979,16
2026-06-15,Plant A,M-04,P-04,666,18
2026-06-15,Plant A,M-05,P-06,1029,14
2026-06-15,Plant A,M-05,P-01,743,6
2026-06-15,Plant A,M-05,P-06,923,26
2026-06-15,Plant B,M-01,P-05,921,65
2026-06-15,Plant B,M-01,P-03,958,27
2026-06-15,Plant B,M-01,P-01,706,8
2026-06-15,Plant B,M-02,P-01,885,28
2026-06-15,Plant B,M-02,P-01,836,21
2026-06-15,Plant B,M-02,P-06,953,18
2026-06-15,Plant B,M-03,P-06,1033,14
2026-06-15,Plant B,M-03,P-06,817,25
2026-06-15,Plant B,M-03,P-04,695,19
2026-06-15,Plant B,M-04,P-05,597,28
2026-06-15,Plant B,M-04,P-06,876,16
2026-06-15,Plant B,M-04,P-05,706,36
2026-06-15,Plant B,M-05,P-01,653,21
2026-06-15,Plant B,M-05,P-01,855,26
2026-06-15,Plant B,M-05,P-05,641,37
2026-06-15,Plant C,M-01,P-06,1053,26
2026-06-15,Plant C,M-01,P-06,1015,11
2026-06-15,Plant C,M-01,P-05,841,40
2026-06-15,Plant C,M-02,P-03,1031,16
2026-06-15,Plant C,M-02,P-04,746,11
2026-06-15,Plant C,M-02,P-02,834,20
2026-06-15,Plant C,M-03,P-01,1066,17
2026-06-15,Plant C,M-03,P-03,889,15
2026-06-15,Plant C,M-03,P-02,915,18
2026-06-15,Plant C,M-04,P-03,924,21
2026-06-15,Plant C,M-04,P-01,821,15
2026-06-15,Plant C,M-04,P-04,814,8
2026-06-15,Plant C,M-05,P-04,794,20
2026-06-15,Plant C,M-05,P-05,1010,84
2026-06-15,Plant C,M-05,P-02,714,21
2026-06-16,Plant A,M-01,P-02,823,21
2026-06-16,Plant A,M-01,P-03,1053,31
2026-06-16,Plant A,M-01,P-04,618,14
2026-06-16,Plant A,M-02,P-02,869,27
2026-06-16,Plant A,M-02,P-01,904,15
2026-06-16,Plant A,M-02,P-04,689,17
2026-06-16,Plant A,M-03,P-03,942,10
2026-06-16,Plant A,M-03,P-01,836,22
2026-06-16,Plant A,M-03,P-03,801,26
2026-06-16,Plant A,M-04,P-01,921,26
2026-06-16,Plant A,M-04,P-02,955,22
2026-06-16,Plant A,M-04,P-03,793,25
2026-06-16,Plant A,M-05,P-03,915,9
2026-06-16,Plant A,M-05,P-02,760,26
2026-06-16,Plant A,M-05,P-06,855,10
2026-06-16,Plant B,M-01,P-03,705,10
2026-06-16,Plant B,M-01,P-04,946,29
2026-06-16,Plant B,M-01,P-06,858,26
2026-06-16,Plant B,M-02,P-02,1186,36
2026-06-16,Plant B,M-02,P-01,641,16
2026-06-16,Plant B,M-02,P-06,915,11
2026-06-16,Plant B,M-03,P-03,1069,23
2026-06-16,Plant B,M-03,P-04,927,26
2026-06-16,Plant B,M-03,P-05,877,71
2026-06-16,Plant B,M-04,P-03,737,15
2026-06-16,Plant B,M-04,P-02,709,8
2026-06-16,Plant B,M-04,P-05,857,58
2026-06-16,Plant B,M-05,P-01,1126,17
2026-06-16,Plant B,M-05,P-04,662,5
2026-06-16,Plant B,M-05,P-06,975,25
2026-06-16,Plant C,M-01,P-04,787,7
2026-06-16,Plant C,M-01,P-05,775,52
2026-06-16,Plant C,M-01,P-03,898,15
2026-06-16,Plant C,M-02,P-04,765,7
2026-06-16,Plant C,M-02,P-02,805,11
2026-06-16,Plant C,M-02,P-01,620,20
2026-06-16,Plant C,M-03,P-03,672,5
2026-06-16,Plant C,M-03,P-03,1017,28
2026-06-16,Plant C,M-03,P-03,781,11
2026-06-16,Plant C,M-04,P-06,789,10
2026-06-16,Plant C,M-04,P-01,817,26
2026-06-16,Plant C,M-04,P-02,833,17
2026-06-16,Plant C,M-05,P-06,818,26
2026-06-16,Plant C,M-05,P-01,908,8
2026-06-16,Plant C,M-05,P-05,689,57
2026-06-17,Plant A,M-01,P-04,740,14
2026-06-17,Plant A,M-01,P-01,897,12
2026-06-17,Plant A,M-01,P-02,807,10
2026-06-17,Plant A,M-02,P-06,733,25
2026-06-17,Plant A,M-02,P-03,950,30
2026-06-17,Plant A,M-02,P-05,794,58
2026-06-17,Plant A,M-03,P-02,838,8
2026-06-17,Plant A,M-03,P-03,968,33
2026-06-17,Plant A,M-03,P-04,820,14
2026-06-17,Plant A,M-04,P-04,712,16
2026-06-17,Plant A,M-04,P-04,886,18
2026-06-17,Plant A,M-04,P-05,880,71
2026-06-17,Plant A,M-05,P-04,668,11
2026-06-17,Plant A,M-05,P-05,821,64
2026-06-17,Plant A,M-05,P-06,564,16
2026-06-17,Plant B,M-01,P-01,1008,18
2026-06-17,Plant B,M-01,P-05,795,38
2026-06-17,Plant B,M-01,P-01,578,5
2026-06-17,Plant B,M-02,P-03,847,8
2026-06-17,Plant B,M-02,P-06,762,21
2026-06-17,Plant B,M-02,P-03,804,18
2026-06-17,Plant B,M-03,P-02,889,19
2026-06-17,Plant B,M-03,P-04,647,19
2026-06-17,Plant B,M-03,P-05,693,50
2026-06-17,Plant B,M-04,P-03,631,12
2026-06-17,Plant B,M-04,P-01,673,12
2026-06-17,Plant B,M-04,P-05,570,31
2026-06-17,Plant B,M-05,P-02,889,19
2026-06-17,Plant B,M-05,P-04,925,30
2026-06-17,Plant B,M-05,P-06,869,9
2026-06-17,Plant C,M-01,P-05,716,56
2026-06-17,Plant C,M-01,P-03,860,12
2026-06-17,Plant C,M-01,P-03,645,13
2026-06-17,Plant C,M-02,P-05,817,62
2026-06-17,Plant C,M-02,P-02,635,15
2026-06-17,Plant C,M-02,P-06,709,14
2026-06-17,Plant C,M-03,P-01,754,10
2026-06-17,Plant C,M-03,P-06,926,27
2026-06-17,Plant C,M-03,P-02,973,13
2026-06-17,Plant C,M-04,P-06,957,32
2026-06-17,Plant C,M-04,P-06,711,20
2026-06-17,Plant C,M-04,P-02,1032,13
2026-06-17,Plant C,M-05,P-04,1039,21
2026-06-17,Plant C,M-05,P-05,700,37
2026-06-17,Plant C,M-05,P-04,957,29
2026-06-18,Plant A,M-01,P-06,943,13
2026-06-18,Plant A,M-01,P-06,899,29
2026-06-18,Plant A,M-01,P-04,762,23
2026-06-18,Plant A,M-02,P-02,782,21
2026-06-18,Plant A,M-02,P-02,791,13
2026-06-18,Plant A,M-02,P-01,915,19
2026-06-18,Plant A,M-03,P-05,639,49
2026-06-18,Plant A,M-03,P-05,973,58
2026-06-18,Plant A,M-03,P-03,592,7
2026-06-18,Plant A,M-04,P-06,930,17
2026-06-18,Plant A,M-04,P-05,885,74
2026-06-18,Plant A,M-04,P-01,636,15
2026-06-18,Plant A,M-05,P-01,797,22
2026-06-18,Plant A,M-05,P-06,1039,9
2026-06-18,Plant A,M-05,P-06,599,14
2026-06-18,Plant B,M-01,P-06,806,26
2026-06-18,Plant B,M-01,P-05,778,62
2026-06-18,Plant B,M-01,P-06,900,15
2026-06-18,Plant B,M-02,P-03,678,19
2026-06-18,Plant B,M-02,P-03,902,24
2026-06-18,Plant B,M-02,P-02,778,10
2026-06-18,Plant B,M-03,P-04,895,23
2026-06-18,Plant B,M-03,P-04,914,28
2026-06-18,Plant B,M-03,P-06,899,8
2026-06-18,Plant B,M-04,P-06,632,13
2026-06-18,Plant B,M-04,P-02,656,20
2026-06-18,Plant B,M-04,P-04,679,15
2026-06-18,Plant B,M-05,P-02,775,12
2026-06-18,Plant B,M-05,P-02,978,18
2026-06-18,Plant B,M-05,P-06,984,14
2026-06-18,Plant C,M-01,P-03,919,7
2026-06-18,Plant C,M-01,P-02,722,15
2026-06-18,Plant C,M-01,P-05,834,59
2026-06-18,Plant C,M-02,P-05,755,44
2026-06-18,Plant C,M-02,P-01,939,23
2026-06-18,Plant C,M-02,P-02,661,7
2026-06-18,Plant C,M-03,P-03,825,26
2026-06-18,Plant C,M-03,P-06,848,20
2026-06-18,Plant C,M-03,P-04,734,16
2026-06-18,Plant C,M-04,P-05,842,40
2026-06-18,Plant C,M-04,P-03,871,23
2026-06-18,Plant C,M-04,P-01,654,17
2026-06-18,Plant C,M-05,P-01,1008,23
2026-06-18,Plant C,M-05,P-03,725,25
2026-06-18,Plant C,M-05,P-05,853,66
2026-06-19,Plant A,M-01,P-02,936,23
2026-06-19,Plant A,M-01,P-03,1036,32
2026-06-19,Plant A,M-01,P-01,838,14
2026-06-19,Plant A,M-02,P-01,690,15
2026-06-19,Plant A,M-02,P-06,1022,27
2026-06-19,Plant A,M-02,P-02,919,13
2026-06-19,Plant A,M-03,P-04,1108,21
2026-06-19,Plant A,M-03,P-02,845,10
2026-06-19,Plant A,M-03,P-05,709,54
2026-06-19,Plant A,M-04,P-03,1126,28
2026-06-19,Plant A,M-04,P-05,844,65
2026-06-19,Plant A,M-04,P-01,803,13
2026-06-19,Plant A,M-05,P-06,860,19
2026-06-19,Plant A,M-05,P-03,881,16
2026-06-19,Plant A,M-05,P-03,848,26
2026-06-19,Plant B,M-01,P-04,1016,10
2026-06-19,Plant B,M-01,P-01,868,7
2026-06-19,Plant B,M-01,P-06,634,13
2026-06-19,Plant B,M-02,P-02,936,31
2026-06-19,Plant B,M-02,P-04,850,8
2026-06-19,Plant B,M-02,P-02,599,10
2026-06-19,Plant B,M-03,P-01,815,9
2026-06-19,Plant B,M-03,P-02,708,7
2026-06-19,Plant B,M-03,P-01,749,16
2026-06-19,Plant B,M-04,P-02,704,14
2026-06-19,Plant B,M-04,P-01,565,5
2026-06-19,Plant B,M-04,P-06,789,24
2026-06-19,Plant B,M-05,P-06,1054,33
2026-06-19,Plant B,M-05,P-01,895,29
2026-06-19,Plant B,M-05,P-04,593,14
2026-06-19,Plant C,M-01,P-01,1107,21
2026-06-19,Plant C,M-01,P-04,784,20
2026-06-19,Plant C,M-01,P-04,898,7
2026-06-19,Plant C,M-02,P-03,735,15
2026-06-19,Plant C,M-02,P-01,905,22
2026-06-19,Plant C,M-02,P-06,654,21
2026-06-19,Plant C,M-03,P-04,821,17
2026-06-19,Plant C,M-03,P-02,1003,31
2026-06-19,Plant C,M-03,P-06,963,33
2026-06-19,Plant C,M-04,P-06,755,19
2026-06-19,Plant C,M-04,P-02,949,18
2026-06-19,Plant C,M-04,P-03,690,7
2026-06-19,Plant C,M-05,P-02,897,31
2026-06-19,Plant C,M-05,P-05,755,58
2026-06-19,Plant C,M-05,P-06,766,26
2026-06-20,Plant A,M-01,P-06,855,22
2026-06-20,Plant A,M-01,P-01,746,21
2026-06-20,Plant A,M-01,P-04,783,8
2026-06-20,Plant A,M-02,P-05,1055,82
2026-06-20,Plant A,M-02,P-01,614,17
2026-06-20,Plant A,M-02,P-01,824,15
2026-06-20,Plant A,M-03,P-02,871,24
2026-06-20,Plant A,M-03,P-04,1067,19
2026-06-20,Plant A,M-03,P-03,711,6
2026-06-20,Plant A,M-04,P-04,913,31
2026-06-20,Plant A,M-04,P-02,817,27
2026-06-20,Plant A,M-04,P-02,581,13
2026-06-20,Plant A,M-05,P-01,873,21
2026-06-20,Plant A,M-05,P-05,645,52
2026-06-20,Plant A,M-05,P-04,833,13
2026-06-20,Plant B,M-01,P-04,907,15
2026-06-20,Plant B,M-01,P-02,801,10
2026-06-20,Plant B,M-01,P-05,913,47
2026-06-20,Plant B,M-02,P-03,978,31
2026-06-20,Plant B,M-02,P-03,683,17
2026-06-20,Plant B,M-02,P-05,859,57
2026-06-20,Plant B,M-03,P-06,1111,23
2026-06-20,Plant B,M-03,P-04,715,20
2026-06-20,Plant B,M-03,P-05,788,39
2026-06-20,Plant B,M-04,P-02,807,18
2026-06-20,Plant B,M-04,P-01,554,9
2026-06-20,Plant B,M-04,P-04,680,12
2026-06-20,Plant B,M-05,P-03,1093,21
2026-06-20,Plant B,M-05,P-03,1028,23
2026-06-20,Plant B,M-05,P-04,1050,8
2026-06-20,Plant C,M-01,P-03,910,19
2026-06-20,Plant C,M-01,P-02,729,19
2026-06-20,Plant C,M-01,P-06,667,17
2026-06-20,Plant C,M-02,P-03,883,17
2026-06-20,Plant C,M-02,P-03,672,18
2026-06-20,Plant C,M-02,P-03,638,6
2026-06-20,Plant C,M-03,P-02,727,19
2026-06-20,Plant C,M-03,P-06,1032,10
2026-06-20,Plant C,M-03,P-05,728,54
2026-06-20,Plant C,M-04,P-01,934,27
2026-06-20,Plant C,M-04,P-02,755,22
2026-06-20,Plant C,M-04,P-02,874,12
2026-06-20,Plant C,M-05,P-05,760,61
2026-06-20,Plant C,M-05,P-05,905,45
2026-06-20,Plant C,M-05,P-06,926,18
2026-06-21,Plant A,M-01,P-04,1060,12
2026-06-21,Plant A,M-01,P-03,1010,12
2026-06-21,Plant A,M-01,P-03,648,6
2026-06-21,Plant A,M-02,P-06,854,18
2026-06-21,Plant A,M-02,P-01,1091,22
2026-06-21,Plant A,M-02,P-04,737,11
2026-06-21,Plant A,M-03,P-05,901,50
2026-06-21,Plant A,M-03,P-06,801,9
2026-06-21,Plant A,M-03,P-01,719,22
2026-06-21,Plant A,M-04,P-02,997,29
2026-06-21,Plant A,M-04,P-05,813,43
2026-06-21,Plant A,M-04,P-02,809,21
2026-06-21,Plant A,M-05,P-06,713,7
2026-06-21,Plant A,M-05,P-05,831,54
2026-06-21,Plant A,M-05,P-06,789,22
2026-06-21,Plant B,M-01,P-02,755,15
2026-06-21,Plant B,M-01,P-03,1079,20
2026-06-21,Plant B,M-01,P-01,834,16
2026-06-21,Plant B,M-02,P-01,1028,31
2026-06-21,Plant B,M-02,P-04,957,29
2026-06-21,Plant B,M-02,P-05,886,62
2026-06-21,Plant B,M-03,P-05,1025,50
2026-06-21,Plant B,M-03,P-06,769,14
2026-06-21,Plant B,M-03,P-04,714,14
2026-06-21,Plant B,M-04,P-06,526,12
2026-06-21,Plant B,M-04,P-05,654,37
2026-06-21,Plant B,M-04,P-01,549,17
2026-06-21,Plant B,M-05,P-05,814,44
2026-06-21,Plant B,M-05,P-06,849,8
2026-06-21,Plant B,M-05,P-05,737,52
2026-06-21,Plant C,M-01,P-05,803,38
2026-06-21,Plant C,M-01,P-01,1086,36
2026-06-21,Plant C,M-01,P-03,757,23
2026-06-21,Plant C,M-02,P-02,1132,39
2026-06-21,Plant C,M-02,P-06,713,20
2026-06-21,Plant C,M-02,P-03,777,21
2026-06-21,Plant C,M-03,P-06,825,10
2026-06-21,Plant C,M-03,P-01,951,32
2026-06-21,Plant C,M-03,P-02,754,25
2026-06-21,Plant C,M-04,P-06,644,13
2026-06-21,Plant C,M-04,P-04,998,31
2026-06-21,Plant C,M-04,P-05,991,64
2026-06-21,Plant C,M-05,P-05,890,58
2026-06-21,Plant C,M-05,P-04,1013,25
2026-06-21,Plant C,M-05,P-03,786,23
2026-06-22,Plant A,M-01,P-04,663,13
2026-06-22,Plant A,M-01,P-03,998,32
2026-06-22,Plant A,M-01,P-04,727,11
2026-06-22,Plant A,M-02,P-01,1085,12
2026-06-22,Plant A,M-02,P-02,675,8
2026-06-22,Plant A,M-02,P-02,964,10
2026-06-22,Plant A,M-03,P-06,1167,15
2026-06-22,Plant A,M-03,P-04,801,26
2026-06-22,Plant A,M-03,P-04,836,27
2026-06-22,Plant A,M-04,P-02,1090,24
2026-06-22,Plant A,M-04,P-01,889,24
2026-06-22,Plant A,M-04,P-01,798,10
2026-06-22,Plant A,M-05,P-02,804,20
2026-06-22,Plant A,M-05,P-03,1080,22
2026-06-22,Plant A,M-05,P-02,815,12
2026-06-22,Plant B,M-01,P-06,821,9
2026-06-22,Plant B,M-01,P-02,1012,33
2026-06-22,Plant B,M-01,P-03,936,14
2026-06-22,Plant B,M-02,P-01,1003,28
2026-06-22,Plant B,M-02,P-06,930,22
2026-06-22,Plant B,M-02,P-02,839,8
2026-06-22,Plant B,M-03,P-04,1048,30
2026-06-22,Plant B,M-03,P-01,1016,29
2026-06-22,Plant B,M-03,P-06,782,24
2026-06-22,Plant B,M-04,P-04,610,17
2026-06-22,Plant B,M-04,P-03,836,24
2026-06-22,Plant B,M-04,P-01,728,10
2026-06-22,Plant B,M-05,P-05,728,37
2026-06-22,Plant B,M-05,P-05,734,53
2026-06-22,Plant B,M-05,P-02,772,8
2026-06-22,Plant C,M-01,P-02,895,12
2026-06-22,Plant C,M-01,P-04,651,9
2026-06-22,Plant C,M-01,P-04,866,23
2026-06-22,Plant C,M-02,P-05,910,76
2026-06-22,Plant C,M-02,P-05,771,46
2026-06-22,Plant C,M-02,P-01,979,15
2026-06-22,Plant C,M-03,P-05,870,48
2026-06-22,Plant C,M-03,P-04,726,22
2026-06-22,Plant C,M-03,P-06,841,13
2026-06-22,Plant C,M-04,P-02,682,18
2026-06-22,Plant C,M-04,P-02,778,7
2026-06-22,Plant C,M-04,P-06,892,25
2026-06-22,Plant C,M-05,P-06,822,15
2026-06-22,Plant C,M-05,P-05,798,56
2026-06-22,Plant C,M-05,P-05,779,48
2026-06-23,Plant A,M-01,P-06,1052,30
2026-06-23,Plant A,M-01,P-01,730,21
2026-06-23,Plant A,M-01,P-06,869,18
2026-06-23,Plant A,M-02,P-02,1171,29
2026-06-23,Plant A,M-02,P-04,1080,18
2026-06-23,Plant A,M-02,P-01,958,22
2026-06-23,Plant A,M-03,P-03,710,19
2026-06-23,Plant A,M-03,P-06,911,31
2026-06-23,Plant A,M-03,P-06,735,17
2026-06-23,Plant A,M-04,P-05,1004,57
2026-06-23,Plant A,M-04,P-05,750,39
2026-06-23,Plant A,M-04,P-06,726,14
2026-06-23,Plant A,M-05,P-04,1182,28
2026-06-23,Plant A,M-05,P-01,857,15
2026-06-23,Plant A,M-05,P-03,698,5
2026-06-23,Plant B,M-01,P-01,698,22
2026-06-23,Plant B,M-01,P-06,997,22
2026-06-23,Plant B,M-01,P-03,733,8
2026-06-23,Plant B,M-02,P-06,956,17
2026-06-23,Plant B,M-02,P-04,725,20
2026-06-23,Plant B,M-02,P-01,690,15
2026-06-23,Plant B,M-03,P-05,818,54
2026-06-23,Plant B,M-03,P-01,653,8
2026-06-23,Plant B,M-03,P-06,924,24
2026-06-23,Plant B,M-04,P-06,1042,16
2026-06-23,Plant B,M-04,P-02,732,15
2026-06-23,Plant B,M-04,P-05,741,57
2026-06-23,Plant B,M-05,P-05,861,72
2026-06-23,Plant B,M-05,P-05,926,52
2026-06-23,Plant B,M-05,P-05,672,54
2026-06-23,Plant C,M-01,P-03,826,6
2026-06-23,Plant C,M-01,P-06,901,24
2026-06-23,Plant C,M-01,P-06,638,13
2026-06-23,Plant C,M-02,P-05,844,41
2026-06-23,Plant C,M-02,P-04,741,20
2026-06-23,Plant C,M-02,P-01,815,16
2026-06-23,Plant C,M-03,P-03,1063,26
2026-06-23,Plant C,M-03,P-02,669,10
2026-06-23,Plant C,M-03,P-06,648,10
2026-06-23,Plant C,M-04,P-01,1124,26
2026-06-23,Plant C,M-04,P-06,849,8
2026-06-23,Plant C,M-04,P-03,695,23
2026-06-23,Plant C,M-05,P-05,808,38
2026-06-23,Plant C,M-05,P-04,990,30
2026-06-23,Plant C,M-05,P-03,798,22
2026-06-24,Plant A,M-01,P-01,941,23
2026-06-24,Plant A,M-01,P-03,781,15
2026-06-24,Plant A,M-01,P-04,665,15
2026-06-24,Plant A,M-02,P-02,651,7
2026-06-24,Plant A,M-02,P-02,838,8
2026-06-24,Plant A,M-02,P-05,613,35
2026-06-24,Plant A,M-03,P-03,656,6
2026-06-24,Plant A,M-03,P-01,990,13
2026-06-24,Plant A,M-03,P-04,823,12
2026-06-24,Plant A,M-04,P-03,891,19
2026-06-24,Plant A,M-04,P-06,982,20
2026-06-24,Plant A,M-04,P-02,723,13
2026-06-24,Plant A,M-05,P-01,852,18
2026-06-24,Plant A,M-05,P-01,1044,8
2026-06-24,Plant A,M-05,P-03,672,18
2026-06-24,Plant B,M-01,P-03,796,24
2026-06-24,Plant B,M-01,P-01,775,16
2026-06-24,Plant B,M-01,P-05,593,34
2026-06-24,Plant B,M-02,P-06,936,9
2026-06-24,Plant B,M-02,P-01,695,20
2026-06-24,Plant B,M-02,P-02,997,8
2026-06-24,Plant B,M-03,P-04,908,26
2026-06-24,Plant B,M-03,P-02,781,19
2026-06-24,Plant B,M-03,P-06,847,21
2026-06-24,Plant B,M-04,P-06,793,20
2026-06-24,Plant B,M-04,P-05,510,27
2026-06-24,Plant B,M-04,P-06,824,25
2026-06-24,Plant B,M-05,P-03,662,9
2026-06-24,Plant B,M-05,P-03,666,16
2026-06-24,Plant B,M-05,P-03,968,27
2026-06-24,Plant C,M-01,P-06,948,30
2026-06-24,Plant C,M-01,P-01,779,6
2026-06-24,Plant C,M-01,P-02,819,7
2026-06-24,Plant C,M-02,P-06,791,21
2026-06-24,Plant C,M-02,P-03,686,23
2026-06-24,Plant C,M-02,P-03,905,11
2026-06-24,Plant C,M-03,P-03,852,8
2026-06-24,Plant C,M-03,P-04,630,18
2026-06-24,Plant C,M-03,P-05,732,48
2026-06-24,Plant C,M-04,P-04,915,9
2026-06-24,Plant C,M-04,P-02,919,18
2026-06-24,Plant C,M-04,P-03,788,15
2026-06-24,Plant C,M-05,P-04,946,24
2026-06-24,Plant C,M-05,P-06,893,14
2026-06-24,Plant C,M-05,P-04,984,26
2026-06-25,Plant A,M-01,P-06,842,12
2026-06-25,Plant A,M-01,P-05,872,72
2026-06-25,Plant A,M-01,P-03,754,12
2026-06-25,Plant A,M-02,P-01,1176,19
2026-06-25,Plant A,M-02,P-06,983,28
2026-06-25,Plant A,M-02,P-03,709,6
2026-06-25,Plant A,M-03,P-03,864,30
2026-06-25,Plant A,M-03,P-04,1043,31
2026-06-25,Plant A,M-03,P-04,736,24
2026-06-25,Plant A,M-04,P-06,673,17
2026-06-25,Plant A,M-04,P-03,1085,14
2026-06-25,Plant A,M-04,P-05,890,53
2026-06-25,Plant A,M-05,P-04,1088,9
2026-06-25,Plant A,M-05,P-06,852,19
2026-06-25,Plant A,M-05,P-03,916,24
2026-06-25,Plant B,M-01,P-01,856,12
2026-06-25,Plant B,M-01,P-02,950,17
2026-06-25,Plant B,M-01,P-01,914,23
2026-06-25,Plant B,M-02,P-06,784,18
2026-06-25,Plant B,M-02,P-05,709,42
2026-06-25,Plant B,M-02,P-04,869,26
2026-06-25,Plant B,M-03,P-01,869,24
2026-06-25,Plant B,M-03,P-05,790,66
2026-06-25,Plant B,M-03,P-02,638,14
2026-06-25,Plant B,M-04,P-06,1061,20
2026-06-25,Plant B,M-04,P-03,574,11
2026-06-25,Plant B,M-04,P-01,789,16
2026-06-25,Plant B,M-05,P-03,1088,23
2026-06-25,Plant B,M-05,P-05,839,65
2026-06-25,Plant B,M-05,P-05,827,57
2026-06-25,Plant C,M-01,P-01,946,19
2026-06-25,Plant C,M-01,P-02,776,15
2026-06-25,Plant C,M-01,P-01,905,11
2026-06-25,Plant C,M-02,P-05,1000,57
2026-06-25,Plant C,M-02,P-05,745,53
2026-06-25,Plant C,M-02,P-05,721,35
2026-06-25,Plant C,M-03,P-04,1057,21
2026-06-25,Plant C,M-03,P-01,1121,25
2026-06-25,Plant C,M-03,P-02,591,9
2026-06-25,Plant C,M-04,P-06,1114,21
2026-06-25,Plant C,M-04,P-05,965,45
2026-06-25,Plant C,M-04,P-05,982,82
2026-06-25,Plant C,M-05,P-05,848,45
2026-06-25,Plant C,M-05,P-03,900,13
2026-06-25,Plant C,M-05,P-01,679,15
2026-06-26,Plant A,M-01,P-06,846,13
2026-06-26,Plant A,M-01,P-01,1085,25
2026-06-26,Plant A,M-01,P-02,671,15
2026-06-26,Plant A,M-02,P-05,786,59
2026-06-26,Plant A,M-02,P-02,1039,32
2026-06-26,Plant A,M-02,P-05,869,55
2026-06-26,Plant A,M-03,P-05,1080,50
2026-06-26,Plant A,M-03,P-04,1014,30
2026-06-26,Plant A,M-03,P-01,772,25
2026-06-26,Plant A,M-04,P-03,909,25
2026-06-26,Plant A,M-04,P-04,689,21
2026-06-26,Plant A,M-04,P-02,858,28
2026-06-26,Plant A,M-05,P-02,991,11
2026-06-26,Plant A,M-05,P-04,654,13
2026-06-26,Plant A,M-05,P-03,1011,29
2026-06-26,Plant B,M-01,P-03,860,14
2026-06-26,Plant B,M-01,P-04,680,16
2026-06-26,Plant B,M-01,P-02,649,20
2026-06-26,Plant B,M-02,P-01,952,12
2026-06-26,Plant B,M-02,P-02,748,21
2026-06-26,Plant B,M-02,P-03,649,19
2026-06-26,Plant B,M-03,P-04,1044,11
2026-06-26,Plant B,M-03,P-01,922,25
2026-06-26,Plant B,M-03,P-01,969,32
2026-06-26,Plant B,M-04,P-03,708,23
2026-06-26,Plant B,M-04,P-06,457,6
2026-06-26,Plant B,M-04,P-02,759,24
2026-06-26,Plant B,M-05,P-06,1131,39
2026-06-26,Plant B,M-05,P-03,848,13
2026-06-26,Plant B,M-05,P-04,920,18
2026-06-26,Plant C,M-01,P-02,828,23
2026-06-26,Plant C,M-01,P-05,675,38
2026-06-26,Plant C,M-01,P-05,852,51
2026-06-26,Plant C,M-02,P-03,862,7
2026-06-26,Plant C,M-02,P-05,1021,46
2026-06-26,Plant C,M-02,P-01,923,9
2026-06-26,Plant C,M-03,P-04,1075,16
2026-06-26,Plant C,M-03,P-05,1027,64
2026-06-26,Plant C,M-03,P-05,654,36
2026-06-26,Plant C,M-04,P-01,821,11
2026-06-26,Plant C,M-04,P-02,1056,9
2026-06-26,Plant C,M-04,P-04,663,5
2026-06-26,Plant C,M-05,P-02,682,16
2026-06-26,Plant C,M-05,P-01,924,31
2026-06-26,Plant C,M-05,P-06,888,21
2026-06-27,Plant A,M-01,P-04,882,24
2026-06-27,Plant A,M-01,P-06,800,9
2026-06-27,Plant A,M-01,P-03,745,10
2026-06-27,Plant A,M-02,P-06,858,28
2026-06-27,Plant A,M-02,P-04,890,26
2026-06-27,Plant A,M-02,P-01,962,24
2026-06-27,Plant A,M-03,P-03,1110,16
2026-06-27,Plant A,M-03,P-04,776,22
2026-06-27,Plant A,M-03,P-03,882,23
2026-06-27,Plant A,M-04,P-06,1040,22
2026-06-27,Plant A,M-04,P-04,852,9
2026-06-27,Plant A,M-04,P-01,808,17
2026-06-27,Plant A,M-05,P-03,910,30
2026-06-27,Plant A,M-05,P-02,950,27
2026-06-27,Plant A,M-05,P-03,786,15
2026-06-27,Plant B,M-01,P-02,1024,35
2026-06-27,Plant B,M-01,P-04,994,29
2026-06-27,Plant B,M-01,P-02,684,15
2026-06-27,Plant B,M-02,P-03,1178,39
2026-06-27,Plant B,M-02,P-06,710,13
2026-06-27,Plant B,M-02,P-06,825,20
2026-06-27,Plant B,M-03,P-03,838,23
2026-06-27,Plant B,M-03,P-04,823,10
2026-06-27,Plant B,M-03,P-01,605,14
2026-06-27,Plant B,M-04,P-01,752,13
2026-06-27,Plant B,M-04,P-03,420,4
2026-06-27,Plant B,M-04,P-05,847,56
2026-06-27,Plant B,M-05,P-02,834,9
2026-06-27,Plant B,M-05,P-05,933,73
2026-06-27,Plant B,M-05,P-01,899,27
2026-06-27,Plant C,M-01,P-02,905,13
2026-06-27,Plant C,M-01,P-01,988,19
2026-06-27,Plant C,M-01,P-01,973,30
2026-06-27,Plant C,M-02,P-04,1143,9
2026-06-27,Plant C,M-02,P-03,725,15
2026-06-27,Plant C,M-02,P-05,858,57
2026-06-27,Plant C,M-03,P-06,634,6
2026-06-27,Plant C,M-03,P-01,826,10
2026-06-27,Plant C,M-03,P-04,998,30
2026-06-27,Plant C,M-04,P-05,836,46
2026-06-27,Plant C,M-04,P-02,939,11
2026-06-27,Plant C,M-04,P-01,651,21
2026-06-27,Plant C,M-05,P-01,903,13
2026-06-27,Plant C,M-05,P-02,1086,27
2026-06-27,Plant C,M-05,P-04,923,19
2026-06-28,Plant A,M-01,P-01,908,23
2026-06-28,Plant A,M-01,P-03,966,25
2026-06-28,Plant A,M-01,P-01,789,23
2026-06-28,Plant A,M-02,P-01,721,8
2026-06-28,Plant A,M-02,P-06,660,12
2026-06-28,Plant A,M-02,P-06,980,26
2026-06-28,Plant A,M-03,P-05,910,69
2026-06-28,Plant A,M-03,P-01,830,20
2026-06-28,Plant A,M-03,P-04,678,21
2026-06-28,Plant A,M-04,P-05,1138,91
2026-06-28,Plant A,M-04,P-01,877,25
2026-06-28,Plant A,M-04,P-05,711,41
2026-06-28,Plant A,M-05,P-06,958,20
2026-06-28,Plant A,M-05,P-06,944,31
2026-06-28,Plant A,M-05,P-05,698,33
2026-06-28,Plant B,M-01,P-06,1037,35
2026-06-28,Plant B,M-01,P-01,1080,31
2026-06-28,Plant B,M-01,P-02,705,14
2026-06-28,Plant B,M-02,P-05,754,40
2026-06-28,Plant B,M-02,P-05,639,51
2026-06-28,Plant B,M-02,P-03,939,25
2026-06-28,Plant B,M-03,P-04,1161,15
2026-06-28,Plant B,M-03,P-04,839,12
2026-06-28,Plant B,M-03,P-04,589,7
2026-06-28,Plant B,M-04,P-04,888,15
2026-06-28,Plant B,M-04,P-02,596,6
2026-06-28,Plant B,M-04,P-03,398,4
2026-06-28,Plant B,M-05,P-03,991,12
2026-06-28,Plant B,M-05,P-01,861,7
2026-06-28,Plant B,M-05,P-03,957,28
2026-06-28,Plant C,M-01,P-02,833,13
2026-06-28,Plant C,M-01,P-06,1084,33
2026-06-28,Plant C,M-01,P-05,839,56
2026-06-28,Plant C,M-02,P-06,760,13
2026-06-28,Plant C,M-02,P-06,1052,30
2026-06-28,Plant C,M-02,P-05,619,34
2026-06-28,Plant C,M-03,P-06,820,9
2026-06-28,Plant C,M-03,P-03,937,22
2026-06-28,Plant C,M-03,P-03,817,17
2026-06-28,Plant C,M-04,P-03,821,23
2026-06-28,Plant C,M-04,P-03,971,26
2026-06-28,Plant C,M-04,P-06,829,12
2026-06-28,Plant C,M-05,P-01,878,28
2026-06-28,Plant C,M-05,P-01,998,26
2026-06-28,Plant C,M-05,P-01,867,30
2026-06-29,Plant A,M-01,P-03,956,17
2026-06-29,Plant A,M-01,P-02,964,7
2026-06-29,Plant A,M-01,P-06,691,17
2026-06-29,Plant A,M-02,P-02,694,8
2026-06-29,Plant A,M-02,P-05,968,80
2026-06-29,Plant A,M-02,P-01,666,21
2026-06-29,Plant A,M-03,P-02,807,15
2026-06-29,Plant A,M-03,P-04,1097,19
2026-06-29,Plant A,M-03,P-02,696,22
2026-06-29,Plant A,M-04,P-03,867,27
2026-06-29,Plant A,M-04,P-02,871,7
2026-06-29,Plant A,M-04,P-02,979,9
2026-06-29,Plant A,M-05,P-02,951,33
2026-06-29,Plant A,M-05,P-02,891,14
2026-06-29,Plant A,M-05,P-02,773,13
2026-06-29,Plant B,M-01,P-03,1055,31
2026-06-29,Plant B,M-01,P-02,868,29
2026-06-29,Plant B,M-01,P-04,752,23
2026-06-29,Plant B,M-02,P-02,1096,32
2026-06-29,Plant B,M-02,P-04,802,18
2026-06-29,Plant B,M-02,P-02,916,8
2026-06-29,Plant B,M-03,P-04,862,11
2026-06-29,Plant B,M-03,P-02,743,8
2026-06-29,Plant B,M-03,P-05,775,37
2026-06-29,Plant B,M-04,P-06,740,15
2026-06-29,Plant B,M-04,P-04,655,11
2026-06-29,Plant B,M-04,P-02,624,21
2026-06-29,Plant B,M-05,P-06,765,21
2026-06-29,Plant B,M-05,P-02,958,18
2026-06-29,Plant B,M-05,P-02,923,14
2026-06-29,Plant C,M-01,P-02,1073,25
2026-06-29,Plant C,M-01,P-02,947,8
2026-06-29,Plant C,M-01,P-02,850,26
2026-06-29,Plant C,M-02,P-05,719,57
2026-06-29,Plant C,M-02,P-05,715,40
2026-06-29,Plant C,M-02,P-04,960,10
2026-06-29,Plant C,M-03,P-01,781,24
2026-06-29,Plant C,M-03,P-03,827,19
2026-06-29,Plant C,M-03,P-03,761,7
2026-06-29,Plant C,M-04,P-06,878,17
2026-06-29,Plant C,M-04,P-06,618,19
2026-06-29,Plant C,M-04,P-03,859,8
2026-06-29,Plant C,M-05,P-05,883,68
2026-06-29,Plant C,M-05,P-04,543,11
2026-06-29,Plant C,M-05,P-01,674,21
2026-06-30,Plant A,M-01,P-06,928,7
2026-06-30,Plant A,M-01,P-01,827,20
2026-06-30,Plant A,M-01,P-02,653,18
2026-06-30,Plant A,M-02,P-05,792,53
2026-06-30,Plant A,M-02,P-04,1044,27
2026-06-30,Plant A,M-02,P-03,616,20
2026-06-30,Plant A,M-03,P-02,814,26
2026-06-30,Plant A,M-03,P-06,830,19
2026-06-30,Plant A,M-03,P-06,706,18
2026-06-30,Plant A,M-04,P-01,891,28
2026-06-30,Plant A,M-04,P-04,945,31
2026-06-30,Plant A,M-04,P-02,870,18
2026-06-30,Plant A,M-05,P-01,1051,34
2026-06-30,Plant A,M-05,P-05,812,37
2026-06-30,Plant A,M-05,P-05,841,54
2026-06-30,Plant B,M-01,P-02,923,19
2026-06-30,Plant B,M-01,P-06,915,13
2026-06-30,Plant B,M-01,P-05,895,67
2026-06-30,Plant B,M-02,P-06,795,22
2026-06-30,Plant B,M-02,P-05,922,56
2026-06-30,Plant B,M-02,P-03,906,14
2026-06-30,Plant B,M-03,P-02,1037,23
2026-06-30,Plant B,M-03,P-02,718,16
2026-06-30,Plant B,M-03,P-04,641,14
2026-06-30,Plant B,M-04,P-05,658,33
2026-06-30,Plant B,M-04,P-05,589,29
2026-06-30,Plant B,M-04,P-03,812,16
2026-06-30,Plant B,M-05,P-02,769,9
2026-06-30,Plant B,M-05,P-02,1004,28
2026-06-30,Plant B,M-05,P-02,774,11
2026-06-30,Plant C,M-01,P-02,847,17
2026-06-30,Plant C,M-01,P-04,855,21
2026-06-30,Plant C,M-01,P-02,872,9
2026-06-30,Plant C,M-02,P-03,945,18
2026-06-30,Plant C,M-02,P-04,1026,21
2026-06-30,Plant C,M-02,P-02,736,18
2026-06-30,Plant C,M-03,P-03,1053,29
2026-06-30,Plant C,M-03,P-05,1108,61
2026-06-30,Plant C,M-03,P-02,682,16
2026-06-30,Plant C,M-04,P-03,1069,9
2026-06-30,Plant C,M-04,P-04,1114,23
2026-06-30,Plant C,M-04,P-02,968,22
2026-06-30,Plant C,M-05,P-01,926,11
2026-06-30,Plant C,M-05,P-04,839,15
2026-06-30,Plant C,M-05,P-01,833,16
